lib	alg	dim	budget_factor	wins	losses	pairs	p_better	holm_better	p_worse	holm_worse	verdict
EVOLOPY	DE	2	10	616	584	1200	0.185425	-1	0.829609	-1	descriptive
EVOLOPY	JAYA	2	10	627	573	1200	0.0629934	-1	0.943843	-1	descriptive
EVOLOPY	PSO	2	10	627	573	1200	0.0629934	-1	0.943843	-1	descriptive
EVOLOPY	WOA	2	10	627	573	1200	0.0629934	-1	0.943843	-1	descriptive
EVOLOPY	FFA	2	10	627	573	1200	0.0629934	-1	0.943843	-1	descriptive
EVOLOPY	BAT	2	10	627	573	1200	0.0629934	-1	0.943843	-1	descriptive
EVOLOPY	MVO	2	10	627	573	1200	0.0629934	-1	0.943843	-1	descriptive
EVOLOPY	HHO	2	10	619	581	1200	0.142736	-1	0.869886	-1	descriptive
EVOLOPY	SCA	2	10	627	573	1200	0.0629934	-1	0.943843	-1	descriptive
EVOLOPY	GA	2	10	486	509	995	0.776619	-1	0.242771	-1	descriptive
EVOLOPY	MFO	2	10	627	573	1200	0.0629934	-1	0.943843	-1	descriptive
EVOLOPY	CS	2	10	627	573	1200	0.0629934	-1	0.943843	-1	descriptive
EVOLOPY	GWO	2	10	627	573	1200	0.0629934	-1	0.943843	-1	descriptive
EVOLOPY	SSA	2	10	635	565	1200	0.0231708	-1	0.97982	-1	descriptive
NIAPY	DynamicFireworksAlgorithm	2	10	318	882	1200	1	-1	5.20166e-62	-1	descriptive
NIAPY	HarmonySearch	2	10	622	578	1200	0.107238	-1	0.903045	-1	descriptive
NIAPY	EvolutionStrategyMp1	2	10	341	859	1200	1	-1	2.73975e-52	-1	descriptive
NIAPY	MonarchButterflyOptimization	2	10	590	610	1200	0.727806	-1	0.291689	-1	descriptive
NIAPY	CenterParticleSwarmOptimization	2	10	612	588	1200	0.253369	-1	0.764749	-1	descriptive
NIAPY	DynNpDifferentialEvolution	2	10	569	631	1200	0.96554	-1	0.0391044	-1	descriptive
NIAPY	CamelAlgorithm	2	10	611	589	1200	0.272194	-1	0.746631	-1	descriptive
NIAPY	BatAlgorithm	2	10	607	593	1200	0.353735	-1	0.667488	-1	descriptive
NIAPY	GlowwormSwarmOptimization	2	10	607	593	1200	0.353735	-1	0.667488	-1	descriptive
NIAPY	BareBonesFireworksAlgorithm	2	10	407	793	1200	1	-1	1.77526e-29	-1	descriptive
NIAPY	CuckooSearch	2	10	587	613	1200	0.782128	-1	0.235251	-1	descriptive
NIAPY	GeneticAlgorithm	2	10	618	582	1200	0.15616	-1	0.857264	-1	descriptive
NIAPY	ParticleSwarmAlgorithm	2	10	614	586	1200	0.217872	-1	0.798743	-1	descriptive
NIAPY	MonkeyKingEvolutionV3	2	10	589	611	1200	0.746631	-1	0.272194	-1	descriptive
NIAPY	MonkeyKingEvolutionV2	2	10	606	594	1200	0.375423	-1	0.646265	-1	descriptive
NIAPY	SineCosineAlgorithm	2	10	597	603	1200	0.580065	-1	0.442621	-1	descriptive
NIAPY	EvolutionStrategy1p1	2	10	693	507	1200	4.37867e-08	-1	1	-1	descriptive
NIAPY	HarrisHawksOptimization	2	10	595	605	1200	0.624577	-1	0.397513	-1	descriptive
NIAPY	ParticleSwarmOptimization	2	10	600	600	1200	0.511514	-1	0.511514	-1	descriptive
NIAPY	ForestOptimizationAlgorithm	2	10	401	799	1200	1	-1	2.97706e-31	-1	descriptive
NIAPY	EnhancedFireworksAlgorithm	2	10	324	876	1200	1	-1	2.2122e-59	-1	descriptive
NIAPY	MultiStrategyDifferentialEvolution	2	10	607	593	1200	0.353735	-1	0.667488	-1	descriptive
NIAPY	MutatedParticleSwarmOptimization	2	10	638	562	1200	0.0151702	-1	0.986906	-1	descriptive
NIAPY	ComprehensiveLearningParticleSwarmOptimizer	2	10	603	597	1200	0.442621	-1	0.580065	-1	descriptive
NIAPY	KrillHerd	2	10	602	598	1200	0.465496	-1	0.557379	-1	descriptive
NIAPY	FishSchoolSearch	2	10	618	582	1200	0.15616	-1	0.857264	-1	descriptive
NIAPY	MutatedCenterUnifiedParticleSwarmOptimization	2	10	629	571	1200	0.0499186	-1	0.955754	-1	descriptive
NIAPY	MutatedCenterParticleSwarmOptimization	2	10	604	596	1200	0.419935	-1	0.602487	-1	descriptive
NIAPY	GlowwormSwarmOptimizationV2	2	10	634	566	1200	0.0265263	-1	0.976829	-1	descriptive
NIAPY	CatSwarmOptimization	2	10	588	612	1200	0.764749	-1	0.253369	-1	descriptive
NIAPY	DifferentialEvolution	2	10	590	610	1200	0.727806	-1	0.291689	-1	descriptive
NIAPY	FireworksAlgorithm	2	10	318	882	1200	1	-1	5.20166e-62	-1	descriptive
NIAPY	MothFlameOptimizer	2	10	628	572	1200	0.0561566	-1	0.950081	-1	descriptive
NIAPY	DynNpMultiStrategyDifferentialEvolution	2	10	624	576	1200	0.0874141	-1	0.921408	-1	descriptive
NIAPY	EvolutionStrategyML	2	10	344	856	1200	1	-1	4.32313e-51	-1	descriptive
NIAPY	GreyWolfOptimizer	2	10	592	608	1200	0.688188	-1	0.332512	-1	descriptive
NIAPY	HarmonySearchV1	2	10	588	612	1200	0.764749	-1	0.253369	-1	descriptive
NIAPY	BeesAlgorithm	2	10	619	581	1200	0.142736	-1	0.869886	-1	descriptive
NIAPY	GlowwormSwarmOptimizationV1	2	10	597	603	1200	0.580065	-1	0.442621	-1	descriptive
NIAPY	GlowwormSwarmOptimizationV3	2	10	595	605	1200	0.624577	-1	0.397513	-1	descriptive
NIAPY	LionOptimizationAlgorithm	2	10	609	591	1200	0.311812	-1	0.708311	-1	descriptive
NIAPY	ArtificialBeeColonyAlgorithm	2	10	605	595	1200	0.397513	-1	0.624577	-1	descriptive
NIAPY	AgingNpDifferentialEvolution	2	10	608	592	1200	0.332512	-1	0.688188	-1	descriptive
NIAPY	OppositionVelocityClampingParticleSwarmOptimization	2	10	600	600	1200	0.511514	-1	0.511514	-1	descriptive
NIAPY	CoralReefsOptimization	2	10	597	603	1200	0.580065	-1	0.442621	-1	descriptive
NIAPY	BacterialForagingOptimization	2	10	584	616	1200	0.829609	-1	0.185425	-1	descriptive
NIAPY	DynamicFireworksAlgorithmGauss	2	10	342	858	1200	1	-1	6.89987e-52	-1	descriptive
NIAPY	ClonalSelectionAlgorithm	2	10	571	629	1200	0.955754	-1	0.0499186	-1	descriptive
NIAPY	GravitationalSearchAlgorithm	2	10	608	592	1200	0.332512	-1	0.688188	-1	descriptive
NIAPY	MonkeyKingEvolutionV1	2	10	616	584	1200	0.185425	-1	0.829609	-1	descriptive
NIAPY	EvolutionStrategyMpL	2	10	323	877	1200	1	-1	8.15275e-60	-1	descriptive
NIAPY	FireflyAlgorithm	2	10	607	593	1200	0.353735	-1	0.667488	-1	descriptive
NIAPY	FlowerPollinationAlgorithm	2	10	593	607	1200	0.667488	-1	0.353735	-1	descriptive
OPYTIMIZER	SA	2	10	950	250	1200	1.10605e-96	-1	1	-1	descriptive
OPYTIMIZER	GOGHS	2	10	1077	123	1200	4.55567e-191	-1	1	-1	descriptive
OPYTIMIZER	QSA	2	10	1080	120	1200	6.56188e-194	-1	1	-1	descriptive
OPYTIMIZER	SGHS	2	10	1031	169	1200	1.57118e-151	-1	1	-1	descriptive
OPYTIMIZER	DE	2	10	1066	134	1200	6.04339e-181	-1	1	-1	descriptive
OPYTIMIZER	RFO	2	10	1087	113	1200	1.10972e-200	-1	1	-1	descriptive
OPYTIMIZER	PPA	2	10	440	760	1200	1	-1	9.86963e-21	-1	descriptive
OPYTIMIZER	EHO	2	10	1095	105	1200	1.12642e-208	-1	1	-1	descriptive
OPYTIMIZER	AEO	2	10	1068	132	1200	9.42885e-183	-1	1	-1	descriptive
OPYTIMIZER	ABO	2	10	1074	126	1200	2.91616e-188	-1	1	-1	descriptive
OPYTIMIZER	GHS	2	10	1072	128	1200	2.07217e-186	-1	1	-1	descriptive
OPYTIMIZER	PVS	2	10	1094	106	1200	1.1649e-207	-1	1	-1	descriptive
OPYTIMIZER	BWO	2	10	1056	144	1200	3.98984e-172	-1	1	-1	descriptive
OPYTIMIZER	PSO	2	10	1037	163	1200	2.70847e-156	-1	1	-1	descriptive
OPYTIMIZER	BSO	2	10	1075	125	1200	3.414e-189	-1	1	-1	descriptive
OPYTIMIZER	CSA	2	10	588	612	1200	0.764749	-1	0.253369	-1	descriptive
OPYTIMIZER	SSO	2	10	927	273	1200	6.54447e-84	-1	1	-1	descriptive
OPYTIMIZER	WOA	2	10	1065	135	1200	4.7778e-180	-1	1	-1	descriptive
OPYTIMIZER	BA	2	10	1048	152	1200	2.5686e-165	-1	1	-1	descriptive
OPYTIMIZER	HS	2	10	1069	131	1200	1.16288e-183	-1	1	-1	descriptive
OPYTIMIZER	JS	2	10	360	840	1200	1	-1	5.75169e-45	-1	descriptive
OPYTIMIZER	SOS	2	10	1078	122	1200	5.19199e-192	-1	1	-1	descriptive
OPYTIMIZER	GS	2	10	652	548	1200	0.00146505	-1	0.998789	-1	descriptive
OPYTIMIZER	EFO	2	10	1071	129	1200	1.72403e-185	-1	1	-1	descriptive
OPYTIMIZER	GSA	2	10	252	948	1200	1	-1	1.58218e-95	-1	descriptive
OPYTIMIZER	ESA	2	10	1020	180	1200	4.49503e-143	-1	1	-1	descriptive
OPYTIMIZER	BOA	2	10	140	340	480	1	-1	1.48108e-20	-1	descriptive
OPYTIMIZER	HC	2	10	632	568	1200	0.0344599	-1	0.969722	-1	descriptive
OPYTIMIZER	ABC	2	10	1051	121	1172	7.76958e-186	-1	1	-1	descriptive
OPYTIMIZER	RRA	2	10	1083	117	1200	8.69881e-197	-1	1	-1	descriptive
OPYTIMIZER	NDS	2	10	652	548	1200	0.00146505	-1	0.998789	-1	descriptive
OPYTIMIZER	NBJS	2	10	360	840	1200	1	-1	5.75169e-45	-1	descriptive
OPYTIMIZER	SSD	2	10	262	938	1200	1	-1	7.03337e-90	-1	descriptive
OPYTIMIZER	CEM	2	10	903	297	1200	9.67079e-72	-1	1	-1	descriptive
OPYTIMIZER	AOA	2	10	1005	195	1200	4.32009e-132	-1	1	-1	descriptive
OPYTIMIZER	MRFO	2	10	977	223	1200	3.68081e-113	-1	1	-1	descriptive
OPYTIMIZER	ASO	2	10	184	1016	1200	1	-1	4.38528e-140	-1	descriptive
OPYTIMIZER	SFO	2	10	734	466	1200	4.99197e-15	-1	1	-1	descriptive
OPYTIMIZER	IHS	2	10	1085	115	1200	1.00151e-198	-1	1	-1	descriptive
OPYTIMIZER	COA	2	10	1080	120	1200	6.56188e-194	-1	1	-1	descriptive
OPYTIMIZER	GOA	2	10	1076	124	1200	3.96144e-190	-1	1	-1	descriptive
OPYTIMIZER	STOA	2	10	261	939	1200	1	-1	1.95877e-90	-1	descriptive
OPYTIMIZER	MVPA	2	10	1076	124	1200	3.96144e-190	-1	1	-1	descriptive
OPYTIMIZER	ES	2	10	1064	136	1200	3.74597e-179	-1	1	-1	descriptive
OPYTIMIZER	AIWPSO	2	10	966	234	1200	3.02285e-106	-1	1	-1	descriptive
OPYTIMIZER	ISA	2	10	147	1053	1200	1	-1	1.51112e-169	-1	descriptive
OPYTIMIZER	EO	2	10	1067	133	1200	7.58052e-182	-1	1	-1	descriptive
OPYTIMIZER	AF	2	10	123	927	1050	1	-1	1.8638e-153	-1	descriptive
OPYTIMIZER	DOA	2	10	1064	136	1200	3.74597e-179	-1	1	-1	descriptive
OPYTIMIZER	PIO	2	10	240	960	1200	1	-1	1.36163e-102	-1	descriptive
OPYTIMIZER	HHO	2	10	1075	125	1200	3.414e-189	-1	1	-1	descriptive
OPYTIMIZER	BSA	2	10	1078	122	1200	5.19199e-192	-1	1	-1	descriptive
OPYTIMIZER	TEO	2	10	481	699	1180	1	-1	1.18912e-10	-1	descriptive
OPYTIMIZER	FA	2	10	608	592	1200	0.332512	-1	0.688188	-1	descriptive
OPYTIMIZER	WWO	2	10	1090	110	1200	1.20305e-203	-1	1	-1	descriptive
OPYTIMIZER	IWO	2	10	1073	127	1200	2.46901e-187	-1	1	-1	descriptive
OPYTIMIZER	KH	2	10	988	212	1200	2.30571e-120	-1	1	-1	descriptive
OPYTIMIZER	FOA	2	10	1077	123	1200	4.55567e-191	-1	1	-1	descriptive
OPYTIMIZER	RPSO	2	10	1007	193	1200	1.60853e-133	-1	1	-1	descriptive
OPYTIMIZER	SCA	2	10	411	789	1200	1	-1	2.51671e-28	-1	descriptive
OPYTIMIZER	OSA	2	10	635	565	1200	0.0231708	-1	0.97982	-1	descriptive
OPYTIMIZER	WDO	2	10	534	666	1200	0.999939	-1	7.68072e-05	-1	descriptive
OPYTIMIZER	LSA	2	10	1068	132	1200	9.42885e-183	-1	1	-1	descriptive
OPYTIMIZER	VPSO	2	10	941	259	1200	1.49713e-91	-1	1	-1	descriptive
OPYTIMIZER	SBO	2	10	1057	143	1200	5.42881e-173	-1	1	-1	descriptive
OPYTIMIZER	GA	2	10	1080	120	1200	6.56188e-194	-1	1	-1	descriptive
OPYTIMIZER	MFO	2	10	1056	144	1200	3.98984e-172	-1	1	-1	descriptive
OPYTIMIZER	CS	2	10	1082	118	1200	7.99289e-196	-1	1	-1	descriptive
OPYTIMIZER	FSO	2	10	1083	117	1200	8.69881e-197	-1	1	-1	descriptive
OPYTIMIZER	NGHS	2	10	1064	136	1200	3.74597e-179	-1	1	-1	descriptive
OPYTIMIZER	GCO	2	10	1073	127	1200	2.46901e-187	-1	1	-1	descriptive
OPYTIMIZER	TWO	2	10	1082	118	1200	7.99289e-196	-1	1	-1	descriptive
OPYTIMIZER	WEO	2	10	1079	121	1200	5.86366e-193	-1	1	-1	descriptive
OPYTIMIZER	GWO	2	10	1062	138	1200	2.24644e-177	-1	1	-1	descriptive
OPYTIMIZER	SAVPSO	2	10	1003	197	1200	1.13227e-130	-1	1	-1	descriptive
OPYTIMIZER	FFOA	2	10	869	331	1200	2.13039e-56	-1	1	-1	descriptive
OPYTIMIZER	AIG	2	10	1069	131	1200	1.16288e-183	-1	1	-1	descriptive
OPYTIMIZER	BH	2	10	1033	167	1200	4.17329e-153	-1	1	-1	descriptive
OPYTIMIZER	CI	2	10	532	89	621	4.24682e-78	-1	1	-1	descriptive
OPYTIMIZER	SSA	2	10	1073	127	1200	2.46901e-187	-1	1	-1	descriptive
OPYTIMIZER	AO	2	10	1060	140	1200	1.30393e-175	-1	1	-1	descriptive
OPYTIMIZER	MVO	2	10	353	53	406	8.52902e-56	-1	1	-1	descriptive
mealpy	LevyTWO	2	10	619	581	1200	0.142736	-1	0.869886	-1	descriptive
mealpy	OriginalTLO	2	10	619	581	1200	0.142736	-1	0.869886	-1	descriptive
mealpy	GWO	2	10	619	581	1200	0.142736	-1	0.869886	-1	descriptive
mealpy	OriginalBBO	2	10	619	581	1200	0.142736	-1	0.869886	-1	descriptive
mealpy	ABFO	2	10	610	576	1186	0.168974	-1	0.845259	-1	descriptive
mealpy	OriginalWHO	2	10	619	581	1200	0.142736	-1	0.869886	-1	descriptive
mealpy	OriginalFFA	2	10	619	581	1200	0.142736	-1	0.869886	-1	descriptive
mealpy	BaseSARO	2	10	619	581	1200	0.142736	-1	0.869886	-1	descriptive
mealpy	OriginalSMA	2	10	619	581	1200	0.142736	-1	0.869886	-1	descriptive
mealpy	SingleGA	2	10	619	581	1200	0.142736	-1	0.869886	-1	descriptive
mealpy	OriginalSSDO	2	10	582	618	1200	0.857264	-1	0.15616	-1	descriptive
mealpy	OriginalFPA	2	10	619	581	1200	0.142736	-1	0.869886	-1	descriptive
mealpy	OriginalSSO	2	10	619	581	1200	0.142736	-1	0.869886	-1	descriptive
mealpy	OriginalMA	2	10	613	587	1200	0.235251	-1	0.782128	-1	descriptive
mealpy	OriginalCEM	2	10	618	582	1200	0.15616	-1	0.857264	-1	descriptive
mealpy	OCRO	2	10	619	581	1200	0.142736	-1	0.869886	-1	descriptive
mealpy	OriginalBA	2	10	599	601	1200	0.534504	-1	0.488486	-1	descriptive
mealpy	OriginalAEO	2	10	619	581	1200	0.142736	-1	0.869886	-1	descriptive
mealpy	OriginalBSO	2	10	619	581	1200	0.142736	-1	0.869886	-1	descriptive
mealpy	OriginalBFO	2	10	619	581	1200	0.142736	-1	0.869886	-1	descriptive
mealpy	ImprovedSLO	2	10	615	585	1200	0.201257	-1	0.814575	-1	descriptive
mealpy	OriginalLCO	2	10	619	581	1200	0.142736	-1	0.869886	-1	descriptive
mealpy	OriginalHGS	2	10	619	581	1200	0.142736	-1	0.869886	-1	descriptive
mealpy	BaseALO	2	10	619	581	1200	0.142736	-1	0.869886	-1	descriptive
mealpy	CPSO	2	10	582	618	1200	0.857264	-1	0.15616	-1	descriptive
mealpy	OriginalEO	2	10	619	581	1200	0.142736	-1	0.869886	-1	descriptive
mealpy	DE	2	10	603	597	1200	0.442621	-1	0.580065	-1	descriptive
mealpy	ModifiedBA	2	10	619	581	1200	0.142736	-1	0.869886	-1	descriptive
mealpy	BaseTLO	2	10	619	581	1200	0.142736	-1	0.869886	-1	descriptive
mealpy	OriginalPFA	2	10	619	581	1200	0.142736	-1	0.869886	-1	descriptive
mealpy	BaseFOA	2	10	344	856	1200	1	-1	4.32313e-51	-1	descriptive
mealpy	OriginalGBO	2	10	619	581	1200	0.142736	-1	0.869886	-1	descriptive
mealpy	TVAC	2	10	622	578	1200	0.107238	-1	0.903045	-1	descriptive
mealpy	BaseFBIO	2	10	619	581	1200	0.142736	-1	0.869886	-1	descriptive
mealpy	ImprovedBSO	2	10	619	581	1200	0.142736	-1	0.869886	-1	descriptive
mealpy	OriginalAO	2	10	619	581	1200	0.142736	-1	0.869886	-1	descriptive
mealpy	BaseGSKA	2	10	619	581	1200	0.142736	-1	0.869886	-1	descriptive
mealpy	BaseLCO	2	10	619	581	1200	0.142736	-1	0.869886	-1	descriptive
mealpy	OriginalSSpiderA	2	10	619	581	1200	0.142736	-1	0.869886	-1	descriptive
mealpy	BaseHS	2	10	619	581	1200	0.142736	-1	0.869886	-1	descriptive
mealpy	AdaptiveEO	2	10	619	581	1200	0.142736	-1	0.869886	-1	descriptive
mealpy	OriginalWCA	2	10	405	373	778	0.133191	-1	0.881627	-1	descriptive
mealpy	OriginalMRFO	2	10	619	581	1200	0.142736	-1	0.869886	-1	descriptive
mealpy	OriginalEOA	2	10	619	581	1200	0.142736	-1	0.869886	-1	descriptive
mealpy	OriginalABC	2	10	619	581	1200	0.142736	-1	0.869886	-1	descriptive
mealpy	ModifiedAEO	2	10	619	581	1200	0.142736	-1	0.869886	-1	descriptive
mealpy	OriginalSFO	2	10	619	581	1200	0.142736	-1	0.869886	-1	descriptive
mealpy	BaseBBO	2	10	619	581	1200	0.142736	-1	0.869886	-1	descriptive
mealpy	OriginalNMRA	2	10	619	581	1200	0.142736	-1	0.869886	-1	descriptive
mealpy	OriginalACOR	2	10	619	581	1200	0.142736	-1	0.869886	-1	descriptive
mealpy	ImprovedSFO	2	10	619	581	1200	0.142736	-1	0.869886	-1	descriptive
mealpy	OriginalCRO	2	10	619	581	1200	0.142736	-1	0.869886	-1	descriptive
mealpy	LevyJA	2	10	619	581	1200	0.142736	-1	0.869886	-1	descriptive
mealpy	OriginalHS	2	10	619	581	1200	0.142736	-1	0.869886	-1	descriptive
mealpy	OriginalCSO	2	10	599	601	1200	0.534504	-1	0.488486	-1	descriptive
mealpy	OriginalCOA	2	10	619	581	1200	0.142736	-1	0.869886	-1	descriptive
mealpy	LevyQSA	2	10	619	581	1200	0.142736	-1	0.869886	-1	descriptive
mealpy	OppoQSA	2	10	619	581	1200	0.142736	-1	0.869886	-1	descriptive
mealpy	BaseBRO	2	10	619	581	1200	0.142736	-1	0.869886	-1	descriptive
mealpy	OriginalSLO	2	10	619	581	1200	0.142736	-1	0.869886	-1	descriptive
mealpy	OriginalMVO	2	10	619	581	1200	0.142736	-1	0.869886	-1	descriptive
mealpy	CLPSO	2	10	582	618	1200	0.857264	-1	0.15616	-1	descriptive
mealpy	OriginalNRO	2	10	619	581	1200	0.142736	-1	0.869886	-1	descriptive
mealpy	BaseSCA	2	10	619	581	1200	0.142736	-1	0.869886	-1	descriptive
mealpy	BaseGCO	2	10	619	581	1200	0.142736	-1	0.869886	-1	descriptive
mealpy	OriginalArchOA	2	10	584	616	1200	0.829609	-1	0.185425	-1	descriptive
mealpy	SwarmHC	2	10	619	581	1200	0.142736	-1	0.869886	-1	descriptive
mealpy	ImprovedTLO	2	10	619	581	1200	0.142736	-1	0.869886	-1	descriptive
mealpy	OriginalMSA	2	10	619	581	1200	0.142736	-1	0.869886	-1	descriptive
mealpy	WOA	2	10	619	581	1200	0.142736	-1	0.869886	-1	descriptive
mealpy	OriginalIWO	2	10	619	581	1200	0.142736	-1	0.869886	-1	descriptive
mealpy	BaseGA	2	10	619	581	1200	0.142736	-1	0.869886	-1	descriptive
mealpy	ModifiedEO	2	10	619	581	1200	0.142736	-1	0.869886	-1	descriptive
mealpy	ImprovedNMRA	2	10	619	581	1200	0.142736	-1	0.869886	-1	descriptive
mealpy	BaseCHIO	2	10	621	579	1200	0.118286	-1	0.892762	-1	descriptive
mealpy	OriginalHHO	2	10	619	581	1200	0.142736	-1	0.869886	-1	descriptive
mealpy	OriginalGWO	2	10	619	581	1200	0.142736	-1	0.869886	-1	descriptive
mealpy	ImprovedQSA	2	10	619	581	1200	0.142736	-1	0.869886	-1	descriptive
mealpy	OriginalFBIO	2	10	619	581	1200	0.142736	-1	0.869886	-1	descriptive
mealpy	OriginalBeesA	2	10	619	581	1200	0.142736	-1	0.869886	-1	descriptive
mealpy	BaseEFO	2	10	619	581	1200	0.142736	-1	0.869886	-1	descriptive
mealpy	OriginalSA	2	10	619	581	1200	0.142736	-1	0.869886	-1	descriptive
mealpy	OriginalHC	2	10	619	581	1200	0.142736	-1	0.869886	-1	descriptive
mealpy	OriginalSHO	2	10	619	581	1200	0.142736	-1	0.869886	-1	descriptive
mealpy	JADE	2	10	619	581	1200	0.142736	-1	0.869886	-1	descriptive
mealpy	OriginalCA	2	10	619	581	1200	0.142736	-1	0.869886	-1	descriptive
mealpy	EnhancedTWO	2	10	619	581	1200	0.142736	-1	0.869886	-1	descriptive
mealpy	BaseSSA	2	10	619	581	1200	0.142736	-1	0.869886	-1	descriptive
mealpy	OriginalAOA	2	10	619	581	1200	0.142736	-1	0.869886	-1	descriptive
mealpy	OriginalQSA	2	10	619	581	1200	0.142736	-1	0.869886	-1	descriptive
mealpy	OriginalGOA	2	10	619	581	1200	0.142736	-1	0.869886	-1	descriptive
mealpy	EnhancedAEO	2	10	619	581	1200	0.142736	-1	0.869886	-1	descriptive
mealpy	OriginalGSKA	2	10	619	581	1200	0.142736	-1	0.869886	-1	descriptive
mealpy	PPSO	2	10	622	578	1200	0.107238	-1	0.903045	-1	descriptive
mealpy	OriginalCGO	2	10	619	581	1200	0.142736	-1	0.869886	-1	descriptive
mealpy	OriginalHGSO	2	10	612	588	1200	0.253369	-1	0.764749	-1	descriptive
mealpy	OriginalSBO	2	10	619	581	1200	0.142736	-1	0.869886	-1	descriptive
mealpy	OppoTWO	2	10	619	581	1200	0.142736	-1	0.869886	-1	descriptive
mealpy	OriginalASO	2	10	582	618	1200	0.857264	-1	0.15616	-1	descriptive
mealpy	ModifiedSLO	2	10	615	585	1200	0.201257	-1	0.814575	-1	descriptive
mealpy	BaseVCS	2	10	619	581	1200	0.142736	-1	0.869886	-1	descriptive
mealpy	LSHADE	2	10	619	581	1200	0.142736	-1	0.869886	-1	descriptive
mealpy	OriginalEFO	2	10	569	631	1200	0.96554	-1	0.0391044	-1	descriptive
mealpy	OriginalJA	2	10	619	581	1200	0.142736	-1	0.869886	-1	descriptive
mealpy	OriginalGCO	2	10	619	581	1200	0.142736	-1	0.869886	-1	descriptive
mealpy	OriginalPSS	2	10	623	577	1200	0.0969548	-1	0.912586	-1	descriptive
mealpy	OriginalEHO	2	10	619	581	1200	0.142736	-1	0.869886	-1	descriptive
mealpy	OriginalSSA	2	10	619	581	1200	0.142736	-1	0.869886	-1	descriptive
mealpy	OriginalSCA	2	10	619	581	1200	0.142736	-1	0.869886	-1	descriptive
mealpy	OriginalBES	2	10	619	581	1200	0.142736	-1	0.869886	-1	descriptive
mealpy	BaseSBO	2	10	619	581	1200	0.142736	-1	0.869886	-1	descriptive
mealpy	BaseJA	2	10	619	581	1200	0.142736	-1	0.869886	-1	descriptive
mealpy	OriginalSARO	2	10	619	581	1200	0.142736	-1	0.869886	-1	descriptive
mealpy	OriginalSRSR	2	10	619	581	1200	0.142736	-1	0.869886	-1	descriptive
mealpy	OriginalTWO	2	10	619	581	1200	0.142736	-1	0.869886	-1	descriptive
mealpy	OriginalWDO	2	10	586	614	1200	0.798743	-1	0.217872	-1	descriptive
mealpy	AugmentedAEO	2	10	619	581	1200	0.142736	-1	0.869886	-1	descriptive
mealpy	OriginalWOA	2	10	619	581	1200	0.142736	-1	0.869886	-1	descriptive
mealpy	SADE	2	10	619	581	1200	0.142736	-1	0.869886	-1	descriptive
mealpy	OriginalBRO	2	10	619	581	1200	0.142736	-1	0.869886	-1	descriptive
mealpy	OriginalSSpiderO	2	10	599	601	1200	0.534504	-1	0.488486	-1	descriptive
mealpy	ProbBeesA	2	10	619	581	1200	0.142736	-1	0.869886	-1	descriptive
mealpy	OriginalFA	2	10	619	581	1200	0.142736	-1	0.869886	-1	descriptive
mealpy	OriginalCSA	2	10	619	581	1200	0.142736	-1	0.869886	-1	descriptive
mealpy	OriginalALO	2	10	619	581	1200	0.142736	-1	0.869886	-1	descriptive
mealpy	OriginalDO	2	10	619	581	1200	0.142736	-1	0.869886	-1	descriptive
mealpy	OriginalCHIO	2	10	621	579	1200	0.118286	-1	0.892762	-1	descriptive
mealpy	OriginalBSA	2	10	619	581	1200	0.142736	-1	0.869886	-1	descriptive
mealpy	LevyEP	2	10	582	618	1200	0.857264	-1	0.15616	-1	descriptive
mealpy	OriginalICA	2	10	373	333	706	0.0710542	-1	0.938622	-1	descriptive
mealpy	ImprovedLCO	2	10	619	581	1200	0.142736	-1	0.869886	-1	descriptive
mealpy	OriginalMFO	2	10	619	581	1200	0.142736	-1	0.869886	-1	descriptive
mealpy	ImprovedAEO	2	10	619	581	1200	0.142736	-1	0.869886	-1	descriptive
mealpy	OriginalVCS	2	10	619	581	1200	0.142736	-1	0.869886	-1	descriptive
mealpy	AdaptiveBA	2	10	616	584	1200	0.185425	-1	0.829609	-1	descriptive
mealpy	MultiGA	2	10	619	581	1200	0.142736	-1	0.869886	-1	descriptive
mealpy	OriginalES	2	10	582	618	1200	0.857264	-1	0.15616	-1	descriptive
mealpy	LevyES	2	10	582	618	1200	0.857264	-1	0.15616	-1	descriptive
mealpy	OriginalEP	2	10	582	618	1200	0.857264	-1	0.15616	-1	descriptive
mealpy	BaseSMA	2	10	619	581	1200	0.142736	-1	0.869886	-1	descriptive
mealpy	OriginalPSO	2	10	582	618	1200	0.857264	-1	0.15616	-1	descriptive
mealpy	FBUDGETSHADE	2	10	619	581	1200	0.142736	-1	0.869886	-1	descriptive
mealpy	OriginalFOA	2	10	344	856	1200	1	-1	4.32313e-51	-1	descriptive
mealpy	BaseQSA	2	10	619	581	1200	0.142736	-1	0.869886	-1	descriptive
mealpy	BaseMFO	2	10	619	581	1200	0.142736	-1	0.869886	-1	descriptive
mealpy	BaseDE	2	10	619	581	1200	0.142736	-1	0.869886	-1	descriptive
mealpy	WhaleFOA	2	10	344	856	1200	1	-1	4.32313e-51	-1	descriptive
Baselines	DE	2	10	535	665	1200	0.999923	-1	9.67899e-05	-1	descriptive
Baselines	RCobyla	2	10	936	264	1200	8.9369e-89	-1	1	-1	descriptive
Baselines	PSO	2	10	563	637	1200	0.98483	-1	0.0175227	-1	descriptive
Baselines	DiagonalCMA	2	10	460	740	1200	1	-1	2.97168e-16	-1	descriptive
Baselines	modcma	2	10	758	442	1200	2.94922e-20	-1	1	-1	descriptive
Baselines	modde	2	10	619	581	1200	0.142736	-1	0.869886	-1	descriptive
Baselines	OnePlusOne	2	10	771	429	1200	1.85766e-23	-1	1	-1	descriptive
Baselines	Powell	2	10	520	680	1200	0.999998	-1	2.14955e-06	-1	descriptive
Baselines	MultiBFGS	2	10	644	556	1200	0.00599564	-1	0.994918	-1	descriptive
Baselines	lshade	2	10	619	581	1200	0.142736	-1	0.869886	-1	descriptive
Baselines	bipop	2	10	758	442	1200	2.94922e-20	-1	1	-1	descriptive
EVOLOPY	DE	2	50	626	574	1200	0.0704615	1	0.937007	1	not shown
EVOLOPY	JAYA	2	50	721	479	1200	1.47263e-12	2.82745e-10	1	1	better
EVOLOPY	PSO	2	50	807	393	1200	1.03744e-33	2.39649e-31	1	1	better
EVOLOPY	WOA	2	50	806	394	1200	2.13247e-33	4.90467e-31	1	1	better
EVOLOPY	FFA	2	50	695	505	1200	2.28912e-08	4.05173e-06	1	1	better
EVOLOPY	BAT	2	50	611	589	1200	0.272194	1	0.746631	1	not shown
EVOLOPY	MVO	2	50	557	643	1200	0.994004	1	0.00705216	1	not shown
EVOLOPY	HHO	2	50	783	417	1200	1.20335e-26	2.68348e-24	1	1	better
EVOLOPY	SCA	2	50	623	577	1200	0.0969548	1	0.912586	1	not shown
EVOLOPY	GA	2	50	406	589	995	1	1	3.61306e-09	9.06877e-07	worse
EVOLOPY	MFO	2	50	682	518	1200	1.22433e-06	0.000213033	0.999999	1	better
EVOLOPY	CS	2	50	446	754	1200	1	1	2.5239e-19	6.5369e-17	worse
EVOLOPY	GWO	2	50	874	326	1200	1.60836e-58	3.87614e-56	1	1	better
EVOLOPY	SSA	2	50	619	581	1200	0.142736	1	0.869886	1	not shown
NIAPY	DynamicFireworksAlgorithm	2	50	327	873	1200	1	1	4.30951e-58	1.2239e-55	worse
NIAPY	HarmonySearch	2	50	699	501	1200	6.01151e-09	1.08808e-06	1	1	better
NIAPY	EvolutionStrategyMp1	2	50	595	605	1200	0.624577	1	0.397513	1	not shown
NIAPY	MonarchButterflyOptimization	2	50	356	844	1200	1	1	1.86384e-46	5.08827e-44	worse
NIAPY	CenterParticleSwarmOptimization	2	50	819	381	1200	1.35822e-37	3.16465e-35	1	1	better
NIAPY	DynNpDifferentialEvolution	2	50	649	551	1200	0.00254342	0.399317	0.997877	1	not shown
NIAPY	CamelAlgorithm	2	50	563	637	1200	0.98483	1	0.0175227	1	not shown
NIAPY	BatAlgorithm	2	50	525	675	1200	0.999994	1	8.29229e-06	0.00200673	worse
NIAPY	GlowwormSwarmOptimization	2	50	349	851	1200	1	1	3.95746e-49	1.0883e-46	worse
NIAPY	BareBonesFireworksAlgorithm	2	50	721	479	1200	1.47263e-12	2.82745e-10	1	1	better
NIAPY	CuckooSearch	2	50	407	793	1200	1	1	1.77526e-29	4.77546e-27	worse
NIAPY	GeneticAlgorithm	2	50	587	613	1200	0.782128	1	0.235251	1	not shown
NIAPY	ParticleSwarmAlgorithm	2	50	744	456	1200	4.22646e-17	8.45292e-15	1	1	better
NIAPY	MonkeyKingEvolutionV3	2	50	613	587	1200	0.235251	1	0.782128	1	not shown
NIAPY	MonkeyKingEvolutionV2	2	50	536	664	1200	0.999903	1	0.000121582	0.0291797	worse
NIAPY	SineCosineAlgorithm	2	50	249	951	1200	1	1	2.90239e-97	8.44597e-95	worse
NIAPY	EvolutionStrategy1p1	2	50	870	330	1200	8.08475e-57	1.94034e-54	1	1	better
NIAPY	HarrisHawksOptimization	2	50	740	460	1200	2.97168e-16	5.8542e-14	1	1	better
NIAPY	ParticleSwarmOptimization	2	50	781	419	1200	4.24192e-26	9.41707e-24	1	1	better
NIAPY	ForestOptimizationAlgorithm	2	50	446	754	1200	1	1	2.5239e-19	6.5369e-17	worse
NIAPY	EnhancedFireworksAlgorithm	2	50	331	869	1200	1	1	2.13039e-56	5.98641e-54	worse
NIAPY	MultiStrategyDifferentialEvolution	2	50	578	622	1200	0.903045	1	0.107238	1	not shown
NIAPY	MutatedParticleSwarmOptimization	2	50	804	396	1200	8.90903e-33	2.04017e-30	1	1	better
NIAPY	ComprehensiveLearningParticleSwarmOptimizer	2	50	344	856	1200	1	1	4.32313e-51	1.20183e-48	worse
NIAPY	KrillHerd	2	50	755	445	1200	1.48348e-19	3.13015e-17	1	1	better
NIAPY	FishSchoolSearch	2	50	573	627	1200	0.943843	1	0.0629934	1	not shown
NIAPY	MutatedCenterUnifiedParticleSwarmOptimization	2	50	823	377	1200	6.10537e-39	1.43476e-36	1	1	better
NIAPY	MutatedCenterParticleSwarmOptimization	2	50	791	409	1200	6.73357e-29	1.52179e-26	1	1	better
NIAPY	GlowwormSwarmOptimizationV2	2	50	342	858	1200	1	1	6.89987e-52	1.92506e-49	worse
NIAPY	CatSwarmOptimization	2	50	578	622	1200	0.903045	1	0.107238	1	not shown
NIAPY	DifferentialEvolution	2	50	570	630	1200	0.960896	1	0.0442459	1	not shown
NIAPY	FireworksAlgorithm	2	50	205	995	1200	1	1	4.2018e-125	1.23113e-122	worse
NIAPY	MothFlameOptimizer	2	50	590	610	1200	0.727806	1	0.291689	1	not shown
NIAPY	DynNpMultiStrategyDifferentialEvolution	2	50	566	634	1200	0.976829	1	0.0265263	1	not shown
NIAPY	EvolutionStrategyML	2	50	523	677	1200	0.999996	1	4.87963e-06	0.00118575	worse
NIAPY	GreyWolfOptimizer	2	50	766	434	1200	3.39645e-22	7.33633e-20	1	1	better
NIAPY	HarmonySearchV1	2	50	682	518	1200	1.22433e-06	0.000213033	0.999999	1	better
NIAPY	BeesAlgorithm	2	50	811	389	1200	5.59687e-35	1.29847e-32	1	1	better
NIAPY	GlowwormSwarmOptimizationV1	2	50	372	828	1200	1	1	1.1589e-40	3.14062e-38	worse
NIAPY	GlowwormSwarmOptimizationV3	2	50	353	847	1200	1	1	1.36538e-47	3.74114e-45	worse
NIAPY	LionOptimizationAlgorithm	2	50	586	614	1200	0.798743	1	0.217872	1	not shown
NIAPY	ArtificialBeeColonyAlgorithm	2	50	765	435	1200	6.00862e-22	1.29185e-19	1	1	better
NIAPY	AgingNpDifferentialEvolution	2	50	581	619	1200	0.869886	1	0.142736	1	not shown
NIAPY	OppositionVelocityClampingParticleSwarmOptimization	2	50	655	545	1200	0.000820527	0.132925	0.999328	1	not shown
NIAPY	CoralReefsOptimization	2	50	441	759	1200	1	1	1.70913e-20	4.495e-18	worse
NIAPY	BacterialForagingOptimization	2	50	550	650	1200	0.998234	1	0.00212282	0.49674	not shown
NIAPY	DynamicFireworksAlgorithmGauss	2	50	341	859	1200	1	1	2.73975e-52	7.6713e-50	worse
NIAPY	ClonalSelectionAlgorithm	2	50	257	943	1200	1	1	1.12204e-92	3.25391e-90	worse
NIAPY	GravitationalSearchAlgorithm	2	50	620	580	1200	0.130114	1	0.881714	1	not shown
NIAPY	MonkeyKingEvolutionV1	2	50	547	653	1200	0.999001	1	0.00121141	0.284682	not shown
NIAPY	EvolutionStrategyMpL	2	50	519	681	1200	0.999999	1	1.62492e-06	0.000396482	worse
NIAPY	FireflyAlgorithm	2	50	619	581	1200	0.142736	1	0.869886	1	not shown
NIAPY	FlowerPollinationAlgorithm	2	50	518	682	1200	0.999999	1	1.22433e-06	0.00029996	worse
OPYTIMIZER	SA	2	50	796	404	1200	2.33757e-30	5.30629e-28	1	1	better
OPYTIMIZER	GOGHS	2	50	993	207	1200	9.77535e-124	2.44384e-121	1	1	better
OPYTIMIZER	QSA	2	50	1079	121	1200	5.86366e-193	1.66528e-190	1	1	better
OPYTIMIZER	SGHS	2	50	886	314	1200	8.44732e-64	2.04425e-61	1	1	better
OPYTIMIZER	DE	2	50	1039	161	1200	6.61411e-158	1.73951e-155	1	1	better
OPYTIMIZER	RFO	2	50	1070	130	1200	1.42202e-184	3.95322e-182	1	1	better
OPYTIMIZER	PPA	2	50	495	705	1200	1	1	7.31877e-10	1.84433e-07	worse
OPYTIMIZER	EHO	2	50	1060	140	1200	1.30393e-175	3.57277e-173	1	1	better
OPYTIMIZER	AEO	2	50	1094	106	1200	1.1649e-207	3.38987e-205	1	1	better
OPYTIMIZER	ABO	2	50	1053	147	1200	1.51112e-169	4.0347e-167	1	1	better
OPYTIMIZER	GHS	2	50	943	257	1200	1.12204e-92	2.73777e-90	1	1	better
OPYTIMIZER	PVS	2	50	1086	114	1200	1.05932e-199	3.05085e-197	1	1	better
OPYTIMIZER	BWO	2	50	980	220	1200	4.27115e-115	1.05497e-112	1	1	better
OPYTIMIZER	PSO	2	50	1085	115	1200	1.00151e-198	2.87433e-196	1	1	better
OPYTIMIZER	BSO	2	50	1076	124	1200	3.96144e-190	1.11713e-187	1	1	better
OPYTIMIZER	CSA	2	50	615	585	1200	0.201257	1	0.814575	1	not shown
OPYTIMIZER	SSO	2	50	680	520	1200	2.14955e-06	0.000369723	0.999998	1	better
OPYTIMIZER	WOA	2	50	1113	87	1200	9.47456e-228	2.80447e-225	1	1	better
OPYTIMIZER	BA	2	50	958	242	1200	2.15686e-101	5.30588e-99	1	1	better
OPYTIMIZER	HS	2	50	1001	199	1200	2.8966e-129	7.35736e-127	1	1	better
OPYTIMIZER	JS	2	50	765	435	1200	6.00862e-22	1.29185e-19	1	1	better
OPYTIMIZER	SOS	2	50	1105	95	1200	4.47688e-219	1.32068e-216	1	1	better
OPYTIMIZER	GS	2	50	329	871	1200	1	1	3.05539e-57	8.64674e-55	worse
OPYTIMIZER	EFO	2	50	995	205	1200	4.2018e-125	1.05465e-122	1	1	better
OPYTIMIZER	GSA	2	50	433	767	1200	1	1	1.91304e-22	5.06956e-20	worse
OPYTIMIZER	ESA	2	50	1028	172	1200	3.44768e-149	8.89501e-147	1	1	better
OPYTIMIZER	BOA	2	50	84	396	480	1	1	9.0686e-50	2.50293e-47	worse
OPYTIMIZER	HC	2	50	478	722	1200	1	1	9.70598e-13	2.46532e-10	worse
OPYTIMIZER	ABC	2	50	1045	127	1172	2.79369e-180	7.73852e-178	1	1	better
OPYTIMIZER	RRA	2	50	1094	106	1200	1.1649e-207	3.38987e-205	1	1	better
OPYTIMIZER	NDS	2	50	317	883	1200	1	1	1.86884e-62	5.34488e-60	worse
OPYTIMIZER	NBJS	2	50	771	429	1200	1.85766e-23	4.03111e-21	1	1	better
OPYTIMIZER	SSD	2	50	265	935	1200	1	1	3.16259e-88	9.10825e-86	worse
OPYTIMIZER	CEM	2	50	716	484	1200	1.12505e-11	2.12634e-09	1	1	better
OPYTIMIZER	AOA	2	50	844	356	1200	1.86384e-46	4.41729e-44	1	1	better
OPYTIMIZER	MRFO	2	50	997	203	1200	1.76421e-126	4.46344e-124	1	1	better
OPYTIMIZER	ASO	2	50	125	1075	1200	1	1	3.414e-189	1.01054e-186	worse
OPYTIMIZER	SFO	2	50	653	547	1200	0.00121141	0.195037	0.999001	1	not shown
OPYTIMIZER	IHS	2	50	986	214	1200	4.94816e-119	1.23209e-116	1	1	better
OPYTIMIZER	COA	2	50	1056	144	1200	3.98984e-172	1.07327e-169	1	1	better
OPYTIMIZER	GOA	2	50	1093	107	1200	1.19235e-206	3.4459e-204	1	1	better
OPYTIMIZER	STOA	2	50	192	1008	1200	1	1	3.07535e-134	9.04154e-132	worse
OPYTIMIZER	MVPA	2	50	1073	127	1200	2.46901e-187	6.91322e-185	1	1	better
OPYTIMIZER	ES	2	50	1029	171	1200	5.75507e-150	1.49056e-147	1	1	better
OPYTIMIZER	AIWPSO	2	50	1056	144	1200	3.98984e-172	1.07327e-169	1	1	better
OPYTIMIZER	ISA	2	50	160	1040	1200	1	1	1.02258e-158	3.0166e-156	worse
OPYTIMIZER	EO	2	50	1096	104	1200	1.07796e-209	3.14763e-207	1	1	better
OPYTIMIZER	AF	2	50	184	866	1050	1	1	1.45821e-106	4.25797e-104	worse
OPYTIMIZER	DOA	2	50	1063	137	1200	2.91281e-178	8.03936e-176	1	1	better
OPYTIMIZER	PIO	2	50	932	268	1200	1.3616e-86	3.3087e-84	1	1	better
OPYTIMIZER	HHO	2	50	1105	95	1200	4.47688e-219	1.32068e-216	1	1	better
OPYTIMIZER	BSA	2	50	1007	193	1200	1.60853e-133	4.11785e-131	1	1	better
OPYTIMIZER	TEO	2	50	323	857	1180	1	1	1.54347e-56	4.35257e-54	worse
OPYTIMIZER	FA	2	50	406	794	1200	1	1	9.06502e-30	2.44756e-27	worse
OPYTIMIZER	WWO	2	50	1073	127	1200	2.46901e-187	6.91322e-185	1	1	better
OPYTIMIZER	IWO	2	50	1045	155	1200	8.10326e-163	2.15547e-160	1	1	better
OPYTIMIZER	KH	2	50	981	219	1200	9.56321e-116	2.37168e-113	1	1	better
OPYTIMIZER	FOA	2	50	1057	143	1200	5.42881e-173	1.47121e-170	1	1	better
OPYTIMIZER	RPSO	2	50	1057	143	1200	5.42881e-173	1.47121e-170	1	1	better
OPYTIMIZER	SCA	2	50	316	884	1200	1	1	6.68571e-63	1.9188e-60	worse
OPYTIMIZER	OSA	2	50	568	632	1200	0.969722	1	0.0344599	1	not shown
OPYTIMIZER	WDO	2	50	359	841	1200	1	1	2.45487e-45	6.67724e-43	worse
OPYTIMIZER	LSA	2	50	1102	98	1200	6.62242e-216	1.94037e-213	1	1	better
OPYTIMIZER	VPSO	2	50	997	203	1200	1.76421e-126	4.46344e-124	1	1	better
OPYTIMIZER	SBO	2	50	1059	141	1200	9.81465e-175	2.66958e-172	1	1	better
OPYTIMIZER	GA	2	50	1037	163	1200	2.70847e-156	7.06911e-154	1	1	better
OPYTIMIZER	MFO	2	50	1043	157	1200	3.61887e-161	9.59e-159	1	1	better
OPYTIMIZER	CS	2	50	1075	125	1200	3.414e-189	9.59333e-187	1	1	better
OPYTIMIZER	FSO	2	50	1005	195	1200	4.32009e-132	1.10162e-129	1	1	better
OPYTIMIZER	NGHS	2	50	948	252	1200	1.58218e-95	3.87634e-93	1	1	better
OPYTIMIZER	GCO	2	50	1038	162	1200	4.24759e-157	1.11287e-154	1	1	better
OPYTIMIZER	TWO	2	50	1084	116	1200	9.37822e-198	2.68217e-195	1	1	better
OPYTIMIZER	WEO	2	50	1033	167	1200	4.17329e-153	1.08505e-150	1	1	better
OPYTIMIZER	GWO	2	50	1062	138	1200	2.24644e-177	6.17772e-175	1	1	better
OPYTIMIZER	SAVPSO	2	50	1081	119	1200	7.27584e-195	2.07361e-192	1	1	better
OPYTIMIZER	FFOA	2	50	653	547	1200	0.00121141	0.195037	0.999001	1	not shown
OPYTIMIZER	AIG	2	50	1060	140	1200	1.30393e-175	3.57277e-173	1	1	better
OPYTIMIZER	BH	2	50	1016	184	1200	4.38528e-140	1.12702e-137	1	1	better
OPYTIMIZER	CI	2	50	497	124	621	4.19745e-54	1.00319e-51	1	1	better
OPYTIMIZER	SSA	2	50	1079	121	1200	5.86366e-193	1.66528e-190	1	1	better
OPYTIMIZER	AO	2	50	1041	159	1200	1.56963e-159	4.14383e-157	1	1	better
OPYTIMIZER	MVO	2	50	339	67	406	3.80203e-45	8.9728e-43	1	1	better
mealpy	LevyTWO	2	50	422	778	1200	1	1	2.73199e-25	7.32173e-23	worse
mealpy	OriginalTLO	2	50	650	550	1200	0.00212282	0.335406	0.998234	1	not shown
mealpy	GWO	2	50	773	427	1200	5.66537e-24	1.24072e-21	1	1	better
mealpy	OriginalBBO	2	50	542	658	1200	0.999638	1	0.000446742	0.105878	not shown
mealpy	ABFO	2	50	531	655	1186	0.99986	1	0.000175408	0.0419225	worse
mealpy	OriginalWHO	2	50	545	655	1200	0.999328	1	0.000820527	0.193644	not shown
mealpy	OriginalFFA	2	50	616	584	1200	0.185425	1	0.829609	1	not shown
mealpy	BaseSARO	2	50	599	601	1200	0.534504	1	0.488486	1	not shown
mealpy	OriginalSMA	2	50	576	624	1200	0.921408	1	0.0874141	1	not shown
mealpy	SingleGA	2	50	594	606	1200	0.646265	1	0.375423	1	not shown
mealpy	OriginalSSDO	2	50	613	587	1200	0.235251	1	0.782128	1	not shown
mealpy	OriginalFPA	2	50	579	621	1200	0.892762	1	0.118286	1	not shown
mealpy	OriginalSSO	2	50	598	602	1200	0.557379	1	0.465496	1	not shown
mealpy	OriginalMA	2	50	571	629	1200	0.955754	1	0.0499186	1	not shown
mealpy	OriginalCEM	2	50	535	665	1200	0.999923	1	9.67899e-05	0.0233264	worse
mealpy	OCRO	2	50	578	622	1200	0.903045	1	0.107238	1	not shown
mealpy	OriginalBA	2	50	467	733	1200	1	1	7.89263e-15	2.01262e-12	worse
mealpy	OriginalAEO	2	50	667	533	1200	6.07551e-05	0.0103284	0.999952	1	better
mealpy	OriginalBSO	2	50	743	457	1200	6.91836e-17	1.37675e-14	1	1	better
mealpy	OriginalBFO	2	50	422	778	1200	1	1	2.73199e-25	7.32173e-23	worse
mealpy	ImprovedSLO	2	50	584	616	1200	0.829609	1	0.185425	1	not shown
mealpy	OriginalLCO	2	50	749	451	1200	3.4125e-18	7.06388e-16	1	1	better
mealpy	OriginalHGS	2	50	760	440	1200	9.86963e-21	2.10223e-18	1	1	better
mealpy	BaseALO	2	50	658	542	1200	0.000446742	0.0737125	0.999638	1	not shown
mealpy	CPSO	2	50	760	440	1200	9.86963e-21	2.10223e-18	1	1	better
mealpy	OriginalEO	2	50	750	450	1200	2.04139e-18	4.28693e-16	1	1	better
mealpy	DE	2	50	588	612	1200	0.764749	1	0.253369	1	not shown
mealpy	ModifiedBA	2	50	609	591	1200	0.311812	1	0.708311	1	not shown
mealpy	BaseTLO	2	50	615	585	1200	0.201257	1	0.814575	1	not shown
mealpy	OriginalPFA	2	50	630	570	1200	0.0442459	1	0.960896	1	not shown
mealpy	BaseFOA	2	50	344	856	1200	1	1	4.32313e-51	1.20183e-48	worse
mealpy	OriginalGBO	2	50	629	571	1200	0.0499186	1	0.955754	1	not shown
mealpy	TVAC	2	50	699	501	1200	6.01151e-09	1.08808e-06	1	1	better
mealpy	BaseFBIO	2	50	586	614	1200	0.798743	1	0.217872	1	not shown
mealpy	ImprovedBSO	2	50	684	516	1200	6.88265e-07	0.000121135	0.999999	1	better
mealpy	OriginalAO	2	50	513	687	1200	1	1	2.83038e-07	6.96272e-05	worse
mealpy	BaseGSKA	2	50	736	464	1200	1.97637e-15	3.85392e-13	1	1	better
mealpy	BaseLCO	2	50	743	457	1200	6.91836e-17	1.37675e-14	1	1	better
mealpy	OriginalSSpiderA	2	50	608	592	1200	0.332512	1	0.688188	1	not shown
mealpy	BaseHS	2	50	503	697	1200	1	1	1.18092e-08	2.95229e-06	worse
mealpy	AdaptiveEO	2	50	730	470	1200	3.0555e-14	5.92766e-12	1	1	better
mealpy	OriginalWCA	2	50	500	278	778	7.48133e-16	1.46634e-13	1	1	better
mealpy	OriginalMRFO	2	50	714	486	1200	2.47782e-11	4.63353e-09	1	1	better
mealpy	OriginalEOA	2	50	617	583	1200	0.170391	1	0.84384	1	not shown
mealpy	OriginalABC	2	50	628	572	1200	0.0561566	1	0.950081	1	not shown
mealpy	ModifiedAEO	2	50	653	547	1200	0.00121141	0.195037	0.999001	1	not shown
mealpy	OriginalSFO	2	50	599	601	1200	0.534504	1	0.488486	1	not shown
mealpy	BaseBBO	2	50	504	696	1200	1	1	1.64689e-08	4.06783e-06	worse
mealpy	OriginalNMRA	2	50	586	614	1200	0.798743	1	0.217872	1	not shown
mealpy	OriginalACOR	2	50	580	620	1200	0.881714	1	0.130114	1	not shown
mealpy	ImprovedSFO	2	50	599	601	1200	0.534504	1	0.488486	1	not shown
mealpy	OriginalCRO	2	50	570	630	1200	0.960896	1	0.0442459	1	not shown
mealpy	LevyJA	2	50	645	555	1200	0.00508185	0.772441	0.995706	1	not shown
mealpy	OriginalHS	2	50	596	604	1200	0.602487	1	0.419935	1	not shown
mealpy	OriginalCSO	2	50	577	623	1200	0.912586	1	0.0969548	1	not shown
mealpy	OriginalCOA	2	50	649	551	1200	0.00254342	0.399317	0.997877	1	not shown
mealpy	LevyQSA	2	50	745	455	1200	2.57297e-17	5.27458e-15	1	1	better
mealpy	OppoQSA	2	50	745	455	1200	2.57297e-17	5.27458e-15	1	1	better
mealpy	BaseBRO	2	50	715	485	1200	1.67247e-11	3.14424e-09	1	1	better
mealpy	OriginalSLO	2	50	708	492	1200	2.44059e-10	4.46628e-08	1	1	better
mealpy	OriginalMVO	2	50	645	555	1200	0.00508185	0.772441	0.995706	1	not shown
mealpy	CLPSO	2	50	440	760	1200	1	1	9.86963e-21	2.60558e-18	worse
mealpy	OriginalNRO	2	50	573	627	1200	0.943843	1	0.0629934	1	not shown
mealpy	BaseSCA	2	50	623	577	1200	0.0969548	1	0.912586	1	not shown
mealpy	BaseGCO	2	50	565	635	1200	0.97982	1	0.0231708	1	not shown
mealpy	OriginalArchOA	2	50	603	597	1200	0.442621	1	0.580065	1	not shown
mealpy	SwarmHC	2	50	455	745	1200	1	1	2.57297e-17	6.5868e-15	worse
mealpy	ImprovedTLO	2	50	656	544	1200	0.000672123	0.109556	0.999451	1	not shown
mealpy	OriginalMSA	2	50	627	573	1200	0.0629934	1	0.943843	1	not shown
mealpy	WOA	2	50	714	486	1200	2.47782e-11	4.63353e-09	1	1	better
mealpy	OriginalIWO	2	50	800	400	1200	1.48674e-31	3.38977e-29	1	1	better
mealpy	BaseGA	2	50	595	605	1200	0.624577	1	0.397513	1	not shown
mealpy	ModifiedEO	2	50	750	450	1200	2.04139e-18	4.28693e-16	1	1	better
mealpy	ImprovedNMRA	2	50	566	634	1200	0.976829	1	0.0265263	1	not shown
mealpy	BaseCHIO	2	50	443	757	1200	1	1	5.0711e-20	1.32863e-17	worse
mealpy	OriginalHHO	2	50	750	450	1200	2.04139e-18	4.28693e-16	1	1	better
mealpy	OriginalGWO	2	50	776	424	1200	9.28723e-25	2.04319e-22	1	1	better
mealpy	ImprovedQSA	2	50	745	455	1200	2.57297e-17	5.27458e-15	1	1	better
mealpy	OriginalFBIO	2	50	600	600	1200	0.511514	1	0.511514	1	not shown
mealpy	OriginalBeesA	2	50	665	535	1200	9.67899e-05	0.0162607	0.999923	1	better
mealpy	BaseEFO	2	50	622	578	1200	0.107238	1	0.903045	1	not shown
mealpy	OriginalSA	2	50	773	427	1200	5.66537e-24	1.24072e-21	1	1	better
mealpy	OriginalHC	2	50	503	697	1200	1	1	1.18092e-08	2.95229e-06	worse
mealpy	OriginalSHO	2	50	730	470	1200	3.0555e-14	5.92766e-12	1	1	better
mealpy	JADE	2	50	648	552	1200	0.00303794	0.47088	0.997457	1	not shown
mealpy	OriginalCA	2	50	599	601	1200	0.534504	1	0.488486	1	not shown
mealpy	EnhancedTWO	2	50	584	616	1200	0.829609	1	0.185425	1	not shown
mealpy	BaseSSA	2	50	539	661	1200	0.99981	1	0.000236413	0.0562664	not shown
mealpy	OriginalAOA	2	50	489	711	1200	1	1	7.89561e-11	1.99759e-08	worse
mealpy	OriginalQSA	2	50	745	455	1200	2.57297e-17	5.27458e-15	1	1	better
mealpy	OriginalGOA	2	50	820	380	1200	6.29001e-38	1.47186e-35	1	1	better
mealpy	EnhancedAEO	2	50	629	571	1200	0.0499186	1	0.955754	1	not shown
mealpy	OriginalGSKA	2	50	665	535	1200	9.67899e-05	0.0162607	0.999923	1	better
mealpy	PPSO	2	50	785	415	1200	3.36428e-27	7.53599e-25	1	1	better
mealpy	OriginalCGO	2	50	602	598	1200	0.465496	1	0.557379	1	not shown
mealpy	OriginalHGSO	2	50	712	488	1200	5.38373e-11	9.90606e-09	1	1	better
mealpy	OriginalSBO	2	50	790	410	1200	1.30418e-28	2.93441e-26	1	1	better
mealpy	OppoTWO	2	50	616	584	1200	0.185425	1	0.829609	1	not shown
mealpy	OriginalASO	2	50	443	757	1200	1	1	5.0711e-20	1.32863e-17	worse
mealpy	ModifiedSLO	2	50	584	616	1200	0.829609	1	0.185425	1	not shown
mealpy	BaseVCS	2	50	701	499	1200	3.0196e-09	5.49567e-07	1	1	better
mealpy	LSHADE	2	50	639	561	1200	0.0130942	1	0.988732	1	not shown
mealpy	OriginalEFO	2	50	699	501	1200	6.01151e-09	1.08808e-06	1	1	better
mealpy	OriginalJA	2	50	635	565	1200	0.0231708	1	0.97982	1	not shown
mealpy	OriginalGCO	2	50	596	604	1200	0.602487	1	0.419935	1	not shown
mealpy	OriginalPSS	2	50	861	339	1200	4.26712e-53	1.01557e-50	1	1	better
mealpy	OriginalEHO	2	50	636	564	1200	0.0201798	1	0.982477	1	not shown
mealpy	OriginalSSA	2	50	680	520	1200	2.14955e-06	0.000369723	0.999998	1	better
mealpy	OriginalSCA	2	50	607	593	1200	0.353735	1	0.667488	1	not shown
mealpy	OriginalBES	2	50	749	451	1200	3.4125e-18	7.06388e-16	1	1	better
mealpy	BaseSBO	2	50	684	516	1200	6.88265e-07	0.000121135	0.999999	1	better
mealpy	BaseJA	2	50	592	608	1200	0.688188	1	0.332512	1	not shown
mealpy	OriginalSARO	2	50	599	601	1200	0.534504	1	0.488486	1	not shown
mealpy	OriginalSRSR	2	50	648	552	1200	0.00303794	0.47088	0.997457	1	not shown
mealpy	OriginalTWO	2	50	616	584	1200	0.185425	1	0.829609	1	not shown
mealpy	OriginalWDO	2	50	601	599	1200	0.488486	1	0.534504	1	not shown
mealpy	AugmentedAEO	2	50	553	647	1200	0.996962	1	0.0036174	0.842855	not shown
mealpy	OriginalWOA	2	50	698	502	1200	8.43967e-09	1.50226e-06	1	1	better
mealpy	SADE	2	50	618	582	1200	0.15616	1	0.857264	1	not shown
mealpy	OriginalBRO	2	50	602	598	1200	0.465496	1	0.557379	1	not shown
mealpy	OriginalSSpiderO	2	50	503	697	1200	1	1	1.18092e-08	2.95229e-06	worse
mealpy	ProbBeesA	2	50	628	572	1200	0.0561566	1	0.950081	1	not shown
mealpy	OriginalFA	2	50	454	746	1200	1	1	1.5609e-17	4.01151e-15	worse
mealpy	OriginalCSA	2	50	430	770	1200	1	1	3.34574e-23	8.89966e-21	worse
mealpy	OriginalALO	2	50	658	542	1200	0.000446742	0.0737125	0.999638	1	not shown
mealpy	OriginalDO	2	50	599	601	1200	0.534504	1	0.488486	1	not shown
mealpy	OriginalCHIO	2	50	443	757	1200	1	1	5.0711e-20	1.32863e-17	worse
mealpy	OriginalBSA	2	50	599	601	1200	0.534504	1	0.488486	1	not shown
mealpy	LevyEP	2	50	561	639	1200	0.988732	1	0.0130942	1	not shown
mealpy	OriginalICA	2	50	440	266	706	3.00552e-11	5.56022e-09	1	1	better
mealpy	ImprovedLCO	2	50	779	421	1200	1.47372e-25	3.25693e-23	1	1	better
mealpy	OriginalMFO	2	50	579	621	1200	0.892762	1	0.118286	1	not shown
mealpy	ImprovedAEO	2	50	667	533	1200	6.07551e-05	0.0103284	0.999952	1	better
mealpy	OriginalVCS	2	50	720	480	1200	2.22673e-12	4.23079e-10	1	1	better
mealpy	AdaptiveBA	2	50	613	587	1200	0.235251	1	0.782128	1	not shown
mealpy	MultiGA	2	50	589	611	1200	0.746631	1	0.272194	1	not shown
mealpy	OriginalES	2	50	665	535	1200	9.67899e-05	0.0162607	0.999923	1	better
mealpy	LevyES	2	50	563	637	1200	0.98483	1	0.0175227	1	not shown
mealpy	OriginalEP	2	50	561	639	1200	0.988732	1	0.0130942	1	not shown
mealpy	BaseSMA	2	50	588	612	1200	0.764749	1	0.253369	1	not shown
mealpy	OriginalPSO	2	50	628	572	1200	0.0561566	1	0.950081	1	not shown
mealpy	FBUDGETSHADE	2	50	647	553	1200	0.0036174	0.553463	0.996962	1	not shown
mealpy	OriginalFOA	2	50	260	940	1200	1	1	5.42855e-91	1.56885e-88	worse
mealpy	BaseQSA	2	50	745	455	1200	2.57297e-17	5.27458e-15	1	1	better
mealpy	BaseMFO	2	50	579	621	1200	0.892762	1	0.118286	1	not shown
mealpy	BaseDE	2	50	634	566	1200	0.0265263	1	0.976829	1	not shown
mealpy	WhaleFOA	2	50	326	874	1200	1	1	1.60836e-58	4.58382e-56	worse
Baselines	DE	2	50	736	464	1200	1.97637e-15	9.88184e-15	1	1	better
Baselines	RCobyla	2	50	770	430	1200	3.34574e-23	2.00744e-22	1	1	better
Baselines	PSO	2	50	568	632	1200	0.969722	0.969722	0.0344599	0.379059	not shown
Baselines	DiagonalCMA	2	50	786	414	1200	1.76914e-27	1.2384e-26	1	1	better
Baselines	modcma	2	50	956	244	1200	3.34673e-100	3.68141e-99	1	1	better
Baselines	modde	2	50	661	539	1200	0.000236413	0.000472827	0.99981	1	better
Baselines	OnePlusOne	2	50	927	273	1200	6.54447e-84	5.89002e-83	1	1	better
Baselines	Powell	2	50	797	403	1200	1.18046e-30	9.44367e-30	1	1	better
Baselines	MultiBFGS	2	50	667	533	1200	6.07551e-05	0.000182265	0.999952	1	better
Baselines	lshade	2	50	713	487	1200	3.65858e-11	1.46343e-10	1	1	better
Baselines	bipop	2	50	954	246	1200	5.08757e-99	5.08757e-98	1	1	better
EVOLOPY	DE	2	100	788	412	1200	4.83877e-28	9.24206e-26	1	1	better
EVOLOPY	JAYA	2	100	800	400	1200	1.48674e-31	2.89914e-29	1	1	better
EVOLOPY	PSO	2	100	827	373	1200	2.58068e-40	5.21298e-38	1	1	better
EVOLOPY	WOA	2	100	864	336	1200	2.54349e-54	5.59567e-52	1	1	better
EVOLOPY	FFA	2	100	710	490	1200	1.15404e-10	1.7426e-08	1	1	better
EVOLOPY	BAT	2	100	566	634	1200	0.976829	1	0.0265263	1	not shown
EVOLOPY	MVO	2	100	561	639	1200	0.988732	1	0.0130942	1	not shown
EVOLOPY	HHO	2	100	818	382	1200	2.92164e-37	5.78485e-35	1	1	better
EVOLOPY	SCA	2	100	622	578	1200	0.107238	1	0.903045	1	not shown
EVOLOPY	GA	2	100	403	592	995	1	1	1.13323e-09	2.76507e-07	worse
EVOLOPY	MFO	2	100	849	351	1200	2.34324e-48	4.99109e-46	1	1	better
EVOLOPY	CS	2	100	428	772	1200	1	1	1.02773e-23	2.60015e-21	worse
EVOLOPY	GWO	2	100	939	261	1200	1.95877e-90	4.79899e-88	1	1	better
EVOLOPY	SSA	2	100	563	637	1200	0.98483	1	0.0175227	1	not shown
NIAPY	DynamicFireworksAlgorithm	2	100	373	827	1200	1	1	2.58068e-40	6.813e-38	worse
NIAPY	HarmonySearch	2	100	780	420	1200	7.92097e-26	1.49706e-23	1	1	better
NIAPY	EvolutionStrategyMp1	2	100	789	411	1200	2.51671e-28	4.83209e-26	1	1	better
NIAPY	MonarchButterflyOptimization	2	100	381	819	1200	1	1	1.35822e-37	3.55853e-35	worse
NIAPY	CenterParticleSwarmOptimization	2	100	885	315	1200	2.38157e-63	5.50144e-61	1	1	better
NIAPY	DynNpDifferentialEvolution	2	100	799	401	1200	2.97706e-31	5.7755e-29	1	1	better
NIAPY	CamelAlgorithm	2	100	598	602	1200	0.557379	1	0.465496	1	not shown
NIAPY	BatAlgorithm	2	100	706	494	1200	5.09234e-10	7.58759e-08	1	1	better
NIAPY	GlowwormSwarmOptimization	2	100	294	906	1200	1	1	3.36178e-73	9.41298e-71	worse
NIAPY	BareBonesFireworksAlgorithm	2	100	888	312	1200	1.04912e-64	2.44445e-62	1	1	better
NIAPY	CuckooSearch	2	100	428	772	1200	1	1	1.02773e-23	2.60015e-21	worse
NIAPY	GeneticAlgorithm	2	100	585	615	1200	0.814575	1	0.201257	1	not shown
NIAPY	ParticleSwarmAlgorithm	2	100	850	350	1200	9.64912e-49	2.06491e-46	1	1	better
NIAPY	MonkeyKingEvolutionV3	2	100	497	703	1200	1	1	1.4966e-09	3.63673e-07	worse
NIAPY	MonkeyKingEvolutionV2	2	100	494	706	1200	1	1	5.09234e-10	1.25272e-07	worse
NIAPY	SineCosineAlgorithm	2	100	134	1066	1200	1	1	6.04339e-181	1.77676e-178	worse
NIAPY	EvolutionStrategy1p1	2	100	813	387	1200	1.27085e-35	2.50358e-33	1	1	better
NIAPY	HarrisHawksOptimization	2	100	844	356	1200	1.86384e-46	3.93269e-44	1	1	better
NIAPY	ParticleSwarmOptimization	2	100	766	434	1200	3.39645e-22	6.24947e-20	1	1	better
NIAPY	ForestOptimizationAlgorithm	2	100	568	632	1200	0.969722	1	0.0344599	1	not shown
NIAPY	EnhancedFireworksAlgorithm	2	100	466	734	1200	1	1	4.99197e-15	1.23801e-12	worse
NIAPY	MultiStrategyDifferentialEvolution	2	100	546	654	1200	0.999179	1	0.000998557	0.222678	not shown
NIAPY	MutatedParticleSwarmOptimization	2	100	837	363	1200	7.22475e-44	1.50275e-41	1	1	better
NIAPY	ComprehensiveLearningParticleSwarmOptimizer	2	100	300	900	1200	1	1	2.67256e-70	7.40299e-68	worse
NIAPY	KrillHerd	2	100	779	421	1200	1.47372e-25	2.7706e-23	1	1	better
NIAPY	FishSchoolSearch	2	100	515	685	1200	1	1	5.13507e-07	0.000123755	worse
NIAPY	MutatedCenterUnifiedParticleSwarmOptimization	2	100	883	317	1200	1.86884e-62	4.27964e-60	1	1	better
NIAPY	MutatedCenterParticleSwarmOptimization	2	100	826	374	1200	5.72457e-40	1.15064e-37	1	1	better
NIAPY	GlowwormSwarmOptimizationV2	2	100	268	932	1200	1	1	1.3616e-86	3.86695e-84	worse
NIAPY	CatSwarmOptimization	2	100	598	602	1200	0.557379	1	0.465496	1	not shown
NIAPY	DifferentialEvolution	2	100	539	661	1200	0.99981	1	0.000236413	0.0536659	not shown
NIAPY	FireworksAlgorithm	2	100	287	913	1200	1	1	1.13248e-76	3.20492e-74	worse
NIAPY	MothFlameOptimizer	2	100	536	664	1200	0.999903	1	0.000121582	0.0280854	worse
NIAPY	DynNpMultiStrategyDifferentialEvolution	2	100	546	654	1200	0.999179	1	0.000998557	0.222678	not shown
NIAPY	EvolutionStrategyML	2	100	744	456	1200	4.22646e-17	7.18498e-15	1	1	better
NIAPY	GreyWolfOptimizer	2	100	883	317	1200	1.86884e-62	4.27964e-60	1	1	better
NIAPY	HarmonySearchV1	2	100	725	475	1200	2.72251e-13	4.30157e-11	1	1	better
NIAPY	BeesAlgorithm	2	100	853	347	1200	6.57703e-50	1.42722e-47	1	1	better
NIAPY	GlowwormSwarmOptimizationV1	2	100	310	890	1200	1	1	1.28067e-65	3.53464e-63	worse
NIAPY	GlowwormSwarmOptimizationV3	2	100	294	906	1200	1	1	3.36178e-73	9.41298e-71	worse
NIAPY	LionOptimizationAlgorithm	2	100	627	573	1200	0.0629934	1	0.943843	1	not shown
NIAPY	ArtificialBeeColonyAlgorithm	2	100	844	356	1200	1.86384e-46	3.93269e-44	1	1	better
NIAPY	AgingNpDifferentialEvolution	2	100	547	653	1200	0.999001	1	0.00121141	0.266511	not shown
NIAPY	OppositionVelocityClampingParticleSwarmOptimization	2	100	690	510	1200	1.12994e-07	1.66101e-05	1	1	better
NIAPY	CoralReefsOptimization	2	100	421	779	1200	1	1	1.47372e-25	3.74326e-23	worse
NIAPY	BacterialForagingOptimization	2	100	546	654	1200	0.999179	1	0.000998557	0.222678	not shown
NIAPY	DynamicFireworksAlgorithmGauss	2	100	387	813	1200	1	1	1.27085e-35	3.30422e-33	worse
NIAPY	ClonalSelectionAlgorithm	2	100	182	1018	1200	1	1	1.42224e-141	4.15294e-139	worse
NIAPY	GravitationalSearchAlgorithm	2	100	615	585	1200	0.201257	1	0.814575	1	not shown
NIAPY	MonkeyKingEvolutionV1	2	100	575	625	1200	0.929538	1	0.078592	1	not shown
NIAPY	EvolutionStrategyMpL	2	100	753	447	1200	4.27888e-19	7.53082e-17	1	1	better
NIAPY	FireflyAlgorithm	2	100	609	591	1200	0.311812	1	0.708311	1	not shown
NIAPY	FlowerPollinationAlgorithm	2	100	537	663	1200	0.999878	1	0.000152237	0.0348623	worse
OPYTIMIZER	SA	2	100	763	437	1200	1.86048e-21	3.38606e-19	1	1	better
OPYTIMIZER	GOGHS	2	100	951	249	1200	2.90239e-97	7.19794e-95	1	1	better
OPYTIMIZER	QSA	2	100	1101	99	1200	7.37961e-215	2.15485e-212	1	1	better
OPYTIMIZER	SGHS	2	100	798	402	1200	5.93917e-31	1.14626e-28	1	1	better
OPYTIMIZER	DE	2	100	1047	153	1200	1.76165e-164	4.75646e-162	1	1	better
OPYTIMIZER	RFO	2	100	1076	124	1200	3.96144e-190	1.12109e-187	1	1	better
OPYTIMIZER	PPA	2	100	419	781	1200	1	1	4.24192e-26	1.08169e-23	worse
OPYTIMIZER	EHO	2	100	1057	143	1200	5.42881e-173	1.49292e-170	1	1	better
OPYTIMIZER	AEO	2	100	1080	120	1200	6.56188e-194	1.87014e-191	1	1	better
OPYTIMIZER	ABO	2	100	1051	149	1200	7.61007e-168	2.06994e-165	1	1	better
OPYTIMIZER	GHS	2	100	874	326	1200	1.60836e-58	3.63489e-56	1	1	better
OPYTIMIZER	PVS	2	100	1066	134	1200	6.04339e-181	1.68006e-178	1	1	better
OPYTIMIZER	BWO	2	100	964	236	1200	5.09816e-105	1.27964e-102	1	1	better
OPYTIMIZER	PSO	2	100	1076	124	1200	3.96144e-190	1.12109e-187	1	1	better
OPYTIMIZER	BSO	2	100	1091	109	1200	1.21162e-204	3.50157e-202	1	1	better
OPYTIMIZER	CSA	2	100	602	598	1200	0.465496	1	0.557379	1	not shown
OPYTIMIZER	SSO	2	100	529	671	1200	0.999982	1	2.30327e-05	0.00541269	worse
OPYTIMIZER	WOA	2	100	1101	99	1200	7.37961e-215	2.15485e-212	1	1	better
OPYTIMIZER	BA	2	100	890	310	1200	1.28067e-65	2.99676e-63	1	1	better
OPYTIMIZER	HS	2	100	953	247	1200	1.96848e-98	4.9212e-96	1	1	better
OPYTIMIZER	JS	2	100	897	303	1200	7.09714e-69	1.67492e-66	1	1	better
OPYTIMIZER	SOS	2	100	1106	94	1200	3.8413e-220	1.1255e-217	1	1	better
OPYTIMIZER	GS	2	100	204	996	1200	1	1	8.63517e-126	2.5042e-123	worse
OPYTIMIZER	EFO	2	100	952	248	1200	7.57781e-98	1.88688e-95	1	1	better
OPYTIMIZER	GSA	2	100	380	820	1200	1	1	6.29001e-38	1.65427e-35	worse
OPYTIMIZER	ESA	2	100	1007	193	1200	1.60853e-133	4.13393e-131	1	1	better
OPYTIMIZER	BOA	2	100	67	413	480	1	1	3.65908e-62	9.98929e-60	worse
OPYTIMIZER	HC	2	100	410	790	1200	1	1	1.30418e-28	3.3387e-26	worse
OPYTIMIZER	ABC	2	100	1060	112	1172	1.92995e-194	5.51965e-192	1	1	better
OPYTIMIZER	RRA	2	100	1080	120	1200	6.56188e-194	1.87014e-191	1	1	better
OPYTIMIZER	NDS	2	100	192	1008	1200	1	1	3.07535e-134	8.94928e-132	worse
OPYTIMIZER	NBJS	2	100	885	315	1200	2.38157e-63	5.50144e-61	1	1	better
OPYTIMIZER	SSD	2	100	227	973	1200	1	1	1.29755e-110	3.73694e-108	worse
OPYTIMIZER	CEM	2	100	631	569	1200	0.0391044	1	0.96554	1	not shown
OPYTIMIZER	AOA	2	100	753	447	1200	4.27888e-19	7.53082e-17	1	1	better
OPYTIMIZER	MRFO	2	100	1014	186	1200	1.31797e-138	3.42672e-136	1	1	better
OPYTIMIZER	ASO	2	100	96	1104	1200	1	1	5.15861e-218	1.52695e-215	worse
OPYTIMIZER	SFO	2	100	608	592	1200	0.332512	1	0.688188	1	not shown
OPYTIMIZER	IHS	2	100	931	269	1200	4.72665e-86	1.14385e-83	1	1	better
OPYTIMIZER	COA	2	100	1053	147	1200	1.51112e-169	4.12537e-167	1	1	better
OPYTIMIZER	GOA	2	100	1086	114	1200	1.05932e-199	3.05085e-197	1	1	better
OPYTIMIZER	STOA	2	100	137	1063	1200	1	1	2.91281e-178	8.53454e-176	worse
OPYTIMIZER	MVPA	2	100	1075	125	1200	3.414e-189	9.59333e-187	1	1	better
OPYTIMIZER	ES	2	100	1029	171	1200	5.75507e-150	1.51934e-147	1	1	better
OPYTIMIZER	AIWPSO	2	100	1045	155	1200	8.10326e-163	2.17978e-160	1	1	better
OPYTIMIZER	ISA	2	100	129	1071	1200	1	1	1.72403e-185	5.08588e-183	worse
OPYTIMIZER	EO	2	100	1120	80	1200	1.27682e-235	3.77938e-233	1	1	better
OPYTIMIZER	AF	2	100	160	890	1050	1	1	1.48351e-123	4.28734e-121	worse
OPYTIMIZER	DOA	2	100	1058	142	1200	7.32854e-174	2.02268e-171	1	1	better
OPYTIMIZER	PIO	2	100	984	216	1200	1.03809e-117	2.63674e-115	1	1	better
OPYTIMIZER	HHO	2	100	1108	92	1200	2.73197e-222	8.03199e-220	1	1	better
OPYTIMIZER	BSA	2	100	977	223	1200	3.68081e-113	9.31245e-111	1	1	better
OPYTIMIZER	TEO	2	100	315	865	1180	1	1	5.41298e-60	1.47233e-57	worse
OPYTIMIZER	FA	2	100	293	907	1200	1	1	1.08737e-73	3.05551e-71	worse
OPYTIMIZER	WWO	2	100	1051	149	1200	7.61007e-168	2.06994e-165	1	1	better
OPYTIMIZER	IWO	2	100	1015	185	1200	2.41176e-139	6.2947e-137	1	1	better
OPYTIMIZER	KH	2	100	947	253	1200	5.93923e-95	1.46699e-92	1	1	better
OPYTIMIZER	FOA	2	100	1030	170	1200	9.54162e-151	2.52853e-148	1	1	better
OPYTIMIZER	RPSO	2	100	1086	114	1200	1.05932e-199	3.05085e-197	1	1	better
OPYTIMIZER	SCA	2	100	256	944	1200	1	1	3.04908e-93	8.72037e-91	worse
OPYTIMIZER	OSA	2	100	542	658	1200	0.999638	1	0.000446742	0.10007	not shown
OPYTIMIZER	WDO	2	100	296	904	1200	1	1	3.17035e-72	8.81356e-70	worse
OPYTIMIZER	LSA	2	100	1109	91	1200	2.26397e-223	6.67871e-221	1	1	better
OPYTIMIZER	VPSO	2	100	1008	192	1200	3.07535e-134	7.93441e-132	1	1	better
OPYTIMIZER	SBO	2	100	1037	163	1200	2.70847e-156	7.20453e-154	1	1	better
OPYTIMIZER	GA	2	100	1045	155	1200	8.10326e-163	2.17978e-160	1	1	better
OPYTIMIZER	MFO	2	100	1026	174	1200	1.21249e-147	3.18885e-145	1	1	better
OPYTIMIZER	CS	2	100	1061	139	1200	1.71844e-176	4.76009e-174	1	1	better
OPYTIMIZER	FSO	2	100	985	215	1200	2.27282e-118	5.79569e-116	1	1	better
OPYTIMIZER	NGHS	2	100	865	335	1200	9.85426e-55	2.18764e-52	1	1	better
OPYTIMIZER	GCO	2	100	1010	190	1200	1.10347e-135	2.85798e-133	1	1	better
OPYTIMIZER	TWO	2	100	1075	125	1200	3.414e-189	9.59333e-187	1	1	better
OPYTIMIZER	WEO	2	100	1005	195	1200	4.32009e-132	1.10594e-129	1	1	better
OPYTIMIZER	GWO	2	100	1043	157	1200	3.61887e-161	9.66237e-159	1	1	better
OPYTIMIZER	SAVPSO	2	100	1095	105	1200	1.12642e-208	3.26662e-206	1	1	better
OPYTIMIZER	FFOA	2	100	529	671	1200	0.999982	1	2.30327e-05	0.00541269	worse
OPYTIMIZER	AIG	2	100	1056	144	1200	3.98984e-172	1.09322e-169	1	1	better
OPYTIMIZER	BH	2	100	976	224	1200	1.60804e-112	4.05225e-110	1	1	better
OPYTIMIZER	CI	2	100	486	135	621	9.9781e-48	2.11536e-45	1	1	better
OPYTIMIZER	SSA	2	100	1068	132	1200	9.42885e-183	2.63065e-180	1	1	better
OPYTIMIZER	AO	2	100	1020	180	1200	4.49503e-143	1.1777e-140	1	1	better
OPYTIMIZER	MVO	2	100	329	77	406	1.75289e-38	3.50578e-36	1	1	better
mealpy	LevyTWO	2	100	389	811	1200	1	1	5.59687e-35	1.44959e-32	worse
mealpy	OriginalTLO	2	100	700	500	1200	4.26768e-09	6.31617e-07	1	1	better
mealpy	GWO	2	100	877	323	1200	8.15275e-60	1.85067e-57	1	1	better
mealpy	OriginalBBO	2	100	559	641	1200	0.99173	1	0.00966784	1	not shown
mealpy	ABFO	2	100	452	734	1186	1	1	1.22324e-16	3.0581e-14	worse
mealpy	OriginalWHO	2	100	524	676	1200	0.999995	1	6.37142e-06	0.00151003	worse
mealpy	OriginalFFA	2	100	598	602	1200	0.557379	1	0.465496	1	not shown
mealpy	BaseSARO	2	100	772	428	1200	1.02773e-23	1.92185e-21	1	1	better
mealpy	OriginalSMA	2	100	585	615	1200	0.814575	1	0.201257	1	not shown
mealpy	SingleGA	2	100	526	674	1200	0.999992	1	1.07573e-05	0.00253872	worse
mealpy	OriginalSSDO	2	100	614	586	1200	0.217872	1	0.798743	1	not shown
mealpy	OriginalFPA	2	100	578	622	1200	0.903045	1	0.107238	1	not shown
mealpy	OriginalSSO	2	100	554	646	1200	0.996383	1	0.00429414	0.927535	not shown
mealpy	OriginalMA	2	100	494	706	1200	1	1	5.09234e-10	1.25272e-07	worse
mealpy	OriginalCEM	2	100	464	736	1200	1	1	1.97637e-15	4.92116e-13	worse
mealpy	OCRO	2	100	641	559	1200	0.00966784	1	0.99173	1	not shown
mealpy	OriginalBA	2	100	312	888	1200	1	1	1.04912e-64	2.87459e-62	worse
mealpy	OriginalAEO	2	100	837	363	1200	7.22475e-44	1.50275e-41	1	1	better
mealpy	OriginalBSO	2	100	833	367	1200	1.99671e-42	4.09325e-40	1	1	better
mealpy	OriginalBFO	2	100	259	941	1200	1	1	1.49713e-91	4.26681e-89	worse
mealpy	ImprovedSLO	2	100	630	570	1200	0.0442459	1	0.960896	1	not shown
mealpy	OriginalLCO	2	100	918	282	1200	3.26793e-79	7.84303e-77	1	1	better
mealpy	OriginalHGS	2	100	901	299	1200	8.87909e-71	2.10434e-68	1	1	better
mealpy	BaseALO	2	100	754	446	1200	2.5239e-19	4.49254e-17	1	1	better
mealpy	CPSO	2	100	744	456	1200	4.22646e-17	7.18498e-15	1	1	better
mealpy	OriginalEO	2	100	909	291	1200	1.12235e-74	2.68242e-72	1	1	better
mealpy	DE	2	100	520	680	1200	0.999998	1	2.14955e-06	0.000513744	worse
mealpy	ModifiedBA	2	100	621	579	1200	0.118286	1	0.892762	1	not shown
mealpy	BaseTLO	2	100	728	472	1200	7.40476e-14	1.18476e-11	1	1	better
mealpy	OriginalPFA	2	100	615	585	1200	0.201257	1	0.814575	1	not shown
mealpy	BaseFOA	2	100	327	873	1200	1	1	4.30951e-58	1.16357e-55	worse
mealpy	OriginalGBO	2	100	672	528	1200	1.79282e-05	0.00250994	0.999986	1	better
mealpy	TVAC	2	100	842	358	1200	1.04362e-45	2.18117e-43	1	1	better
mealpy	BaseFBIO	2	100	743	457	1200	6.91836e-17	1.14153e-14	1	1	better
mealpy	ImprovedBSO	2	100	742	458	1200	1.12853e-16	1.8508e-14	1	1	better
mealpy	OriginalAO	2	100	399	801	1200	1	1	7.39716e-32	1.90847e-29	worse
mealpy	BaseGSKA	2	100	867	333	1200	1.46096e-55	3.27254e-53	1	1	better
mealpy	BaseLCO	2	100	923	277	1200	8.4014e-82	2.02474e-79	1	1	better
mealpy	OriginalSSpiderA	2	100	628	572	1200	0.0561566	1	0.950081	1	not shown
mealpy	BaseHS	2	100	444	756	1200	1	1	8.68881e-20	2.18089e-17	worse
mealpy	AdaptiveEO	2	100	909	291	1200	1.12235e-74	2.68242e-72	1	1	better
mealpy	OriginalWCA	2	100	598	180	778	1.77529e-53	3.88789e-51	1	1	better
mealpy	OriginalMRFO	2	100	836	364	1200	1.66628e-43	3.43254e-41	1	1	better
mealpy	OriginalEOA	2	100	538	662	1200	0.999848	1	0.000190015	0.0433234	worse
mealpy	OriginalABC	2	100	665	535	1200	9.67899e-05	0.0131634	0.999923	1	better
mealpy	ModifiedAEO	2	100	761	439	1200	5.67918e-21	1.02225e-18	1	1	better
mealpy	OriginalSFO	2	100	594	606	1200	0.646265	1	0.375423	1	not shown
mealpy	BaseBBO	2	100	469	731	1200	1	1	1.95265e-14	4.82306e-12	worse
mealpy	OriginalNMRA	2	100	594	606	1200	0.646265	1	0.375423	1	not shown
mealpy	OriginalACOR	2	100	624	576	1200	0.0874141	1	0.921408	1	not shown
mealpy	ImprovedSFO	2	100	594	606	1200	0.646265	1	0.375423	1	not shown
mealpy	OriginalCRO	2	100	582	618	1200	0.857264	1	0.15616	1	not shown
mealpy	LevyJA	2	100	677	523	1200	4.87963e-06	0.000692907	0.999996	1	better
mealpy	OriginalHS	2	100	643	557	1200	0.00705216	0.91678	0.994004	1	not shown
mealpy	OriginalCSO	2	100	547	653	1200	0.999001	1	0.00121141	0.266511	not shown
mealpy	OriginalCOA	2	100	669	531	1200	3.76496e-05	0.00515799	0.999971	1	better
mealpy	LevyQSA	2	100	744	456	1200	4.22646e-17	7.18498e-15	1	1	better
mealpy	OppoQSA	2	100	746	454	1200	1.5609e-17	2.70035e-15	1	1	better
mealpy	BaseBRO	2	100	785	415	1200	3.36428e-27	6.39213e-25	1	1	better
mealpy	OriginalSLO	2	100	853	347	1200	6.57703e-50	1.42722e-47	1	1	better
mealpy	OriginalMVO	2	100	670	530	1200	2.94953e-05	0.00407035	0.999977	1	better
mealpy	CLPSO	2	100	362	838	1200	1	1	3.12026e-44	8.29988e-42	worse
mealpy	OriginalNRO	2	100	612	588	1200	0.253369	1	0.764749	1	not shown
mealpy	BaseSCA	2	100	646	554	1200	0.00429414	0.562533	0.996383	1	not shown
mealpy	BaseGCO	2	100	559	641	1200	0.99173	1	0.00966784	1	not shown
mealpy	OriginalArchOA	2	100	672	528	1200	1.79282e-05	0.00250994	0.999986	1	better
mealpy	SwarmHC	2	100	382	818	1200	1	1	2.92164e-37	7.62549e-35	worse
mealpy	ImprovedTLO	2	100	765	435	1200	6.00862e-22	1.09958e-19	1	1	better
mealpy	OriginalMSA	2	100	753	447	1200	4.27888e-19	7.53082e-17	1	1	better
mealpy	WOA	2	100	852	348	1200	1.61658e-49	3.47565e-47	1	1	better
mealpy	OriginalIWO	2	100	760	440	1200	9.86963e-21	1.76666e-18	1	1	better
mealpy	BaseGA	2	100	523	677	1200	0.999996	1	4.87963e-06	0.00116135	worse
mealpy	ModifiedEO	2	100	893	307	1200	5.28723e-67	1.2425e-64	1	1	better
mealpy	ImprovedNMRA	2	100	603	597	1200	0.442621	1	0.580065	1	not shown
mealpy	BaseCHIO	2	100	328	872	1200	1	1	1.14988e-57	3.09319e-55	worse
mealpy	OriginalHHO	2	100	819	381	1200	1.35822e-37	2.70285e-35	1	1	better
mealpy	OriginalGWO	2	100	872	328	1200	1.14988e-57	2.58724e-55	1	1	better
mealpy	ImprovedQSA	2	100	744	456	1200	4.22646e-17	7.18498e-15	1	1	better
mealpy	OriginalFBIO	2	100	718	482	1200	5.03935e-12	7.65981e-10	1	1	better
mealpy	OriginalBeesA	2	100	536	664	1200	0.999903	1	0.000121582	0.0280854	worse
mealpy	BaseEFO	2	100	710	490	1200	1.15404e-10	1.7426e-08	1	1	better
mealpy	OriginalSA	2	100	616	584	1200	0.185425	1	0.829609	1	not shown
mealpy	OriginalHC	2	100	401	799	1200	1	1	2.97706e-31	7.65105e-29	worse
mealpy	OriginalSHO	2	100	737	463	1200	1.23712e-15	2.00413e-13	1	1	better
mealpy	JADE	2	100	724	476	1200	4.17329e-13	6.55206e-11	1	1	better
mealpy	OriginalCA	2	100	886	314	1200	8.44732e-64	1.95978e-61	1	1	better
mealpy	EnhancedTWO	2	100	575	625	1200	0.929538	1	0.078592	1	not shown
mealpy	BaseSSA	2	100	740	460	1200	2.97168e-16	4.84383e-14	1	1	better
mealpy	OriginalAOA	2	100	310	890	1200	1	1	1.28067e-65	3.53464e-63	worse
mealpy	OriginalQSA	2	100	690	510	1200	1.12994e-07	1.66101e-05	1	1	better
mealpy	OriginalGOA	2	100	936	264	1200	8.9369e-89	2.1806e-86	1	1	better
mealpy	EnhancedAEO	2	100	681	519	1200	1.62492e-06	0.000232364	0.999999	1	better
mealpy	OriginalGSKA	2	100	727	473	1200	1.1468e-13	1.82341e-11	1	1	better
mealpy	PPSO	2	100	941	259	1200	1.49713e-91	3.68293e-89	1	1	better
mealpy	OriginalCGO	2	100	629	571	1200	0.0499186	1	0.955754	1	not shown
mealpy	OriginalHGSO	2	100	719	481	1200	3.35552e-12	5.13395e-10	1	1	better
mealpy	OriginalSBO	2	100	865	335	1200	9.85426e-55	2.18764e-52	1	1	better
mealpy	OppoTWO	2	100	609	591	1200	0.311812	1	0.708311	1	not shown
mealpy	OriginalASO	2	100	291	909	1200	1	1	1.12235e-74	3.16503e-72	worse
mealpy	ModifiedSLO	2	100	607	593	1200	0.353735	1	0.667488	1	not shown
mealpy	BaseVCS	2	100	733	467	1200	7.89263e-15	1.27071e-12	1	1	better
mealpy	LSHADE	2	100	721	479	1200	1.47263e-12	2.28258e-10	1	1	better
mealpy	OriginalEFO	2	100	724	476	1200	4.17329e-13	6.55206e-11	1	1	better
mealpy	OriginalJA	2	100	597	603	1200	0.580065	1	0.442621	1	not shown
mealpy	OriginalGCO	2	100	539	661	1200	0.99981	1	0.000236413	0.0536659	not shown
mealpy	OriginalPSS	2	100	934	266	1200	1.11378e-87	2.7065e-85	1	1	better
mealpy	OriginalEHO	2	100	614	586	1200	0.217872	1	0.798743	1	not shown
mealpy	OriginalSSA	2	100	866	334	1200	3.80213e-55	8.47876e-53	1	1	better
mealpy	OriginalSCA	2	100	649	551	1200	0.00254342	0.335732	0.997877	1	not shown
mealpy	OriginalBES	2	100	762	438	1200	3.25632e-21	5.89394e-19	1	1	better
mealpy	BaseSBO	2	100	769	431	1200	6.00425e-23	1.11079e-20	1	1	better
mealpy	BaseJA	2	100	576	624	1200	0.921408	1	0.0874141	1	not shown
mealpy	OriginalSARO	2	100	682	518	1200	1.22433e-06	0.000176303	0.999999	1	better
mealpy	OriginalSRSR	2	100	720	480	1200	2.22673e-12	3.42916e-10	1	1	better
mealpy	OriginalTWO	2	100	655	545	1200	0.000820527	0.110771	0.999328	1	not shown
mealpy	OriginalWDO	2	100	633	567	1200	0.0302784	1	0.973474	1	not shown
mealpy	AugmentedAEO	2	100	746	454	1200	1.5609e-17	2.70035e-15	1	1	better
mealpy	OriginalWOA	2	100	806	394	1200	2.13247e-33	4.17964e-31	1	1	better
mealpy	SADE	2	100	688	512	1200	2.09097e-07	3.0319e-05	1	1	better
mealpy	OriginalBRO	2	100	508	692	1200	1	1	6.02584e-08	1.45825e-05	worse
mealpy	OriginalSSpiderO	2	100	529	671	1200	0.999982	1	2.30327e-05	0.00541269	worse
mealpy	ProbBeesA	2	100	551	649	1200	0.997877	1	0.00254342	0.551923	not shown
mealpy	OriginalFA	2	100	325	875	1200	1	1	5.97745e-59	1.61989e-56	worse
mealpy	OriginalCSA	2	100	372	828	1200	1	1	1.1589e-40	3.07109e-38	worse
mealpy	OriginalALO	2	100	754	446	1200	2.5239e-19	4.49254e-17	1	1	better
mealpy	OriginalDO	2	100	558	642	1200	0.992948	1	0.00826962	1	not shown
mealpy	OriginalCHIO	2	100	328	872	1200	1	1	1.14988e-57	3.09319e-55	worse
mealpy	OriginalBSA	2	100	832	368	1200	4.53358e-42	9.24851e-40	1	1	better
mealpy	LevyEP	2	100	519	681	1200	0.999999	1	1.62492e-06	0.000389982	worse
mealpy	OriginalICA	2	100	529	177	706	6.99344e-42	1.41967e-39	1	1	better
mealpy	ImprovedLCO	2	100	861	339	1200	4.26712e-53	9.30232e-51	1	1	better
mealpy	OriginalMFO	2	100	550	650	1200	0.998234	1	0.00212282	0.462775	not shown
mealpy	ImprovedAEO	2	100	677	523	1200	4.87963e-06	0.000692907	0.999996	1	better
mealpy	OriginalVCS	2	100	654	546	1200	0.000998557	0.133807	0.999179	1	not shown
mealpy	AdaptiveBA	2	100	586	614	1200	0.798743	1	0.217872	1	not shown
mealpy	MultiGA	2	100	540	660	1200	0.999764	1	0.000293209	0.065972	not shown
mealpy	OriginalES	2	100	770	430	1200	3.34574e-23	6.22307e-21	1	1	better
mealpy	LevyES	2	100	587	613	1200	0.782128	1	0.235251	1	not shown
mealpy	OriginalEP	2	100	638	562	1200	0.0151702	1	0.986906	1	not shown
mealpy	BaseSMA	2	100	607	593	1200	0.353735	1	0.667488	1	not shown
mealpy	OriginalPSO	2	100	529	671	1200	0.999982	1	2.30327e-05	0.00541269	worse
mealpy	FBUDGETSHADE	2	100	744	456	1200	4.22646e-17	7.18498e-15	1	1	better
mealpy	OriginalFOA	2	100	252	948	1200	1	1	1.58218e-95	4.54085e-93	worse
mealpy	BaseQSA	2	100	746	454	1200	1.5609e-17	2.70035e-15	1	1	better
mealpy	BaseMFO	2	100	638	562	1200	0.0151702	1	0.986906	1	not shown
mealpy	BaseDE	2	100	654	546	1200	0.000998557	0.133807	0.999179	1	not shown
mealpy	WhaleFOA	2	100	332	868	1200	1	1	5.59048e-56	1.49266e-53	worse
Baselines	DE	2	100	869	331	1200	2.13039e-56	1.70432e-55	1	1	better
Baselines	RCobyla	2	100	754	446	1200	2.5239e-19	7.5717e-19	1	1	better
Baselines	PSO	2	100	536	664	1200	0.999903	0.999903	0.000121582	0.0013374	worse
Baselines	DiagonalCMA	2	100	834	366	1200	8.75975e-43	5.25585e-42	1	1	better
Baselines	modcma	2	100	987	213	1200	1.07117e-119	1.07117e-118	1	1	better
Baselines	modde	2	100	863	337	1200	6.53804e-54	4.57663e-53	1	1	better
Baselines	OnePlusOne	2	100	874	326	1200	1.60836e-58	1.44752e-57	1	1	better
Baselines	Powell	2	100	790	410	1200	1.30418e-28	5.21673e-28	1	1	better
Baselines	MultiBFGS	2	100	706	494	1200	5.09234e-10	1.01847e-09	1	1	better
Baselines	lshade	2	100	801	399	1200	7.39716e-32	3.69858e-31	1	1	better
Baselines	bipop	2	100	991	209	1200	2.22187e-122	2.44405e-121	1	1	better
EVOLOPY	DE	2	500	1119	81	1200	1.76729e-234	4.9661e-232	1	1	better
EVOLOPY	JAYA	2	500	912	288	1200	3.59763e-76	6.00804e-74	1	1	better
EVOLOPY	PSO	2	500	929	271	1200	5.61488e-85	1.00506e-82	1	1	better
EVOLOPY	WOA	2	500	917	283	1200	1.06223e-78	1.81641e-76	1	1	better
EVOLOPY	FFA	2	500	822	378	1200	1.3336e-38	1.69367e-36	1	1	better
EVOLOPY	BAT	2	500	489	711	1200	1	1	7.89561e-11	1.89495e-08	worse
EVOLOPY	MVO	2	500	720	480	1200	2.22673e-12	2.29353e-10	1	1	better
EVOLOPY	HHO	2	500	895	305	1200	6.1796e-68	9.76377e-66	1	1	better
EVOLOPY	SCA	2	500	670	530	1200	2.94953e-05	0.00271357	0.999977	1	better
EVOLOPY	GA	2	500	457	538	995	0.99535	1	0.00558513	1	not shown
EVOLOPY	MFO	2	500	1046	154	1200	1.19923e-163	2.74623e-161	1	1	better
EVOLOPY	CS	2	500	878	322	1200	2.99193e-60	4.63749e-58	1	1	better
EVOLOPY	GWO	2	500	1005	195	1200	4.32009e-132	9.37458e-130	1	1	better
EVOLOPY	SSA	2	500	578	622	1200	0.903045	1	0.107238	1	not shown
NIAPY	DynamicFireworksAlgorithm	2	500	543	657	1200	0.999553	1	0.00054883	0.12678	not shown
NIAPY	HarmonySearch	2	500	999	201	1200	7.23426e-128	1.54813e-125	1	1	better
NIAPY	EvolutionStrategyMp1	2	500	978	222	1200	8.37928e-114	1.69261e-111	1	1	better
NIAPY	MonarchButterflyOptimization	2	500	515	685	1200	1	1	5.13507e-07	0.000121188	worse
NIAPY	CenterParticleSwarmOptimization	2	500	1026	174	1200	1.21249e-147	2.69173e-145	1	1	better
NIAPY	DynNpDifferentialEvolution	2	500	794	406	1200	9.06502e-30	1.05154e-27	1	1	better
NIAPY	CamelAlgorithm	2	500	783	417	1200	1.20335e-26	1.38386e-24	1	1	better
NIAPY	BatAlgorithm	2	500	797	403	1200	1.18046e-30	1.39294e-28	1	1	better
NIAPY	GlowwormSwarmOptimization	2	500	309	891	1200	1	1	4.4455e-66	1.1825e-63	worse
NIAPY	BareBonesFireworksAlgorithm	2	500	727	473	1200	1.1468e-13	1.19267e-11	1	1	better
NIAPY	CuckooSearch	2	500	819	381	1200	1.35822e-37	1.71135e-35	1	1	better
NIAPY	GeneticAlgorithm	2	500	588	612	1200	0.764749	1	0.253369	1	not shown
NIAPY	ParticleSwarmAlgorithm	2	500	1082	118	1200	7.99289e-196	2.04618e-193	1	1	better
NIAPY	MonkeyKingEvolutionV3	2	500	342	858	1200	1	1	6.89987e-52	1.78707e-49	worse
NIAPY	MonkeyKingEvolutionV2	2	500	547	653	1200	0.999001	1	0.00121141	0.277413	not shown
NIAPY	SineCosineAlgorithm	2	500	24	1176	1200	1	1	6.02618e-312	1.78375e-309	worse
NIAPY	EvolutionStrategy1p1	2	500	688	512	1200	2.09097e-07	1.98642e-05	1	1	better
NIAPY	HarrisHawksOptimization	2	500	959	241	1200	5.43331e-102	1.0432e-99	1	1	better
NIAPY	ParticleSwarmOptimization	2	500	757	443	1200	5.0711e-20	5.5275e-18	1	1	better
NIAPY	ForestOptimizationAlgorithm	2	500	848	352	1200	5.66766e-48	7.93472e-46	1	1	better
NIAPY	EnhancedFireworksAlgorithm	2	500	754	446	1200	2.5239e-19	2.72581e-17	1	1	better
NIAPY	MultiStrategyDifferentialEvolution	2	500	942	258	1200	4.10868e-92	7.4367e-90	1	1	better
NIAPY	MutatedParticleSwarmOptimization	2	500	992	208	1200	4.67395e-123	9.76856e-121	1	1	better
NIAPY	ComprehensiveLearningParticleSwarmOptimizer	2	500	504	696	1200	1	1	1.64689e-08	3.91961e-06	worse
NIAPY	KrillHerd	2	500	505	695	1200	1	1	2.28912e-08	5.4252e-06	worse
NIAPY	FishSchoolSearch	2	500	556	644	1200	0.994918	1	0.00599564	1	not shown
NIAPY	MutatedCenterUnifiedParticleSwarmOptimization	2	500	1075	125	1200	3.414e-189	8.43257e-187	1	1	better
NIAPY	MutatedCenterParticleSwarmOptimization	2	500	1002	198	1200	5.74418e-130	1.24074e-127	1	1	better
NIAPY	GlowwormSwarmOptimizationV2	2	500	317	883	1200	1	1	1.86884e-62	4.91505e-60	worse
NIAPY	CatSwarmOptimization	2	500	834	366	1200	8.75975e-43	1.17381e-40	1	1	better
NIAPY	DifferentialEvolution	2	500	943	257	1200	1.12204e-92	2.04211e-90	1	1	better
NIAPY	FireworksAlgorithm	2	500	477	723	1200	1	1	6.37531e-13	1.53645e-10	worse
NIAPY	MothFlameOptimizer	2	500	434	766	1200	1	1	3.39645e-22	8.35527e-20	worse
NIAPY	DynNpMultiStrategyDifferentialEvolution	2	500	918	282	1200	3.26793e-79	5.62084e-77	1	1	better
NIAPY	EvolutionStrategyML	2	500	959	241	1200	5.43331e-102	1.0432e-99	1	1	better
NIAPY	GreyWolfOptimizer	2	500	1018	182	1200	1.42224e-141	3.12893e-139	1	1	better
NIAPY	HarmonySearchV1	2	500	811	389	1200	5.59687e-35	6.94011e-33	1	1	better
NIAPY	BeesAlgorithm	2	500	1064	136	1200	3.74597e-179	9.02779e-177	1	1	better
NIAPY	GlowwormSwarmOptimizationV1	2	500	305	895	1200	1	1	6.1796e-68	1.64995e-65	worse
NIAPY	GlowwormSwarmOptimizationV3	2	500	310	890	1200	1	1	1.28067e-65	3.39377e-63	worse
NIAPY	LionOptimizationAlgorithm	2	500	836	364	1200	1.66628e-43	2.26614e-41	1	1	better
NIAPY	ArtificialBeeColonyAlgorithm	2	500	955	245	1200	1.30821e-99	2.45943e-97	1	1	better
NIAPY	AgingNpDifferentialEvolution	2	500	862	338	1200	1.67372e-53	2.4771e-51	1	1	better
NIAPY	OppositionVelocityClampingParticleSwarmOptimization	2	500	796	404	1200	2.33757e-30	2.73496e-28	1	1	better
NIAPY	CoralReefsOptimization	2	500	471	729	1200	1	1	4.76478e-14	1.15308e-11	worse
NIAPY	BacterialForagingOptimization	2	500	691	509	1200	8.26523e-08	8.01727e-06	1	1	better
NIAPY	DynamicFireworksAlgorithmGauss	2	500	603	597	1200	0.442621	1	0.580065	1	not shown
NIAPY	ClonalSelectionAlgorithm	2	500	115	1085	1200	1	1	1.00151e-198	2.87433e-196	worse
NIAPY	GravitationalSearchAlgorithm	2	500	354	846	1200	1	1	3.27619e-47	8.41981e-45	worse
NIAPY	MonkeyKingEvolutionV1	2	500	1015	185	1200	2.41176e-139	5.25764e-137	1	1	better
NIAPY	EvolutionStrategyMpL	2	500	974	226	1200	3.0191e-111	5.97782e-109	1	1	better
NIAPY	FireflyAlgorithm	2	500	622	578	1200	0.107238	1	0.903045	1	not shown
NIAPY	FlowerPollinationAlgorithm	2	500	867	333	1200	1.46096e-55	2.20604e-53	1	1	better
OPYTIMIZER	SA	2	500	706	494	1200	5.09234e-10	4.9905e-08	1	1	better
OPYTIMIZER	GOGHS	2	500	853	347	1200	6.57703e-50	9.33939e-48	1	1	better
OPYTIMIZER	QSA	2	500	1156	44	1200	3.11617e-281	9.19269e-279	1	1	better
OPYTIMIZER	SGHS	2	500	559	641	1200	0.99173	1	0.00966784	1	not shown
OPYTIMIZER	DE	2	500	1120	80	1200	1.27682e-235	3.61339e-233	1	1	better
OPYTIMIZER	RFO	2	500	1122	78	1200	6.40261e-238	1.81834e-235	1	1	better
OPYTIMIZER	PPA	2	500	377	823	1200	1	1	6.10537e-39	1.55687e-36	worse
OPYTIMIZER	EHO	2	500	1102	98	1200	6.62242e-216	1.8013e-213	1	1	better
OPYTIMIZER	AEO	2	500	1149	51	1200	1.45624e-271	4.28136e-269	1	1	better
OPYTIMIZER	ABO	2	500	1093	107	1200	1.19235e-206	3.14781e-204	1	1	better
OPYTIMIZER	GHS	2	500	689	511	1200	1.53963e-07	1.47805e-05	1	1	better
OPYTIMIZER	PVS	2	500	1130	70	1200	2.31531e-247	6.64493e-245	1	1	better
OPYTIMIZER	BWO	2	500	809	391	1200	2.42789e-34	2.96202e-32	1	1	better
OPYTIMIZER	PSO	2	500	1109	91	1200	2.26397e-223	6.22592e-221	1	1	better
OPYTIMIZER	BSO	2	500	1110	90	1200	1.85408e-224	5.11727e-222	1	1	better
OPYTIMIZER	CSA	2	500	671	529	1200	2.30327e-05	0.00216508	0.999982	1	better
OPYTIMIZER	SSO	2	500	325	875	1200	1	1	5.97745e-59	1.56012e-56	worse
OPYTIMIZER	WOA	2	500	1061	139	1200	1.71844e-176	4.08989e-174	1	1	better
OPYTIMIZER	BA	2	500	856	344	1200	4.32313e-51	6.26855e-49	1	1	better
OPYTIMIZER	HS	2	500	844	356	1200	1.86384e-46	2.57209e-44	1	1	better
OPYTIMIZER	JS	2	500	846	354	1200	3.27619e-47	4.55391e-45	1	1	better
OPYTIMIZER	SOS	2	500	1168	32	1200	5.11183e-299	1.5131e-296	1	1	better
OPYTIMIZER	GS	2	500	51	1149	1200	1	1	1.45624e-271	4.28136e-269	worse
OPYTIMIZER	EFO	2	500	875	325	1200	5.97745e-59	9.20528e-57	1	1	better
OPYTIMIZER	GSA	2	500	205	995	1200	1	1	4.2018e-125	1.18071e-122	worse
OPYTIMIZER	ESA	2	500	903	297	1200	9.67079e-72	1.557e-69	1	1	better
OPYTIMIZER	BOA	2	500	38	442	480	1	1	1.14759e-88	3.14439e-86	worse
OPYTIMIZER	HC	2	500	408	792	1200	1	1	3.46381e-29	8.6249e-27	worse
OPYTIMIZER	ABC	2	500	1122	50	1172	5.19335e-265	1.52165e-262	1	1	better
OPYTIMIZER	RRA	2	500	1046	154	1200	1.19923e-163	2.74623e-161	1	1	better
OPYTIMIZER	NDS	2	500	48	1152	1200	1	1	1.18991e-275	3.51023e-273	worse
OPYTIMIZER	NBJS	2	500	866	334	1200	3.80213e-55	5.66518e-53	1	1	better
OPYTIMIZER	SSD	2	500	129	1071	1200	1	1	1.72403e-185	4.93072e-183	worse
OPYTIMIZER	CEM	2	500	649	551	1200	0.00254342	0.228908	0.997877	1	not shown
OPYTIMIZER	AOA	2	500	598	602	1200	0.557379	1	0.465496	1	not shown
OPYTIMIZER	MRFO	2	500	1078	122	1200	5.19199e-192	1.28761e-189	1	1	better
OPYTIMIZER	ASO	2	500	59	1141	1200	1	1	4.86568e-261	1.42564e-258	worse
OPYTIMIZER	SFO	2	500	671	529	1200	2.30327e-05	0.00216508	0.999982	1	better
OPYTIMIZER	IHS	2	500	825	375	1200	1.26495e-39	1.61914e-37	1	1	better
OPYTIMIZER	COA	2	500	1123	77	1200	4.44251e-239	1.26612e-236	1	1	better
OPYTIMIZER	GOA	2	500	1073	127	1200	2.46901e-187	6.07376e-185	1	1	better
OPYTIMIZER	STOA	2	500	85	1115	1200	1	1	5.6952e-230	1.6573e-227	worse
OPYTIMIZER	MVPA	2	500	1051	149	1200	7.61007e-168	1.75793e-165	1	1	better
OPYTIMIZER	ES	2	500	1084	116	1200	9.37822e-198	2.42896e-195	1	1	better
OPYTIMIZER	AIWPSO	2	500	1087	113	1200	1.10972e-200	2.89636e-198	1	1	better
OPYTIMIZER	ISA	2	500	100	1100	1200	1	1	8.13378e-214	2.3588e-211	worse
OPYTIMIZER	EO	2	500	1134	66	1200	3.08504e-252	8.97746e-250	1	1	better
OPYTIMIZER	AF	2	500	97	953	1050	1	1	1.12092e-177	3.18343e-175	worse
OPYTIMIZER	DOA	2	500	1082	118	1200	7.99289e-196	2.04618e-193	1	1	better
OPYTIMIZER	PIO	2	500	908	292	1200	3.50133e-74	5.70716e-72	1	1	better
OPYTIMIZER	HHO	2	500	1109	91	1200	2.26397e-223	6.22592e-221	1	1	better
OPYTIMIZER	BSA	2	500	925	275	1200	7.48509e-83	1.31738e-80	1	1	better
OPYTIMIZER	TEO	2	500	516	664	1180	0.999993	1	9.15353e-06	0.00215108	worse
OPYTIMIZER	FA	2	500	143	1057	1200	1	1	5.42881e-173	1.53635e-170	worse
OPYTIMIZER	WWO	2	500	1112	88	1200	1.19957e-226	3.33482e-224	1	1	better
OPYTIMIZER	IWO	2	500	989	211	1200	4.93479e-121	1.02644e-118	1	1	better
OPYTIMIZER	KH	2	500	914	286	1200	3.54865e-77	5.99721e-75	1	1	better
OPYTIMIZER	FOA	2	500	967	233	1200	7.30255e-107	1.424e-104	1	1	better
OPYTIMIZER	RPSO	2	500	1116	84	1200	4.33323e-231	1.20897e-228	1	1	better
OPYTIMIZER	SCA	2	500	183	1017	1200	1	1	7.92284e-141	2.23424e-138	worse
OPYTIMIZER	OSA	2	500	491	709	1200	1	1	1.68109e-10	4.0178e-08	worse
OPYTIMIZER	WDO	2	500	207	993	1200	1	1	9.77535e-124	2.7371e-121	worse
OPYTIMIZER	LSA	2	500	1132	68	1200	8.71728e-250	2.52801e-247	1	1	better
OPYTIMIZER	VPSO	2	500	1120	80	1200	1.27682e-235	3.61339e-233	1	1	better
OPYTIMIZER	SBO	2	500	944	256	1200	3.04908e-93	5.57982e-91	1	1	better
OPYTIMIZER	GA	2	500	1092	108	1200	1.20805e-205	3.16509e-203	1	1	better
OPYTIMIZER	MFO	2	500	979	221	1200	1.89704e-114	3.86996e-112	1	1	better
OPYTIMIZER	CS	2	500	1139	61	1200	1.7326e-258	5.05918e-256	1	1	better
OPYTIMIZER	FSO	2	500	951	249	1200	2.90239e-97	5.36943e-95	1	1	better
OPYTIMIZER	NGHS	2	500	610	590	1200	0.291689	1	0.727806	1	not shown
OPYTIMIZER	GCO	2	500	1030	170	1200	9.54162e-151	2.13732e-148	1	1	better
OPYTIMIZER	TWO	2	500	1095	105	1200	1.12642e-208	3.00755e-206	1	1	better
OPYTIMIZER	WEO	2	500	978	222	1200	8.37928e-114	1.69261e-111	1	1	better
OPYTIMIZER	GWO	2	500	1001	199	1200	2.8966e-129	6.22769e-127	1	1	better
OPYTIMIZER	SAVPSO	2	500	1131	69	1200	1.43156e-248	4.1229e-246	1	1	better
OPYTIMIZER	FFOA	2	500	323	877	1200	1	1	8.15275e-60	2.13602e-57	worse
OPYTIMIZER	AIG	2	500	1100	100	1200	8.13378e-214	2.19612e-211	1	1	better
OPYTIMIZER	BH	2	500	856	344	1200	4.32313e-51	6.26855e-49	1	1	better
OPYTIMIZER	CI	2	500	457	164	621	3.20197e-33	3.81034e-31	1	1	better
OPYTIMIZER	SSA	2	500	1079	121	1200	5.86366e-193	1.46005e-190	1	1	better
OPYTIMIZER	AO	2	500	903	297	1200	9.67079e-72	1.557e-69	1	1	better
OPYTIMIZER	MVO	2	500	321	85	406	1.18501e-33	1.42201e-31	1	1	better
mealpy	LevyTWO	2	500	388	812	1200	1	1	2.67204e-35	6.73353e-33	worse
mealpy	OriginalTLO	2	500	1057	143	1200	5.42881e-173	1.2812e-170	1	1	better
mealpy	GWO	2	500	980	220	1200	4.27115e-115	8.75586e-113	1	1	better
mealpy	OriginalBBO	2	500	352	848	1200	1	1	5.66766e-48	1.46226e-45	worse
mealpy	ABFO	2	500	388	798	1186	1	1	1.80937e-33	4.54152e-31	worse
mealpy	OriginalWHO	2	500	979	221	1200	1.89704e-114	3.86996e-112	1	1	better
mealpy	OriginalFFA	2	500	558	642	1200	0.992948	1	0.00826962	1	not shown
mealpy	BaseSARO	2	500	1132	68	1200	8.71728e-250	2.52801e-247	1	1	better
mealpy	OriginalSMA	2	500	760	440	1200	9.86963e-21	1.09553e-18	1	1	better
mealpy	SingleGA	2	500	313	887	1200	1	1	2.98337e-64	7.8761e-62	worse
mealpy	OriginalSSDO	2	500	548	652	1200	0.998789	1	0.00146505	0.332567	not shown
mealpy	OriginalFPA	2	500	884	316	1200	6.68571e-63	1.04297e-60	1	1	better
mealpy	OriginalSSO	2	500	623	577	1200	0.0969548	1	0.912586	1	not shown
mealpy	OriginalMA	2	500	276	924	1200	1	1	2.51358e-82	6.81181e-80	worse
mealpy	OriginalCEM	2	500	828	372	1200	1.1589e-40	1.50657e-38	1	1	better
mealpy	OCRO	2	500	738	462	1200	7.717e-16	8.18002e-14	1	1	better
mealpy	OriginalBA	2	500	129	1071	1200	1	1	1.72403e-185	4.93072e-183	worse
mealpy	OriginalAEO	2	500	1096	104	1200	1.07796e-209	2.8997e-207	1	1	better
mealpy	OriginalBSO	2	500	973	227	1200	1.29755e-110	2.55617e-108	1	1	better
mealpy	OriginalBFO	2	500	105	1095	1200	1	1	1.12642e-208	3.2441e-206	worse
mealpy	ImprovedSLO	2	500	910	290	1200	3.58146e-75	5.94523e-73	1	1	better
mealpy	OriginalLCO	2	500	1055	145	1200	2.90932e-171	6.80781e-169	1	1	better
mealpy	OriginalHGS	2	500	967	233	1200	7.30255e-107	1.424e-104	1	1	better
mealpy	BaseALO	2	500	959	241	1200	5.43331e-102	1.0432e-99	1	1	better
mealpy	CPSO	2	500	745	455	1200	2.57297e-17	2.75308e-15	1	1	better
mealpy	OriginalEO	2	500	1124	76	1200	3.04026e-240	8.69515e-238	1	1	better
mealpy	DE	2	500	444	756	1200	1	1	8.68881e-20	2.12876e-17	worse
mealpy	ModifiedBA	2	500	735	465	1200	3.14645e-15	3.30377e-13	1	1	better
mealpy	BaseTLO	2	500	1066	134	1200	6.04339e-181	1.4625e-178	1	1	better
mealpy	OriginalPFA	2	500	414	786	1200	1	1	1.76914e-27	4.38747e-25	worse
mealpy	BaseFOA	2	500	248	952	1200	1	1	7.57781e-98	2.09148e-95	worse
mealpy	OriginalGBO	2	500	910	290	1200	3.58146e-75	5.94523e-73	1	1	better
mealpy	TVAC	2	500	1102	98	1200	6.62242e-216	1.8013e-213	1	1	better
mealpy	BaseFBIO	2	500	1022	178	1200	1.38412e-144	3.0589e-142	1	1	better
mealpy	ImprovedBSO	2	500	833	367	1200	1.99671e-42	2.65562e-40	1	1	better
mealpy	OriginalAO	2	500	269	931	1200	1	1	4.72665e-86	1.29037e-83	worse
mealpy	BaseGSKA	2	500	1103	97	1200	5.87757e-217	1.60458e-214	1	1	better
mealpy	BaseLCO	2	500	1083	117	1200	8.69881e-197	2.24429e-194	1	1	better
mealpy	OriginalSSpiderA	2	500	647	553	1200	0.0036174	0.318331	0.996962	1	not shown
mealpy	BaseHS	2	500	543	657	1200	0.999553	1	0.00054883	0.12678	not shown
mealpy	AdaptiveEO	2	500	1112	88	1200	1.19957e-226	3.33482e-224	1	1	better
mealpy	OriginalWCA	2	500	673	105	778	1.57256e-102	3.03504e-100	1	1	better
mealpy	OriginalMRFO	2	500	1070	130	1200	1.42202e-184	3.46973e-182	1	1	better
mealpy	OriginalEOA	2	500	541	659	1200	0.999707	1	0.000362497	0.0840993	not shown
mealpy	OriginalABC	2	500	989	211	1200	4.93479e-121	1.02644e-118	1	1	better
mealpy	ModifiedAEO	2	500	1080	120	1200	6.56188e-194	1.65359e-191	1	1	better
mealpy	OriginalSFO	2	500	829	371	1200	5.18412e-41	6.7912e-39	1	1	better
mealpy	BaseBBO	2	500	292	908	1200	1	1	3.50133e-74	9.41857e-72	worse
mealpy	OriginalNMRA	2	500	861	339	1200	4.26712e-53	6.27266e-51	1	1	better
mealpy	OriginalACOR	2	500	897	303	1200	7.09714e-69	1.12844e-66	1	1	better
mealpy	ImprovedSFO	2	500	861	339	1200	4.26712e-53	6.27266e-51	1	1	better
mealpy	OriginalCRO	2	500	416	784	1200	1	1	6.37434e-27	1.57446e-24	worse
mealpy	LevyJA	2	500	920	280	1200	3.05041e-80	5.27722e-78	1	1	better
mealpy	OriginalHS	2	500	669	531	1200	3.76496e-05	0.00342611	0.999971	1	better
mealpy	OriginalCSO	2	500	590	610	1200	0.727806	1	0.291689	1	not shown
mealpy	OriginalCOA	2	500	856	344	1200	4.32313e-51	6.26855e-49	1	1	better
mealpy	LevyQSA	2	500	1086	114	1200	1.05932e-199	2.75424e-197	1	1	better
mealpy	OppoQSA	2	500	1071	129	1200	1.72403e-185	4.22387e-183	1	1	better
mealpy	BaseBRO	2	500	839	361	1200	1.3423e-44	1.83895e-42	1	1	better
mealpy	OriginalSLO	2	500	892	308	1200	1.53645e-66	2.41223e-64	1	1	better
mealpy	OriginalMVO	2	500	716	484	1200	1.12505e-11	1.1363e-09	1	1	better
mealpy	CLPSO	2	500	374	826	1200	1	1	5.72457e-40	1.46549e-37	worse
mealpy	OriginalNRO	2	500	926	274	1200	2.2185e-83	3.92674e-81	1	1	better
mealpy	BaseSCA	2	500	810	390	1200	1.1679e-34	1.43652e-32	1	1	better
mealpy	BaseGCO	2	500	867	333	1200	1.46096e-55	2.20604e-53	1	1	better
mealpy	OriginalArchOA	2	500	909	291	1200	1.12235e-74	1.84065e-72	1	1	better
mealpy	SwarmHC	2	500	534	666	1200	0.999939	1	7.68072e-05	0.0178961	worse
mealpy	ImprovedTLO	2	500	1082	118	1200	7.99289e-196	2.04618e-193	1	1	better
mealpy	OriginalMSA	2	500	1117	83	1200	3.25527e-232	9.11475e-230	1	1	better
mealpy	WOA	2	500	947	253	1200	5.93923e-95	1.09282e-92	1	1	better
mealpy	OriginalIWO	2	500	914	286	1200	3.54865e-77	5.99721e-75	1	1	better
mealpy	BaseGA	2	500	377	823	1200	1	1	6.10537e-39	1.55687e-36	worse
mealpy	ModifiedEO	2	500	1095	105	1200	1.12642e-208	3.00755e-206	1	1	better
mealpy	ImprovedNMRA	2	500	629	571	1200	0.0499186	1	0.955754	1	not shown
mealpy	BaseCHIO	2	500	244	956	1200	1	1	3.34673e-100	9.27045e-98	worse
mealpy	OriginalHHO	2	500	927	273	1200	6.54447e-84	1.16491e-81	1	1	better
mealpy	OriginalGWO	2	500	999	201	1200	7.23426e-128	1.54813e-125	1	1	better
mealpy	ImprovedQSA	2	500	1064	136	1200	3.74597e-179	9.02779e-177	1	1	better
mealpy	OriginalFBIO	2	500	1029	171	1200	5.75507e-150	1.28338e-147	1	1	better
mealpy	OriginalBeesA	2	500	807	393	1200	1.03744e-33	1.25531e-31	1	1	better
mealpy	BaseEFO	2	500	1044	156	1200	5.43514e-162	1.23378e-159	1	1	better
mealpy	OriginalSA	2	500	993	207	1200	9.77535e-124	2.05282e-121	1	1	better
mealpy	OriginalHC	2	500	269	931	1200	1	1	4.72665e-86	1.29037e-83	worse
mealpy	OriginalSHO	2	500	760	440	1200	9.86963e-21	1.09553e-18	1	1	better
mealpy	JADE	2	500	1064	136	1200	3.74597e-179	9.02779e-177	1	1	better
mealpy	OriginalCA	2	500	772	428	1200	1.02773e-23	1.15105e-21	1	1	better
mealpy	EnhancedTWO	2	500	649	551	1200	0.00254342	0.228908	0.997877	1	not shown
mealpy	BaseSSA	2	500	953	247	1200	1.96848e-98	3.66137e-96	1	1	better
mealpy	OriginalAOA	2	500	67	1133	1200	1	1	5.22672e-251	1.5262e-248	worse
mealpy	OriginalQSA	2	500	1053	147	1200	1.51112e-169	3.50581e-167	1	1	better
mealpy	OriginalGOA	2	500	1095	105	1200	1.12642e-208	3.00755e-206	1	1	better
mealpy	EnhancedAEO	2	500	1080	120	1200	6.56188e-194	1.65359e-191	1	1	better
mealpy	OriginalGSKA	2	500	998	202	1200	3.58311e-127	7.59619e-125	1	1	better
mealpy	PPSO	2	500	1070	130	1200	1.42202e-184	3.46973e-182	1	1	better
mealpy	OriginalCGO	2	500	1034	166	1200	6.73123e-154	1.51453e-151	1	1	better
mealpy	OriginalHGSO	2	500	711	489	1200	7.89561e-11	7.89561e-09	1	1	better
mealpy	OriginalSBO	2	500	830	370	1200	2.31004e-41	3.04925e-39	1	1	better
mealpy	OppoTWO	2	500	613	587	1200	0.235251	1	0.782128	1	not shown
mealpy	OriginalASO	2	500	104	1096	1200	1	1	1.07796e-209	3.11529e-207	worse
mealpy	ModifiedSLO	2	500	850	350	1200	9.64912e-49	1.36053e-46	1	1	better
mealpy	BaseVCS	2	500	975	225	1200	6.98668e-112	1.39035e-109	1	1	better
mealpy	LSHADE	2	500	1083	117	1200	8.69881e-197	2.24429e-194	1	1	better
mealpy	OriginalEFO	2	500	584	616	1200	0.829609	1	0.185425	1	not shown
mealpy	OriginalJA	2	500	528	672	1200	0.999986	1	1.79282e-05	0.00419519	worse
mealpy	OriginalGCO	2	500	778	422	1200	2.73199e-25	3.08715e-23	1	1	better
mealpy	OriginalPSS	2	500	1058	142	1200	7.32854e-174	1.73686e-171	1	1	better
mealpy	OriginalEHO	2	500	916	284	1200	3.43685e-78	5.84265e-76	1	1	better
mealpy	OriginalSSA	2	500	908	292	1200	3.50133e-74	5.70716e-72	1	1	better
mealpy	OriginalSCA	2	500	816	384	1200	1.33651e-36	1.67063e-34	1	1	better
mealpy	OriginalBES	2	500	1080	120	1200	6.56188e-194	1.65359e-191	1	1	better
mealpy	BaseSBO	2	500	875	325	1200	5.97745e-59	9.20528e-57	1	1	better
mealpy	BaseJA	2	500	710	490	1200	1.15404e-10	1.1425e-08	1	1	better
mealpy	OriginalSARO	2	500	1056	144	1200	3.98984e-172	9.37612e-170	1	1	better
mealpy	OriginalSRSR	2	500	998	202	1200	3.58311e-127	7.59619e-125	1	1	better
mealpy	OriginalTWO	2	500	828	372	1200	1.1589e-40	1.50657e-38	1	1	better
mealpy	OriginalWDO	2	500	594	606	1200	0.646265	1	0.375423	1	not shown
mealpy	AugmentedAEO	2	500	933	267	1200	3.90363e-87	7.02653e-85	1	1	better
mealpy	OriginalWOA	2	500	955	245	1200	1.30821e-99	2.45943e-97	1	1	better
mealpy	SADE	2	500	1081	119	1200	7.27584e-195	1.84079e-192	1	1	better
mealpy	OriginalBRO	2	500	377	823	1200	1	1	6.10537e-39	1.55687e-36	worse
mealpy	OriginalSSpiderO	2	500	556	644	1200	0.994918	1	0.00599564	1	not shown
mealpy	ProbBeesA	2	500	547	653	1200	0.999001	1	0.00121141	0.277413	not shown
mealpy	OriginalFA	2	500	225	975	1200	1	1	6.98668e-112	1.94928e-109	worse
mealpy	OriginalCSA	2	500	291	909	1200	1	1	1.12235e-74	3.03034e-72	worse
mealpy	OriginalALO	2	500	959	241	1200	5.43331e-102	1.0432e-99	1	1	better
mealpy	OriginalDO	2	500	718	482	1200	5.03935e-12	5.14013e-10	1	1	better
mealpy	OriginalCHIO	2	500	400	800	1200	1	1	1.48674e-31	3.71685e-29	worse
mealpy	OriginalBSA	2	500	1018	182	1200	1.42224e-141	3.12893e-139	1	1	better
mealpy	LevyEP	2	500	973	227	1200	1.29755e-110	2.55617e-108	1	1	better
mealpy	OriginalICA	2	500	596	110	706	6.82086e-82	1.19365e-79	1	1	better
mealpy	ImprovedLCO	2	500	872	328	1200	1.14988e-57	1.74782e-55	1	1	better
mealpy	OriginalMFO	2	500	447	753	1200	1	1	4.27888e-19	1.04405e-16	worse
mealpy	ImprovedAEO	2	500	1054	146	1200	2.10491e-170	4.90444e-168	1	1	better
mealpy	OriginalVCS	2	500	836	364	1200	1.66628e-43	2.26614e-41	1	1	better
mealpy	AdaptiveBA	2	500	463	737	1200	1	1	1.23712e-15	3.00619e-13	worse
mealpy	MultiGA	2	500	296	904	1200	1	1	3.17035e-72	8.49653e-70	worse
mealpy	OriginalES	2	500	989	211	1200	4.93479e-121	1.02644e-118	1	1	better
mealpy	LevyES	2	500	1047	153	1200	1.76165e-164	4.0518e-162	1	1	better
mealpy	OriginalEP	2	500	779	421	1200	1.47372e-25	1.68005e-23	1	1	better
mealpy	BaseSMA	2	500	922	278	1200	2.79498e-81	4.86327e-79	1	1	better
mealpy	OriginalPSO	2	500	339	861	1200	1	1	4.26712e-53	1.10945e-50	worse
mealpy	FBUDGETSHADE	2	500	1096	104	1200	1.07796e-209	2.8997e-207	1	1	better
mealpy	OriginalFOA	2	500	234	966	1200	1	1	3.02285e-106	8.40353e-104	worse
mealpy	BaseQSA	2	500	1093	107	1200	1.19235e-206	3.14781e-204	1	1	better
mealpy	BaseMFO	2	500	976	224	1200	1.60804e-112	3.21607e-110	1	1	better
mealpy	BaseDE	2	500	1041	159	1200	1.56963e-159	3.54737e-157	1	1	better
mealpy	WhaleFOA	2	500	255	945	1200	1	1	8.24481e-94	2.26732e-91	worse
Baselines	DE	2	500	1068	132	1200	9.42885e-183	9.42885e-182	1	1	better
Baselines	RCobyla	2	500	750	450	1200	2.04139e-18	8.16558e-18	1	1	better
Baselines	PSO	2	500	561	639	1200	0.988732	0.988732	0.0130942	0.144036	not shown
Baselines	DiagonalCMA	2	500	826	374	1200	5.72457e-40	3.43474e-39	1	1	better
Baselines	modcma	2	500	951	249	1200	2.90239e-97	2.03168e-96	1	1	better
Baselines	modde	2	500	1145	55	1200	3.09647e-266	3.40611e-265	1	1	better
Baselines	OnePlusOne	2	500	700	500	1200	4.26768e-09	8.53537e-09	1	1	better
Baselines	Powell	2	500	741	459	1200	1.83448e-16	5.50345e-16	1	1	better
Baselines	MultiBFGS	2	500	804	396	1200	8.90903e-33	4.45452e-32	1	1	better
Baselines	lshade	2	500	1060	140	1200	1.30393e-175	1.17354e-174	1	1	better
Baselines	bipop	2	500	1040	160	1200	1.02258e-158	8.18061e-158	1	1	better
EVOLOPY	DE	2	1000	1147	53	1200	6.98302e-269	2.02508e-266	1	1	better
EVOLOPY	JAYA	2	1000	928	272	1200	1.92148e-84	3.15123e-82	1	1	better
EVOLOPY	PSO	2	1000	962	238	1200	8.41928e-104	1.49021e-101	1	1	better
EVOLOPY	WOA	2	1000	906	294	1200	3.36178e-73	5.17714e-71	1	1	better
EVOLOPY	FFA	2	1000	903	297	1200	9.67079e-72	1.46996e-69	1	1	better
EVOLOPY	BAT	2	1000	472	728	1200	1	1	7.40476e-14	1.79195e-11	worse
EVOLOPY	MVO	2	1000	825	375	1200	1.26495e-39	1.65708e-37	1	1	better
EVOLOPY	HHO	2	1000	867	333	1200	1.46096e-55	2.10378e-53	1	1	better
EVOLOPY	SCA	2	1000	707	493	1200	3.53132e-10	3.56663e-08	1	1	better
EVOLOPY	GA	2	1000	501	494	995	0.424577	1	0.600097	1	not shown
EVOLOPY	MFO	2	1000	997	203	1200	1.76421e-126	3.38727e-124	1	1	better
EVOLOPY	CS	2	1000	1058	142	1200	7.32854e-174	1.60495e-171	1	1	better
EVOLOPY	GWO	2	1000	992	208	1200	4.67395e-123	8.88051e-121	1	1	better
EVOLOPY	SSA	2	1000	674	526	1200	1.07573e-05	0.000978912	0.999992	1	better
NIAPY	DynamicFireworksAlgorithm	2	1000	619	581	1200	0.142736	1	0.869886	1	not shown
NIAPY	HarmonySearch	2	1000	1015	185	1200	2.41176e-139	4.89588e-137	1	1	better
NIAPY	EvolutionStrategyMp1	2	1000	1010	190	1200	1.10347e-135	2.1959e-133	1	1	better
NIAPY	MonarchButterflyOptimization	2	1000	482	718	1200	1	1	5.03935e-12	1.20944e-09	worse
NIAPY	CenterParticleSwarmOptimization	2	1000	1050	150	1200	5.33887e-167	1.16387e-164	1	1	better
NIAPY	DynNpDifferentialEvolution	2	1000	693	507	1200	4.37867e-08	4.2911e-06	1	1	better
NIAPY	CamelAlgorithm	2	1000	804	396	1200	8.90903e-33	1.11363e-30	1	1	better
NIAPY	BatAlgorithm	2	1000	783	417	1200	1.20335e-26	1.44402e-24	1	1	better
NIAPY	GlowwormSwarmOptimization	2	1000	380	820	1200	1	1	6.29001e-38	1.57879e-35	worse
NIAPY	BareBonesFireworksAlgorithm	2	1000	663	537	1200	0.000152237	0.0132446	0.999878	1	better
NIAPY	CuckooSearch	2	1000	1031	169	1200	1.57118e-151	3.26806e-149	1	1	better
NIAPY	GeneticAlgorithm	2	1000	605	595	1200	0.397513	1	0.624577	1	not shown
NIAPY	ParticleSwarmAlgorithm	2	1000	1106	94	1200	3.8413e-220	9.48802e-218	1	1	better
NIAPY	MonkeyKingEvolutionV3	2	1000	293	907	1200	1	1	1.08737e-73	2.85979e-71	worse
NIAPY	MonkeyKingEvolutionV2	2	1000	668	532	1200	4.79037e-05	0.00426343	0.999962	1	better
NIAPY	SineCosineAlgorithm	2	1000	11	1189	1200	1	1	0	0	worse
NIAPY	EvolutionStrategy1p1	2	1000	655	545	1200	0.000820527	0.0697448	0.999328	1	not shown
NIAPY	HarrisHawksOptimization	2	1000	984	216	1200	1.03809e-117	1.92046e-115	1	1	better
NIAPY	ParticleSwarmOptimization	2	1000	709	491	1200	1.68109e-10	1.71471e-08	1	1	better
NIAPY	ForestOptimizationAlgorithm	2	1000	902	298	1200	2.93685e-71	4.43464e-69	1	1	better
NIAPY	EnhancedFireworksAlgorithm	2	1000	735	465	1200	3.14645e-15	3.3667e-13	1	1	better
NIAPY	MultiStrategyDifferentialEvolution	2	1000	1124	76	1200	3.04026e-240	8.1175e-238	1	1	better
NIAPY	MutatedParticleSwarmOptimization	2	1000	1047	153	1200	1.76165e-164	3.80517e-162	1	1	better
NIAPY	ComprehensiveLearningParticleSwarmOptimizer	2	1000	757	443	1200	5.0711e-20	5.67963e-18	1	1	better
NIAPY	KrillHerd	2	1000	371	829	1200	1	1	5.18412e-41	1.31677e-38	worse
NIAPY	FishSchoolSearch	2	1000	635	565	1200	0.0231708	1	0.97982	1	not shown
NIAPY	MutatedCenterUnifiedParticleSwarmOptimization	2	1000	1080	120	1200	6.56188e-194	1.50923e-191	1	1	better
NIAPY	MutatedCenterParticleSwarmOptimization	2	1000	1036	164	1200	1.71488e-155	3.61839e-153	1	1	better
NIAPY	GlowwormSwarmOptimizationV2	2	1000	388	812	1200	1	1	2.67204e-35	6.65337e-33	worse
NIAPY	CatSwarmOptimization	2	1000	914	286	1200	3.54865e-77	5.53589e-75	1	1	better
NIAPY	DifferentialEvolution	2	1000	1115	85	1200	5.6952e-230	1.46367e-227	1	1	better
NIAPY	FireworksAlgorithm	2	1000	568	632	1200	0.969722	1	0.0344599	1	not shown
NIAPY	MothFlameOptimizer	2	1000	361	839	1200	1	1	1.3423e-44	3.44971e-42	worse
NIAPY	DynNpMultiStrategyDifferentialEvolution	2	1000	1134	66	1200	3.08504e-252	8.48386e-250	1	1	better
NIAPY	EvolutionStrategyML	2	1000	978	222	1200	8.37928e-114	1.52503e-111	1	1	better
NIAPY	GreyWolfOptimizer	2	1000	1009	191	1200	5.84353e-135	1.15702e-132	1	1	better
NIAPY	HarmonySearchV1	2	1000	797	403	1200	1.18046e-30	1.44016e-28	1	1	better
NIAPY	BeesAlgorithm	2	1000	1092	108	1200	1.20805e-205	2.87515e-203	1	1	better
NIAPY	GlowwormSwarmOptimizationV1	2	1000	379	821	1200	1	1	2.90182e-38	7.31259e-36	worse
NIAPY	GlowwormSwarmOptimizationV3	2	1000	343	857	1200	1	1	1.73062e-51	4.49962e-49	worse
NIAPY	LionOptimizationAlgorithm	2	1000	850	350	1200	9.64912e-49	1.33158e-46	1	1	better
NIAPY	ArtificialBeeColonyAlgorithm	2	1000	982	218	1200	2.12933e-116	3.89668e-114	1	1	better
NIAPY	AgingNpDifferentialEvolution	2	1000	924	276	1200	2.51358e-82	4.072e-80	1	1	better
NIAPY	OppositionVelocityClampingParticleSwarmOptimization	2	1000	741	459	1200	1.83448e-16	1.98124e-14	1	1	better
NIAPY	CoralReefsOptimization	2	1000	431	769	1200	1	1	6.00425e-23	1.47104e-20	worse
NIAPY	BacterialForagingOptimization	2	1000	804	396	1200	8.90903e-33	1.11363e-30	1	1	better
NIAPY	DynamicFireworksAlgorithmGauss	2	1000	661	539	1200	0.000236413	0.0203316	0.99981	1	better
NIAPY	ClonalSelectionAlgorithm	2	1000	111	1089	1200	1	1	1.1827e-202	3.37069e-200	worse
NIAPY	GravitationalSearchAlgorithm	2	1000	249	951	1200	1	1	2.90239e-97	7.83646e-95	worse
NIAPY	MonkeyKingEvolutionV1	2	1000	1072	128	1200	2.07217e-186	4.66238e-184	1	1	better
NIAPY	EvolutionStrategyMpL	2	1000	1007	193	1200	1.60853e-133	3.15273e-131	1	1	better
NIAPY	FireflyAlgorithm	2	1000	664	536	1200	0.000121582	0.0106992	0.999903	1	better
NIAPY	FlowerPollinationAlgorithm	2	1000	1037	163	1200	2.70847e-156	5.76904e-154	1	1	better
OPYTIMIZER	SA	2	1000	685	515	1200	5.13507e-07	4.82697e-05	1	1	better
OPYTIMIZER	GOGHS	2	1000	763	437	1200	1.86048e-21	2.12094e-19	1	1	better
OPYTIMIZER	QSA	2	1000	1169	31	1200	1.39804e-300	4.09626e-298	1	1	better
OPYTIMIZER	SGHS	2	1000	466	734	1200	1	1	4.99197e-15	1.21305e-12	worse
OPYTIMIZER	DE	2	1000	1145	55	1200	3.09647e-266	8.91782e-264	1	1	better
OPYTIMIZER	RFO	2	1000	1116	84	1200	4.33323e-231	1.12231e-228	1	1	better
OPYTIMIZER	PPA	2	1000	368	832	1200	1	1	4.53358e-42	1.15606e-39	worse
OPYTIMIZER	EHO	2	1000	1101	99	1200	7.37961e-215	1.78587e-212	1	1	better
OPYTIMIZER	AEO	2	1000	1174	26	1200	1.28335e-308	3.78587e-306	1	1	better
OPYTIMIZER	ABO	2	1000	1113	87	1200	9.47456e-228	2.42549e-225	1	1	better
OPYTIMIZER	GHS	2	1000	571	629	1200	0.955754	1	0.0499186	1	not shown
OPYTIMIZER	PVS	2	1000	1145	55	1200	3.09647e-266	8.91782e-264	1	1	better
OPYTIMIZER	BWO	2	1000	693	507	1200	4.37867e-08	4.2911e-06	1	1	better
OPYTIMIZER	PSO	2	1000	1121	79	1200	9.10264e-237	2.37579e-234	1	1	better
OPYTIMIZER	BSO	2	1000	1090	110	1200	1.20305e-203	2.83919e-201	1	1	better
OPYTIMIZER	CSA	2	1000	695	505	1200	2.28912e-08	2.26622e-06	1	1	better
OPYTIMIZER	SSO	2	1000	257	943	1200	1	1	1.12204e-92	3.00706e-90	worse
OPYTIMIZER	WOA	2	1000	1031	169	1200	1.57118e-151	3.26806e-149	1	1	better
OPYTIMIZER	BA	2	1000	863	337	1200	6.53804e-54	9.3494e-52	1	1	better
OPYTIMIZER	HS	2	1000	780	420	1200	7.92097e-26	9.34674e-24	1	1	better
OPYTIMIZER	JS	2	1000	771	429	1200	1.85766e-23	2.15488e-21	1	1	better
OPYTIMIZER	SOS	2	1000	1186	14	1200	0	0	1	1	better
OPYTIMIZER	GS	2	1000	35	1165	1200	1	1	2.07448e-294	6.09896e-292	worse
OPYTIMIZER	EFO	2	1000	834	366	1200	8.75975e-43	1.18257e-40	1	1	better
OPYTIMIZER	GSA	2	1000	159	1041	1200	1	1	1.56963e-159	4.39497e-157	worse
OPYTIMIZER	ESA	2	1000	850	350	1200	9.64912e-49	1.33158e-46	1	1	better
OPYTIMIZER	BOA	2	1000	36	444	480	1	1	8.15982e-91	2.17867e-88	worse
OPYTIMIZER	HC	2	1000	430	770	1200	1	1	3.34574e-23	8.23051e-21	worse
OPYTIMIZER	ABC	2	1000	1143	29	1172	1.27253e-295	3.71577e-293	1	1	better
OPYTIMIZER	RRA	2	1000	1012	188	1200	3.86183e-137	7.72367e-135	1	1	better
OPYTIMIZER	NDS	2	1000	32	1168	1200	1	1	5.11183e-299	1.50799e-296	worse
OPYTIMIZER	NBJS	2	1000	781	419	1200	4.24192e-26	5.04789e-24	1	1	better
OPYTIMIZER	SSD	2	1000	130	1070	1200	1	1	1.42202e-184	4.02432e-182	worse
OPYTIMIZER	CEM	2	1000	678	522	1200	3.72498e-06	0.000342698	0.999997	1	better
OPYTIMIZER	AOA	2	1000	529	671	1200	0.999982	1	2.30327e-05	0.00538966	worse
OPYTIMIZER	MRFO	2	1000	1091	109	1200	1.21162e-204	2.87153e-202	1	1	better
OPYTIMIZER	ASO	2	1000	54	1146	1200	1	1	1.48466e-267	4.33522e-265	worse
OPYTIMIZER	SFO	2	1000	608	592	1200	0.332512	1	0.688188	1	not shown
OPYTIMIZER	IHS	2	1000	742	458	1200	1.12853e-16	1.2301e-14	1	1	better
OPYTIMIZER	COA	2	1000	1161	39	1200	1.9329e-288	5.62474e-286	1	1	better
OPYTIMIZER	GOA	2	1000	1061	139	1200	1.71844e-176	3.78058e-174	1	1	better
OPYTIMIZER	STOA	2	1000	75	1125	1200	1	1	2.05178e-241	5.97069e-239	worse
OPYTIMIZER	MVPA	2	1000	1014	186	1200	1.31797e-138	2.64911e-136	1	1	better
OPYTIMIZER	ES	2	1000	1077	123	1200	4.55567e-191	1.04325e-188	1	1	better
OPYTIMIZER	AIWPSO	2	1000	1088	112	1200	1.15126e-201	2.69394e-199	1	1	better
OPYTIMIZER	ISA	2	1000	87	1113	1200	1	1	9.47456e-228	2.73815e-225	worse
OPYTIMIZER	EO	2	1000	1123	77	1200	4.44251e-239	1.17727e-236	1	1	better
OPYTIMIZER	AF	2	1000	80	970	1050	1	1	2.85036e-195	8.09503e-193	worse
OPYTIMIZER	DOA	2	1000	1109	91	1200	2.26397e-223	5.68257e-221	1	1	better
OPYTIMIZER	PIO	2	1000	828	372	1200	1.1589e-40	1.52975e-38	1	1	better
OPYTIMIZER	HHO	2	1000	1090	110	1200	1.20305e-203	2.83919e-201	1	1	better
OPYTIMIZER	BSA	2	1000	871	329	1200	3.05539e-57	4.46086e-55	1	1	better
OPYTIMIZER	TEO	2	1000	596	584	1180	0.374408	1	0.647441	1	not shown
OPYTIMIZER	FA	2	1000	108	1092	1200	1	1	1.20805e-205	3.45502e-203	worse
OPYTIMIZER	WWO	2	1000	1146	54	1200	1.48466e-267	4.29068e-265	1	1	better
OPYTIMIZER	IWO	2	1000	987	213	1200	1.07117e-119	2.0031e-117	1	1	better
OPYTIMIZER	KH	2	1000	919	281	1200	1.00074e-79	1.60118e-77	1	1	better
OPYTIMIZER	FOA	2	1000	925	275	1200	7.48509e-83	1.22007e-80	1	1	better
OPYTIMIZER	RPSO	2	1000	1142	58	1200	2.51136e-262	7.15737e-260	1	1	better
OPYTIMIZER	SCA	2	1000	155	1045	1200	1	1	8.10326e-163	2.28512e-160	worse
OPYTIMIZER	OSA	2	1000	486	714	1200	1	1	2.47782e-11	5.922e-09	worse
OPYTIMIZER	WDO	2	1000	157	1043	1200	1	1	3.61887e-161	1.0169e-158	worse
OPYTIMIZER	LSA	2	1000	1131	69	1200	1.43156e-248	3.90817e-246	1	1	better
OPYTIMIZER	VPSO	2	1000	1138	62	1200	3.18606e-257	8.95282e-255	1	1	better
OPYTIMIZER	SBO	2	1000	889	311	1200	3.67341e-65	5.47339e-63	1	1	better
OPYTIMIZER	GA	2	1000	1075	125	1200	3.414e-189	7.71563e-187	1	1	better
OPYTIMIZER	MFO	2	1000	953	247	1200	1.96848e-98	3.42515e-96	1	1	better
OPYTIMIZER	CS	2	1000	1174	26	1200	1.28335e-308	3.78587e-306	1	1	better
OPYTIMIZER	FSO	2	1000	945	255	1200	8.24481e-94	1.38513e-91	1	1	better
OPYTIMIZER	NGHS	2	1000	481	719	1200	1	1	3.35552e-12	8.08681e-10	worse
OPYTIMIZER	GCO	2	1000	1076	124	1200	3.96144e-190	8.99246e-188	1	1	better
OPYTIMIZER	TWO	2	1000	1063	137	1200	2.91281e-178	6.46644e-176	1	1	better
OPYTIMIZER	WEO	2	1000	977	223	1200	3.68081e-113	6.66227e-111	1	1	better
OPYTIMIZER	GWO	2	1000	968	232	1200	1.75479e-107	3.14108e-105	1	1	better
OPYTIMIZER	SAVPSO	2	1000	1141	59	1200	4.86568e-261	1.37699e-258	1	1	better
OPYTIMIZER	FFOA	2	1000	271	929	1200	1	1	5.61488e-85	1.48794e-82	worse
OPYTIMIZER	AIG	2	1000	1124	76	1200	3.04026e-240	8.1175e-238	1	1	better
OPYTIMIZER	BH	2	1000	805	395	1200	4.36687e-33	5.54593e-31	1	1	better
OPYTIMIZER	CI	2	1000	397	224	621	1.87145e-12	1.96503e-10	1	1	better
OPYTIMIZER	SSA	2	1000	1111	89	1200	1.50037e-225	3.81095e-223	1	1	better
OPYTIMIZER	AO	2	1000	834	366	1200	8.75975e-43	1.18257e-40	1	1	better
OPYTIMIZER	MVO	2	1000	320	86	406	4.44665e-33	5.60278e-31	1	1	better
mealpy	LevyTWO	2	1000	573	627	1200	0.943843	1	0.0629934	1	not shown
mealpy	OriginalTLO	2	1000	1108	92	1200	2.73197e-222	6.82992e-220	1	1	better
mealpy	GWO	2	1000	952	248	1200	7.57781e-98	1.31096e-95	1	1	better
mealpy	OriginalBBO	2	1000	284	916	1200	1	1	3.43685e-78	9.07329e-76	worse
mealpy	ABFO	2	1000	388	798	1186	1	1	1.80937e-33	4.46914e-31	worse
mealpy	OriginalWHO	2	1000	1008	192	1200	3.07535e-134	6.05844e-132	1	1	better
mealpy	OriginalFFA	2	1000	586	614	1200	0.798743	1	0.217872	1	not shown
mealpy	BaseSARO	2	1000	1136	64	1200	1.02444e-254	2.84795e-252	1	1	better
mealpy	OriginalSMA	2	1000	831	369	1200	1.02536e-41	1.36373e-39	1	1	better
mealpy	SingleGA	2	1000	188	1012	1200	1	1	3.86183e-137	1.07359e-134	worse
mealpy	OriginalSSDO	2	1000	516	684	1200	0.999999	1	6.88265e-07	0.000161742	worse
mealpy	OriginalFPA	2	1000	1015	185	1200	2.41176e-139	4.89588e-137	1	1	better
mealpy	OriginalSSO	2	1000	576	624	1200	0.921408	1	0.0874141	1	not shown
mealpy	OriginalMA	2	1000	171	1029	1200	1	1	5.75507e-150	1.60566e-147	worse
mealpy	OriginalCEM	2	1000	888	312	1200	1.04912e-64	1.5527e-62	1	1	better
mealpy	OCRO	2	1000	764	436	1200	1.05919e-21	1.21807e-19	1	1	better
mealpy	OriginalBA	2	1000	94	1106	1200	1	1	3.8413e-220	1.1063e-217	worse
mealpy	OriginalAEO	2	1000	1128	72	1200	5.78976e-245	1.55166e-242	1	1	better
mealpy	OriginalBSO	2	1000	987	213	1200	1.07117e-119	2.0031e-117	1	1	better
mealpy	OriginalBFO	2	1000	97	1103	1200	1	1	5.87757e-217	1.68686e-214	worse
mealpy	ImprovedSLO	2	1000	983	217	1200	4.71472e-117	8.67509e-115	1	1	better
mealpy	OriginalLCO	2	1000	1083	117	1200	8.69881e-197	2.01812e-194	1	1	better
mealpy	OriginalHGS	2	1000	930	270	1200	1.63298e-85	2.69442e-83	1	1	better
mealpy	BaseALO	2	1000	917	283	1200	1.06223e-78	1.67832e-76	1	1	better
mealpy	CPSO	2	1000	692	508	1200	6.02584e-08	5.78481e-06	1	1	better
mealpy	OriginalEO	2	1000	1122	78	1200	6.40261e-238	1.68389e-235	1	1	better
mealpy	DE	2	1000	449	751	1200	1	1	1.2169e-18	2.96924e-16	worse
mealpy	ModifiedBA	2	1000	756	444	1200	8.68881e-20	9.64458e-18	1	1	better
mealpy	BaseTLO	2	1000	1105	95	1200	4.47688e-219	1.10131e-216	1	1	better
mealpy	OriginalPFA	2	1000	345	855	1200	1	1	1.07556e-50	2.78569e-48	worse
mealpy	BaseFOA	2	1000	215	985	1200	1	1	2.27282e-118	6.25026e-116	worse
mealpy	OriginalGBO	2	1000	994	206	1200	2.0326e-124	3.88227e-122	1	1	better
mealpy	TVAC	2	1000	1113	87	1200	9.47456e-228	2.42549e-225	1	1	better
mealpy	BaseFBIO	2	1000	1084	116	1200	9.37822e-198	2.18513e-195	1	1	better
mealpy	ImprovedBSO	2	1000	819	381	1200	1.35822e-37	1.7521e-35	1	1	better
mealpy	OriginalAO	2	1000	253	947	1200	1	1	5.93923e-95	1.59765e-92	worse
mealpy	BaseGSKA	2	1000	1135	65	1200	1.79217e-253	4.96432e-251	1	1	better
mealpy	BaseLCO	2	1000	1099	101	1200	8.86823e-213	2.12838e-210	1	1	better
mealpy	OriginalSSpiderA	2	1000	642	558	1200	0.00826962	0.686378	0.992948	1	not shown
mealpy	BaseHS	2	1000	598	602	1200	0.557379	1	0.465496	1	not shown
mealpy	AdaptiveEO	2	1000	1116	84	1200	4.33323e-231	1.12231e-228	1	1	better
mealpy	OriginalWCA	2	1000	666	112	778	5.2955e-97	9.10827e-95	1	1	better
mealpy	OriginalMRFO	2	1000	1101	99	1200	7.37961e-215	1.78587e-212	1	1	better
mealpy	OriginalEOA	2	1000	550	650	1200	0.998234	1	0.00212282	0.492494	not shown
mealpy	OriginalABC	2	1000	1066	134	1200	6.04339e-181	1.34768e-178	1	1	better
mealpy	ModifiedAEO	2	1000	1129	71	1200	3.68862e-246	9.99615e-244	1	1	better
mealpy	OriginalSFO	2	1000	751	449	1200	1.2169e-18	1.33859e-16	1	1	better
mealpy	BaseBBO	2	1000	217	983	1200	1	1	4.71472e-117	1.29183e-114	worse
mealpy	OriginalNMRA	2	1000	1006	194	1200	8.36166e-133	1.63052e-130	1	1	better
mealpy	OriginalACOR	2	1000	947	253	1200	5.93923e-95	1.01561e-92	1	1	better
mealpy	ImprovedSFO	2	1000	822	378	1200	1.3336e-38	1.73368e-36	1	1	better
mealpy	OriginalCRO	2	1000	392	808	1200	1	1	5.02821e-34	1.247e-31	worse
mealpy	LevyJA	2	1000	1000	200	1200	1.45191e-128	2.81671e-126	1	1	better
mealpy	OriginalHS	2	1000	691	509	1200	8.26523e-08	7.85196e-06	1	1	better
mealpy	OriginalCSO	2	1000	574	626	1200	0.937007	1	0.0704615	1	not shown
mealpy	OriginalCOA	2	1000	947	253	1200	5.93923e-95	1.01561e-92	1	1	better
mealpy	LevyQSA	2	1000	1118	82	1200	2.4142e-233	6.27692e-231	1	1	better
mealpy	OppoQSA	2	1000	1129	71	1200	3.68862e-246	9.99615e-244	1	1	better
mealpy	BaseBRO	2	1000	802	398	1200	3.6667e-32	4.51004e-30	1	1	better
mealpy	OriginalSLO	2	1000	878	322	1200	2.99193e-60	4.39814e-58	1	1	better
mealpy	OriginalMVO	2	1000	713	487	1200	3.65858e-11	3.76833e-09	1	1	better
mealpy	CLPSO	2	1000	570	630	1200	0.960896	1	0.0442459	1	not shown
mealpy	OriginalNRO	2	1000	1044	156	1200	5.43514e-162	1.16312e-159	1	1	better
mealpy	BaseSCA	2	1000	868	332	1200	5.59048e-56	8.10619e-54	1	1	better
mealpy	BaseGCO	2	1000	992	208	1200	4.67395e-123	8.88051e-121	1	1	better
mealpy	OriginalArchOA	2	1000	918	282	1200	3.26793e-79	5.19601e-77	1	1	better
mealpy	SwarmHC	2	1000	715	485	1200	1.67247e-11	1.73937e-09	1	1	better
mealpy	ImprovedTLO	2	1000	1130	70	1200	2.31531e-247	6.29764e-245	1	1	better
mealpy	OriginalMSA	2	1000	1122	78	1200	6.40261e-238	1.68389e-235	1	1	better
mealpy	WOA	2	1000	947	253	1200	5.93923e-95	1.01561e-92	1	1	better
mealpy	OriginalIWO	2	1000	959	241	1200	5.43331e-102	9.5083e-100	1	1	better
mealpy	BaseGA	2	1000	366	834	1200	1	1	8.75975e-43	2.2425e-40	worse
mealpy	ModifiedEO	2	1000	1103	97	1200	5.87757e-217	1.43413e-214	1	1	better
mealpy	ImprovedNMRA	2	1000	590	610	1200	0.727806	1	0.291689	1	not shown
mealpy	BaseCHIO	2	1000	238	962	1200	1	1	8.41928e-104	2.28163e-101	worse
mealpy	OriginalHHO	2	1000	921	279	1200	9.25507e-81	1.49007e-78	1	1	better
mealpy	OriginalGWO	2	1000	998	202	1200	3.58311e-127	6.9154e-125	1	1	better
mealpy	ImprovedQSA	2	1000	1123	77	1200	4.44251e-239	1.17727e-236	1	1	better
mealpy	OriginalFBIO	2	1000	1098	102	1200	9.56554e-212	2.28616e-209	1	1	better
mealpy	OriginalBeesA	2	1000	975	225	1200	6.98668e-112	1.2576e-109	1	1	better
mealpy	BaseEFO	2	1000	1081	119	1200	7.27584e-195	1.68072e-192	1	1	better
mealpy	OriginalSA	2	1000	1072	128	1200	2.07217e-186	4.66238e-184	1	1	better
mealpy	OriginalHC	2	1000	218	982	1200	1	1	2.12933e-116	5.81308e-114	worse
mealpy	OriginalSHO	2	1000	777	423	1200	5.04625e-25	5.90411e-23	1	1	better
mealpy	JADE	2	1000	1129	71	1200	3.68862e-246	9.99615e-244	1	1	better
mealpy	OriginalCA	2	1000	674	526	1200	1.07573e-05	0.000978912	0.999992	1	better
mealpy	EnhancedTWO	2	1000	734	466	1200	4.99197e-15	5.29149e-13	1	1	better
mealpy	BaseSSA	2	1000	963	237	1200	2.07722e-104	3.69745e-102	1	1	better
mealpy	OriginalAOA	2	1000	37	1163	1200	1	1	2.1158e-291	6.1993e-289	worse
mealpy	OriginalQSA	2	1000	1108	92	1200	2.73197e-222	6.82992e-220	1	1	better
mealpy	OriginalGOA	2	1000	1111	89	1200	1.50037e-225	3.81095e-223	1	1	better
mealpy	EnhancedAEO	2	1000	1142	58	1200	2.51136e-262	7.15737e-260	1	1	better
mealpy	OriginalGSKA	2	1000	1037	163	1200	2.70847e-156	5.76904e-154	1	1	better
mealpy	PPSO	2	1000	1045	155	1200	8.10326e-163	1.7422e-160	1	1	better
mealpy	OriginalCGO	2	1000	1107	93	1200	3.25833e-221	8.08066e-219	1	1	better
mealpy	OriginalHGSO	2	1000	653	547	1200	0.00121141	0.101759	0.999001	1	not shown
mealpy	OriginalSBO	2	1000	812	388	1200	2.67204e-35	3.42021e-33	1	1	better
mealpy	OppoTWO	2	1000	697	503	1200	1.18092e-08	1.18092e-06	1	1	better
mealpy	OriginalASO	2	1000	81	1119	1200	1	1	1.76729e-234	5.12515e-232	worse
mealpy	ModifiedSLO	2	1000	849	351	1200	2.34324e-48	3.1868e-46	1	1	better
mealpy	BaseVCS	2	1000	1077	123	1200	4.55567e-191	1.04325e-188	1	1	better
mealpy	LSHADE	2	1000	1134	66	1200	3.08504e-252	8.48386e-250	1	1	better
mealpy	OriginalEFO	2	1000	507	693	1200	1	1	4.37867e-08	1.03337e-05	worse
mealpy	OriginalJA	2	1000	530	670	1200	0.999977	1	2.94953e-05	0.0068724	worse
mealpy	OriginalGCO	2	1000	991	209	1200	2.22187e-122	4.17711e-120	1	1	better
mealpy	OriginalPSS	2	1000	1063	137	1200	2.91281e-178	6.46644e-176	1	1	better
mealpy	OriginalEHO	2	1000	933	267	1200	3.90363e-87	6.48002e-85	1	1	better
mealpy	OriginalSSA	2	1000	892	308	1200	1.53645e-66	2.30468e-64	1	1	better
mealpy	OriginalSCA	2	1000	863	337	1200	6.53804e-54	9.3494e-52	1	1	better
mealpy	OriginalBES	2	1000	1105	95	1200	4.47688e-219	1.10131e-216	1	1	better
mealpy	BaseSBO	2	1000	855	345	1200	1.07556e-50	1.50578e-48	1	1	better
mealpy	BaseJA	2	1000	761	439	1200	5.67918e-21	6.41748e-19	1	1	better
mealpy	OriginalSARO	2	1000	1135	65	1200	1.79217e-253	4.96432e-251	1	1	better
mealpy	OriginalSRSR	2	1000	1033	167	1200	4.17329e-153	8.7639e-151	1	1	better
mealpy	OriginalTWO	2	1000	906	294	1200	3.36178e-73	5.17714e-71	1	1	better
mealpy	OriginalWDO	2	1000	486	714	1200	1	1	2.47782e-11	5.922e-09	worse
mealpy	AugmentedAEO	2	1000	944	256	1200	3.04908e-93	5.09197e-91	1	1	better
mealpy	OriginalWOA	2	1000	961	239	1200	3.39467e-103	5.97463e-101	1	1	better
mealpy	SADE	2	1000	1140	60	1200	9.26188e-260	2.61185e-257	1	1	better
mealpy	OriginalBRO	2	1000	355	845	1200	1	1	7.82984e-47	2.0201e-44	worse
mealpy	OriginalSSpiderO	2	1000	565	635	1200	0.97982	1	0.0231708	1	not shown
mealpy	ProbBeesA	2	1000	584	616	1200	0.829609	1	0.185425	1	not shown
mealpy	OriginalFA	2	1000	337	863	1200	1	1	6.53804e-54	1.70643e-51	worse
mealpy	OriginalCSA	2	1000	320	880	1200	1	1	3.97863e-61	1.0424e-58	worse
mealpy	OriginalALO	2	1000	913	287	1200	1.13248e-76	1.75534e-74	1	1	better
mealpy	OriginalDO	2	1000	685	515	1200	5.13507e-07	4.82697e-05	1	1	better
mealpy	OriginalCHIO	2	1000	500	700	1200	1	1	4.26768e-09	1.01144e-06	worse
mealpy	OriginalBSA	2	1000	1033	167	1200	4.17329e-153	8.7639e-151	1	1	better
mealpy	LevyEP	2	1000	1048	152	1200	2.5686e-165	5.57386e-163	1	1	better
mealpy	OriginalICA	2	1000	590	116	706	1.4161e-77	2.22327e-75	1	1	better
mealpy	ImprovedLCO	2	1000	853	347	1200	6.57703e-50	9.14207e-48	1	1	better
mealpy	OriginalMFO	2	1000	377	823	1200	1	1	6.10537e-39	1.54466e-36	worse
mealpy	ImprovedAEO	2	1000	1138	62	1200	3.18606e-257	8.95282e-255	1	1	better
mealpy	OriginalVCS	2	1000	857	343	1200	1.73062e-51	2.44018e-49	1	1	better
mealpy	AdaptiveBA	2	1000	385	815	1200	1	1	2.84225e-36	7.10563e-34	worse
mealpy	MultiGA	2	1000	188	1012	1200	1	1	3.86183e-137	1.07359e-134	worse
mealpy	OriginalES	2	1000	1025	175	1200	7.11841e-147	1.45216e-144	1	1	better
mealpy	LevyES	2	1000	1102	98	1200	6.62242e-216	1.60925e-213	1	1	better
mealpy	OriginalEP	2	1000	784	416	1200	6.37434e-27	7.71295e-25	1	1	better
mealpy	BaseSMA	2	1000	1027	173	1200	2.05147e-148	4.22602e-146	1	1	better
mealpy	OriginalPSO	2	1000	263	937	1200	1	1	2.51321e-89	6.68515e-87	worse
mealpy	FBUDGETSHADE	2	1000	1145	55	1200	3.09647e-266	8.91782e-264	1	1	better
mealpy	OriginalFOA	2	1000	202	998	1200	1	1	3.58311e-127	9.88938e-125	worse
mealpy	BaseQSA	2	1000	1137	63	1200	5.76077e-256	1.60725e-253	1	1	better
mealpy	BaseMFO	2	1000	1026	174	1200	1.21249e-147	2.48561e-145	1	1	better
mealpy	BaseDE	2	1000	1111	89	1200	1.50037e-225	3.81095e-223	1	1	better
mealpy	WhaleFOA	2	1000	221	979	1200	1	1	1.89704e-114	5.15995e-112	worse
Baselines	DE	2	1000	1071	129	1200	1.72403e-185	1.37922e-184	1	1	better
Baselines	RCobyla	2	1000	764	436	1200	1.05919e-21	4.23676e-21	1	1	better
Baselines	PSO	2	1000	566	634	1200	0.976829	0.976829	0.0265263	0.29179	not shown
Baselines	DiagonalCMA	2	1000	871	329	1200	3.05539e-57	1.52769e-56	1	1	better
Baselines	modcma	2	1000	910	290	1200	3.58146e-75	2.50702e-74	1	1	better
Baselines	modde	2	1000	1156	44	1200	3.11617e-281	3.42778e-280	1	1	better
Baselines	OnePlusOne	2	1000	622	578	1200	0.107238	0.214477	0.903045	1	not shown
Baselines	Powell	2	1000	717	483	1200	7.54242e-12	2.26273e-11	1	1	better
Baselines	MultiBFGS	2	1000	874	326	1200	1.60836e-58	9.65015e-58	1	1	better
Baselines	lshade	2	1000	1128	72	1200	5.78976e-245	5.78976e-244	1	1	better
Baselines	bipop	2	1000	1081	119	1200	7.27584e-195	6.54826e-194	1	1	better
EVOLOPY	DE	2	5000	1132	68	1200	8.71728e-250	2.16189e-247	1	1	better
EVOLOPY	JAYA	2	5000	944	256	1200	3.04908e-93	4.87853e-91	1	1	better
EVOLOPY	PSO	2	5000	1066	134	1200	6.04339e-181	1.25703e-178	1	1	better
EVOLOPY	WOA	2	5000	919	281	1200	1.00074e-79	1.55115e-77	1	1	better
EVOLOPY	FFA	2	5000	1085	115	1200	1.00151e-198	2.17327e-196	1	1	better
EVOLOPY	BAT	2	5000	474	726	1200	1	1	1.77e-13	4.1418e-11	worse
EVOLOPY	MVO	2	5000	1003	197	1200	1.13227e-130	2.0947e-128	1	1	better
EVOLOPY	HHO	2	5000	862	338	1200	1.67372e-53	2.25952e-51	1	1	better
EVOLOPY	SCA	2	5000	868	332	1200	5.59048e-56	7.65895e-54	1	1	better
EVOLOPY	GA	2	5000	581	414	995	6.65813e-08	6.72471e-06	1	1	better
EVOLOPY	MFO	2	5000	872	328	1200	1.14988e-57	1.58684e-55	1	1	better
EVOLOPY	CS	2	5000	1181	19	1200	1.34336e-320	3.90919e-318	1	1	better
EVOLOPY	GWO	2	5000	985	215	1200	2.27282e-118	3.95471e-116	1	1	better
EVOLOPY	SSA	2	5000	899	301	1200	8.00873e-70	1.16927e-67	1	1	better
NIAPY	DynamicFireworksAlgorithm	2	5000	649	551	1200	0.00254342	0.231452	0.997877	1	not shown
NIAPY	HarmonySearch	2	5000	1021	179	1200	7.91361e-144	1.53524e-141	1	1	better
NIAPY	EvolutionStrategyMp1	2	5000	975	225	1200	6.98668e-112	1.18774e-109	1	1	better
NIAPY	MonarchButterflyOptimization	2	5000	315	885	1200	1	1	2.38157e-63	6.0492e-61	worse
NIAPY	CenterParticleSwarmOptimization	2	5000	1055	145	1200	2.90932e-171	5.90592e-169	1	1	better
NIAPY	DynNpDifferentialEvolution	2	5000	516	684	1200	0.999999	1	6.88265e-07	0.000156924	worse
NIAPY	CamelAlgorithm	2	5000	885	315	1200	2.38157e-63	3.42947e-61	1	1	better
NIAPY	BatAlgorithm	2	5000	683	517	1200	9.19472e-07	9.19472e-05	0.999999	1	better
NIAPY	GlowwormSwarmOptimization	2	5000	350	850	1200	1	1	9.64912e-49	2.37368e-46	worse
NIAPY	BareBonesFireworksAlgorithm	2	5000	555	645	1200	0.995706	1	0.00508185	1	not shown
NIAPY	CuckooSearch	2	5000	1183	17	1200	0	0	1	1	better
NIAPY	GeneticAlgorithm	2	5000	616	584	1200	0.185425	1	0.829609	1	not shown
NIAPY	ParticleSwarmAlgorithm	2	5000	1114	86	1200	7.3916e-229	1.75181e-226	1	1	better
NIAPY	MonkeyKingEvolutionV3	2	5000	164	1036	1200	1	1	1.71488e-155	4.61302e-153	worse
NIAPY	MonkeyKingEvolutionV2	2	5000	1147	53	1200	6.98302e-269	1.8505e-266	1	1	better
NIAPY	SineCosineAlgorithm	2	5000	3	1197	1200	1	1	0	0	worse
NIAPY	EvolutionStrategy1p1	2	5000	726	474	1200	1.77e-13	1.8939e-11	1	1	better
NIAPY	HarrisHawksOptimization	2	5000	1043	157	1200	3.61887e-161	7.20155e-159	1	1	better
NIAPY	ParticleSwarmOptimization	2	5000	660	540	1200	0.000293209	0.028148	0.999764	1	better
NIAPY	ForestOptimizationAlgorithm	2	5000	1003	197	1200	1.13227e-130	2.0947e-128	1	1	better
NIAPY	EnhancedFireworksAlgorithm	2	5000	647	553	1200	0.0036174	0.325566	0.996962	1	not shown
NIAPY	MultiStrategyDifferentialEvolution	2	5000	1153	47	1200	4.94899e-277	1.34118e-274	1	1	better
NIAPY	MutatedParticleSwarmOptimization	2	5000	1072	128	1200	2.07217e-186	4.37227e-184	1	1	better
NIAPY	ComprehensiveLearningParticleSwarmOptimizer	2	5000	1085	115	1200	1.00151e-198	2.17327e-196	1	1	better
NIAPY	KrillHerd	2	5000	138	1062	1200	1	1	2.24644e-177	6.11032e-175	worse
NIAPY	FishSchoolSearch	2	5000	914	286	1200	3.54865e-77	5.46491e-75	1	1	better
NIAPY	MutatedCenterUnifiedParticleSwarmOptimization	2	5000	1093	107	1200	1.19235e-206	2.64702e-204	1	1	better
NIAPY	MutatedCenterParticleSwarmOptimization	2	5000	1081	119	1200	7.27584e-195	1.56431e-192	1	1	better
NIAPY	GlowwormSwarmOptimizationV2	2	5000	334	866	1200	1	1	3.80213e-55	9.58138e-53	worse
NIAPY	CatSwarmOptimization	2	5000	1032	168	1200	2.56951e-152	5.01055e-150	1	1	better
NIAPY	DifferentialEvolution	2	5000	1168	32	1200	5.11183e-299	1.4262e-296	1	1	better
NIAPY	FireworksAlgorithm	2	5000	716	484	1200	1.12505e-11	1.17005e-09	1	1	better
NIAPY	MothFlameOptimizer	2	5000	206	994	1200	1	1	2.0326e-124	5.3864e-122	worse
NIAPY	DynNpMultiStrategyDifferentialEvolution	2	5000	1130	70	1200	2.31531e-247	5.71881e-245	1	1	better
NIAPY	EvolutionStrategyML	2	5000	991	209	1200	2.22187e-122	3.95492e-120	1	1	better
NIAPY	GreyWolfOptimizer	2	5000	1016	184	1200	4.38528e-140	8.37588e-138	1	1	better
NIAPY	HarmonySearchV1	2	5000	787	413	1200	9.26924e-28	1.06596e-25	1	1	better
NIAPY	BeesAlgorithm	2	5000	1137	63	1200	5.76077e-256	1.44595e-253	1	1	better
NIAPY	GlowwormSwarmOptimizationV1	2	5000	323	877	1200	1	1	8.15275e-60	2.06265e-57	worse
NIAPY	GlowwormSwarmOptimizationV3	2	5000	334	866	1200	1	1	3.80213e-55	9.58138e-53	worse
NIAPY	LionOptimizationAlgorithm	2	5000	910	290	1200	3.58146e-75	5.47964e-73	1	1	better
NIAPY	ArtificialBeeColonyAlgorithm	2	5000	1015	185	1200	2.41176e-139	4.58235e-137	1	1	better
NIAPY	AgingNpDifferentialEvolution	2	5000	909	291	1200	1.12235e-74	1.69475e-72	1	1	better
NIAPY	OppositionVelocityClampingParticleSwarmOptimization	2	5000	613	587	1200	0.235251	1	0.782128	1	not shown
NIAPY	CoralReefsOptimization	2	5000	378	822	1200	1	1	1.3336e-38	3.26732e-36	worse
NIAPY	BacterialForagingOptimization	2	5000	1010	190	1200	1.10347e-135	2.07452e-133	1	1	better
NIAPY	DynamicFireworksAlgorithmGauss	2	5000	653	547	1200	0.00121141	0.113873	0.999001	1	not shown
NIAPY	ClonalSelectionAlgorithm	2	5000	98	1102	1200	1	1	6.62242e-216	1.84103e-213	worse
NIAPY	GravitationalSearchAlgorithm	2	5000	83	1117	1200	1	1	3.25527e-232	9.1473e-230	worse
NIAPY	MonkeyKingEvolutionV1	2	5000	1107	93	1200	3.25833e-221	7.49416e-219	1	1	better
NIAPY	EvolutionStrategyMpL	2	5000	1069	131	1200	1.16288e-183	2.44205e-181	1	1	better
NIAPY	FireflyAlgorithm	2	5000	879	321	1200	1.09336e-60	1.55257e-58	1	1	better
NIAPY	FlowerPollinationAlgorithm	2	5000	1169	31	1200	1.39804e-300	3.9285e-298	1	1	better
OPYTIMIZER	SA	2	5000	762	438	1200	3.25632e-21	3.58196e-19	1	1	better
OPYTIMIZER	GOGHS	2	5000	579	621	1200	0.892762	1	0.118286	1	not shown
OPYTIMIZER	QSA	2	5000	1178	22	1200	2.39493e-315	6.89741e-313	1	1	better
OPYTIMIZER	SGHS	2	5000	311	889	1200	1	1	3.67341e-65	9.3672e-63	worse
OPYTIMIZER	DE	2	5000	1104	96	1200	5.15861e-218	1.16069e-215	1	1	better
OPYTIMIZER	RFO	2	5000	1114	86	1200	7.3916e-229	1.75181e-226	1	1	better
OPYTIMIZER	PPA	2	5000	647	553	1200	0.0036174	0.325566	0.996962	1	not shown
OPYTIMIZER	EHO	2	5000	1047	153	1200	1.76165e-164	3.5233e-162	1	1	better
OPYTIMIZER	AEO	2	5000	1186	14	1200	0	0	1	1	better
OPYTIMIZER	ABO	2	5000	1136	64	1200	1.02444e-254	2.5611e-252	1	1	better
OPYTIMIZER	GHS	2	5000	345	855	1200	1	1	1.07556e-50	2.65663e-48	worse
OPYTIMIZER	PVS	2	5000	1142	58	1200	2.51136e-262	6.52953e-260	1	1	better
OPYTIMIZER	BWO	2	5000	475	725	1200	1	1	2.72251e-13	6.34345e-11	worse
OPYTIMIZER	PSO	2	5000	1138	62	1200	3.18606e-257	8.12444e-255	1	1	better
OPYTIMIZER	BSO	2	5000	1021	179	1200	7.91361e-144	1.53524e-141	1	1	better
OPYTIMIZER	CSA	2	5000	673	527	1200	1.39098e-05	0.00136316	0.999989	1	better
OPYTIMIZER	SSO	2	5000	152	1048	1200	1	1	2.5686e-165	6.93522e-163	worse
OPYTIMIZER	WOA	2	5000	958	242	1200	2.15686e-101	3.55882e-99	1	1	better
OPYTIMIZER	BA	2	5000	831	369	1200	1.02536e-41	1.30221e-39	1	1	better
OPYTIMIZER	HS	2	5000	650	550	1200	0.00212282	0.197422	0.998234	1	not shown
OPYTIMIZER	JS	2	5000	746	454	1200	1.5609e-17	1.70138e-15	1	1	better
OPYTIMIZER	SOS	2	5000	1189	11	1200	0	0	1	1	better
OPYTIMIZER	GS	2	5000	9	1191	1200	1	1	0	0	worse
OPYTIMIZER	EFO	2	5000	794	406	1200	9.06502e-30	1.07874e-27	1	1	better
OPYTIMIZER	GSA	2	5000	68	1132	1200	1	1	8.71728e-250	2.48442e-247	worse
OPYTIMIZER	ESA	2	5000	692	508	1200	6.02584e-08	6.14636e-06	1	1	better
OPYTIMIZER	BOA	2	5000	29	451	480	1	1	9.30997e-99	2.40197e-96	worse
OPYTIMIZER	HC	2	5000	484	716	1200	1	1	1.12505e-11	2.58761e-09	worse
OPYTIMIZER	ABC	2	5000	1149	23	1172	1.90588e-305	5.37457e-303	1	1	better
OPYTIMIZER	RRA	2	5000	907	293	1200	1.08737e-73	1.63106e-71	1	1	better
OPYTIMIZER	NDS	2	5000	8	1192	1200	1	1	0	0	worse
OPYTIMIZER	NBJS	2	5000	775	425	1200	1.70308e-24	1.90745e-22	1	1	better
OPYTIMIZER	SSD	2	5000	121	1079	1200	1	1	5.86366e-193	1.60664e-190	worse
OPYTIMIZER	CEM	2	5000	522	678	1200	0.999997	1	3.72498e-06	0.000841845	worse
OPYTIMIZER	AOA	2	5000	404	796	1200	1	1	2.33757e-30	5.58679e-28	worse
OPYTIMIZER	MRFO	2	5000	1129	71	1200	3.68862e-246	9.074e-244	1	1	better
OPYTIMIZER	ASO	2	5000	51	1149	1200	1	1	1.45624e-271	4.22311e-269	worse
OPYTIMIZER	SFO	2	5000	379	821	1200	1	1	2.90182e-38	7.08045e-36	worse
OPYTIMIZER	IHS	2	5000	554	646	1200	0.996383	1	0.00429414	0.949006	not shown
OPYTIMIZER	COA	2	5000	1173	27	1200	5.58515e-307	1.59735e-304	1	1	better
OPYTIMIZER	GOA	2	5000	990	210	1200	1.05013e-121	1.84823e-119	1	1	better
OPYTIMIZER	STOA	2	5000	57	1143	1200	1	1	1.27312e-263	3.6666e-261	worse
OPYTIMIZER	MVPA	2	5000	935	265	1200	3.16259e-88	5.02851e-86	1	1	better
OPYTIMIZER	ES	2	5000	1006	194	1200	8.36166e-133	1.55527e-130	1	1	better
OPYTIMIZER	AIWPSO	2	5000	1055	145	1200	2.90932e-171	5.90592e-169	1	1	better
OPYTIMIZER	ISA	2	5000	70	1130	1200	1	1	2.31531e-247	6.57547e-245	worse
OPYTIMIZER	EO	2	5000	1074	126	1200	2.91616e-188	6.18225e-186	1	1	better
OPYTIMIZER	AF	2	5000	34	1016	1050	1	1	8.89166e-253	2.54301e-250	worse
OPYTIMIZER	DOA	2	5000	1154	46	1200	2.01373e-278	5.49748e-276	1	1	better
OPYTIMIZER	PIO	2	5000	654	546	1200	0.000998557	0.0948629	0.999179	1	not shown
OPYTIMIZER	HHO	2	5000	1066	134	1200	6.04339e-181	1.25703e-178	1	1	better
OPYTIMIZER	BSA	2	5000	744	456	1200	4.22646e-17	4.56458e-15	1	1	better
OPYTIMIZER	TEO	2	5000	533	647	1180	0.999596	1	0.00049766	0.111476	not shown
OPYTIMIZER	FA	2	5000	39	1161	1200	1	1	1.9329e-288	5.64407e-286	worse
OPYTIMIZER	WWO	2	5000	1157	43	1200	1.18396e-282	3.26772e-280	1	1	better
OPYTIMIZER	IWO	2	5000	991	209	1200	2.22187e-122	3.95492e-120	1	1	better
OPYTIMIZER	KH	2	5000	862	338	1200	1.67372e-53	2.25952e-51	1	1	better
OPYTIMIZER	FOA	2	5000	794	406	1200	9.06502e-30	1.07874e-27	1	1	better
OPYTIMIZER	RPSO	2	5000	1144	56	1200	6.33725e-265	1.66036e-262	1	1	better
OPYTIMIZER	SCA	2	5000	228	972	1200	1	1	5.54649e-110	1.44209e-107	worse
OPYTIMIZER	OSA	2	5000	401	799	1200	1	1	2.97706e-31	7.17472e-29	worse
OPYTIMIZER	WDO	2	5000	92	1108	1200	1	1	2.73197e-222	7.62219e-220	worse
OPYTIMIZER	LSA	2	5000	1112	88	1200	1.19957e-226	2.80701e-224	1	1	better
OPYTIMIZER	VPSO	2	5000	1123	77	1200	4.44251e-239	1.07065e-236	1	1	better
OPYTIMIZER	SBO	2	5000	803	397	1200	1.81078e-32	2.17293e-30	1	1	better
OPYTIMIZER	GA	2	5000	1015	185	1200	2.41176e-139	4.58235e-137	1	1	better
OPYTIMIZER	MFO	2	5000	837	363	1200	7.22475e-44	9.39217e-42	1	1	better
OPYTIMIZER	CS	2	5000	1190	10	1200	0	0	1	1	better
OPYTIMIZER	FSO	2	5000	926	274	1200	2.2185e-83	3.46086e-81	1	1	better
OPYTIMIZER	NGHS	2	5000	239	961	1200	1	1	3.39467e-103	8.79221e-101	worse
OPYTIMIZER	GCO	2	5000	1106	94	1200	3.8413e-220	8.75817e-218	1	1	better
OPYTIMIZER	TWO	2	5000	1001	199	1200	2.8966e-129	5.30078e-127	1	1	better
OPYTIMIZER	WEO	2	5000	1036	164	1200	1.71488e-155	3.36116e-153	1	1	better
OPYTIMIZER	GWO	2	5000	878	322	1200	2.99193e-60	4.1887e-58	1	1	better
OPYTIMIZER	SAVPSO	2	5000	1140	60	1200	9.26188e-260	2.3803e-257	1	1	better
OPYTIMIZER	FFOA	2	5000	144	1056	1200	1	1	3.98984e-172	1.08125e-169	worse
OPYTIMIZER	AIG	2	5000	1173	27	1200	5.58515e-307	1.59735e-304	1	1	better
OPYTIMIZER	BH	2	5000	704	496	1200	1.04834e-09	1.07979e-07	1	1	better
OPYTIMIZER	CI	2	5000	253	368	621	0.999998	1	2.2478e-06	0.00051025	worse
OPYTIMIZER	SSA	2	5000	1154	46	1200	2.01373e-278	5.49748e-276	1	1	better
OPYTIMIZER	AO	2	5000	597	603	1200	0.580065	1	0.442621	1	not shown
OPYTIMIZER	MVO	2	5000	311	95	406	3.44564e-28	3.99694e-26	1	1	better
mealpy	LevyTWO	2	5000	954	246	1200	5.08757e-99	8.29274e-97	1	1	better
mealpy	OriginalTLO	2	5000	1149	51	1200	1.45624e-271	3.90273e-269	1	1	better
mealpy	GWO	2	5000	818	382	1200	2.92164e-37	3.59362e-35	1	1	better
mealpy	OriginalBBO	2	5000	198	1002	1200	1	1	5.74418e-130	1.5337e-127	worse
mealpy	ABFO	2	5000	403	783	1186	1	1	6.15732e-29	1.46544e-26	worse
mealpy	OriginalWHO	2	5000	994	206	1200	2.0326e-124	3.65868e-122	1	1	better
mealpy	OriginalFFA	2	5000	879	321	1200	1.09336e-60	1.55257e-58	1	1	better
mealpy	BaseSARO	2	5000	1148	52	1200	3.2208e-270	8.59953e-268	1	1	better
mealpy	OriginalSMA	2	5000	989	211	1200	4.93479e-121	8.63589e-119	1	1	better
mealpy	SingleGA	2	5000	52	1148	1200	1	1	3.2208e-270	9.30811e-268	worse
mealpy	OriginalSSDO	2	5000	475	725	1200	1	1	2.72251e-13	6.34345e-11	worse
mealpy	OriginalFPA	2	5000	1158	42	1200	4.39231e-284	1.21667e-281	1	1	better
mealpy	OriginalSSO	2	5000	455	745	1200	1	1	2.57297e-17	6.0722e-15	worse
mealpy	OriginalMA	2	5000	76	1124	1200	1	1	3.04026e-240	8.60395e-238	worse
mealpy	OriginalCEM	2	5000	854	346	1200	2.66508e-50	3.5179e-48	1	1	better
mealpy	OCRO	2	5000	878	322	1200	2.99193e-60	4.1887e-58	1	1	better
mealpy	OriginalBA	2	5000	63	1137	1200	1	1	5.76077e-256	1.65334e-253	worse
mealpy	OriginalAEO	2	5000	1139	61	1200	1.7326e-258	4.43545e-256	1	1	better
mealpy	OriginalBSO	2	5000	1021	179	1200	7.91361e-144	1.53524e-141	1	1	better
mealpy	OriginalBFO	2	5000	79	1121	1200	1	1	9.10264e-237	2.56695e-234	worse
mealpy	ImprovedSLO	2	5000	1000	200	1200	1.45191e-128	2.62796e-126	1	1	better
mealpy	OriginalLCO	2	5000	1043	157	1200	3.61887e-161	7.20155e-159	1	1	better
mealpy	OriginalHGS	2	5000	835	365	1200	3.82799e-43	4.89982e-41	1	1	better
mealpy	BaseALO	2	5000	807	393	1200	1.03744e-33	1.25531e-31	1	1	better
mealpy	CPSO	2	5000	535	665	1200	0.999923	1	9.67899e-05	0.0217777	worse
mealpy	OriginalEO	2	5000	1126	74	1200	1.36526e-242	3.33123e-240	1	1	better
mealpy	DE	2	5000	385	815	1200	1	1	2.84225e-36	6.90668e-34	worse
mealpy	ModifiedBA	2	5000	822	378	1200	1.3336e-38	1.667e-36	1	1	better
mealpy	BaseTLO	2	5000	1155	45	1200	8.01255e-280	2.19544e-277	1	1	better
mealpy	OriginalPFA	2	5000	216	984	1200	1	1	1.03809e-117	2.73016e-115	worse
mealpy	BaseFOA	2	5000	119	1081	1200	1	1	7.27584e-195	2.00813e-192	worse
mealpy	OriginalGBO	2	5000	1122	78	1200	6.40261e-238	1.53663e-235	1	1	better
mealpy	TVAC	2	5000	1110	90	1200	1.85408e-224	4.32002e-222	1	1	better
mealpy	BaseFBIO	2	5000	1141	59	1200	4.86568e-261	1.25534e-258	1	1	better
mealpy	ImprovedBSO	2	5000	844	356	1200	1.86384e-46	2.44163e-44	1	1	better
mealpy	OriginalAO	2	5000	257	943	1200	1	1	1.12204e-92	2.88364e-90	worse
mealpy	BaseGSKA	2	5000	1157	43	1200	1.18396e-282	3.26772e-280	1	1	better
mealpy	BaseLCO	2	5000	1086	114	1200	1.05932e-199	2.30933e-197	1	1	better
mealpy	OriginalSSpiderA	2	5000	650	550	1200	0.00212282	0.197422	0.998234	1	not shown
mealpy	BaseHS	2	5000	617	583	1200	0.170391	1	0.84384	1	not shown
mealpy	AdaptiveEO	2	5000	1124	76	1200	3.04026e-240	7.38784e-238	1	1	better
mealpy	OriginalWCA	2	5000	671	107	778	6.29606e-101	1.03255e-98	1	1	better
mealpy	OriginalMRFO	2	5000	1138	62	1200	3.18606e-257	8.12444e-255	1	1	better
mealpy	OriginalEOA	2	5000	582	618	1200	0.857264	1	0.15616	1	not shown
mealpy	OriginalABC	2	5000	1096	104	1200	1.07796e-209	2.40384e-207	1	1	better
mealpy	ModifiedAEO	2	5000	1109	91	1200	2.26397e-223	5.22977e-221	1	1	better
mealpy	OriginalSFO	2	5000	480	720	1200	1	1	2.22673e-12	5.14375e-10	worse
mealpy	BaseBBO	2	5000	180	1020	1200	1	1	4.49503e-143	1.20467e-140	worse
mealpy	OriginalNMRA	2	5000	1147	53	1200	6.98302e-269	1.8505e-266	1	1	better
mealpy	OriginalACOR	2	5000	933	267	1200	3.90363e-87	6.1287e-85	1	1	better
mealpy	ImprovedSFO	2	5000	647	553	1200	0.0036174	0.325566	0.996962	1	not shown
mealpy	OriginalCRO	2	5000	401	799	1200	1	1	2.97706e-31	7.17472e-29	worse
mealpy	LevyJA	2	5000	1057	143	1200	5.42881e-173	1.10748e-170	1	1	better
mealpy	OriginalHS	2	5000	669	531	1200	3.76496e-05	0.00365201	0.999971	1	better
mealpy	OriginalCSO	2	5000	616	584	1200	0.185425	1	0.829609	1	not shown
mealpy	OriginalCOA	2	5000	1010	190	1200	1.10347e-135	2.07452e-133	1	1	better
mealpy	LevyQSA	2	5000	1173	27	1200	5.58515e-307	1.59735e-304	1	1	better
mealpy	OppoQSA	2	5000	1174	26	1200	1.28335e-308	3.68321e-306	1	1	better
mealpy	BaseBRO	2	5000	676	524	1200	6.37142e-06	0.000630771	0.999995	1	better
mealpy	OriginalSLO	2	5000	783	417	1200	1.20335e-26	1.37182e-24	1	1	better
mealpy	OriginalMVO	2	5000	722	478	1200	9.70598e-13	1.02883e-10	1	1	better
mealpy	CLPSO	2	5000	882	318	1200	5.20166e-62	7.43838e-60	1	1	better
mealpy	OriginalNRO	2	5000	1162	38	1200	6.48141e-290	1.80183e-287	1	1	better
mealpy	BaseSCA	2	5000	977	223	1200	3.68081e-113	6.29419e-111	1	1	better
mealpy	BaseGCO	2	5000	994	206	1200	2.0326e-124	3.65868e-122	1	1	better
mealpy	OriginalArchOA	2	5000	935	265	1200	3.16259e-88	5.02851e-86	1	1	better
mealpy	SwarmHC	2	5000	1041	159	1200	1.56963e-159	3.09218e-157	1	1	better
mealpy	ImprovedTLO	2	5000	1138	62	1200	3.18606e-257	8.12444e-255	1	1	better
mealpy	OriginalMSA	2	5000	1092	108	1200	1.20805e-205	2.66979e-203	1	1	better
mealpy	WOA	2	5000	962	238	1200	8.41928e-104	1.42286e-101	1	1	better
mealpy	OriginalIWO	2	5000	979	221	1200	1.89704e-114	3.26291e-112	1	1	better
mealpy	BaseGA	2	5000	393	807	1200	1	1	1.03744e-33	2.51061e-31	worse
mealpy	ModifiedEO	2	5000	1107	93	1200	3.25833e-221	7.49416e-219	1	1	better
mealpy	ImprovedNMRA	2	5000	545	655	1200	0.999328	1	0.000820527	0.182157	not shown
mealpy	BaseCHIO	2	5000	216	984	1200	1	1	1.03809e-117	2.73016e-115	worse
mealpy	OriginalHHO	2	5000	910	290	1200	3.58146e-75	5.47964e-73	1	1	better
mealpy	OriginalGWO	2	5000	962	238	1200	8.41928e-104	1.42286e-101	1	1	better
mealpy	ImprovedQSA	2	5000	1180	20	1200	7.93924e-319	2.29444e-316	1	1	better
mealpy	OriginalFBIO	2	5000	1145	55	1200	3.09647e-266	8.14371e-264	1	1	better
mealpy	OriginalBeesA	2	5000	1133	67	1200	5.22672e-251	1.30145e-248	1	1	better
mealpy	BaseEFO	2	5000	1120	80	1200	1.27682e-235	3.05159e-233	1	1	better
mealpy	OriginalSA	2	5000	1105	95	1200	4.47688e-219	1.01177e-216	1	1	better
mealpy	OriginalHC	2	5000	225	975	1200	1	1	6.98668e-112	1.82352e-109	worse
mealpy	OriginalSHO	2	5000	776	424	1200	9.28723e-25	1.04946e-22	1	1	better
mealpy	JADE	2	5000	1153	47	1200	4.94899e-277	1.34118e-274	1	1	better
mealpy	OriginalCA	2	5000	446	754	1200	1	1	2.5239e-19	5.98165e-17	worse
mealpy	EnhancedTWO	2	5000	1001	199	1200	2.8966e-129	5.30078e-127	1	1	better
mealpy	BaseSSA	2	5000	889	311	1200	3.67341e-65	5.32645e-63	1	1	better
mealpy	OriginalAOA	2	5000	5	1195	1200	1	1	0	0	worse
mealpy	OriginalQSA	2	5000	1152	48	1200	1.18991e-275	3.20085e-273	1	1	better
mealpy	OriginalGOA	2	5000	1113	87	1200	9.47456e-228	2.22652e-225	1	1	better
mealpy	EnhancedAEO	2	5000	1128	72	1200	5.78976e-245	1.41849e-242	1	1	better
mealpy	OriginalGSKA	2	5000	1081	119	1200	7.27584e-195	1.56431e-192	1	1	better
mealpy	PPSO	2	5000	961	239	1200	3.39467e-103	5.66911e-101	1	1	better
mealpy	OriginalCGO	2	5000	1089	111	1200	1.1827e-202	2.59011e-200	1	1	better
mealpy	OriginalHGSO	2	5000	592	608	1200	0.688188	1	0.332512	1	not shown
mealpy	OriginalSBO	2	5000	794	406	1200	9.06502e-30	1.07874e-27	1	1	better
mealpy	OppoTWO	2	5000	946	254	1200	2.21838e-94	3.59378e-92	1	1	better
mealpy	OriginalASO	2	5000	85	1115	1200	1	1	5.6952e-230	1.59465e-227	worse
mealpy	ModifiedSLO	2	5000	865	335	1200	9.85426e-55	1.34018e-52	1	1	better
mealpy	BaseVCS	2	5000	1148	52	1200	3.2208e-270	8.59953e-268	1	1	better
mealpy	LSHADE	2	5000	1181	19	1200	1.34336e-320	3.90919e-318	1	1	better
mealpy	OriginalEFO	2	5000	337	863	1200	1	1	6.53804e-54	1.63451e-51	worse
mealpy	OriginalJA	2	5000	471	729	1200	1	1	4.76478e-14	1.11972e-11	worse
mealpy	OriginalGCO	2	5000	1100	100	1200	8.13378e-214	1.82197e-211	1	1	better
mealpy	OriginalPSS	2	5000	1080	120	1200	6.56188e-194	1.39768e-191	1	1	better
mealpy	OriginalEHO	2	5000	907	293	1200	1.08737e-73	1.63106e-71	1	1	better
mealpy	OriginalSSA	2	5000	820	380	1200	6.29001e-38	7.79961e-36	1	1	better
mealpy	OriginalSCA	2	5000	984	216	1200	1.03809e-117	1.79589e-115	1	1	better
mealpy	OriginalBES	2	5000	1106	94	1200	3.8413e-220	8.75817e-218	1	1	better
mealpy	BaseSBO	2	5000	837	363	1200	7.22475e-44	9.39217e-42	1	1	better
mealpy	BaseJA	2	5000	859	341	1200	2.73975e-52	3.64387e-50	1	1	better
mealpy	OriginalSARO	2	5000	1138	62	1200	3.18606e-257	8.12444e-255	1	1	better
mealpy	OriginalSRSR	2	5000	1063	137	1200	2.91281e-178	6.00039e-176	1	1	better
mealpy	OriginalTWO	2	5000	1069	131	1200	1.16288e-183	2.44205e-181	1	1	better
mealpy	OriginalWDO	2	5000	261	939	1200	1	1	1.95877e-90	5.01445e-88	worse
mealpy	AugmentedAEO	2	5000	946	254	1200	2.21838e-94	3.59378e-92	1	1	better
mealpy	OriginalWOA	2	5000	959	241	1200	5.43331e-102	9.0193e-100	1	1	better
mealpy	SADE	2	5000	1173	27	1200	5.58515e-307	1.59735e-304	1	1	better
mealpy	OriginalBRO	2	5000	342	858	1200	1	1	6.89987e-52	1.71117e-49	worse
mealpy	OriginalSSpiderO	2	5000	496	704	1200	1	1	1.04834e-09	2.40069e-07	worse
mealpy	ProbBeesA	2	5000	719	481	1200	3.35552e-12	3.5233e-10	1	1	better
mealpy	OriginalFA	2	5000	573	627	1200	0.943843	1	0.0629934	1	not shown
mealpy	OriginalCSA	2	5000	340	860	1200	1	1	1.08345e-52	2.6978e-50	worse
mealpy	OriginalALO	2	5000	817	383	1200	6.26076e-37	7.63812e-35	1	1	better
mealpy	OriginalDO	2	5000	543	657	1200	0.999553	1	0.00054883	0.122389	not shown
mealpy	OriginalCHIO	2	5000	612	588	1200	0.253369	1	0.764749	1	not shown
mealpy	OriginalBSA	2	5000	1124	76	1200	3.04026e-240	7.38784e-238	1	1	better
mealpy	LevyEP	2	5000	1110	90	1200	1.85408e-224	4.32002e-222	1	1	better
mealpy	OriginalICA	2	5000	580	126	706	9.83961e-71	1.45626e-68	1	1	better
mealpy	ImprovedLCO	2	5000	824	376	1200	2.78438e-39	3.50832e-37	1	1	better
mealpy	OriginalMFO	2	5000	202	998	1200	1	1	3.58311e-127	9.53107e-125	worse
mealpy	ImprovedAEO	2	5000	1143	57	1200	1.27312e-263	3.32285e-261	1	1	better
mealpy	OriginalVCS	2	5000	900	300	1200	2.67256e-70	3.92866e-68	1	1	better
mealpy	AdaptiveBA	2	5000	211	989	1200	1	1	4.93479e-121	1.30279e-118	worse
mealpy	MultiGA	2	5000	43	1157	1200	1	1	1.18396e-282	3.44531e-280	worse
mealpy	OriginalES	2	5000	1062	138	1200	2.24644e-177	4.60521e-175	1	1	better
mealpy	LevyES	2	5000	1119	81	1200	1.76729e-234	4.20616e-232	1	1	better
mealpy	OriginalEP	2	5000	769	431	1200	6.00425e-23	6.66472e-21	1	1	better
mealpy	BaseSMA	2	5000	1050	150	1200	5.33887e-167	1.07311e-164	1	1	better
mealpy	OriginalPSO	2	5000	126	1074	1200	1	1	2.91616e-188	7.96111e-186	worse
mealpy	FBUDGETSHADE	2	5000	1186	14	1200	0	0	1	1	better
mealpy	OriginalFOA	2	5000	118	1082	1200	1	1	7.99289e-196	2.21403e-193	worse
mealpy	BaseQSA	2	5000	1169	31	1200	1.39804e-300	3.9285e-298	1	1	better
mealpy	BaseMFO	2	5000	1090	110	1200	1.20305e-203	2.6467e-201	1	1	better
mealpy	BaseDE	2	5000	1142	58	1200	2.51136e-262	6.52953e-260	1	1	better
mealpy	WhaleFOA	2	5000	119	1081	1200	1	1	7.27584e-195	2.00813e-192	worse
Baselines	DE	2	5000	1094	106	1200	1.1649e-207	9.31922e-207	1	1	better
Baselines	RCobyla	2	5000	805	395	1200	4.36687e-33	1.74675e-32	1	1	better
Baselines	PSO	2	5000	504	696	1200	1	1	1.64689e-08	1.64689e-07	worse
Baselines	DiagonalCMA	2	5000	972	228	1200	5.54649e-110	3.88254e-109	1	1	better
Baselines	modcma	2	5000	944	256	1200	3.04908e-93	1.52454e-92	1	1	better
Baselines	modde	2	5000	1115	85	1200	5.6952e-230	5.12568e-229	1	1	better
Baselines	OnePlusOne	2	5000	488	712	1200	1	1	5.38373e-11	5.9221e-10	worse
Baselines	Powell	2	5000	645	555	1200	0.00508185	0.0152455	0.995706	1	better
Baselines	MultiBFGS	2	5000	964	236	1200	5.09816e-105	3.0589e-104	1	1	better
Baselines	lshade	2	5000	1154	46	1200	2.01373e-278	2.2151e-277	1	1	better
Baselines	bipop	2	5000	1145	55	1200	3.09647e-266	3.09647e-265	1	1	better
EVOLOPY	DE	2	10000	1122	78	1200	6.40261e-238	1.51102e-235	1	1	better
EVOLOPY	JAYA	2	10000	965	235	1200	1.24469e-105	2.05374e-103	1	1	better
EVOLOPY	PSO	2	10000	1080	120	1200	6.56188e-194	1.36487e-191	1	1	better
EVOLOPY	WOA	2	10000	863	337	1200	6.53804e-54	8.89174e-52	1	1	better
EVOLOPY	FFA	2	10000	1105	95	1200	4.47688e-219	1.00282e-216	1	1	better
EVOLOPY	BAT	2	10000	493	707	1200	1	1	3.53132e-10	7.91016e-08	worse
EVOLOPY	MVO	2	10000	1068	132	1200	9.42885e-183	1.8952e-180	1	1	better
EVOLOPY	HHO	2	10000	863	337	1200	6.53804e-54	8.89174e-52	1	1	better
EVOLOPY	SCA	2	10000	973	227	1200	1.29755e-110	2.16691e-108	1	1	better
EVOLOPY	GA	2	10000	630	365	995	1.89802e-17	2.0119e-15	1	1	better
EVOLOPY	MFO	2	10000	826	374	1200	5.72457e-40	7.49918e-38	1	1	better
EVOLOPY	CS	2	10000	1192	8	1200	0	0	1	1	better
EVOLOPY	GWO	2	10000	992	208	1200	4.67395e-123	8.13267e-121	1	1	better
EVOLOPY	SSA	2	10000	1114	86	1200	7.3916e-229	1.71485e-226	1	1	better
NIAPY	DynamicFireworksAlgorithm	2	10000	624	576	1200	0.0874141	1	0.921408	1	not shown
NIAPY	HarmonySearch	2	10000	1030	170	1200	9.54162e-151	1.81291e-148	1	1	better
NIAPY	EvolutionStrategyMp1	2	10000	949	251	1200	4.19378e-96	6.71005e-94	1	1	better
NIAPY	MonarchButterflyOptimization	2	10000	248	952	1200	1	1	7.57781e-98	1.91719e-95	worse
NIAPY	CenterParticleSwarmOptimization	2	10000	1066	134	1200	6.04339e-181	1.19659e-178	1	1	better
NIAPY	DynNpDifferentialEvolution	2	10000	439	761	1200	1	1	5.67918e-21	1.31189e-18	worse
NIAPY	CamelAlgorithm	2	10000	883	317	1200	1.86884e-62	2.63507e-60	1	1	better
NIAPY	BatAlgorithm	2	10000	639	561	1200	0.0130942	1	0.988732	1	not shown
NIAPY	GlowwormSwarmOptimization	2	10000	236	964	1200	1	1	5.09816e-105	1.31023e-102	worse
NIAPY	BareBonesFireworksAlgorithm	2	10000	537	663	1200	0.999878	1	0.000152237	0.0333399	worse
NIAPY	CuckooSearch	2	10000	1194	6	1200	0	0	1	1	better
NIAPY	GeneticAlgorithm	2	10000	589	611	1200	0.746631	1	0.272194	1	not shown
NIAPY	ParticleSwarmAlgorithm	2	10000	1124	76	1200	3.04026e-240	7.20542e-238	1	1	better
NIAPY	MonkeyKingEvolutionV3	2	10000	124	1076	1200	1	1	3.96144e-190	1.06563e-187	worse
NIAPY	MonkeyKingEvolutionV2	2	10000	1170	30	1200	3.70089e-302	1.02885e-299	1	1	better
NIAPY	SineCosineAlgorithm	2	10000	1	1199	1200	1	1	0	0	worse
NIAPY	EvolutionStrategy1p1	2	10000	756	444	1200	8.68881e-20	9.29702e-18	1	1	better
NIAPY	HarrisHawksOptimization	2	10000	1072	128	1200	2.07217e-186	4.18578e-184	1	1	better
NIAPY	ParticleSwarmOptimization	2	10000	632	568	1200	0.0344599	1	0.969722	1	not shown
NIAPY	ForestOptimizationAlgorithm	2	10000	1024	176	1200	4.15137e-146	7.72155e-144	1	1	better
NIAPY	EnhancedFireworksAlgorithm	2	10000	598	602	1200	0.557379	1	0.465496	1	not shown
NIAPY	MultiStrategyDifferentialEvolution	2	10000	1147	53	1200	6.98302e-269	1.8086e-266	1	1	better
NIAPY	MutatedParticleSwarmOptimization	2	10000	1099	101	1200	8.86823e-213	1.93328e-210	1	1	better
NIAPY	ComprehensiveLearningParticleSwarmOptimizer	2	10000	1112	88	1200	1.19957e-226	2.73503e-224	1	1	better
NIAPY	KrillHerd	2	10000	84	1116	1200	1	1	4.33323e-231	1.2133e-228	worse
NIAPY	FishSchoolSearch	2	10000	924	276	1200	2.51358e-82	3.87092e-80	1	1	better
NIAPY	MutatedCenterUnifiedParticleSwarmOptimization	2	10000	1114	86	1200	7.3916e-229	1.71485e-226	1	1	better
NIAPY	MutatedCenterParticleSwarmOptimization	2	10000	1100	100	1200	8.13378e-214	1.7813e-211	1	1	better
NIAPY	GlowwormSwarmOptimizationV2	2	10000	227	973	1200	1	1	1.29755e-110	3.36065e-108	worse
NIAPY	CatSwarmOptimization	2	10000	1051	149	1200	7.61007e-168	1.48396e-165	1	1	better
NIAPY	DifferentialEvolution	2	10000	1167	33	1200	1.81091e-297	4.9619e-295	1	1	better
NIAPY	FireworksAlgorithm	2	10000	759	441	1200	1.70913e-20	1.86295e-18	1	1	better
NIAPY	MothFlameOptimizer	2	10000	150	1050	1200	1	1	5.33887e-167	1.43082e-164	worse
NIAPY	DynNpMultiStrategyDifferentialEvolution	2	10000	1114	86	1200	7.3916e-229	1.71485e-226	1	1	better
NIAPY	EvolutionStrategyML	2	10000	992	208	1200	4.67395e-123	8.13267e-121	1	1	better
NIAPY	GreyWolfOptimizer	2	10000	1020	180	1200	4.49503e-143	8.31581e-141	1	1	better
NIAPY	HarmonySearchV1	2	10000	768	432	1200	1.07367e-22	1.20251e-20	1	1	better
NIAPY	BeesAlgorithm	2	10000	1114	86	1200	7.3916e-229	1.71485e-226	1	1	better
NIAPY	GlowwormSwarmOptimizationV1	2	10000	244	956	1200	1	1	3.34673e-100	8.53417e-98	worse
NIAPY	GlowwormSwarmOptimizationV3	2	10000	243	957	1200	1	1	8.51803e-101	2.18061e-98	worse
NIAPY	LionOptimizationAlgorithm	2	10000	927	273	1200	6.54447e-84	1.02094e-81	1	1	better
NIAPY	ArtificialBeeColonyAlgorithm	2	10000	1038	162	1200	4.24759e-157	8.15537e-155	1	1	better
NIAPY	AgingNpDifferentialEvolution	2	10000	921	279	1200	9.25507e-81	1.41603e-78	1	1	better
NIAPY	OppositionVelocityClampingParticleSwarmOptimization	2	10000	554	646	1200	0.996383	1	0.00429414	0.931829	not shown
NIAPY	CoralReefsOptimization	2	10000	368	832	1200	1	1	4.53358e-42	1.10619e-39	worse
NIAPY	BacterialForagingOptimization	2	10000	1044	156	1200	5.43514e-162	1.04898e-159	1	1	better
NIAPY	DynamicFireworksAlgorithmGauss	2	10000	628	572	1200	0.0561566	1	0.950081	1	not shown
NIAPY	ClonalSelectionAlgorithm	2	10000	99	1101	1200	1	1	7.37961e-215	2.02201e-212	worse
NIAPY	GravitationalSearchAlgorithm	2	10000	49	1151	1200	1	1	2.80013e-274	8.06439e-272	worse
NIAPY	MonkeyKingEvolutionV1	2	10000	1117	83	1200	3.25527e-232	7.61732e-230	1	1	better
NIAPY	EvolutionStrategyMpL	2	10000	1102	98	1200	6.62242e-216	1.45693e-213	1	1	better
NIAPY	FireflyAlgorithm	2	10000	994	206	1200	2.0326e-124	3.57738e-122	1	1	better
NIAPY	FlowerPollinationAlgorithm	2	10000	1180	20	1200	7.93924e-319	2.2468e-316	1	1	better
OPYTIMIZER	SA	2	10000	813	387	1200	1.27085e-35	1.60128e-33	1	1	better
OPYTIMIZER	GOGHS	2	10000	524	676	1200	0.999995	1	6.37142e-06	0.00140808	worse
OPYTIMIZER	QSA	2	10000	1179	21	1200	4.465e-317	1.25913e-314	1	1	better
OPYTIMIZER	SGHS	2	10000	289	911	1200	1	1	1.13769e-75	2.82148e-73	worse
OPYTIMIZER	DE	2	10000	1079	121	1200	5.86366e-193	1.21378e-190	1	1	better
OPYTIMIZER	RFO	2	10000	1108	92	1200	2.73197e-222	6.17425e-220	1	1	better
OPYTIMIZER	PPA	2	10000	785	415	1200	3.36428e-27	3.96985e-25	1	1	better
OPYTIMIZER	EHO	2	10000	1001	199	1200	2.8966e-129	5.18491e-127	1	1	better
OPYTIMIZER	AEO	2	10000	1189	11	1200	0	0	1	1	better
OPYTIMIZER	ABO	2	10000	1129	71	1200	3.68862e-246	8.96334e-244	1	1	better
OPYTIMIZER	GHS	2	10000	284	916	1200	1	1	3.43685e-78	8.55776e-76	worse
OPYTIMIZER	PVS	2	10000	1134	66	1200	3.08504e-252	7.62005e-250	1	1	better
OPYTIMIZER	BWO	2	10000	381	819	1200	1	1	1.35822e-37	3.24614e-35	worse
OPYTIMIZER	PSO	2	10000	1136	64	1200	1.02444e-254	2.5611e-252	1	1	better
OPYTIMIZER	BSO	2	10000	1004	196	1200	2.21841e-131	3.99313e-129	1	1	better
OPYTIMIZER	CSA	2	10000	658	542	1200	0.000446742	0.0442275	0.999638	1	better
OPYTIMIZER	SSO	2	10000	122	1078	1200	1	1	5.19199e-192	1.40703e-189	worse
OPYTIMIZER	WOA	2	10000	905	295	1200	1.03469e-72	1.53134e-70	1	1	better
OPYTIMIZER	BA	2	10000	816	384	1200	1.33651e-36	1.72409e-34	1	1	better
OPYTIMIZER	HS	2	10000	615	585	1200	0.201257	1	0.814575	1	not shown
OPYTIMIZER	JS	2	10000	812	388	1200	2.67204e-35	3.34005e-33	1	1	better
OPYTIMIZER	SOS	2	10000	1192	8	1200	0	0	1	1	better
OPYTIMIZER	GS	2	10000	3	1197	1200	1	1	0	0	worse
OPYTIMIZER	EFO	2	10000	786	414	1200	1.76914e-27	2.10528e-25	1	1	better
OPYTIMIZER	GSA	2	10000	40	1160	1200	1	1	5.61541e-287	1.62285e-284	worse
OPYTIMIZER	ESA	2	10000	624	576	1200	0.0874141	1	0.921408	1	not shown
OPYTIMIZER	BOA	2	10000	22	458	480	1	1	1.7833e-107	4.60092e-105	worse
OPYTIMIZER	HC	2	10000	526	674	1200	0.999992	1	1.07573e-05	0.0023666	worse
OPYTIMIZER	ABC	2	10000	1146	26	1172	1.85344e-300	5.11549e-298	1	1	better
OPYTIMIZER	RRA	2	10000	856	344	1200	4.32313e-51	5.74977e-49	1	1	better
OPYTIMIZER	NDS	2	10000	3	1197	1200	1	1	0	0	worse
OPYTIMIZER	NBJS	2	10000	867	333	1200	1.46096e-55	2.01612e-53	1	1	better
OPYTIMIZER	SSD	2	10000	96	1104	1200	1	1	5.15861e-218	1.41862e-215	worse
OPYTIMIZER	CEM	2	10000	428	772	1200	1	1	1.02773e-23	2.42544e-21	worse
OPYTIMIZER	AOA	2	10000	376	824	1200	1	1	2.78438e-39	6.68252e-37	worse
OPYTIMIZER	MRFO	2	10000	1153	47	1200	4.94899e-277	1.30158e-274	1	1	better
OPYTIMIZER	ASO	2	10000	51	1149	1200	1	1	1.45624e-271	4.17942e-269	worse
OPYTIMIZER	SFO	2	10000	281	919	1200	1	1	1.00074e-79	2.50185e-77	worse
OPYTIMIZER	IHS	2	10000	481	719	1200	1	1	3.35552e-12	7.61704e-10	worse
OPYTIMIZER	COA	2	10000	1176	24	1200	6.02618e-312	1.68733e-309	1	1	better
OPYTIMIZER	GOA	2	10000	964	236	1200	5.09816e-105	8.36099e-103	1	1	better
OPYTIMIZER	STOA	2	10000	123	1077	1200	1	1	4.55567e-191	1.23003e-188	worse
OPYTIMIZER	MVPA	2	10000	912	288	1200	3.59763e-76	5.36047e-74	1	1	better
OPYTIMIZER	ES	2	10000	941	259	1200	1.49713e-91	2.36546e-89	1	1	better
OPYTIMIZER	AIWPSO	2	10000	1026	174	1200	1.21249e-147	2.26736e-145	1	1	better
OPYTIMIZER	ISA	2	10000	65	1135	1200	1	1	1.79217e-253	5.07185e-251	worse
OPYTIMIZER	EO	2	10000	1067	133	1200	7.58052e-182	1.50852e-179	1	1	better
OPYTIMIZER	AF	2	10000	22	1028	1050	1	1	1.76634e-271	5.05174e-269	worse
OPYTIMIZER	DOA	2	10000	1162	38	1200	6.48141e-290	1.7435e-287	1	1	better
OPYTIMIZER	PIO	2	10000	575	625	1200	0.929538	1	0.078592	1	not shown
OPYTIMIZER	HHO	2	10000	1068	132	1200	9.42885e-183	1.8952e-180	1	1	better
OPYTIMIZER	BSA	2	10000	741	459	1200	1.83448e-16	1.92621e-14	1	1	better
OPYTIMIZER	TEO	2	10000	479	701	1180	1	1	5.51384e-11	1.24061e-08	worse
OPYTIMIZER	FA	2	10000	21	1179	1200	1	1	4.465e-317	1.30378e-314	worse
OPYTIMIZER	WWO	2	10000	1154	46	1200	2.01373e-278	5.31625e-276	1	1	better
OPYTIMIZER	IWO	2	10000	999	201	1200	7.23426e-128	1.2877e-125	1	1	better
OPYTIMIZER	KH	2	10000	870	330	1200	8.08475e-57	1.12378e-54	1	1	better
OPYTIMIZER	FOA	2	10000	735	465	1200	3.14645e-15	3.20938e-13	1	1	better
OPYTIMIZER	RPSO	2	10000	1149	51	1200	1.45624e-271	3.8008e-269	1	1	better
OPYTIMIZER	SCA	2	10000	292	908	1200	1	1	3.50133e-74	8.64828e-72	worse
OPYTIMIZER	OSA	2	10000	370	830	1200	1	1	2.31004e-41	5.6134e-39	worse
OPYTIMIZER	WDO	2	10000	62	1138	1200	1	1	3.18606e-257	9.0484e-255	worse
OPYTIMIZER	LSA	2	10000	1116	84	1200	4.33323e-231	1.00964e-228	1	1	better
OPYTIMIZER	VPSO	2	10000	1127	73	1200	8.95539e-244	2.1672e-241	1	1	better
OPYTIMIZER	SBO	2	10000	785	415	1200	3.36428e-27	3.96985e-25	1	1	better
OPYTIMIZER	GA	2	10000	993	207	1200	9.77535e-124	1.71069e-121	1	1	better
OPYTIMIZER	MFO	2	10000	798	402	1200	5.93917e-31	7.18639e-29	1	1	better
OPYTIMIZER	CS	2	10000	1190	10	1200	0	0	1	1	better
OPYTIMIZER	FSO	2	10000	918	282	1200	3.26793e-79	4.96725e-77	1	1	better
OPYTIMIZER	NGHS	2	10000	175	1025	1200	1	1	7.11841e-147	1.87926e-144	worse
OPYTIMIZER	GCO	2	10000	1099	101	1200	8.86823e-213	1.93328e-210	1	1	better
OPYTIMIZER	TWO	2	10000	978	222	1200	8.37928e-114	1.43286e-111	1	1	better
OPYTIMIZER	WEO	2	10000	1076	124	1200	3.96144e-190	8.16056e-188	1	1	better
OPYTIMIZER	GWO	2	10000	823	377	1200	6.10537e-39	7.93698e-37	1	1	better
OPYTIMIZER	SAVPSO	2	10000	1139	61	1200	1.7326e-258	4.36614e-256	1	1	better
OPYTIMIZER	FFOA	2	10000	116	1084	1200	1	1	9.37822e-198	2.55088e-195	worse
OPYTIMIZER	AIG	2	10000	1181	19	1200	1.34336e-320	3.85546e-318	1	1	better
OPYTIMIZER	BH	2	10000	687	513	1200	2.83038e-07	2.85868e-05	1	1	better
OPYTIMIZER	CI	2	10000	188	433	621	1	1	1.64403e-23	3.86348e-21	worse
OPYTIMIZER	SSA	2	10000	1147	53	1200	6.98302e-269	1.8086e-266	1	1	better
OPYTIMIZER	AO	2	10000	494	706	1200	1	1	5.09234e-10	1.13559e-07	worse
OPYTIMIZER	MVO	2	10000	320	86	406	4.44665e-33	5.46938e-31	1	1	better
mealpy	LevyTWO	2	10000	1031	169	1200	1.57118e-151	3.00096e-149	1	1	better
mealpy	OriginalTLO	2	10000	1162	38	1200	6.48141e-290	1.7435e-287	1	1	better
mealpy	GWO	2	10000	772	428	1200	1.02773e-23	1.16133e-21	1	1	better
mealpy	OriginalBBO	2	10000	206	994	1200	1	1	2.0326e-124	5.30509e-122	worse
mealpy	ABFO	2	10000	431	755	1186	1	1	1.90016e-21	4.40837e-19	worse
mealpy	OriginalWHO	2	10000	1030	170	1200	9.54162e-151	1.81291e-148	1	1	better
mealpy	OriginalFFA	2	10000	974	226	1200	3.0191e-111	5.07209e-109	1	1	better
mealpy	BaseSARO	2	10000	1163	37	1200	2.1158e-291	5.73383e-289	1	1	better
mealpy	OriginalSMA	2	10000	1046	154	1200	1.19923e-163	2.3265e-161	1	1	better
mealpy	SingleGA	2	10000	28	1172	1200	1	1	2.34187e-305	6.81484e-303	worse
mealpy	OriginalSSDO	2	10000	466	734	1200	1	1	4.99197e-15	1.14316e-12	worse
mealpy	OriginalFPA	2	10000	1172	28	1200	2.34187e-305	6.53381e-303	1	1	better
mealpy	OriginalSSO	2	10000	437	763	1200	1	1	1.86048e-21	4.33491e-19	worse
mealpy	OriginalMA	2	10000	65	1135	1200	1	1	1.79217e-253	5.07185e-251	worse
mealpy	OriginalCEM	2	10000	805	395	1200	4.36687e-33	5.41492e-31	1	1	better
mealpy	OCRO	2	10000	925	275	1200	7.48509e-83	1.16019e-80	1	1	better
mealpy	OriginalBA	2	10000	60	1140	1200	1	1	9.26188e-260	2.63964e-257	worse
mealpy	OriginalAEO	2	10000	1138	62	1200	3.18606e-257	7.997e-255	1	1	better
mealpy	OriginalBSO	2	10000	1020	180	1200	4.49503e-143	8.31581e-141	1	1	better
mealpy	OriginalBFO	2	10000	65	1135	1200	1	1	1.79217e-253	5.07185e-251	worse
mealpy	ImprovedSLO	2	10000	998	202	1200	3.58311e-127	6.3421e-125	1	1	better
mealpy	OriginalLCO	2	10000	1017	183	1200	7.92284e-141	1.44988e-138	1	1	better
mealpy	OriginalHGS	2	10000	814	386	1200	6.02148e-36	7.64729e-34	1	1	better
mealpy	BaseALO	2	10000	779	421	1200	1.47372e-25	1.69478e-23	1	1	better
mealpy	CPSO	2	10000	505	695	1200	1	1	2.28912e-08	5.08184e-06	worse
mealpy	OriginalEO	2	10000	1136	64	1200	1.02444e-254	2.5611e-252	1	1	better
mealpy	DE	2	10000	315	885	1200	1	1	2.38157e-63	5.85867e-61	worse
mealpy	ModifiedBA	2	10000	884	316	1200	6.68571e-63	9.49371e-61	1	1	better
mealpy	BaseTLO	2	10000	1167	33	1200	1.81091e-297	4.9619e-295	1	1	better
mealpy	OriginalPFA	2	10000	170	1030	1200	1	1	9.54162e-151	2.53807e-148	worse
mealpy	BaseFOA	2	10000	89	1111	1200	1	1	1.50037e-225	4.17104e-223	worse
mealpy	OriginalGBO	2	10000	1141	59	1200	4.86568e-261	1.24075e-258	1	1	better
mealpy	TVAC	2	10000	1127	73	1200	8.95539e-244	2.1672e-241	1	1	better
mealpy	BaseFBIO	2	10000	1152	48	1200	1.18991e-275	3.11756e-273	1	1	better
mealpy	ImprovedBSO	2	10000	836	364	1200	1.66628e-43	2.19949e-41	1	1	better
mealpy	OriginalAO	2	10000	263	937	1200	1	1	2.51321e-89	6.3333e-87	worse
mealpy	BaseGSKA	2	10000	1168	32	1200	5.11183e-299	1.40575e-296	1	1	better
mealpy	BaseLCO	2	10000	1087	113	1200	1.10972e-200	2.31931e-198	1	1	better
mealpy	OriginalSSpiderA	2	10000	638	562	1200	0.0151702	1	0.986906	1	not shown
mealpy	BaseHS	2	10000	610	590	1200	0.291689	1	0.727806	1	not shown
mealpy	AdaptiveEO	2	10000	1130	70	1200	2.31531e-247	5.64935e-245	1	1	better
mealpy	OriginalWCA	2	10000	684	94	778	1.08215e-111	1.82883e-109	1	1	better
mealpy	OriginalMRFO	2	10000	1134	66	1200	3.08504e-252	7.62005e-250	1	1	better
mealpy	OriginalEOA	2	10000	584	616	1200	0.829609	1	0.185425	1	not shown
mealpy	OriginalABC	2	10000	1112	88	1200	1.19957e-226	2.73503e-224	1	1	better
mealpy	ModifiedAEO	2	10000	1093	107	1200	1.19235e-206	2.56356e-204	1	1	better
mealpy	OriginalSFO	2	10000	385	815	1200	1	1	2.84225e-36	6.76456e-34	worse
mealpy	BaseBBO	2	10000	194	1006	1200	1	1	8.36166e-133	2.19075e-130	worse
mealpy	OriginalNMRA	2	10000	1170	30	1200	3.70089e-302	1.02885e-299	1	1	better
mealpy	OriginalACOR	2	10000	903	297	1200	9.67079e-72	1.42161e-69	1	1	better
mealpy	ImprovedSFO	2	10000	556	644	1200	0.994918	1	0.00599564	1	not shown
mealpy	OriginalCRO	2	10000	447	753	1200	1	1	4.27888e-19	9.84142e-17	worse
mealpy	LevyJA	2	10000	1074	126	1200	2.91616e-188	5.97812e-186	1	1	better
mealpy	OriginalHS	2	10000	635	565	1200	0.0231708	1	0.97982	1	not shown
mealpy	OriginalCSO	2	10000	599	601	1200	0.534504	1	0.488486	1	not shown
mealpy	OriginalCOA	2	10000	1030	170	1200	9.54162e-151	1.81291e-148	1	1	better
mealpy	LevyQSA	2	10000	1187	13	1200	0	0	1	1	better
mealpy	OppoQSA	2	10000	1181	19	1200	1.34336e-320	3.85546e-318	1	1	better
mealpy	BaseBRO	2	10000	637	563	1200	0.0175227	1	0.98483	1	not shown
mealpy	OriginalSLO	2	10000	738	462	1200	7.717e-16	8.02568e-14	1	1	better
mealpy	OriginalMVO	2	10000	738	462	1200	7.717e-16	8.02568e-14	1	1	better
mealpy	CLPSO	2	10000	917	283	1200	1.06223e-78	1.59334e-76	1	1	better
mealpy	OriginalNRO	2	10000	1181	19	1200	1.34336e-320	3.85546e-318	1	1	better
mealpy	BaseSCA	2	10000	1011	189	1200	2.07079e-136	3.76884e-134	1	1	better
mealpy	BaseGCO	2	10000	970	230	1200	9.97194e-109	1.65534e-106	1	1	better
mealpy	OriginalArchOA	2	10000	918	282	1200	3.26793e-79	4.96725e-77	1	1	better
mealpy	SwarmHC	2	10000	1105	95	1200	4.47688e-219	1.00282e-216	1	1	better
mealpy	ImprovedTLO	2	10000	1136	64	1200	1.02444e-254	2.5611e-252	1	1	better
mealpy	OriginalMSA	2	10000	1090	110	1200	1.20305e-203	2.53843e-201	1	1	better
mealpy	WOA	2	10000	975	225	1200	6.98668e-112	1.18774e-109	1	1	better
mealpy	OriginalIWO	2	10000	954	246	1200	5.08757e-99	8.19099e-97	1	1	better
mealpy	BaseGA	2	10000	415	785	1200	1	1	3.36428e-27	7.97334e-25	worse
mealpy	ModifiedEO	2	10000	1125	75	1200	2.05178e-241	4.88324e-239	1	1	better
mealpy	ImprovedNMRA	2	10000	538	662	1200	0.999848	1	0.000190015	0.0414232	worse
mealpy	BaseCHIO	2	10000	210	990	1200	1	1	1.05013e-121	2.73034e-119	worse
mealpy	OriginalHHO	2	10000	891	309	1200	4.4455e-66	6.35707e-64	1	1	better
mealpy	OriginalGWO	2	10000	959	241	1200	5.43331e-102	8.80197e-100	1	1	better
mealpy	ImprovedQSA	2	10000	1190	10	1200	0	0	1	1	better
mealpy	OriginalFBIO	2	10000	1157	43	1200	1.18396e-282	3.13748e-280	1	1	better
mealpy	OriginalBeesA	2	10000	1159	41	1200	1.59022e-285	4.22998e-283	1	1	better
mealpy	BaseEFO	2	10000	1126	74	1200	1.36526e-242	3.27662e-240	1	1	better
mealpy	OriginalSA	2	10000	1092	108	1200	1.20805e-205	2.58522e-203	1	1	better
mealpy	OriginalHC	2	10000	245	955	1200	1	1	1.30821e-99	3.32284e-97	worse
mealpy	OriginalSHO	2	10000	766	434	1200	3.39645e-22	3.77006e-20	1	1	better
mealpy	JADE	2	10000	1163	37	1200	2.1158e-291	5.73383e-289	1	1	better
mealpy	OriginalCA	2	10000	374	826	1200	1	1	5.72457e-40	1.37962e-37	worse
mealpy	EnhancedTWO	2	10000	1074	126	1200	2.91616e-188	5.97812e-186	1	1	better
mealpy	BaseSSA	2	10000	858	342	1200	6.89987e-52	9.24582e-50	1	1	better
mealpy	OriginalAOA	2	10000	2	1198	1200	1	1	0	0	worse
mealpy	OriginalQSA	2	10000	1167	33	1200	1.81091e-297	4.9619e-295	1	1	better
mealpy	OriginalGOA	2	10000	1126	74	1200	1.36526e-242	3.27662e-240	1	1	better
mealpy	EnhancedAEO	2	10000	1118	82	1200	2.4142e-233	5.67337e-231	1	1	better
mealpy	OriginalGSKA	2	10000	1088	112	1200	1.15126e-201	2.41764e-199	1	1	better
mealpy	PPSO	2	10000	928	272	1200	1.92148e-84	3.01673e-82	1	1	better
mealpy	OriginalCGO	2	10000	1074	126	1200	2.91616e-188	5.97812e-186	1	1	better
mealpy	OriginalHGSO	2	10000	575	625	1200	0.929538	1	0.078592	1	not shown
mealpy	OriginalSBO	2	10000	792	408	1200	3.46381e-29	4.15658e-27	1	1	better
mealpy	OppoTWO	2	10000	990	210	1200	1.05013e-121	1.80622e-119	1	1	better
mealpy	OriginalASO	2	10000	101	1099	1200	1	1	8.86823e-213	2.42103e-210	worse
mealpy	ModifiedSLO	2	10000	867	333	1200	1.46096e-55	2.01612e-53	1	1	better
mealpy	BaseVCS	2	10000	1162	38	1200	6.48141e-290	1.7435e-287	1	1	better
mealpy	LSHADE	2	10000	1181	19	1200	1.34336e-320	3.85546e-318	1	1	better
mealpy	OriginalEFO	2	10000	265	935	1200	1	1	3.16259e-88	7.93809e-86	worse
mealpy	OriginalJA	2	10000	435	765	1200	1	1	6.00862e-22	1.40602e-19	worse
mealpy	OriginalGCO	2	10000	1092	108	1200	1.20805e-205	2.58522e-203	1	1	better
mealpy	OriginalPSS	2	10000	1103	97	1200	5.87757e-217	1.30482e-214	1	1	better
mealpy	OriginalEHO	2	10000	877	323	1200	8.15275e-60	1.14139e-57	1	1	better
mealpy	OriginalSSA	2	10000	779	421	1200	1.47372e-25	1.69478e-23	1	1	better
mealpy	OriginalSCA	2	10000	1007	193	1200	1.60853e-133	2.91145e-131	1	1	better
mealpy	OriginalBES	2	10000	1098	102	1200	9.56554e-212	2.06616e-209	1	1	better
mealpy	BaseSBO	2	10000	803	397	1200	1.81078e-32	2.20915e-30	1	1	better
mealpy	BaseJA	2	10000	902	298	1200	2.93685e-71	4.2878e-69	1	1	better
mealpy	OriginalSARO	2	10000	1145	55	1200	3.09647e-266	7.95792e-264	1	1	better
mealpy	OriginalSRSR	2	10000	1091	109	1200	1.21162e-204	2.56862e-202	1	1	better
mealpy	OriginalTWO	2	10000	1145	55	1200	3.09647e-266	7.95792e-264	1	1	better
mealpy	OriginalWDO	2	10000	181	1019	1200	1	1	2.53665e-142	6.6714e-140	worse
mealpy	AugmentedAEO	2	10000	963	237	1200	2.07722e-104	3.38587e-102	1	1	better
mealpy	OriginalWOA	2	10000	946	254	1200	2.21838e-94	3.52723e-92	1	1	better
mealpy	SADE	2	10000	1185	15	1200	0	0	1	1	better
mealpy	OriginalBRO	2	10000	354	846	1200	1	1	3.27619e-47	8.02667e-45	worse
mealpy	OriginalSSpiderO	2	10000	486	714	1200	1	1	2.47782e-11	5.59988e-09	worse
mealpy	ProbBeesA	2	10000	766	434	1200	3.39645e-22	3.77006e-20	1	1	better
mealpy	OriginalFA	2	10000	686	514	1200	3.81865e-07	3.81865e-05	1	1	better
mealpy	OriginalCSA	2	10000	370	830	1200	1	1	2.31004e-41	5.6134e-39	worse
mealpy	OriginalALO	2	10000	783	417	1200	1.20335e-26	1.39589e-24	1	1	better
mealpy	OriginalDO	2	10000	477	723	1200	1	1	6.37531e-13	1.45357e-10	worse
mealpy	OriginalCHIO	2	10000	605	595	1200	0.397513	1	0.624577	1	not shown
mealpy	OriginalBSA	2	10000	1141	59	1200	4.86568e-261	1.24075e-258	1	1	better
mealpy	LevyEP	2	10000	1108	92	1200	2.73197e-222	6.17425e-220	1	1	better
mealpy	OriginalICA	2	10000	578	128	706	2.0436e-69	2.96322e-67	1	1	better
mealpy	ImprovedLCO	2	10000	815	385	1200	2.84225e-36	3.63808e-34	1	1	better
mealpy	OriginalMFO	2	10000	153	1047	1200	1	1	1.76165e-164	4.70361e-162	worse
mealpy	ImprovedAEO	2	10000	1134	66	1200	3.08504e-252	7.62005e-250	1	1	better
mealpy	OriginalVCS	2	10000	896	304	1200	2.09882e-68	3.0223e-66	1	1	better
mealpy	AdaptiveBA	2	10000	173	1027	1200	1	1	2.05147e-148	5.43639e-146	worse
mealpy	MultiGA	2	10000	29	1171	1200	1	1	9.47285e-304	2.74713e-301	worse
mealpy	OriginalES	2	10000	1062	138	1200	2.24644e-177	4.42549e-175	1	1	better
mealpy	LevyES	2	10000	1140	60	1200	9.26188e-260	2.34326e-257	1	1	better
mealpy	OriginalEP	2	10000	759	441	1200	1.70913e-20	1.86295e-18	1	1	better
mealpy	BaseSMA	2	10000	1057	143	1200	5.42881e-173	1.06405e-170	1	1	better
mealpy	OriginalPSO	2	10000	94	1106	1200	1	1	3.8413e-220	1.0602e-217	worse
mealpy	FBUDGETSHADE	2	10000	1183	17	1200	0	0	1	1	better
mealpy	OriginalFOA	2	10000	87	1113	1200	1	1	9.47456e-228	2.6434e-225	worse
mealpy	BaseQSA	2	10000	1178	22	1200	2.39493e-315	6.72977e-313	1	1	better
mealpy	BaseMFO	2	10000	1103	97	1200	5.87757e-217	1.30482e-214	1	1	better
mealpy	BaseDE	2	10000	1148	52	1200	3.2208e-270	8.37408e-268	1	1	better
mealpy	WhaleFOA	2	10000	92	1108	1200	1	1	2.73197e-222	7.56755e-220	worse
Baselines	DE	2	10000	1106	94	1200	3.8413e-220	3.45717e-219	1	1	better
Baselines	RCobyla	2	10000	827	373	1200	2.58068e-40	1.03227e-39	1	1	better
Baselines	PSO	2	10000	485	715	1200	1	1	1.67247e-11	1.67247e-10	worse
Baselines	DiagonalCMA	2	10000	1017	183	1200	7.92284e-141	5.54599e-140	1	1	better
Baselines	modcma	2	10000	983	217	1200	4.71472e-117	2.35736e-116	1	1	better
Baselines	modde	2	10000	1100	100	1200	8.13378e-214	6.50703e-213	1	1	better
Baselines	OnePlusOne	2	10000	436	764	1200	1	1	1.05919e-21	1.16511e-20	worse
Baselines	Powell	2	10000	645	555	1200	0.00508185	0.0152455	0.995706	1	better
Baselines	MultiBFGS	2	10000	997	203	1200	1.76421e-126	1.05852e-125	1	1	better
Baselines	lshade	2	10000	1165	35	1200	2.07448e-294	2.28192e-293	1	1	better
Baselines	bipop	2	10000	1160	40	1200	5.61541e-287	5.61541e-286	1	1	better
EVOLOPY	DE	5	10	545	655	1200	0.999328	-1	0.000820527	-1	descriptive
EVOLOPY	JAYA	5	10	689	511	1200	1.53963e-07	-1	1	-1	descriptive
EVOLOPY	PSO	5	10	864	336	1200	2.54349e-54	-1	1	-1	descriptive
EVOLOPY	WOA	5	10	751	449	1200	1.2169e-18	-1	1	-1	descriptive
EVOLOPY	FFA	5	10	733	467	1200	7.89263e-15	-1	1	-1	descriptive
EVOLOPY	BAT	5	10	718	482	1200	5.03935e-12	-1	1	-1	descriptive
EVOLOPY	MVO	5	10	660	540	1200	0.000293209	-1	0.999764	-1	descriptive
EVOLOPY	HHO	5	10	764	436	1200	1.05919e-21	-1	1	-1	descriptive
EVOLOPY	SCA	5	10	605	595	1200	0.397513	-1	0.624577	-1	descriptive
EVOLOPY	GA	5	10	398	531	929	0.999995	-1	7.19816e-06	-1	descriptive
EVOLOPY	MFO	5	10	604	596	1200	0.419935	-1	0.602487	-1	descriptive
EVOLOPY	CS	5	10	445	755	1200	1	-1	1.48348e-19	-1	descriptive
EVOLOPY	GWO	5	10	895	305	1200	6.1796e-68	-1	1	-1	descriptive
EVOLOPY	SSA	5	10	608	592	1200	0.332512	-1	0.688188	-1	descriptive
NIAPY	DynamicFireworksAlgorithm	5	10	265	935	1200	1	-1	3.16259e-88	-1	descriptive
NIAPY	HarmonySearch	5	10	616	584	1200	0.185425	-1	0.829609	-1	descriptive
NIAPY	EvolutionStrategyMp1	5	10	364	836	1200	1	-1	1.66628e-43	-1	descriptive
NIAPY	MonarchButterflyOptimization	5	10	462	738	1200	1	-1	7.717e-16	-1	descriptive
NIAPY	CenterParticleSwarmOptimization	5	10	876	324	1200	2.2122e-59	-1	1	-1	descriptive
NIAPY	DynNpDifferentialEvolution	5	10	513	687	1200	1	-1	2.83038e-07	-1	descriptive
NIAPY	CamelAlgorithm	5	10	610	590	1200	0.291689	-1	0.727806	-1	descriptive
NIAPY	BatAlgorithm	5	10	514	686	1200	1	-1	3.81865e-07	-1	descriptive
NIAPY	GlowwormSwarmOptimization	5	10	464	736	1200	1	-1	1.97637e-15	-1	descriptive
NIAPY	BareBonesFireworksAlgorithm	5	10	463	737	1200	1	-1	1.23712e-15	-1	descriptive
NIAPY	CuckooSearch	5	10	444	756	1200	1	-1	8.68881e-20	-1	descriptive
NIAPY	GeneticAlgorithm	5	10	578	622	1200	0.903045	-1	0.107238	-1	descriptive
NIAPY	ParticleSwarmAlgorithm	5	10	502	698	1200	1	-1	8.43967e-09	-1	descriptive
NIAPY	MonkeyKingEvolutionV3	5	10	670	530	1200	2.94953e-05	-1	0.999977	-1	descriptive
NIAPY	MonkeyKingEvolutionV2	5	10	605	595	1200	0.397513	-1	0.624577	-1	descriptive
NIAPY	SineCosineAlgorithm	5	10	409	791	1200	1	-1	6.73357e-29	-1	descriptive
NIAPY	EvolutionStrategy1p1	5	10	934	266	1200	1.11378e-87	-1	1	-1	descriptive
NIAPY	HarrisHawksOptimization	5	10	699	501	1200	6.01151e-09	-1	1	-1	descriptive
NIAPY	ParticleSwarmOptimization	5	10	861	339	1200	4.26712e-53	-1	1	-1	descriptive
NIAPY	ForestOptimizationAlgorithm	5	10	309	891	1200	1	-1	4.4455e-66	-1	descriptive
NIAPY	EnhancedFireworksAlgorithm	5	10	356	844	1200	1	-1	1.86384e-46	-1	descriptive
NIAPY	MultiStrategyDifferentialEvolution	5	10	591	609	1200	0.708311	-1	0.311812	-1	descriptive
NIAPY	MutatedParticleSwarmOptimization	5	10	873	327	1200	4.30951e-58	-1	1	-1	descriptive
NIAPY	ComprehensiveLearningParticleSwarmOptimizer	5	10	428	772	1200	1	-1	1.02773e-23	-1	descriptive
NIAPY	KrillHerd	5	10	602	598	1200	0.465496	-1	0.557379	-1	descriptive
NIAPY	FishSchoolSearch	5	10	552	648	1200	0.997457	-1	0.00303794	-1	descriptive
NIAPY	MutatedCenterUnifiedParticleSwarmOptimization	5	10	807	393	1200	1.03744e-33	-1	1	-1	descriptive
NIAPY	MutatedCenterParticleSwarmOptimization	5	10	870	330	1200	8.08475e-57	-1	1	-1	descriptive
NIAPY	GlowwormSwarmOptimizationV2	5	10	438	762	1200	1	-1	3.25632e-21	-1	descriptive
NIAPY	CatSwarmOptimization	5	10	575	625	1200	0.929538	-1	0.078592	-1	descriptive
NIAPY	DifferentialEvolution	5	10	632	568	1200	0.0344599	-1	0.969722	-1	descriptive
NIAPY	FireworksAlgorithm	5	10	290	910	1200	1	-1	3.58146e-75	-1	descriptive
NIAPY	MothFlameOptimizer	5	10	590	610	1200	0.727806	-1	0.291689	-1	descriptive
NIAPY	DynNpMultiStrategyDifferentialEvolution	5	10	593	607	1200	0.667488	-1	0.353735	-1	descriptive
NIAPY	EvolutionStrategyML	5	10	285	915	1200	1	-1	1.1069e-77	-1	descriptive
NIAPY	GreyWolfOptimizer	5	10	628	572	1200	0.0561566	-1	0.950081	-1	descriptive
NIAPY	HarmonySearchV1	5	10	617	583	1200	0.170391	-1	0.84384	-1	descriptive
NIAPY	BeesAlgorithm	5	10	695	505	1200	2.28912e-08	-1	1	-1	descriptive
NIAPY	GlowwormSwarmOptimizationV1	5	10	441	759	1200	1	-1	1.70913e-20	-1	descriptive
NIAPY	GlowwormSwarmOptimizationV3	5	10	445	755	1200	1	-1	1.48348e-19	-1	descriptive
NIAPY	LionOptimizationAlgorithm	5	10	587	613	1200	0.782128	-1	0.235251	-1	descriptive
NIAPY	ArtificialBeeColonyAlgorithm	5	10	530	670	1200	0.999977	-1	2.94953e-05	-1	descriptive
NIAPY	AgingNpDifferentialEvolution	5	10	590	610	1200	0.727806	-1	0.291689	-1	descriptive
NIAPY	OppositionVelocityClampingParticleSwarmOptimization	5	10	624	576	1200	0.0874141	-1	0.921408	-1	descriptive
NIAPY	CoralReefsOptimization	5	10	525	675	1200	0.999994	-1	8.29229e-06	-1	descriptive
NIAPY	BacterialForagingOptimization	5	10	603	597	1200	0.442621	-1	0.580065	-1	descriptive
NIAPY	DynamicFireworksAlgorithmGauss	5	10	290	910	1200	1	-1	3.58146e-75	-1	descriptive
NIAPY	ClonalSelectionAlgorithm	5	10	360	840	1200	1	-1	5.75169e-45	-1	descriptive
NIAPY	GravitationalSearchAlgorithm	5	10	587	613	1200	0.782128	-1	0.235251	-1	descriptive
NIAPY	MonkeyKingEvolutionV1	5	10	570	630	1200	0.960896	-1	0.0442459	-1	descriptive
NIAPY	EvolutionStrategyMpL	5	10	298	902	1200	1	-1	2.93685e-71	-1	descriptive
NIAPY	FireflyAlgorithm	5	10	590	610	1200	0.727806	-1	0.291689	-1	descriptive
NIAPY	FlowerPollinationAlgorithm	5	10	495	705	1200	1	-1	7.31877e-10	-1	descriptive
OPYTIMIZER	SA	5	10	1051	149	1200	7.61007e-168	-1	1	-1	descriptive
OPYTIMIZER	GOGHS	5	10	1070	130	1200	1.42202e-184	-1	1	-1	descriptive
OPYTIMIZER	QSA	5	10	1099	101	1200	8.86823e-213	-1	1	-1	descriptive
OPYTIMIZER	SGHS	5	10	1045	155	1200	8.10326e-163	-1	1	-1	descriptive
OPYTIMIZER	DE	5	10	1080	120	1200	6.56188e-194	-1	1	-1	descriptive
OPYTIMIZER	RFO	5	10	1100	100	1200	8.13378e-214	-1	1	-1	descriptive
OPYTIMIZER	PPA	5	10	927	273	1200	6.54447e-84	-1	1	-1	descriptive
OPYTIMIZER	EHO	5	10	1092	108	1200	1.20805e-205	-1	1	-1	descriptive
OPYTIMIZER	AEO	5	10	1099	101	1200	8.86823e-213	-1	1	-1	descriptive
OPYTIMIZER	ABO	5	10	1073	127	1200	2.46901e-187	-1	1	-1	descriptive
OPYTIMIZER	GHS	5	10	1057	143	1200	5.42881e-173	-1	1	-1	descriptive
OPYTIMIZER	PVS	5	10	1093	107	1200	1.19235e-206	-1	1	-1	descriptive
OPYTIMIZER	BWO	5	10	1074	126	1200	2.91616e-188	-1	1	-1	descriptive
OPYTIMIZER	PSO	5	10	1107	93	1200	3.25833e-221	-1	1	-1	descriptive
OPYTIMIZER	BSO	5	10	1110	90	1200	1.85408e-224	-1	1	-1	descriptive
OPYTIMIZER	CSA	5	10	637	563	1200	0.0175227	-1	0.98483	-1	descriptive
OPYTIMIZER	SSO	5	10	1077	123	1200	4.55567e-191	-1	1	-1	descriptive
OPYTIMIZER	WOA	5	10	1119	81	1200	1.76729e-234	-1	1	-1	descriptive
OPYTIMIZER	BA	5	10	1051	149	1200	7.61007e-168	-1	1	-1	descriptive
OPYTIMIZER	HS	5	10	1070	130	1200	1.42202e-184	-1	1	-1	descriptive
OPYTIMIZER	JS	5	10	822	378	1200	1.3336e-38	-1	1	-1	descriptive
OPYTIMIZER	SOS	5	10	1110	90	1200	1.85408e-224	-1	1	-1	descriptive
OPYTIMIZER	GS	5	10	523	677	1200	0.999996	-1	4.87963e-06	-1	descriptive
OPYTIMIZER	EFO	5	10	1058	142	1200	7.32854e-174	-1	1	-1	descriptive
OPYTIMIZER	GSA	5	10	405	795	1200	1	-1	4.6118e-30	-1	descriptive
OPYTIMIZER	ESA	5	10	1043	157	1200	3.61887e-161	-1	1	-1	descriptive
OPYTIMIZER	BOA	5	10	141	392	533	1	-1	1.18313e-28	-1	descriptive
OPYTIMIZER	HC	5	10	516	684	1200	0.999999	-1	6.88265e-07	-1	descriptive
OPYTIMIZER	ABC	5	10	1038	128	1166	7.29621e-178	-1	1	-1	descriptive
OPYTIMIZER	RRA	5	10	1056	144	1200	3.98984e-172	-1	1	-1	descriptive
OPYTIMIZER	NDS	5	10	523	677	1200	0.999996	-1	4.87963e-06	-1	descriptive
OPYTIMIZER	NBJS	5	10	823	377	1200	6.10537e-39	-1	1	-1	descriptive
OPYTIMIZER	SSD	5	10	337	863	1200	1	-1	6.53804e-54	-1	descriptive
OPYTIMIZER	CEM	5	10	700	500	1200	4.26768e-09	-1	1	-1	descriptive
OPYTIMIZER	AOA	5	10	1056	144	1200	3.98984e-172	-1	1	-1	descriptive
OPYTIMIZER	MRFO	5	10	1064	136	1200	3.74597e-179	-1	1	-1	descriptive
OPYTIMIZER	ASO	5	10	202	998	1200	1	-1	3.58311e-127	-1	descriptive
OPYTIMIZER	SFO	5	10	652	548	1200	0.00146505	-1	0.998789	-1	descriptive
OPYTIMIZER	IHS	5	10	1058	142	1200	7.32854e-174	-1	1	-1	descriptive
OPYTIMIZER	COA	5	10	1097	103	1200	1.02082e-210	-1	1	-1	descriptive
OPYTIMIZER	GOA	5	10	1135	65	1200	1.79217e-253	-1	1	-1	descriptive
OPYTIMIZER	STOA	5	10	442	758	1200	1	-1	2.94922e-20	-1	descriptive
OPYTIMIZER	MVPA	5	10	1129	71	1200	3.68862e-246	-1	1	-1	descriptive
OPYTIMIZER	ES	5	10	1059	141	1200	9.81465e-175	-1	1	-1	descriptive
OPYTIMIZER	AIWPSO	5	10	1110	90	1200	1.85408e-224	-1	1	-1	descriptive
OPYTIMIZER	ISA	5	10	275	925	1200	1	-1	7.48509e-83	-1	descriptive
OPYTIMIZER	EO	5	10	1134	66	1200	3.08504e-252	-1	1	-1	descriptive
OPYTIMIZER	AF	5	10	169	876	1045	1	-1	7.44e-116	-1	descriptive
OPYTIMIZER	DOA	5	10	1093	107	1200	1.19235e-206	-1	1	-1	descriptive
OPYTIMIZER	PIO	5	10	964	236	1200	5.09816e-105	-1	1	-1	descriptive
OPYTIMIZER	HHO	5	10	1140	60	1200	9.26188e-260	-1	1	-1	descriptive
OPYTIMIZER	BSA	5	10	1055	145	1200	2.90932e-171	-1	1	-1	descriptive
OPYTIMIZER	TEO	5	10	357	820	1177	1	-1	1.02667e-42	-1	descriptive
OPYTIMIZER	FA	5	10	600	600	1200	0.511514	-1	0.511514	-1	descriptive
OPYTIMIZER	WWO	5	10	1080	120	1200	6.56188e-194	-1	1	-1	descriptive
OPYTIMIZER	IWO	5	10	1073	127	1200	2.46901e-187	-1	1	-1	descriptive
OPYTIMIZER	KH	5	10	1072	128	1200	2.07217e-186	-1	1	-1	descriptive
OPYTIMIZER	FOA	5	10	1067	133	1200	7.58052e-182	-1	1	-1	descriptive
OPYTIMIZER	RPSO	5	10	1095	105	1200	1.12642e-208	-1	1	-1	descriptive
OPYTIMIZER	SCA	5	10	524	676	1200	0.999995	-1	6.37142e-06	-1	descriptive
OPYTIMIZER	OSA	5	10	694	506	1200	3.17122e-08	-1	1	-1	descriptive
OPYTIMIZER	WDO	5	10	630	570	1200	0.0442459	-1	0.960896	-1	descriptive
OPYTIMIZER	LSA	5	10	1128	72	1200	5.78976e-245	-1	1	-1	descriptive
OPYTIMIZER	VPSO	5	10	1095	105	1200	1.12642e-208	-1	1	-1	descriptive
OPYTIMIZER	SBO	5	10	1131	69	1200	1.43156e-248	-1	1	-1	descriptive
OPYTIMIZER	GA	5	10	1079	121	1200	5.86366e-193	-1	1	-1	descriptive
OPYTIMIZER	MFO	5	10	1087	113	1200	1.10972e-200	-1	1	-1	descriptive
OPYTIMIZER	CS	5	10	1079	121	1200	5.86366e-193	-1	1	-1	descriptive
OPYTIMIZER	FSO	5	10	1045	155	1200	8.10326e-163	-1	1	-1	descriptive
OPYTIMIZER	NGHS	5	10	1044	156	1200	5.43514e-162	-1	1	-1	descriptive
OPYTIMIZER	GCO	5	10	1060	140	1200	1.30393e-175	-1	1	-1	descriptive
OPYTIMIZER	TWO	5	10	1122	78	1200	6.40261e-238	-1	1	-1	descriptive
OPYTIMIZER	WEO	5	10	1057	143	1200	5.42881e-173	-1	1	-1	descriptive
OPYTIMIZER	GWO	5	10	1133	67	1200	5.22672e-251	-1	1	-1	descriptive
OPYTIMIZER	SAVPSO	5	10	1061	139	1200	1.71844e-176	-1	1	-1	descriptive
OPYTIMIZER	FFOA	5	10	798	402	1200	5.93917e-31	-1	1	-1	descriptive
OPYTIMIZER	AIG	5	10	1078	122	1200	5.19199e-192	-1	1	-1	descriptive
OPYTIMIZER	BH	5	10	1096	104	1200	1.07796e-209	-1	1	-1	descriptive
OPYTIMIZER	CI	5	10	531	88	619	2.08511e-78	-1	1	-1	descriptive
OPYTIMIZER	SSA	5	10	1105	95	1200	4.47688e-219	-1	1	-1	descriptive
OPYTIMIZER	AO	5	10	1080	120	1200	6.56188e-194	-1	1	-1	descriptive
OPYTIMIZER	MVO	5	10	307	31	338	1.4549e-58	-1	1	-1	descriptive
mealpy	LevyTWO	5	10	602	598	1200	0.465496	-1	0.557379	-1	descriptive
mealpy	OriginalTLO	5	10	602	598	1200	0.465496	-1	0.557379	-1	descriptive
mealpy	GWO	5	10	602	598	1200	0.465496	-1	0.557379	-1	descriptive
mealpy	OriginalBBO	5	10	602	598	1200	0.465496	-1	0.557379	-1	descriptive
mealpy	ABFO	5	10	595	587	1182	0.419336	-1	0.603247	-1	descriptive
mealpy	OriginalWHO	5	10	602	598	1200	0.465496	-1	0.557379	-1	descriptive
mealpy	OriginalFFA	5	10	602	598	1200	0.465496	-1	0.557379	-1	descriptive
mealpy	BaseSARO	5	10	602	598	1200	0.465496	-1	0.557379	-1	descriptive
mealpy	OriginalSMA	5	10	602	598	1200	0.465496	-1	0.557379	-1	descriptive
mealpy	SingleGA	5	10	602	598	1200	0.465496	-1	0.557379	-1	descriptive
mealpy	OriginalSSDO	5	10	621	579	1200	0.118286	-1	0.892762	-1	descriptive
mealpy	OriginalFPA	5	10	602	598	1200	0.465496	-1	0.557379	-1	descriptive
mealpy	OriginalSSO	5	10	602	598	1200	0.465496	-1	0.557379	-1	descriptive
mealpy	OriginalMA	5	10	583	617	1200	0.84384	-1	0.170391	-1	descriptive
mealpy	OriginalCEM	5	10	601	599	1200	0.488486	-1	0.534504	-1	descriptive
mealpy	OCRO	5	10	602	598	1200	0.465496	-1	0.557379	-1	descriptive
mealpy	OriginalBA	5	10	633	567	1200	0.0302784	-1	0.973474	-1	descriptive
mealpy	OriginalAEO	5	10	602	598	1200	0.465496	-1	0.557379	-1	descriptive
mealpy	OriginalBSO	5	10	602	598	1200	0.465496	-1	0.557379	-1	descriptive
mealpy	OriginalBFO	5	10	602	598	1200	0.465496	-1	0.557379	-1	descriptive
mealpy	ImprovedSLO	5	10	626	574	1200	0.0704615	-1	0.937007	-1	descriptive
mealpy	OriginalLCO	5	10	602	598	1200	0.465496	-1	0.557379	-1	descriptive
mealpy	OriginalHGS	5	10	602	598	1200	0.465496	-1	0.557379	-1	descriptive
mealpy	BaseALO	5	10	602	598	1200	0.465496	-1	0.557379	-1	descriptive
mealpy	CPSO	5	10	621	579	1200	0.118286	-1	0.892762	-1	descriptive
mealpy	OriginalEO	5	10	602	598	1200	0.465496	-1	0.557379	-1	descriptive
mealpy	DE	5	10	567	633	1200	0.973474	-1	0.0302784	-1	descriptive
mealpy	ModifiedBA	5	10	602	598	1200	0.465496	-1	0.557379	-1	descriptive
mealpy	BaseTLO	5	10	602	598	1200	0.465496	-1	0.557379	-1	descriptive
mealpy	OriginalPFA	5	10	602	598	1200	0.465496	-1	0.557379	-1	descriptive
mealpy	BaseFOA	5	10	223	977	1200	1	-1	3.68081e-113	-1	descriptive
mealpy	OriginalGBO	5	10	602	598	1200	0.465496	-1	0.557379	-1	descriptive
mealpy	TVAC	5	10	607	593	1200	0.353735	-1	0.667488	-1	descriptive
mealpy	BaseFBIO	5	10	602	598	1200	0.465496	-1	0.557379	-1	descriptive
mealpy	ImprovedBSO	5	10	602	598	1200	0.465496	-1	0.557379	-1	descriptive
mealpy	OriginalAO	5	10	602	598	1200	0.465496	-1	0.557379	-1	descriptive
mealpy	BaseGSKA	5	10	602	598	1200	0.465496	-1	0.557379	-1	descriptive
mealpy	BaseLCO	5	10	602	598	1200	0.465496	-1	0.557379	-1	descriptive
mealpy	OriginalSSpiderA	5	10	602	598	1200	0.465496	-1	0.557379	-1	descriptive
mealpy	BaseHS	5	10	602	598	1200	0.465496	-1	0.557379	-1	descriptive
mealpy	AdaptiveEO	5	10	602	598	1200	0.465496	-1	0.557379	-1	descriptive
mealpy	OriginalWCA	5	10	367	390	757	0.80847	-1	0.211979	-1	descriptive
mealpy	OriginalMRFO	5	10	602	598	1200	0.465496	-1	0.557379	-1	descriptive
mealpy	OriginalEOA	5	10	602	598	1200	0.465496	-1	0.557379	-1	descriptive
mealpy	OriginalABC	5	10	602	598	1200	0.465496	-1	0.557379	-1	descriptive
mealpy	ModifiedAEO	5	10	602	598	1200	0.465496	-1	0.557379	-1	descriptive
mealpy	OriginalSFO	5	10	602	598	1200	0.465496	-1	0.557379	-1	descriptive
mealpy	BaseBBO	5	10	602	598	1200	0.465496	-1	0.557379	-1	descriptive
mealpy	OriginalNMRA	5	10	602	598	1200	0.465496	-1	0.557379	-1	descriptive
mealpy	OriginalACOR	5	10	602	598	1200	0.465496	-1	0.557379	-1	descriptive
mealpy	ImprovedSFO	5	10	602	598	1200	0.465496	-1	0.557379	-1	descriptive
mealpy	OriginalCRO	5	10	602	598	1200	0.465496	-1	0.557379	-1	descriptive
mealpy	LevyJA	5	10	602	598	1200	0.465496	-1	0.557379	-1	descriptive
mealpy	OriginalHS	5	10	602	598	1200	0.465496	-1	0.557379	-1	descriptive
mealpy	OriginalCSO	5	10	633	567	1200	0.0302784	-1	0.973474	-1	descriptive
mealpy	OriginalCOA	5	10	602	598	1200	0.465496	-1	0.557379	-1	descriptive
mealpy	LevyQSA	5	10	602	598	1200	0.465496	-1	0.557379	-1	descriptive
mealpy	OppoQSA	5	10	602	598	1200	0.465496	-1	0.557379	-1	descriptive
mealpy	BaseBRO	5	10	602	598	1200	0.465496	-1	0.557379	-1	descriptive
mealpy	OriginalSLO	5	10	602	598	1200	0.465496	-1	0.557379	-1	descriptive
mealpy	OriginalMVO	5	10	602	598	1200	0.465496	-1	0.557379	-1	descriptive
mealpy	CLPSO	5	10	621	579	1200	0.118286	-1	0.892762	-1	descriptive
mealpy	OriginalNRO	5	10	602	598	1200	0.465496	-1	0.557379	-1	descriptive
mealpy	BaseSCA	5	10	602	598	1200	0.465496	-1	0.557379	-1	descriptive
mealpy	BaseGCO	5	10	602	598	1200	0.465496	-1	0.557379	-1	descriptive
mealpy	OriginalArchOA	5	10	624	576	1200	0.0874141	-1	0.921408	-1	descriptive
mealpy	SwarmHC	5	10	602	598	1200	0.465496	-1	0.557379	-1	descriptive
mealpy	ImprovedTLO	5	10	602	598	1200	0.465496	-1	0.557379	-1	descriptive
mealpy	OriginalMSA	5	10	602	598	1200	0.465496	-1	0.557379	-1	descriptive
mealpy	WOA	5	10	602	598	1200	0.465496	-1	0.557379	-1	descriptive
mealpy	OriginalIWO	5	10	602	598	1200	0.465496	-1	0.557379	-1	descriptive
mealpy	BaseGA	5	10	602	598	1200	0.465496	-1	0.557379	-1	descriptive
mealpy	ModifiedEO	5	10	602	598	1200	0.465496	-1	0.557379	-1	descriptive
mealpy	ImprovedNMRA	5	10	602	598	1200	0.465496	-1	0.557379	-1	descriptive
mealpy	BaseCHIO	5	10	607	593	1200	0.353735	-1	0.667488	-1	descriptive
mealpy	OriginalHHO	5	10	602	598	1200	0.465496	-1	0.557379	-1	descriptive
mealpy	OriginalGWO	5	10	602	598	1200	0.465496	-1	0.557379	-1	descriptive
mealpy	ImprovedQSA	5	10	602	598	1200	0.465496	-1	0.557379	-1	descriptive
mealpy	OriginalFBIO	5	10	602	598	1200	0.465496	-1	0.557379	-1	descriptive
mealpy	OriginalBeesA	5	10	602	598	1200	0.465496	-1	0.557379	-1	descriptive
mealpy	BaseEFO	5	10	602	598	1200	0.465496	-1	0.557379	-1	descriptive
mealpy	OriginalSA	5	10	602	598	1200	0.465496	-1	0.557379	-1	descriptive
mealpy	OriginalHC	5	10	602	598	1200	0.465496	-1	0.557379	-1	descriptive
mealpy	OriginalSHO	5	10	602	598	1200	0.465496	-1	0.557379	-1	descriptive
mealpy	JADE	5	10	602	598	1200	0.465496	-1	0.557379	-1	descriptive
mealpy	OriginalCA	5	10	602	598	1200	0.465496	-1	0.557379	-1	descriptive
mealpy	EnhancedTWO	5	10	602	598	1200	0.465496	-1	0.557379	-1	descriptive
mealpy	BaseSSA	5	10	602	598	1200	0.465496	-1	0.557379	-1	descriptive
mealpy	OriginalAOA	5	10	602	598	1200	0.465496	-1	0.557379	-1	descriptive
mealpy	OriginalQSA	5	10	602	598	1200	0.465496	-1	0.557379	-1	descriptive
mealpy	OriginalGOA	5	10	602	598	1200	0.465496	-1	0.557379	-1	descriptive
mealpy	EnhancedAEO	5	10	602	598	1200	0.465496	-1	0.557379	-1	descriptive
mealpy	OriginalGSKA	5	10	602	598	1200	0.465496	-1	0.557379	-1	descriptive
mealpy	PPSO	5	10	607	593	1200	0.353735	-1	0.667488	-1	descriptive
mealpy	OriginalCGO	5	10	602	598	1200	0.465496	-1	0.557379	-1	descriptive
mealpy	OriginalHGSO	5	10	629	571	1200	0.0499186	-1	0.955754	-1	descriptive
mealpy	OriginalSBO	5	10	602	598	1200	0.465496	-1	0.557379	-1	descriptive
mealpy	OppoTWO	5	10	602	598	1200	0.465496	-1	0.557379	-1	descriptive
mealpy	OriginalASO	5	10	621	579	1200	0.118286	-1	0.892762	-1	descriptive
mealpy	ModifiedSLO	5	10	626	574	1200	0.0704615	-1	0.937007	-1	descriptive
mealpy	BaseVCS	5	10	602	598	1200	0.465496	-1	0.557379	-1	descriptive
mealpy	LSHADE	5	10	602	598	1200	0.465496	-1	0.557379	-1	descriptive
mealpy	OriginalEFO	5	10	578	622	1200	0.903045	-1	0.107238	-1	descriptive
mealpy	OriginalJA	5	10	602	598	1200	0.465496	-1	0.557379	-1	descriptive
mealpy	OriginalGCO	5	10	602	598	1200	0.465496	-1	0.557379	-1	descriptive
mealpy	OriginalPSS	5	10	646	554	1200	0.00429414	-1	0.996383	-1	descriptive
mealpy	OriginalEHO	5	10	602	598	1200	0.465496	-1	0.557379	-1	descriptive
mealpy	OriginalSSA	5	10	602	598	1200	0.465496	-1	0.557379	-1	descriptive
mealpy	OriginalSCA	5	10	602	598	1200	0.465496	-1	0.557379	-1	descriptive
mealpy	OriginalBES	5	10	602	598	1200	0.465496	-1	0.557379	-1	descriptive
mealpy	BaseSBO	5	10	602	598	1200	0.465496	-1	0.557379	-1	descriptive
mealpy	BaseJA	5	10	602	598	1200	0.465496	-1	0.557379	-1	descriptive
mealpy	OriginalSARO	5	10	602	598	1200	0.465496	-1	0.557379	-1	descriptive
mealpy	OriginalSRSR	5	10	602	598	1200	0.465496	-1	0.557379	-1	descriptive
mealpy	OriginalTWO	5	10	602	598	1200	0.465496	-1	0.557379	-1	descriptive
mealpy	OriginalWDO	5	10	620	580	1200	0.130114	-1	0.881714	-1	descriptive
mealpy	AugmentedAEO	5	10	602	598	1200	0.465496	-1	0.557379	-1	descriptive
mealpy	OriginalWOA	5	10	602	598	1200	0.465496	-1	0.557379	-1	descriptive
mealpy	SADE	5	10	602	598	1200	0.465496	-1	0.557379	-1	descriptive
mealpy	OriginalBRO	5	10	602	598	1200	0.465496	-1	0.557379	-1	descriptive
mealpy	OriginalSSpiderO	5	10	594	606	1200	0.646265	-1	0.375423	-1	descriptive
mealpy	ProbBeesA	5	10	602	598	1200	0.465496	-1	0.557379	-1	descriptive
mealpy	OriginalFA	5	10	602	598	1200	0.465496	-1	0.557379	-1	descriptive
mealpy	OriginalCSA	5	10	602	598	1200	0.465496	-1	0.557379	-1	descriptive
mealpy	OriginalALO	5	10	602	598	1200	0.465496	-1	0.557379	-1	descriptive
mealpy	OriginalDO	5	10	602	598	1200	0.465496	-1	0.557379	-1	descriptive
mealpy	OriginalCHIO	5	10	607	593	1200	0.353735	-1	0.667488	-1	descriptive
mealpy	OriginalBSA	5	10	602	598	1200	0.465496	-1	0.557379	-1	descriptive
mealpy	LevyEP	5	10	621	579	1200	0.118286	-1	0.892762	-1	descriptive
mealpy	OriginalICA	5	10	334	353	687	0.777271	-1	0.246136	-1	descriptive
mealpy	ImprovedLCO	5	10	602	598	1200	0.465496	-1	0.557379	-1	descriptive
mealpy	OriginalMFO	5	10	602	598	1200	0.465496	-1	0.557379	-1	descriptive
mealpy	ImprovedAEO	5	10	602	598	1200	0.465496	-1	0.557379	-1	descriptive
mealpy	OriginalVCS	5	10	602	598	1200	0.465496	-1	0.557379	-1	descriptive
mealpy	AdaptiveBA	5	10	614	586	1200	0.217872	-1	0.798743	-1	descriptive
mealpy	MultiGA	5	10	602	598	1200	0.465496	-1	0.557379	-1	descriptive
mealpy	OriginalES	5	10	621	579	1200	0.118286	-1	0.892762	-1	descriptive
mealpy	LevyES	5	10	621	579	1200	0.118286	-1	0.892762	-1	descriptive
mealpy	OriginalEP	5	10	621	579	1200	0.118286	-1	0.892762	-1	descriptive
mealpy	BaseSMA	5	10	602	598	1200	0.465496	-1	0.557379	-1	descriptive
mealpy	OriginalPSO	5	10	621	579	1200	0.118286	-1	0.892762	-1	descriptive
mealpy	FBUDGETSHADE	5	10	602	598	1200	0.465496	-1	0.557379	-1	descriptive
mealpy	OriginalFOA	5	10	223	977	1200	1	-1	3.68081e-113	-1	descriptive
mealpy	BaseQSA	5	10	602	598	1200	0.465496	-1	0.557379	-1	descriptive
mealpy	BaseMFO	5	10	602	598	1200	0.465496	-1	0.557379	-1	descriptive
mealpy	BaseDE	5	10	602	598	1200	0.465496	-1	0.557379	-1	descriptive
mealpy	WhaleFOA	5	10	223	977	1200	1	-1	3.68081e-113	-1	descriptive
Baselines	DE	5	10	664	536	1200	0.000121582	-1	0.999903	-1	descriptive
Baselines	RCobyla	5	10	1034	166	1200	6.73123e-154	-1	1	-1	descriptive
Baselines	PSO	5	10	560	640	1200	0.990332	-1	0.0112683	-1	descriptive
Baselines	DiagonalCMA	5	10	682	518	1200	1.22433e-06	-1	0.999999	-1	descriptive
Baselines	modcma	5	10	997	203	1200	1.76421e-126	-1	1	-1	descriptive
Baselines	modde	5	10	602	598	1200	0.465496	-1	0.557379	-1	descriptive
Baselines	OnePlusOne	5	10	1051	149	1200	7.61007e-168	-1	1	-1	descriptive
Baselines	Powell	5	10	419	781	1200	1	-1	4.24192e-26	-1	descriptive
Baselines	MultiBFGS	5	10	643	557	1200	0.00705216	-1	0.994004	-1	descriptive
Baselines	lshade	5	10	602	598	1200	0.465496	-1	0.557379	-1	descriptive
Baselines	bipop	5	10	997	203	1200	1.76421e-126	-1	1	-1	descriptive
EVOLOPY	DE	5	50	994	206	1200	2.0326e-124	4.5327e-122	1	1	better
EVOLOPY	JAYA	5	50	926	274	1200	2.2185e-83	4.12641e-81	1	1	better
EVOLOPY	PSO	5	50	980	220	1200	4.27115e-115	8.96942e-113	1	1	better
EVOLOPY	WOA	5	50	952	248	1200	7.57781e-98	1.48525e-95	1	1	better
EVOLOPY	FFA	5	50	862	338	1200	1.67372e-53	2.56078e-51	1	1	better
EVOLOPY	BAT	5	50	579	621	1200	0.892762	1	0.118286	1	not shown
EVOLOPY	MVO	5	50	986	214	1200	4.94816e-119	1.06386e-116	1	1	better
EVOLOPY	HHO	5	50	843	357	1200	4.41913e-46	6.45193e-44	1	1	better
EVOLOPY	SCA	5	50	652	548	1200	0.00146505	0.143575	0.998789	1	not shown
EVOLOPY	GA	5	50	534	395	929	2.87177e-06	0.000315895	0.999998	1	better
EVOLOPY	MFO	5	50	965	235	1200	1.24469e-105	2.47693e-103	1	1	better
EVOLOPY	CS	5	50	482	718	1200	1	1	5.03935e-12	1.2548e-09	worse
EVOLOPY	GWO	5	50	1114	86	1200	7.3916e-229	2.04747e-226	1	1	better
EVOLOPY	SSA	5	50	669	531	1200	3.76496e-05	0.00399085	0.999971	1	better
NIAPY	DynamicFireworksAlgorithm	5	50	600	600	1200	0.511514	1	0.511514	1	not shown
NIAPY	HarmonySearch	5	50	937	263	1200	2.51321e-89	4.80024e-87	1	1	better
NIAPY	EvolutionStrategyMp1	5	50	976	224	1200	1.60804e-112	3.34471e-110	1	1	better
NIAPY	MonarchButterflyOptimization	5	50	673	527	1200	1.39098e-05	0.00148835	0.999989	1	better
NIAPY	CenterParticleSwarmOptimization	5	50	1043	157	1200	3.61887e-161	8.75766e-159	1	1	better
NIAPY	DynNpDifferentialEvolution	5	50	913	287	1200	1.13248e-76	2.01581e-74	1	1	better
NIAPY	CamelAlgorithm	5	50	816	384	1200	1.33651e-36	1.85775e-34	1	1	better
NIAPY	BatAlgorithm	5	50	674	526	1200	1.07573e-05	0.00117254	0.999992	1	better
NIAPY	GlowwormSwarmOptimization	5	50	221	979	1200	1	1	1.89704e-114	5.44451e-112	worse
NIAPY	BareBonesFireworksAlgorithm	5	50	1087	113	1200	1.10972e-200	3.00734e-198	1	1	better
NIAPY	CuckooSearch	5	50	423	777	1200	1	1	5.04625e-25	1.28679e-22	worse
NIAPY	GeneticAlgorithm	5	50	584	616	1200	0.829609	1	0.185425	1	not shown
NIAPY	ParticleSwarmAlgorithm	5	50	908	292	1200	3.50133e-74	6.12732e-72	1	1	better
NIAPY	MonkeyKingEvolutionV3	5	50	908	292	1200	3.50133e-74	6.12732e-72	1	1	better
NIAPY	MonkeyKingEvolutionV2	5	50	486	714	1200	1	1	2.47782e-11	6.14501e-09	worse
NIAPY	SineCosineAlgorithm	5	50	122	1078	1200	1	1	5.19199e-192	1.53164e-189	worse
NIAPY	EvolutionStrategy1p1	5	50	994	206	1200	2.0326e-124	4.5327e-122	1	1	better
NIAPY	HarrisHawksOptimization	5	50	987	213	1200	1.07117e-119	2.31374e-117	1	1	better
NIAPY	ParticleSwarmOptimization	5	50	877	323	1200	8.15275e-60	1.3289e-57	1	1	better
NIAPY	ForestOptimizationAlgorithm	5	50	524	676	1200	0.999995	1	6.37142e-06	0.00150366	worse
NIAPY	EnhancedFireworksAlgorithm	5	50	725	475	1200	2.72251e-13	3.29424e-11	1	1	better
NIAPY	MultiStrategyDifferentialEvolution	5	50	530	670	1200	0.999977	1	2.94953e-05	0.0069019	worse
NIAPY	MutatedParticleSwarmOptimization	5	50	1031	169	1200	1.57118e-151	3.67657e-149	1	1	better
NIAPY	ComprehensiveLearningParticleSwarmOptimizer	5	50	288	912	1200	1	1	3.59763e-76	1.01093e-73	worse
NIAPY	KrillHerd	5	50	815	385	1200	2.84225e-36	3.89389e-34	1	1	better
NIAPY	FishSchoolSearch	5	50	409	791	1200	1	1	6.73357e-29	1.73726e-26	worse
NIAPY	MutatedCenterUnifiedParticleSwarmOptimization	5	50	1087	113	1200	1.10972e-200	3.00734e-198	1	1	better
NIAPY	MutatedCenterParticleSwarmOptimization	5	50	1055	145	1200	2.90932e-171	7.24421e-169	1	1	better
NIAPY	GlowwormSwarmOptimizationV2	5	50	196	1004	1200	1	1	2.21841e-131	6.43338e-129	worse
NIAPY	CatSwarmOptimization	5	50	717	483	1200	7.54242e-12	8.97548e-10	1	1	better
NIAPY	DifferentialEvolution	5	50	543	657	1200	0.999553	1	0.00054883	0.125682	not shown
NIAPY	FireworksAlgorithm	5	50	502	698	1200	1	1	8.43967e-09	2.05084e-06	worse
NIAPY	MothFlameOptimizer	5	50	495	705	1200	1	1	7.31877e-10	1.78578e-07	worse
NIAPY	DynNpMultiStrategyDifferentialEvolution	5	50	533	667	1200	0.999952	1	6.07551e-05	0.0141559	worse
NIAPY	EvolutionStrategyML	5	50	951	249	1200	2.90239e-97	5.65967e-95	1	1	better
NIAPY	GreyWolfOptimizer	5	50	1074	126	1200	2.91616e-188	7.61117e-186	1	1	better
NIAPY	HarmonySearchV1	5	50	871	329	1200	3.05539e-57	4.79696e-55	1	1	better
NIAPY	BeesAlgorithm	5	50	865	335	1200	9.85426e-55	1.51756e-52	1	1	better
NIAPY	GlowwormSwarmOptimizationV1	5	50	206	994	1200	1	1	2.0326e-124	5.87422e-122	worse
NIAPY	GlowwormSwarmOptimizationV3	5	50	215	985	1200	1	1	2.27282e-118	6.54573e-116	worse
NIAPY	LionOptimizationAlgorithm	5	50	726	474	1200	1.77e-13	2.1594e-11	1	1	better
NIAPY	ArtificialBeeColonyAlgorithm	5	50	973	227	1200	1.29755e-110	2.647e-108	1	1	better
NIAPY	AgingNpDifferentialEvolution	5	50	510	690	1200	1	1	1.12994e-07	2.71185e-05	worse
NIAPY	OppositionVelocityClampingParticleSwarmOptimization	5	50	606	594	1200	0.375423	1	0.646265	1	not shown
NIAPY	CoralReefsOptimization	5	50	347	853	1200	1	1	6.57703e-50	1.76264e-47	worse
NIAPY	BacterialForagingOptimization	5	50	393	807	1200	1	1	1.03744e-33	2.69735e-31	worse
NIAPY	DynamicFireworksAlgorithmGauss	5	50	625	575	1200	0.078592	1	0.929538	1	not shown
NIAPY	ClonalSelectionAlgorithm	5	50	168	1032	1200	1	1	2.56951e-152	7.50298e-150	worse
NIAPY	GravitationalSearchAlgorithm	5	50	637	563	1200	0.0175227	1	0.98483	1	not shown
NIAPY	MonkeyKingEvolutionV1	5	50	488	712	1200	1	1	5.38373e-11	1.32978e-08	worse
NIAPY	EvolutionStrategyMpL	5	50	948	252	1200	1.58218e-95	3.0536e-93	1	1	better
NIAPY	FireflyAlgorithm	5	50	651	549	1200	0.00176628	0.171329	0.998535	1	not shown
NIAPY	FlowerPollinationAlgorithm	5	50	504	696	1200	1	1	1.64689e-08	3.98549e-06	worse
OPYTIMIZER	SA	5	50	966	234	1200	3.02285e-106	6.07593e-104	1	1	better
OPYTIMIZER	GOGHS	5	50	1026	174	1200	1.21249e-147	2.82511e-145	1	1	better
OPYTIMIZER	QSA	5	50	1054	146	1200	2.10491e-170	5.22017e-168	1	1	better
OPYTIMIZER	SGHS	5	50	984	216	1200	1.03809e-117	2.21112e-115	1	1	better
OPYTIMIZER	DE	5	50	1060	140	1200	1.30393e-175	3.32502e-173	1	1	better
OPYTIMIZER	RFO	5	50	1135	65	1200	1.79217e-253	5.03601e-251	1	1	better
OPYTIMIZER	PPA	5	50	804	396	1200	8.90903e-33	1.19381e-30	1	1	better
OPYTIMIZER	EHO	5	50	1075	125	1200	3.414e-189	8.94467e-187	1	1	better
OPYTIMIZER	AEO	5	50	1131	69	1200	1.43156e-248	3.99406e-246	1	1	better
OPYTIMIZER	ABO	5	50	1039	161	1200	6.61411e-158	1.57416e-155	1	1	better
OPYTIMIZER	GHS	5	50	994	206	1200	2.0326e-124	4.5327e-122	1	1	better
OPYTIMIZER	PVS	5	50	1058	142	1200	7.32854e-174	1.84679e-171	1	1	better
OPYTIMIZER	BWO	5	50	1036	164	1200	1.71488e-155	4.06426e-153	1	1	better
OPYTIMIZER	PSO	5	50	1157	43	1200	1.18396e-282	3.44531e-280	1	1	better
OPYTIMIZER	BSO	5	50	1116	84	1200	4.33323e-231	1.20464e-228	1	1	better
OPYTIMIZER	CSA	5	50	660	540	1200	0.000293209	0.0296141	0.999764	1	better
OPYTIMIZER	SSO	5	50	1045	155	1200	8.10326e-163	1.96909e-160	1	1	better
OPYTIMIZER	WOA	5	50	1144	56	1200	6.33725e-265	1.80612e-262	1	1	better
OPYTIMIZER	BA	5	50	971	229	1200	2.35813e-109	4.787e-107	1	1	better
OPYTIMIZER	HS	5	50	988	212	1200	2.30571e-120	5.00339e-118	1	1	better
OPYTIMIZER	JS	5	50	1080	120	1200	6.56188e-194	1.74546e-191	1	1	better
OPYTIMIZER	SOS	5	50	1168	32	1200	5.11183e-299	1.50799e-296	1	1	better
OPYTIMIZER	GS	5	50	165	1035	1200	1	1	1.07816e-154	3.1698e-152	worse
OPYTIMIZER	EFO	5	50	996	204	1200	8.63517e-126	1.93428e-123	1	1	better
OPYTIMIZER	GSA	5	50	370	830	1200	1	1	2.31004e-41	6.12161e-39	worse
OPYTIMIZER	ESA	5	50	949	251	1200	4.19378e-96	8.13593e-94	1	1	better
OPYTIMIZER	BOA	5	50	72	461	533	1	1	9.53091e-71	2.65912e-68	worse
OPYTIMIZER	HC	5	50	313	887	1200	1	1	2.98337e-64	8.2341e-62	worse
OPYTIMIZER	ABC	5	50	1068	98	1166	6.0392e-207	1.64266e-204	1	1	better
OPYTIMIZER	RRA	5	50	1134	66	1200	3.08504e-252	8.63811e-250	1	1	better
OPYTIMIZER	NDS	5	50	165	1035	1200	1	1	1.07816e-154	3.1698e-152	worse
OPYTIMIZER	NBJS	5	50	1077	123	1200	4.55567e-191	1.19814e-188	1	1	better
OPYTIMIZER	SSD	5	50	324	876	1200	1	1	2.2122e-59	6.06143e-57	worse
OPYTIMIZER	CEM	5	50	512	688	1200	1	1	2.09097e-07	4.99741e-05	worse
OPYTIMIZER	AOA	5	50	925	275	1200	7.48509e-83	1.38474e-80	1	1	better
OPYTIMIZER	MRFO	5	50	1142	58	1200	2.51136e-262	7.13225e-260	1	1	better
OPYTIMIZER	ASO	5	50	106	1094	1200	1	1	1.1649e-207	3.44811e-205	worse
OPYTIMIZER	SFO	5	50	685	515	1200	5.13507e-07	5.75128e-05	1	1	better
OPYTIMIZER	IHS	5	50	985	215	1200	2.27282e-118	4.86384e-116	1	1	better
OPYTIMIZER	COA	5	50	1082	118	1200	7.99289e-196	2.15009e-193	1	1	better
OPYTIMIZER	GOA	5	50	1158	42	1200	4.39231e-284	1.28255e-281	1	1	better
OPYTIMIZER	STOA	5	50	260	940	1200	1	1	5.42855e-91	1.53628e-88	worse
OPYTIMIZER	MVPA	5	50	1142	58	1200	2.51136e-262	7.13225e-260	1	1	better
OPYTIMIZER	ES	5	50	1036	164	1200	1.71488e-155	4.06426e-153	1	1	better
OPYTIMIZER	AIWPSO	5	50	1157	43	1200	1.18396e-282	3.44531e-280	1	1	better
OPYTIMIZER	ISA	5	50	248	952	1200	1	1	7.57781e-98	2.1521e-95	worse
OPYTIMIZER	EO	5	50	1181	19	1200	1.34336e-320	3.97636e-318	1	1	better
OPYTIMIZER	AF	5	50	129	916	1045	1	1	4.75918e-147	1.38492e-144	worse
OPYTIMIZER	DOA	5	50	1080	120	1200	6.56188e-194	1.74546e-191	1	1	better
OPYTIMIZER	PIO	5	50	1097	103	1200	1.02082e-210	2.79705e-208	1	1	better
OPYTIMIZER	HHO	5	50	1136	64	1200	1.02444e-254	2.88893e-252	1	1	better
OPYTIMIZER	BSA	5	50	983	217	1200	4.71472e-117	9.99521e-115	1	1	better
OPYTIMIZER	TEO	5	50	324	853	1177	1	1	1.25145e-55	3.40393e-53	worse
OPYTIMIZER	FA	5	50	307	893	1200	1	1	5.28723e-67	1.46985e-64	worse
OPYTIMIZER	WWO	5	50	1041	159	1200	1.56963e-159	3.75142e-157	1	1	better
OPYTIMIZER	IWO	5	50	1004	196	1200	2.21841e-131	5.03578e-129	1	1	better
OPYTIMIZER	KH	5	50	1073	127	1200	2.46901e-187	6.41942e-185	1	1	better
OPYTIMIZER	FOA	5	50	1043	157	1200	3.61887e-161	8.75766e-159	1	1	better
OPYTIMIZER	RPSO	5	50	1164	36	1200	6.71935e-293	1.97549e-290	1	1	better
OPYTIMIZER	SCA	5	50	392	808	1200	1	1	5.02821e-34	1.31236e-31	worse
OPYTIMIZER	OSA	5	50	599	601	1200	0.534504	1	0.488486	1	not shown
OPYTIMIZER	WDO	5	50	418	782	1200	1	1	2.26344e-26	5.81703e-24	worse
OPYTIMIZER	LSA	5	50	1153	47	1200	4.94899e-277	1.43026e-274	1	1	better
OPYTIMIZER	VPSO	5	50	1147	53	1200	6.98302e-269	1.99715e-266	1	1	better
OPYTIMIZER	SBO	5	50	1108	92	1200	2.73197e-222	7.54023e-220	1	1	better
OPYTIMIZER	GA	5	50	1108	92	1200	2.73197e-222	7.54023e-220	1	1	better
OPYTIMIZER	MFO	5	50	1053	147	1200	1.51112e-169	3.71736e-167	1	1	better
OPYTIMIZER	CS	5	50	1069	131	1200	1.16288e-183	3.00024e-181	1	1	better
OPYTIMIZER	FSO	5	50	924	276	1200	2.51358e-82	4.59985e-80	1	1	better
OPYTIMIZER	NGHS	5	50	991	209	1200	2.22187e-122	4.86589e-120	1	1	better
OPYTIMIZER	GCO	5	50	1026	174	1200	1.21249e-147	2.82511e-145	1	1	better
OPYTIMIZER	TWO	5	50	1151	49	1200	2.80013e-274	8.06439e-272	1	1	better
OPYTIMIZER	WEO	5	50	1008	192	1200	3.07535e-134	7.0118e-132	1	1	better
OPYTIMIZER	GWO	5	50	1150	50	1200	6.45201e-273	1.85173e-270	1	1	better
OPYTIMIZER	SAVPSO	5	50	1161	39	1200	1.9329e-288	5.6634e-286	1	1	better
OPYTIMIZER	FFOA	5	50	521	679	1200	0.999998	1	2.83429e-06	0.000674562	worse
OPYTIMIZER	AIG	5	50	1060	140	1200	1.30393e-175	3.32502e-173	1	1	better
OPYTIMIZER	BH	5	50	1032	168	1200	2.56951e-152	6.03835e-150	1	1	better
OPYTIMIZER	CI	5	50	523	96	619	2.3885e-72	4.10822e-70	1	1	better
OPYTIMIZER	SSA	5	50	1095	105	1200	1.12642e-208	3.07513e-206	1	1	better
OPYTIMIZER	AO	5	50	1009	191	1200	5.84353e-135	1.33817e-132	1	1	better
OPYTIMIZER	MVO	5	50	299	39	338	4.36278e-51	6.5878e-49	1	1	better
mealpy	LevyTWO	5	50	314	886	1200	1	1	8.44732e-64	2.32301e-61	worse
mealpy	OriginalTLO	5	50	830	370	1200	2.31004e-41	3.30336e-39	1	1	better
mealpy	GWO	5	50	1062	138	1200	2.24644e-177	5.75089e-175	1	1	better
mealpy	OriginalBBO	5	50	887	313	1200	2.98337e-64	4.95239e-62	1	1	better
mealpy	ABFO	5	50	533	649	1182	0.99967	1	0.000407931	0.093824	not shown
mealpy	OriginalWHO	5	50	456	744	1200	1	1	4.22646e-17	1.06084e-14	worse
mealpy	OriginalFFA	5	50	525	675	1200	0.999994	1	8.29229e-06	0.00194869	worse
mealpy	BaseSARO	5	50	848	352	1200	5.66766e-48	8.44481e-46	1	1	better
mealpy	OriginalSMA	5	50	537	663	1200	0.999878	1	0.000152237	0.0351668	worse
mealpy	SingleGA	5	50	694	506	1200	3.17122e-08	3.58348e-06	1	1	better
mealpy	OriginalSSDO	5	50	654	546	1200	0.000998557	0.0988571	0.999179	1	not shown
mealpy	OriginalFPA	5	50	576	624	1200	0.921408	1	0.0874141	1	not shown
mealpy	OriginalSSO	5	50	658	542	1200	0.000446742	0.0446742	0.999638	1	better
mealpy	OriginalMA	5	50	565	635	1200	0.97982	1	0.0231708	1	not shown
mealpy	OriginalCEM	5	50	418	782	1200	1	1	2.26344e-26	5.81703e-24	worse
mealpy	OCRO	5	50	876	324	1200	2.2122e-59	3.53952e-57	1	1	better
mealpy	OriginalBA	5	50	267	933	1200	1	1	3.90363e-87	1.10082e-84	worse
mealpy	OriginalAEO	5	50	981	219	1200	9.56321e-116	2.01784e-113	1	1	better
mealpy	OriginalBSO	5	50	989	211	1200	4.93479e-121	1.07578e-118	1	1	better
mealpy	OriginalBFO	5	50	234	966	1200	1	1	3.02285e-106	8.61513e-104	worse
mealpy	ImprovedSLO	5	50	589	611	1200	0.746631	1	0.272194	1	not shown
mealpy	OriginalLCO	5	50	1057	143	1200	5.42881e-173	1.3572e-170	1	1	better
mealpy	OriginalHGS	5	50	978	222	1200	8.37928e-114	1.75127e-111	1	1	better
mealpy	BaseALO	5	50	976	224	1200	1.60804e-112	3.34471e-110	1	1	better
mealpy	CPSO	5	50	888	312	1200	1.04912e-64	1.75203e-62	1	1	better
mealpy	OriginalEO	5	50	1063	137	1200	2.91281e-178	7.48592e-176	1	1	better
mealpy	DE	5	50	490	710	1200	1	1	1.15404e-10	2.83894e-08	worse
mealpy	ModifiedBA	5	50	697	503	1200	1.18092e-08	1.35805e-06	1	1	better
mealpy	BaseTLO	5	50	819	381	1200	1.35822e-37	1.91509e-35	1	1	better
mealpy	OriginalPFA	5	50	638	562	1200	0.0151702	1	0.986906	1	not shown
mealpy	BaseFOA	5	50	362	838	1200	1	1	3.12026e-44	8.33109e-42	worse
mealpy	OriginalGBO	5	50	817	383	1200	6.26076e-37	8.76506e-35	1	1	better
mealpy	TVAC	5	50	1050	150	1200	5.33887e-167	1.30802e-164	1	1	better
mealpy	BaseFBIO	5	50	908	292	1200	3.50133e-74	6.12732e-72	1	1	better
mealpy	ImprovedBSO	5	50	924	276	1200	2.51358e-82	4.59985e-80	1	1	better
mealpy	OriginalAO	5	50	371	829	1200	1	1	5.18412e-41	1.36861e-38	worse
mealpy	BaseGSKA	5	50	1017	183	1200	7.92284e-141	1.83018e-138	1	1	better
mealpy	BaseLCO	5	50	1054	146	1200	2.10491e-170	5.22017e-168	1	1	better
mealpy	OriginalSSpiderA	5	50	650	550	1200	0.00212282	0.201668	0.998234	1	not shown
mealpy	BaseHS	5	50	832	368	1200	4.53358e-42	6.52836e-40	1	1	better
mealpy	AdaptiveEO	5	50	1078	122	1200	5.19199e-192	1.37068e-189	1	1	better
mealpy	OriginalWCA	5	50	657	100	757	1.43934e-101	2.83551e-99	1	1	better
mealpy	OriginalMRFO	5	50	1049	151	1200	3.71717e-166	9.06989e-164	1	1	better
mealpy	OriginalEOA	5	50	639	561	1200	0.0130942	1	0.988732	1	not shown
mealpy	OriginalABC	5	50	733	467	1200	7.89263e-15	9.78686e-13	1	1	better
mealpy	ModifiedAEO	5	50	933	267	1200	3.90363e-87	7.37786e-85	1	1	better
mealpy	OriginalSFO	5	50	610	590	1200	0.291689	1	0.727806	1	not shown
mealpy	BaseBBO	5	50	827	373	1200	2.58068e-40	3.66457e-38	1	1	better
mealpy	OriginalNMRA	5	50	667	533	1200	6.07551e-05	0.00631853	0.999952	1	better
mealpy	OriginalACOR	5	50	651	549	1200	0.00176628	0.171329	0.998535	1	not shown
mealpy	ImprovedSFO	5	50	610	590	1200	0.291689	1	0.727806	1	not shown
mealpy	OriginalCRO	5	50	873	327	1200	4.30951e-58	6.85211e-56	1	1	better
mealpy	LevyJA	5	50	769	431	1200	6.00425e-23	7.56536e-21	1	1	better
mealpy	OriginalHS	5	50	845	355	1200	7.82984e-47	1.15099e-44	1	1	better
mealpy	OriginalCSO	5	50	505	695	1200	1	1	2.28912e-08	5.51677e-06	worse
mealpy	OriginalCOA	5	50	708	492	1200	2.44059e-10	2.83109e-08	1	1	better
mealpy	LevyQSA	5	50	903	297	1200	9.67079e-72	1.65371e-69	1	1	better
mealpy	OppoQSA	5	50	809	391	1200	2.42789e-34	3.30193e-32	1	1	better
mealpy	BaseBRO	5	50	910	290	1200	3.58146e-75	6.30338e-73	1	1	better
mealpy	OriginalSLO	5	50	877	323	1200	8.15275e-60	1.3289e-57	1	1	better
mealpy	OriginalMVO	5	50	998	202	1200	3.58311e-127	8.062e-125	1	1	better
mealpy	CLPSO	5	50	440	760	1200	1	1	9.86963e-21	2.49702e-18	worse
mealpy	OriginalNRO	5	50	623	577	1200	0.0969548	1	0.912586	1	not shown
mealpy	BaseSCA	5	50	668	532	1200	4.79037e-05	0.00502989	0.999962	1	better
mealpy	BaseGCO	5	50	571	629	1200	0.955754	1	0.0499186	1	not shown
mealpy	OriginalArchOA	5	50	780	420	1200	7.92097e-26	1.0218e-23	1	1	better
mealpy	SwarmHC	5	50	338	862	1200	1	1	1.67372e-53	4.53577e-51	worse
mealpy	ImprovedTLO	5	50	925	275	1200	7.48509e-83	1.38474e-80	1	1	better
mealpy	OriginalMSA	5	50	914	286	1200	3.54865e-77	6.38756e-75	1	1	better
mealpy	WOA	5	50	913	287	1200	1.13248e-76	2.01581e-74	1	1	better
mealpy	OriginalIWO	5	50	667	533	1200	6.07551e-05	0.00631853	0.999952	1	better
mealpy	BaseGA	5	50	966	234	1200	3.02285e-106	6.07593e-104	1	1	better
mealpy	ModifiedEO	5	50	1070	130	1200	1.42202e-184	3.68304e-182	1	1	better
mealpy	ImprovedNMRA	5	50	848	352	1200	5.66766e-48	8.44481e-46	1	1	better
mealpy	BaseCHIO	5	50	343	857	1200	1	1	1.73062e-51	4.67268e-49	worse
mealpy	OriginalHHO	5	50	861	339	1200	4.26712e-53	6.48602e-51	1	1	better
mealpy	OriginalGWO	5	50	1060	140	1200	1.30393e-175	3.32502e-173	1	1	better
mealpy	ImprovedQSA	5	50	791	409	1200	6.73357e-29	8.82098e-27	1	1	better
mealpy	OriginalFBIO	5	50	932	268	1200	1.3616e-86	2.55982e-84	1	1	better
mealpy	OriginalBeesA	5	50	406	794	1200	1	1	9.06502e-30	2.34784e-27	worse
mealpy	BaseEFO	5	50	892	308	1200	1.53645e-66	2.59661e-64	1	1	better
mealpy	OriginalSA	5	50	452	748	1200	1	1	5.68454e-18	1.4325e-15	worse
mealpy	OriginalHC	5	50	391	809	1200	1	1	2.42789e-34	6.36106e-32	worse
mealpy	OriginalSHO	5	50	809	391	1200	2.42789e-34	3.30193e-32	1	1	better
mealpy	JADE	5	50	883	317	1200	1.86884e-62	3.0649e-60	1	1	better
mealpy	OriginalCA	5	50	1042	158	1200	2.39201e-160	5.74082e-158	1	1	better
mealpy	EnhancedTWO	5	50	598	602	1200	0.557379	1	0.465496	1	not shown
mealpy	BaseSSA	5	50	804	396	1200	8.90903e-33	1.19381e-30	1	1	better
mealpy	OriginalAOA	5	50	491	709	1200	1	1	1.68109e-10	4.11866e-08	worse
mealpy	OriginalQSA	5	50	867	333	1200	1.46096e-55	2.26448e-53	1	1	better
mealpy	OriginalGOA	5	50	1082	118	1200	7.99289e-196	2.15009e-193	1	1	better
mealpy	EnhancedAEO	5	50	872	328	1200	1.14988e-57	1.81682e-55	1	1	better
mealpy	OriginalGSKA	5	50	869	331	1200	2.13039e-56	3.32341e-54	1	1	better
mealpy	PPSO	5	50	1058	142	1200	7.32854e-174	1.84679e-171	1	1	better
mealpy	OriginalCGO	5	50	774	426	1200	3.11182e-24	3.95201e-22	1	1	better
mealpy	OriginalHGSO	5	50	851	349	1200	3.95746e-49	5.93618e-47	1	1	better
mealpy	OriginalSBO	5	50	968	232	1200	1.75479e-107	3.54468e-105	1	1	better
mealpy	OppoTWO	5	50	696	504	1200	1.64689e-08	1.87746e-06	1	1	better
mealpy	OriginalASO	5	50	288	912	1200	1	1	3.59763e-76	1.01093e-73	worse
mealpy	ModifiedSLO	5	50	629	571	1200	0.0499186	1	0.955754	1	not shown
mealpy	BaseVCS	5	50	961	239	1200	3.39467e-103	6.72146e-101	1	1	better
mealpy	LSHADE	5	50	877	323	1200	8.15275e-60	1.3289e-57	1	1	better
mealpy	OriginalEFO	5	50	1015	185	1200	2.41176e-139	5.54705e-137	1	1	better
mealpy	OriginalJA	5	50	718	482	1200	5.03935e-12	6.04722e-10	1	1	better
mealpy	OriginalGCO	5	50	522	678	1200	0.999997	1	3.72498e-06	0.000882819	worse
mealpy	OriginalPSS	5	50	1082	118	1200	7.99289e-196	2.15009e-193	1	1	better
mealpy	OriginalEHO	5	50	775	425	1200	1.70308e-24	2.17994e-22	1	1	better
mealpy	OriginalSSA	5	50	839	361	1200	1.3423e-44	1.94633e-42	1	1	better
mealpy	OriginalSCA	5	50	674	526	1200	1.07573e-05	0.00117254	0.999992	1	better
mealpy	OriginalBES	5	50	1003	197	1200	1.13227e-130	2.55893e-128	1	1	better
mealpy	BaseSBO	5	50	928	272	1200	1.92148e-84	3.59317e-82	1	1	better
mealpy	BaseJA	5	50	628	572	1200	0.0561566	1	0.950081	1	not shown
mealpy	OriginalSARO	5	50	788	412	1200	4.83877e-28	6.29041e-26	1	1	better
mealpy	OriginalSRSR	5	50	729	471	1200	4.76478e-14	5.86068e-12	1	1	better
mealpy	OriginalTWO	5	50	753	447	1200	4.27888e-19	5.3486e-17	1	1	better
mealpy	OriginalWDO	5	50	600	600	1200	0.511514	1	0.511514	1	not shown
mealpy	AugmentedAEO	5	50	945	255	1200	8.24481e-94	1.583e-91	1	1	better
mealpy	OriginalWOA	5	50	914	286	1200	3.54865e-77	6.38756e-75	1	1	better
mealpy	SADE	5	50	816	384	1200	1.33651e-36	1.85775e-34	1	1	better
mealpy	OriginalBRO	5	50	437	763	1200	1	1	1.86048e-21	4.72561e-19	worse
mealpy	OriginalSSpiderO	5	50	601	599	1200	0.488486	1	0.534504	1	not shown
mealpy	ProbBeesA	5	50	372	828	1200	1	1	1.1589e-40	3.04791e-38	worse
mealpy	OriginalFA	5	50	307	893	1200	1	1	5.28723e-67	1.46985e-64	worse
mealpy	OriginalCSA	5	50	369	831	1200	1	1	1.02536e-41	2.72745e-39	worse
mealpy	OriginalALO	5	50	976	224	1200	1.60804e-112	3.34471e-110	1	1	better
mealpy	OriginalDO	5	50	567	633	1200	0.973474	1	0.0302784	1	not shown
mealpy	OriginalCHIO	5	50	343	857	1200	1	1	1.73062e-51	4.67268e-49	worse
mealpy	OriginalBSA	5	50	975	225	1200	6.98668e-112	1.43227e-109	1	1	better
mealpy	LevyEP	5	50	558	642	1200	0.992948	1	0.00826962	1	not shown
mealpy	OriginalICA	5	50	590	97	687	2.39873e-87	4.5576e-85	1	1	better
mealpy	ImprovedLCO	5	50	992	208	1200	4.67395e-123	1.02827e-120	1	1	better
mealpy	OriginalMFO	5	50	480	720	1200	1	1	2.22673e-12	5.56682e-10	worse
mealpy	ImprovedAEO	5	50	804	396	1200	8.90903e-33	1.19381e-30	1	1	better
mealpy	OriginalVCS	5	50	887	313	1200	2.98337e-64	4.95239e-62	1	1	better
mealpy	AdaptiveBA	5	50	535	665	1200	0.999923	1	9.67899e-05	0.0224553	worse
mealpy	MultiGA	5	50	714	486	1200	2.47782e-11	2.92383e-09	1	1	better
mealpy	OriginalES	5	50	892	308	1200	1.53645e-66	2.59661e-64	1	1	better
mealpy	LevyES	5	50	712	488	1200	5.38373e-11	6.29896e-09	1	1	better
mealpy	OriginalEP	5	50	621	579	1200	0.118286	1	0.892762	1	not shown
mealpy	BaseSMA	5	50	564	636	1200	0.982477	1	0.0201798	1	not shown
mealpy	OriginalPSO	5	50	636	564	1200	0.0201798	1	0.982477	1	not shown
mealpy	FBUDGETSHADE	5	50	899	301	1200	8.00873e-70	1.36148e-67	1	1	better
mealpy	OriginalFOA	5	50	223	977	1200	1	1	3.68081e-113	1.05271e-110	worse
mealpy	BaseQSA	5	50	919	281	1200	1.00074e-79	1.81134e-77	1	1	better
mealpy	BaseMFO	5	50	665	535	1200	9.67899e-05	0.00987257	0.999923	1	better
mealpy	BaseDE	5	50	684	516	1200	6.88265e-07	7.63974e-05	0.999999	1	better
mealpy	WhaleFOA	5	50	327	873	1200	1	1	4.30951e-58	1.17649e-55	worse
Baselines	DE	5	50	1032	168	1200	2.56951e-152	1.79866e-151	1	1	better
Baselines	RCobyla	5	50	966	234	1200	3.02285e-106	1.81371e-105	1	1	better
Baselines	PSO	5	50	484	716	1200	1	1	1.12505e-11	1.23755e-10	worse
Baselines	DiagonalCMA	5	50	1072	128	1200	2.07217e-186	1.86495e-185	1	1	better
Baselines	modcma	5	50	1130	70	1200	2.31531e-247	2.54684e-246	1	1	better
Baselines	modde	5	50	750	450	1200	2.04139e-18	4.08279e-18	1	1	better
Baselines	OnePlusOne	5	50	1067	133	1200	7.58052e-182	6.06442e-181	1	1	better
Baselines	Powell	5	50	935	265	1200	3.16259e-88	1.58129e-87	1	1	better
Baselines	MultiBFGS	5	50	775	425	1200	1.70308e-24	5.10923e-24	1	1	better
Baselines	lshade	5	50	801	399	1200	7.39716e-32	2.95886e-31	1	1	better
Baselines	bipop	5	50	1130	70	1200	2.31531e-247	2.54684e-246	1	1	better
EVOLOPY	DE	5	100	1091	109	1200	1.21162e-204	3.10174e-202	1	1	better
EVOLOPY	JAYA	5	100	981	219	1200	9.56321e-116	1.63531e-113	1	1	better
EVOLOPY	PSO	5	100	1011	189	1200	2.07079e-136	3.87238e-134	1	1	better
EVOLOPY	WOA	5	100	980	220	1200	4.27115e-115	7.26096e-113	1	1	better
EVOLOPY	FFA	5	100	901	299	1200	8.87909e-71	1.23419e-68	1	1	better
EVOLOPY	BAT	5	100	508	692	1200	1	1	6.02584e-08	1.46428e-05	worse
EVOLOPY	MVO	5	100	1041	159	1200	1.56963e-159	3.39041e-157	1	1	better
EVOLOPY	HHO	5	100	844	356	1200	1.86384e-46	2.19933e-44	1	1	better
EVOLOPY	SCA	5	100	674	526	1200	1.07573e-05	0.000935883	0.999992	1	better
EVOLOPY	GA	5	100	651	278	929	1.73852e-35	1.94715e-33	1	1	better
EVOLOPY	MFO	5	100	1097	103	1200	1.02082e-210	2.68476e-208	1	1	better
EVOLOPY	CS	5	100	659	541	1200	0.000362497	0.0304498	0.999707	1	better
EVOLOPY	GWO	5	100	1113	87	1200	9.47456e-228	2.6055e-225	1	1	better
EVOLOPY	SSA	5	100	611	589	1200	0.272194	1	0.746631	1	not shown
NIAPY	DynamicFireworksAlgorithm	5	100	797	403	1200	1.18046e-30	1.26309e-28	1	1	better
NIAPY	HarmonySearch	5	100	1009	191	1200	5.84353e-135	1.08105e-132	1	1	better
NIAPY	EvolutionStrategyMp1	5	100	1050	150	1200	5.33887e-167	1.20658e-164	1	1	better
NIAPY	MonarchButterflyOptimization	5	100	732	468	1200	1.24358e-14	1.28088e-12	1	1	better
NIAPY	CenterParticleSwarmOptimization	5	100	1078	122	1200	5.19199e-192	1.28761e-189	1	1	better
NIAPY	DynNpDifferentialEvolution	5	100	1042	158	1200	2.39201e-160	5.19066e-158	1	1	better
NIAPY	CamelAlgorithm	5	100	900	300	1200	2.67256e-70	3.68813e-68	1	1	better
NIAPY	BatAlgorithm	5	100	889	311	1200	3.67341e-65	4.95911e-63	1	1	better
NIAPY	GlowwormSwarmOptimization	5	100	169	1031	1200	1	1	1.57118e-151	4.49359e-149	worse
NIAPY	BareBonesFireworksAlgorithm	5	100	1053	147	1200	1.51112e-169	3.47559e-167	1	1	better
NIAPY	CuckooSearch	5	100	588	612	1200	0.764749	1	0.253369	1	not shown
NIAPY	GeneticAlgorithm	5	100	583	617	1200	0.84384	1	0.170391	1	not shown
NIAPY	ParticleSwarmAlgorithm	5	100	1062	138	1200	2.24644e-177	5.27914e-175	1	1	better
NIAPY	MonkeyKingEvolutionV3	5	100	947	253	1200	5.93923e-95	8.90885e-93	1	1	better
NIAPY	MonkeyKingEvolutionV2	5	100	486	714	1200	1	1	2.47782e-11	6.12023e-09	worse
NIAPY	SineCosineAlgorithm	5	100	61	1139	1200	1	1	1.7326e-258	5.12848e-256	worse
NIAPY	EvolutionStrategy1p1	5	100	943	257	1200	1.12204e-92	1.66062e-90	1	1	better
NIAPY	HarrisHawksOptimization	5	100	1029	171	1200	5.75507e-150	1.16252e-147	1	1	better
NIAPY	ParticleSwarmOptimization	5	100	854	346	1200	2.66508e-50	3.33134e-48	1	1	better
NIAPY	ForestOptimizationAlgorithm	5	100	844	356	1200	1.86384e-46	2.19933e-44	1	1	better
NIAPY	EnhancedFireworksAlgorithm	5	100	983	217	1200	4.71472e-117	8.10932e-115	1	1	better
NIAPY	MultiStrategyDifferentialEvolution	5	100	555	645	1200	0.995706	1	0.00508185	1	not shown
NIAPY	MutatedParticleSwarmOptimization	5	100	1060	140	1200	1.30393e-175	3.0512e-173	1	1	better
NIAPY	ComprehensiveLearningParticleSwarmOptimizer	5	100	337	863	1200	1	1	6.53804e-54	1.70643e-51	worse
NIAPY	KrillHerd	5	100	688	512	1200	2.09097e-07	1.92369e-05	1	1	better
NIAPY	FishSchoolSearch	5	100	348	852	1200	1	1	1.61658e-49	4.20311e-47	worse
NIAPY	MutatedCenterUnifiedParticleSwarmOptimization	5	100	1108	92	1200	2.73197e-222	7.32168e-220	1	1	better
NIAPY	MutatedCenterParticleSwarmOptimization	5	100	1074	126	1200	2.91616e-188	7.11542e-186	1	1	better
NIAPY	GlowwormSwarmOptimizationV2	5	100	149	1051	1200	1	1	7.61007e-168	2.21453e-165	worse
NIAPY	CatSwarmOptimization	5	100	836	364	1200	1.66628e-43	1.93289e-41	1	1	better
NIAPY	DifferentialEvolution	5	100	639	561	1200	0.0130942	1	0.988732	1	not shown
NIAPY	FireworksAlgorithm	5	100	672	528	1200	1.79282e-05	0.00154182	0.999986	1	better
NIAPY	MothFlameOptimizer	5	100	416	784	1200	1	1	6.37434e-27	1.60633e-24	worse
NIAPY	DynNpMultiStrategyDifferentialEvolution	5	100	596	604	1200	0.602487	1	0.419935	1	not shown
NIAPY	EvolutionStrategyML	5	100	1063	137	1200	2.91281e-178	6.87423e-176	1	1	better
NIAPY	GreyWolfOptimizer	5	100	1112	88	1200	1.19957e-226	3.27484e-224	1	1	better
NIAPY	HarmonySearchV1	5	100	959	241	1200	5.43331e-102	8.42164e-100	1	1	better
NIAPY	BeesAlgorithm	5	100	1035	165	1200	1.07816e-154	2.27492e-152	1	1	better
NIAPY	GlowwormSwarmOptimizationV1	5	100	145	1055	1200	1	1	2.90932e-171	8.49522e-169	worse
NIAPY	GlowwormSwarmOptimizationV3	5	100	177	1023	1200	1	1	2.40501e-145	6.83023e-143	worse
NIAPY	LionOptimizationAlgorithm	5	100	846	354	1200	3.27619e-47	3.93143e-45	1	1	better
NIAPY	ArtificialBeeColonyAlgorithm	5	100	1058	142	1200	7.32854e-174	1.70755e-171	1	1	better
NIAPY	AgingNpDifferentialEvolution	5	100	592	608	1200	0.688188	1	0.332512	1	not shown
NIAPY	OppositionVelocityClampingParticleSwarmOptimization	5	100	701	499	1200	3.0196e-09	2.83843e-07	1	1	better
NIAPY	CoralReefsOptimization	5	100	315	885	1200	1	1	2.38157e-63	6.33499e-61	worse
NIAPY	BacterialForagingOptimization	5	100	354	846	1200	1	1	3.27619e-47	8.45257e-45	worse
NIAPY	DynamicFireworksAlgorithmGauss	5	100	857	343	1200	1.73062e-51	2.19789e-49	1	1	better
NIAPY	ClonalSelectionAlgorithm	5	100	149	1051	1200	1	1	7.61007e-168	2.21453e-165	worse
NIAPY	GravitationalSearchAlgorithm	5	100	557	643	1200	0.994004	1	0.00705216	1	not shown
NIAPY	MonkeyKingEvolutionV1	5	100	623	577	1200	0.0969548	1	0.912586	1	not shown
NIAPY	EvolutionStrategyMpL	5	100	1046	154	1200	1.19923e-163	2.6383e-161	1	1	better
NIAPY	FireflyAlgorithm	5	100	644	556	1200	0.00599564	0.479651	0.994918	1	not shown
NIAPY	FlowerPollinationAlgorithm	5	100	631	569	1200	0.0391044	1	0.96554	1	not shown
OPYTIMIZER	SA	5	100	946	254	1200	2.21838e-94	3.30539e-92	1	1	better
OPYTIMIZER	GOGHS	5	100	1019	181	1200	2.53665e-142	4.87038e-140	1	1	better
OPYTIMIZER	QSA	5	100	1086	114	1200	1.05932e-199	2.69068e-197	1	1	better
OPYTIMIZER	SGHS	5	100	964	236	1200	5.09816e-105	8.0551e-103	1	1	better
OPYTIMIZER	DE	5	100	1096	104	1200	1.07796e-209	2.81347e-207	1	1	better
OPYTIMIZER	RFO	5	100	1153	47	1200	4.94899e-277	1.42531e-274	1	1	better
OPYTIMIZER	PPA	5	100	715	485	1200	1.67247e-11	1.65574e-09	1	1	better
OPYTIMIZER	EHO	5	100	1085	115	1200	1.00151e-198	2.5238e-196	1	1	better
OPYTIMIZER	AEO	5	100	1140	60	1200	9.26188e-260	2.60259e-257	1	1	better
OPYTIMIZER	ABO	5	100	1051	149	1200	7.61007e-168	1.7351e-165	1	1	better
OPYTIMIZER	GHS	5	100	966	234	1200	3.02285e-106	4.83656e-104	1	1	better
OPYTIMIZER	PVS	5	100	1044	156	1200	5.43514e-162	1.1903e-159	1	1	better
OPYTIMIZER	BWO	5	100	1034	166	1200	6.73123e-154	1.41356e-151	1	1	better
OPYTIMIZER	PSO	5	100	1159	41	1200	1.59022e-285	4.62753e-283	1	1	better
OPYTIMIZER	BSO	5	100	1110	90	1200	1.85408e-224	5.00603e-222	1	1	better
OPYTIMIZER	CSA	5	100	687	513	1200	2.83038e-07	2.57564e-05	1	1	better
OPYTIMIZER	SSO	5	100	992	208	1200	4.67395e-123	8.31963e-121	1	1	better
OPYTIMIZER	WOA	5	100	1147	53	1200	6.98302e-269	1.99016e-266	1	1	better
OPYTIMIZER	BA	5	100	949	251	1200	4.19378e-96	6.33261e-94	1	1	better
OPYTIMIZER	HS	5	100	958	242	1200	2.15686e-101	3.32157e-99	1	1	better
OPYTIMIZER	JS	5	100	1075	125	1200	3.414e-189	8.39843e-187	1	1	better
OPYTIMIZER	SOS	5	100	1178	22	1200	2.39493e-315	7.06506e-313	1	1	better
OPYTIMIZER	GS	5	100	77	1123	1200	1	1	4.44251e-239	1.31054e-236	worse
OPYTIMIZER	EFO	5	100	986	214	1200	4.94816e-119	8.65929e-117	1	1	better
OPYTIMIZER	GSA	5	100	311	889	1200	1	1	3.67341e-65	9.84475e-63	worse
OPYTIMIZER	ESA	5	100	881	319	1200	1.44166e-61	1.88857e-59	1	1	better
OPYTIMIZER	BOA	5	100	60	473	533	1	1	6.22277e-81	1.70504e-78	worse
OPYTIMIZER	HC	5	100	254	946	1200	1	1	2.21838e-94	6.16711e-92	worse
OPYTIMIZER	ABC	5	100	1087	79	1166	1.49642e-227	4.10018e-225	1	1	better
OPYTIMIZER	RRA	5	100	1121	79	1200	9.10264e-237	2.52143e-234	1	1	better
OPYTIMIZER	NDS	5	100	77	1123	1200	1	1	4.44251e-239	1.31054e-236	worse
OPYTIMIZER	NBJS	5	100	1047	153	1200	1.76165e-164	3.89325e-162	1	1	better
OPYTIMIZER	SSD	5	100	270	930	1200	1	1	1.63298e-85	4.50703e-83	worse
OPYTIMIZER	CEM	5	100	494	706	1200	1	1	5.09234e-10	1.24762e-07	worse
OPYTIMIZER	AOA	5	100	846	354	1200	3.27619e-47	3.93143e-45	1	1	better
OPYTIMIZER	MRFO	5	100	1155	45	1200	8.01255e-280	2.32364e-277	1	1	better
OPYTIMIZER	ASO	5	100	77	1123	1200	1	1	4.44251e-239	1.31054e-236	worse
OPYTIMIZER	SFO	5	100	751	449	1200	1.2169e-18	1.26558e-16	1	1	better
OPYTIMIZER	IHS	5	100	965	235	1200	1.24469e-105	1.97906e-103	1	1	better
OPYTIMIZER	COA	5	100	1105	95	1200	4.47688e-219	1.19085e-216	1	1	better
OPYTIMIZER	GOA	5	100	1147	53	1200	6.98302e-269	1.99016e-266	1	1	better
OPYTIMIZER	STOA	5	100	209	991	1200	1	1	2.22187e-122	6.28788e-120	worse
OPYTIMIZER	MVPA	5	100	1132	68	1200	8.71728e-250	2.44084e-247	1	1	better
OPYTIMIZER	ES	5	100	1082	118	1200	7.99289e-196	2.00622e-193	1	1	better
OPYTIMIZER	AIWPSO	5	100	1152	48	1200	1.18991e-275	3.41503e-273	1	1	better
OPYTIMIZER	ISA	5	100	228	972	1200	1	1	5.54649e-110	1.55856e-107	worse
OPYTIMIZER	EO	5	100	1183	17	1200	0	0	1	1	better
OPYTIMIZER	AF	5	100	108	937	1045	1	1	8.53124e-166	2.46553e-163	worse
OPYTIMIZER	DOA	5	100	1077	123	1200	4.55567e-191	1.12525e-188	1	1	better
OPYTIMIZER	PIO	5	100	1067	133	1200	7.58052e-182	1.81174e-179	1	1	better
OPYTIMIZER	HHO	5	100	1127	73	1200	8.95539e-244	2.49855e-241	1	1	better
OPYTIMIZER	BSA	5	100	985	215	1200	2.27282e-118	3.95471e-116	1	1	better
OPYTIMIZER	TEO	5	100	401	776	1177	1	1	2.00032e-28	5.0808e-26	worse
OPYTIMIZER	FA	5	100	231	969	1200	1	1	4.19434e-108	1.17441e-105	worse
OPYTIMIZER	WWO	5	100	1081	119	1200	7.27584e-195	1.81896e-192	1	1	better
OPYTIMIZER	IWO	5	100	998	202	1200	3.58311e-127	6.48543e-125	1	1	better
OPYTIMIZER	KH	5	100	1072	128	1200	2.07217e-186	5.01465e-184	1	1	better
OPYTIMIZER	FOA	5	100	1052	148	1200	1.0765e-168	2.46517e-166	1	1	better
OPYTIMIZER	RPSO	5	100	1165	35	1200	2.07448e-294	6.07821e-292	1	1	better
OPYTIMIZER	SCA	5	100	307	893	1200	1	1	5.28723e-67	1.42227e-64	worse
OPYTIMIZER	OSA	5	100	534	666	1200	0.999939	1	7.68072e-05	0.0181265	worse
OPYTIMIZER	WDO	5	100	357	843	1200	1	1	4.41913e-46	1.13572e-43	worse
OPYTIMIZER	LSA	5	100	1170	30	1200	3.70089e-302	1.08806e-299	1	1	better
OPYTIMIZER	VPSO	5	100	1144	56	1200	6.33725e-265	1.78711e-262	1	1	better
OPYTIMIZER	SBO	5	100	1091	109	1200	1.21162e-204	3.10174e-202	1	1	better
OPYTIMIZER	GA	5	100	1146	54	1200	1.48466e-267	4.2016e-265	1	1	better
OPYTIMIZER	MFO	5	100	1051	149	1200	7.61007e-168	1.7351e-165	1	1	better
OPYTIMIZER	CS	5	100	1095	105	1200	1.12642e-208	2.9287e-206	1	1	better
OPYTIMIZER	FSO	5	100	866	334	1200	3.80213e-55	4.90475e-53	1	1	better
OPYTIMIZER	NGHS	5	100	956	244	1200	3.34673e-100	5.08704e-98	1	1	better
OPYTIMIZER	GCO	5	100	1030	170	1200	9.54162e-151	1.95603e-148	1	1	better
OPYTIMIZER	TWO	5	100	1154	46	1200	2.01373e-278	5.81968e-276	1	1	better
OPYTIMIZER	WEO	5	100	993	207	1200	9.77535e-124	1.74979e-121	1	1	better
OPYTIMIZER	GWO	5	100	1148	52	1200	3.2208e-270	9.21149e-268	1	1	better
OPYTIMIZER	SAVPSO	5	100	1160	40	1200	5.61541e-287	1.6397e-284	1	1	better
OPYTIMIZER	FFOA	5	100	427	773	1200	1	1	5.66537e-24	1.41634e-21	worse
OPYTIMIZER	AIG	5	100	1067	133	1200	7.58052e-182	1.81174e-179	1	1	better
OPYTIMIZER	BH	5	100	984	216	1200	1.03809e-117	1.79589e-115	1	1	better
OPYTIMIZER	CI	5	100	509	110	619	1.49248e-62	1.98499e-60	1	1	better
OPYTIMIZER	SSA	5	100	1101	99	1200	7.37961e-215	1.9556e-212	1	1	better
OPYTIMIZER	AO	5	100	957	243	1200	8.51803e-101	1.30326e-98	1	1	better
OPYTIMIZER	MVO	5	100	299	39	338	4.36278e-51	5.49711e-49	1	1	better
mealpy	LevyTWO	5	100	254	946	1200	1	1	2.21838e-94	6.16711e-92	worse
mealpy	OriginalTLO	5	100	1027	173	1200	2.05147e-148	4.08242e-146	1	1	better
mealpy	GWO	5	100	1068	132	1200	9.42885e-183	2.27235e-180	1	1	better
mealpy	OriginalBBO	5	100	1028	172	1200	3.44768e-149	6.92983e-147	1	1	better
mealpy	ABFO	5	100	481	701	1182	1	1	8.40688e-11	2.06809e-08	worse
mealpy	OriginalWHO	5	100	853	347	1200	6.57703e-50	8.15552e-48	1	1	better
mealpy	OriginalFFA	5	100	510	690	1200	1	1	1.12994e-07	2.73445e-05	worse
mealpy	BaseSARO	5	100	1075	125	1200	3.414e-189	8.39843e-187	1	1	better
mealpy	OriginalSMA	5	100	535	665	1200	0.999923	1	9.67899e-05	0.0227456	worse
mealpy	SingleGA	5	100	794	406	1200	9.06502e-30	9.60892e-28	1	1	better
mealpy	OriginalSSDO	5	100	605	595	1200	0.397513	1	0.624577	1	not shown
mealpy	OriginalFPA	5	100	684	516	1200	6.88265e-07	6.19438e-05	0.999999	1	better
mealpy	OriginalSSO	5	100	724	476	1200	4.17329e-13	4.17329e-11	1	1	better
mealpy	OriginalMA	5	100	565	635	1200	0.97982	1	0.0231708	1	not shown
mealpy	OriginalCEM	5	100	383	817	1200	1	1	6.26076e-37	1.60275e-34	worse
mealpy	OCRO	5	100	1014	186	1200	1.31797e-138	2.47778e-136	1	1	better
mealpy	OriginalBA	5	100	153	1047	1200	1	1	1.76165e-164	5.07356e-162	worse
mealpy	OriginalAEO	5	100	1068	132	1200	9.42885e-183	2.27235e-180	1	1	better
mealpy	OriginalBSO	5	100	1056	144	1200	3.98984e-172	9.25643e-170	1	1	better
mealpy	OriginalBFO	5	100	162	1038	1200	1	1	4.24759e-157	1.21906e-154	worse
mealpy	ImprovedSLO	5	100	806	394	1200	2.13247e-33	2.32439e-31	1	1	better
mealpy	OriginalLCO	5	100	1093	107	1200	1.19235e-206	3.07627e-204	1	1	better
mealpy	OriginalHGS	5	100	1038	162	1200	4.24759e-157	9.08984e-155	1	1	better
mealpy	BaseALO	5	100	1034	166	1200	6.73123e-154	1.41356e-151	1	1	better
mealpy	CPSO	5	100	935	265	1200	3.16259e-88	4.61738e-86	1	1	better
mealpy	OriginalEO	5	100	1112	88	1200	1.19957e-226	3.27484e-224	1	1	better
mealpy	DE	5	100	422	778	1200	1	1	2.73199e-25	6.85729e-23	worse
mealpy	ModifiedBA	5	100	708	492	1200	2.44059e-10	2.36737e-08	1	1	better
mealpy	BaseTLO	5	100	1030	170	1200	9.54162e-151	1.95603e-148	1	1	better
mealpy	OriginalPFA	5	100	528	672	1200	0.999986	1	1.79282e-05	0.00430276	worse
mealpy	BaseFOA	5	100	326	874	1200	1	1	1.60836e-58	4.24606e-56	worse
mealpy	OriginalGBO	5	100	963	237	1200	2.07722e-104	3.26124e-102	1	1	better
mealpy	TVAC	5	100	1112	88	1200	1.19957e-226	3.27484e-224	1	1	better
mealpy	BaseFBIO	5	100	1034	166	1200	6.73123e-154	1.41356e-151	1	1	better
mealpy	ImprovedBSO	5	100	1005	195	1200	4.32009e-132	7.90576e-130	1	1	better
mealpy	OriginalAO	5	100	289	911	1200	1	1	1.13769e-75	3.1059e-73	worse
mealpy	BaseGSKA	5	100	1094	106	1200	1.1649e-207	3.0171e-205	1	1	better
mealpy	BaseLCO	5	100	1086	114	1200	1.05932e-199	2.69068e-197	1	1	better
mealpy	OriginalSSpiderA	5	100	624	576	1200	0.0874141	1	0.921408	1	not shown
mealpy	BaseHS	5	100	933	267	1200	3.90363e-87	5.66026e-85	1	1	better
mealpy	AdaptiveEO	5	100	1123	77	1200	4.44251e-239	1.23502e-236	1	1	better
mealpy	OriginalWCA	5	100	699	58	757	6.32236e-141	1.20125e-138	1	1	better
mealpy	OriginalMRFO	5	100	1097	103	1200	1.02082e-210	2.68476e-208	1	1	better
mealpy	OriginalEOA	5	100	657	543	1200	0.00054883	0.0455529	0.999553	1	better
mealpy	OriginalABC	5	100	890	310	1200	1.28067e-65	1.74171e-63	1	1	better
mealpy	ModifiedAEO	5	100	1049	151	1200	3.71717e-166	8.28928e-164	1	1	better
mealpy	OriginalSFO	5	100	602	598	1200	0.465496	1	0.557379	1	not shown
mealpy	BaseBBO	5	100	974	226	1200	3.0191e-111	4.98152e-109	1	1	better
mealpy	OriginalNMRA	5	100	702	498	1200	2.12939e-09	2.02292e-07	1	1	better
mealpy	OriginalACOR	5	100	866	334	1200	3.80213e-55	4.90475e-53	1	1	better
mealpy	ImprovedSFO	5	100	602	598	1200	0.465496	1	0.557379	1	not shown
mealpy	OriginalCRO	5	100	922	278	1200	2.79498e-81	4.02477e-79	1	1	better
mealpy	LevyJA	5	100	891	309	1200	4.4455e-66	6.09034e-64	1	1	better
mealpy	OriginalHS	5	100	1036	164	1200	1.71488e-155	3.63554e-153	1	1	better
mealpy	OriginalCSO	5	100	479	721	1200	1	1	1.47263e-12	3.65213e-10	worse
mealpy	OriginalCOA	5	100	810	390	1200	1.1679e-34	1.29637e-32	1	1	better
mealpy	LevyQSA	5	100	1021	179	1200	7.91361e-144	1.53524e-141	1	1	better
mealpy	OppoQSA	5	100	1016	184	1200	4.38528e-140	8.28818e-138	1	1	better
mealpy	BaseBRO	5	100	904	296	1200	3.17035e-72	4.43849e-70	1	1	better
mealpy	OriginalSLO	5	100	968	232	1200	1.75479e-107	2.82522e-105	1	1	better
mealpy	OriginalMVO	5	100	1073	127	1200	2.46901e-187	5.99969e-185	1	1	better
mealpy	CLPSO	5	100	528	672	1200	0.999986	1	1.79282e-05	0.00430276	worse
mealpy	OriginalNRO	5	100	804	396	1200	8.90903e-33	9.62175e-31	1	1	better
mealpy	BaseSCA	5	100	711	489	1200	7.89561e-11	7.7377e-09	1	1	better
mealpy	BaseGCO	5	100	649	551	1200	0.00254342	0.208561	0.997877	1	not shown
mealpy	OriginalArchOA	5	100	979	221	1200	1.89704e-114	3.18703e-112	1	1	better
mealpy	SwarmHC	5	100	301	899	1200	1	1	8.00873e-70	2.17037e-67	worse
mealpy	ImprovedTLO	5	100	1037	163	1200	2.70847e-156	5.76904e-154	1	1	better
mealpy	OriginalMSA	5	100	1107	93	1200	3.25833e-221	8.69974e-219	1	1	better
mealpy	WOA	5	100	1003	197	1200	1.13227e-130	2.06073e-128	1	1	better
mealpy	OriginalIWO	5	100	849	351	1200	2.34324e-48	2.83532e-46	1	1	better
mealpy	BaseGA	5	100	1019	181	1200	2.53665e-142	4.87038e-140	1	1	better
mealpy	ModifiedEO	5	100	1116	84	1200	4.33323e-231	1.19597e-228	1	1	better
mealpy	ImprovedNMRA	5	100	939	261	1200	1.95877e-90	2.87939e-88	1	1	better
mealpy	BaseCHIO	5	100	270	930	1200	1	1	1.63298e-85	4.50703e-83	worse
mealpy	OriginalHHO	5	100	912	288	1200	3.59763e-76	5.14461e-74	1	1	better
mealpy	OriginalGWO	5	100	1081	119	1200	7.27584e-195	1.81896e-192	1	1	better
mealpy	ImprovedQSA	5	100	1021	179	1200	7.91361e-144	1.53524e-141	1	1	better
mealpy	OriginalFBIO	5	100	1027	173	1200	2.05147e-148	4.08242e-146	1	1	better
mealpy	OriginalBeesA	5	100	433	767	1200	1	1	1.91304e-22	4.76347e-20	worse
mealpy	BaseEFO	5	100	1033	167	1200	4.17329e-153	8.59697e-151	1	1	better
mealpy	OriginalSA	5	100	517	683	1200	0.999999	1	9.19472e-07	0.000221593	worse
mealpy	OriginalHC	5	100	313	887	1200	1	1	2.98337e-64	7.9656e-62	worse
mealpy	OriginalSHO	5	100	821	379	1200	2.90182e-38	3.30808e-36	1	1	better
mealpy	JADE	5	100	1050	150	1200	5.33887e-167	1.20658e-164	1	1	better
mealpy	OriginalCA	5	100	1024	176	1200	4.15137e-146	8.13668e-144	1	1	better
mealpy	EnhancedTWO	5	100	601	599	1200	0.488486	1	0.534504	1	not shown
mealpy	BaseSSA	5	100	906	294	1200	3.36178e-73	4.74011e-71	1	1	better
mealpy	OriginalAOA	5	100	333	867	1200	1	1	1.46096e-55	3.8277e-53	worse
mealpy	OriginalQSA	5	100	972	228	1200	5.54649e-110	8.98531e-108	1	1	better
mealpy	OriginalGOA	5	100	1110	90	1200	1.85408e-224	5.00603e-222	1	1	better
mealpy	EnhancedAEO	5	100	1006	194	1200	8.36166e-133	1.53855e-130	1	1	better
mealpy	OriginalGSKA	5	100	1024	176	1200	4.15137e-146	8.13668e-144	1	1	better
mealpy	PPSO	5	100	1093	107	1200	1.19235e-206	3.07627e-204	1	1	better
mealpy	OriginalCGO	5	100	973	227	1200	1.29755e-110	2.11501e-108	1	1	better
mealpy	OriginalHGSO	5	100	808	392	1200	5.02821e-34	5.53103e-32	1	1	better
mealpy	OriginalSBO	5	100	990	210	1200	1.05013e-121	1.84823e-119	1	1	better
mealpy	OppoTWO	5	100	682	518	1200	1.22433e-06	0.000108965	0.999999	1	better
mealpy	OriginalASO	5	100	172	1028	1200	1	1	3.44768e-149	9.82588e-147	worse
mealpy	ModifiedSLO	5	100	781	419	1200	4.24192e-26	4.45402e-24	1	1	better
mealpy	BaseVCS	5	100	1028	172	1200	3.44768e-149	6.92983e-147	1	1	better
mealpy	LSHADE	5	100	1064	136	1200	3.74597e-179	8.87795e-177	1	1	better
mealpy	OriginalEFO	5	100	976	224	1200	1.60804e-112	2.66934e-110	1	1	better
mealpy	OriginalJA	5	100	699	501	1200	6.01151e-09	5.5907e-07	1	1	better
mealpy	OriginalGCO	5	100	532	668	1200	0.999962	1	4.79037e-05	0.0114011	worse
mealpy	OriginalPSS	5	100	1099	101	1200	8.86823e-213	2.34121e-210	1	1	better
mealpy	OriginalEHO	5	100	868	332	1200	5.59048e-56	7.26762e-54	1	1	better
mealpy	OriginalSSA	5	100	850	350	1200	9.64912e-49	1.18684e-46	1	1	better
mealpy	OriginalSCA	5	100	731	469	1200	1.95265e-14	1.99171e-12	1	1	better
mealpy	OriginalBES	5	100	1044	156	1200	5.43514e-162	1.1903e-159	1	1	better
mealpy	BaseSBO	5	100	911	289	1200	1.13769e-75	1.61552e-73	1	1	better
mealpy	BaseJA	5	100	703	497	1200	1.4966e-09	1.43673e-07	1	1	better
mealpy	OriginalSARO	5	100	974	226	1200	3.0191e-111	4.98152e-109	1	1	better
mealpy	OriginalSRSR	5	100	1030	170	1200	9.54162e-151	1.95603e-148	1	1	better
mealpy	OriginalTWO	5	100	850	350	1200	9.64912e-49	1.18684e-46	1	1	better
mealpy	OriginalWDO	5	100	660	540	1200	0.000293209	0.0249228	0.999764	1	better
mealpy	AugmentedAEO	5	100	1050	150	1200	5.33887e-167	1.20658e-164	1	1	better
mealpy	OriginalWOA	5	100	991	209	1200	2.22187e-122	3.9327e-120	1	1	better
mealpy	SADE	5	100	1011	189	1200	2.07079e-136	3.87238e-134	1	1	better
mealpy	OriginalBRO	5	100	353	847	1200	1	1	1.36538e-47	3.53634e-45	worse
mealpy	OriginalSSpiderO	5	100	598	602	1200	0.557379	1	0.465496	1	not shown
mealpy	ProbBeesA	5	100	330	870	1200	1	1	8.08475e-57	2.12629e-54	worse
mealpy	OriginalFA	5	100	249	951	1200	1	1	2.90239e-97	8.09768e-95	worse
mealpy	OriginalCSA	5	100	317	883	1200	1	1	1.86884e-62	4.95243e-60	worse
mealpy	OriginalALO	5	100	1034	166	1200	6.73123e-154	1.41356e-151	1	1	better
mealpy	OriginalDO	5	100	497	703	1200	1	1	1.4966e-09	3.6517e-07	worse
mealpy	OriginalCHIO	5	100	289	911	1200	1	1	1.13769e-75	3.1059e-73	worse
mealpy	OriginalBSA	5	100	1039	161	1200	6.61411e-158	1.42203e-155	1	1	better
mealpy	LevyEP	5	100	730	470	1200	3.0555e-14	3.08605e-12	1	1	better
mealpy	OriginalICA	5	100	633	54	687	1.36226e-126	2.45207e-124	1	1	better
mealpy	ImprovedLCO	5	100	977	223	1200	3.68081e-113	6.14696e-111	1	1	better
mealpy	OriginalMFO	5	100	407	793	1200	1	1	1.77526e-29	4.52692e-27	worse
mealpy	ImprovedAEO	5	100	980	220	1200	4.27115e-115	7.26096e-113	1	1	better
mealpy	OriginalVCS	5	100	882	318	1200	5.20166e-62	6.8662e-60	1	1	better
mealpy	AdaptiveBA	5	100	413	787	1200	1	1	9.26924e-28	2.34512e-25	worse
mealpy	MultiGA	5	100	832	368	1200	4.53358e-42	5.21362e-40	1	1	better
mealpy	OriginalES	5	100	1055	145	1200	2.90932e-171	6.72053e-169	1	1	better
mealpy	LevyES	5	100	963	237	1200	2.07722e-104	3.26124e-102	1	1	better
mealpy	OriginalEP	5	100	682	518	1200	1.22433e-06	0.000108965	0.999999	1	better
mealpy	BaseSMA	5	100	645	555	1200	0.00508185	0.41163	0.995706	1	not shown
mealpy	OriginalPSO	5	100	533	667	1200	0.999952	1	6.07551e-05	0.0143989	worse
mealpy	FBUDGETSHADE	5	100	1048	152	1200	2.5686e-165	5.70229e-163	1	1	better
mealpy	OriginalFOA	5	100	214	986	1200	1	1	4.94816e-119	1.39538e-116	worse
mealpy	BaseQSA	5	100	1026	174	1200	1.21249e-147	2.38861e-145	1	1	better
mealpy	BaseMFO	5	100	813	387	1200	1.27085e-35	1.43607e-33	1	1	better
mealpy	BaseDE	5	100	885	315	1200	2.38157e-63	3.19131e-61	1	1	better
mealpy	WhaleFOA	5	100	303	897	1200	1	1	7.09714e-69	1.91623e-66	worse
Baselines	DE	5	100	1094	106	1200	1.1649e-207	1.04841e-206	1	1	better
Baselines	RCobyla	5	100	950	250	1200	1.10605e-96	5.53025e-96	1	1	better
Baselines	PSO	5	100	372	828	1200	1	1	1.1589e-40	1.27479e-39	worse
Baselines	DiagonalCMA	5	100	1073	127	1200	2.46901e-187	1.97521e-186	1	1	better
Baselines	modcma	5	100	1142	58	1200	2.51136e-262	2.51136e-261	1	1	better
Baselines	modde	5	100	938	262	1200	7.03337e-90	2.11001e-89	1	1	better
Baselines	OnePlusOne	5	100	1019	181	1200	2.53665e-142	1.77566e-141	1	1	better
Baselines	Powell	5	100	955	245	1200	1.30821e-99	7.84924e-99	1	1	better
Baselines	MultiBFGS	5	100	806	394	1200	2.13247e-33	4.26493e-33	1	1	better
Baselines	lshade	5	100	943	257	1200	1.12204e-92	4.48815e-92	1	1	better
Baselines	bipop	5	100	1143	57	1200	1.27312e-263	1.40044e-262	1	1	better
EVOLOPY	DE	5	500	1135	65	1200	1.79217e-253	4.69549e-251	1	1	better
EVOLOPY	JAYA	5	500	1022	178	1200	1.38412e-144	2.21459e-142	1	1	better
EVOLOPY	PSO	5	500	1046	154	1200	1.19923e-163	2.06267e-161	1	1	better
EVOLOPY	WOA	5	500	1021	179	1200	7.91361e-144	1.25035e-141	1	1	better
EVOLOPY	FFA	5	500	1077	123	1200	4.55567e-191	8.79244e-189	1	1	better
EVOLOPY	BAT	5	500	448	752	1200	1	1	7.22865e-19	1.81439e-16	worse
EVOLOPY	MVO	5	500	1084	116	1200	9.37822e-198	1.86627e-195	1	1	better
EVOLOPY	HHO	5	500	810	390	1200	1.1679e-34	1.06279e-32	1	1	better
EVOLOPY	SCA	5	500	796	404	1200	2.33757e-30	2.03369e-28	1	1	better
EVOLOPY	GA	5	500	799	130	929	2.1651e-118	3.00949e-116	1	1	better
EVOLOPY	MFO	5	500	1113	87	1200	9.47456e-228	2.17915e-225	1	1	better
EVOLOPY	CS	5	500	1132	68	1200	8.71728e-250	2.24034e-247	1	1	better
EVOLOPY	GWO	5	500	1100	100	1200	8.13378e-214	1.76503e-211	1	1	better
EVOLOPY	SSA	5	500	734	466	1200	4.99197e-15	3.64414e-13	1	1	better
NIAPY	DynamicFireworksAlgorithm	5	500	1068	132	1200	9.42885e-183	1.72548e-180	1	1	better
NIAPY	HarmonySearch	5	500	1084	116	1200	9.37822e-198	1.86627e-195	1	1	better
NIAPY	EvolutionStrategyMp1	5	500	1089	111	1200	1.1827e-202	2.43636e-200	1	1	better
NIAPY	MonarchButterflyOptimization	5	500	616	584	1200	0.185425	1	0.829609	1	not shown
NIAPY	CenterParticleSwarmOptimization	5	500	1100	100	1200	8.13378e-214	1.76503e-211	1	1	better
NIAPY	DynNpDifferentialEvolution	5	500	954	246	1200	5.08757e-99	6.66472e-97	1	1	better
NIAPY	CamelAlgorithm	5	500	995	205	1200	4.2018e-125	6.17664e-123	1	1	better
NIAPY	BatAlgorithm	5	500	880	320	1200	3.97863e-61	3.97863e-59	1	1	better
NIAPY	GlowwormSwarmOptimization	5	500	190	1010	1200	1	1	1.10347e-135	3.11178e-133	worse
NIAPY	BareBonesFireworksAlgorithm	5	500	954	246	1200	5.08757e-99	6.66472e-97	1	1	better
NIAPY	CuckooSearch	5	500	1128	72	1200	5.78976e-245	1.45902e-242	1	1	better
NIAPY	GeneticAlgorithm	5	500	566	634	1200	0.976829	1	0.0265263	1	not shown
NIAPY	ParticleSwarmAlgorithm	5	500	1132	68	1200	8.71728e-250	2.24034e-247	1	1	better
NIAPY	MonkeyKingEvolutionV3	5	500	787	413	1200	9.26924e-28	7.78616e-26	1	1	better
NIAPY	MonkeyKingEvolutionV2	5	500	786	414	1200	1.76914e-27	1.46839e-25	1	1	better
NIAPY	SineCosineAlgorithm	5	500	16	1184	1200	1	1	0	0	worse
NIAPY	EvolutionStrategy1p1	5	500	892	308	1200	1.53645e-66	1.62864e-64	1	1	better
NIAPY	HarrisHawksOptimization	5	500	1088	112	1200	1.15126e-201	2.33705e-199	1	1	better
NIAPY	ParticleSwarmOptimization	5	500	767	433	1200	1.91304e-22	1.5113e-20	1	1	better
NIAPY	ForestOptimizationAlgorithm	5	500	1065	135	1200	4.7778e-180	8.64782e-178	1	1	better
NIAPY	EnhancedFireworksAlgorithm	5	500	1091	109	1200	1.21162e-204	2.52016e-202	1	1	better
NIAPY	MultiStrategyDifferentialEvolution	5	500	1037	163	1200	2.70847e-156	4.49606e-154	1	1	better
NIAPY	MutatedParticleSwarmOptimization	5	500	1101	99	1200	7.37961e-215	1.61613e-212	1	1	better
NIAPY	ComprehensiveLearningParticleSwarmOptimizer	5	500	984	216	1200	1.03809e-117	1.42218e-115	1	1	better
NIAPY	KrillHerd	5	500	363	837	1200	1	1	7.22475e-44	1.85676e-41	worse
NIAPY	FishSchoolSearch	5	500	484	716	1200	1	1	1.12505e-11	2.77887e-09	worse
NIAPY	MutatedCenterUnifiedParticleSwarmOptimization	5	500	1128	72	1200	5.78976e-245	1.45902e-242	1	1	better
NIAPY	MutatedCenterParticleSwarmOptimization	5	500	1113	87	1200	9.47456e-228	2.17915e-225	1	1	better
NIAPY	GlowwormSwarmOptimizationV2	5	500	177	1023	1200	1	1	2.40501e-145	6.83023e-143	worse
NIAPY	CatSwarmOptimization	5	500	1074	126	1200	2.91616e-188	5.5407e-186	1	1	better
NIAPY	DifferentialEvolution	5	500	1038	162	1200	4.24759e-157	7.17842e-155	1	1	better
NIAPY	FireworksAlgorithm	5	500	1020	180	1200	4.49503e-143	7.0572e-141	1	1	better
NIAPY	MothFlameOptimizer	5	500	288	912	1200	1	1	3.59763e-76	9.56969e-74	worse
NIAPY	DynNpMultiStrategyDifferentialEvolution	5	500	1035	165	1200	1.07816e-154	1.77897e-152	1	1	better
NIAPY	EvolutionStrategyML	5	500	1073	127	1200	2.46901e-187	4.66642e-185	1	1	better
NIAPY	GreyWolfOptimizer	5	500	1114	86	1200	7.3916e-229	1.71485e-226	1	1	better
NIAPY	HarmonySearchV1	5	500	1033	167	1200	4.17329e-153	6.84419e-151	1	1	better
NIAPY	BeesAlgorithm	5	500	1170	30	1200	3.70089e-302	1.08436e-299	1	1	better
NIAPY	GlowwormSwarmOptimizationV1	5	500	181	1019	1200	1	1	2.53665e-142	7.17873e-140	worse
NIAPY	GlowwormSwarmOptimizationV3	5	500	194	1006	1200	1	1	8.36166e-133	2.34963e-130	worse
NIAPY	LionOptimizationAlgorithm	5	500	1022	178	1200	1.38412e-144	2.21459e-142	1	1	better
NIAPY	ArtificialBeeColonyAlgorithm	5	500	1126	74	1200	1.36526e-242	3.39949e-240	1	1	better
NIAPY	AgingNpDifferentialEvolution	5	500	875	325	1200	5.97745e-59	5.91768e-57	1	1	better
NIAPY	OppositionVelocityClampingParticleSwarmOptimization	5	500	742	458	1200	1.12853e-16	8.57686e-15	1	1	better
NIAPY	CoralReefsOptimization	5	500	319	881	1200	1	1	1.44166e-61	3.76272e-59	worse
NIAPY	BacterialForagingOptimization	5	500	414	786	1200	1	1	1.76914e-27	4.49362e-25	worse
NIAPY	DynamicFireworksAlgorithmGauss	5	500	1060	140	1200	1.30393e-175	2.33404e-173	1	1	better
NIAPY	ClonalSelectionAlgorithm	5	500	117	1083	1200	1	1	8.69881e-197	2.50526e-194	worse
NIAPY	GravitationalSearchAlgorithm	5	500	336	864	1200	1	1	2.54349e-54	6.58763e-52	worse
NIAPY	MonkeyKingEvolutionV1	5	500	1078	122	1200	5.19199e-192	1.01244e-189	1	1	better
NIAPY	EvolutionStrategyMpL	5	500	1085	115	1200	1.00151e-198	2.01303e-196	1	1	better
NIAPY	FireflyAlgorithm	5	500	805	395	1200	4.36687e-33	3.93018e-31	1	1	better
NIAPY	FlowerPollinationAlgorithm	5	500	1113	87	1200	9.47456e-228	2.17915e-225	1	1	better
OPYTIMIZER	SA	5	500	934	266	1200	1.11378e-87	1.3254e-85	1	1	better
OPYTIMIZER	GOGHS	5	500	992	208	1200	4.67395e-123	6.77723e-121	1	1	better
OPYTIMIZER	QSA	5	500	1166	34	1200	6.22133e-296	1.80419e-293	1	1	better
OPYTIMIZER	SGHS	5	500	910	290	1200	3.58146e-75	4.01124e-73	1	1	better
OPYTIMIZER	DE	5	500	1157	43	1200	1.18396e-282	3.3506e-280	1	1	better
OPYTIMIZER	RFO	5	500	1141	59	1200	4.86568e-261	1.31373e-258	1	1	better
OPYTIMIZER	PPA	5	500	695	505	1200	2.28912e-08	1.60238e-06	1	1	better
OPYTIMIZER	EHO	5	500	1101	99	1200	7.37961e-215	1.61613e-212	1	1	better
OPYTIMIZER	AEO	5	500	1154	46	1200	2.01373e-278	5.65858e-276	1	1	better
OPYTIMIZER	ABO	5	500	1146	54	1200	1.48466e-267	4.09767e-265	1	1	better
OPYTIMIZER	GHS	5	500	904	296	1200	3.17035e-72	3.48738e-70	1	1	better
OPYTIMIZER	PVS	5	500	989	211	1200	4.93479e-121	6.95806e-119	1	1	better
OPYTIMIZER	BWO	5	500	886	314	1200	8.44732e-64	8.78521e-62	1	1	better
OPYTIMIZER	PSO	5	500	1146	54	1200	1.48466e-267	4.09767e-265	1	1	better
OPYTIMIZER	BSO	5	500	1047	153	1200	1.76165e-164	3.04766e-162	1	1	better
OPYTIMIZER	CSA	5	500	715	485	1200	1.67247e-11	1.20418e-09	1	1	better
OPYTIMIZER	SSO	5	500	783	417	1200	1.20335e-26	9.8675e-25	1	1	better
OPYTIMIZER	WOA	5	500	1143	57	1200	1.27312e-263	3.4629e-261	1	1	better
OPYTIMIZER	BA	5	500	903	297	1200	9.67079e-72	1.05412e-69	1	1	better
OPYTIMIZER	HS	5	500	919	281	1200	1.00074e-79	1.16086e-77	1	1	better
OPYTIMIZER	JS	5	500	941	259	1200	1.49713e-91	1.84147e-89	1	1	better
OPYTIMIZER	SOS	5	500	1178	22	1200	2.39493e-315	7.06506e-313	1	1	better
OPYTIMIZER	GS	5	500	9	1191	1200	1	1	0	0	worse
OPYTIMIZER	EFO	5	500	1000	200	1200	1.45191e-128	2.14883e-126	1	1	better
OPYTIMIZER	GSA	5	500	212	988	1200	1	1	2.30571e-120	6.40988e-118	worse
OPYTIMIZER	ESA	5	500	711	489	1200	7.89561e-11	5.60588e-09	1	1	better
OPYTIMIZER	BOA	5	500	56	477	533	1	1	1.40945e-84	3.79141e-82	worse
OPYTIMIZER	HC	5	500	209	991	1200	1	1	2.22187e-122	6.19901e-120	worse
OPYTIMIZER	ABC	5	500	1126	40	1166	3.00014e-277	8.40038e-275	1	1	better
OPYTIMIZER	RRA	5	500	1076	124	1200	3.96144e-190	7.60596e-188	1	1	better
OPYTIMIZER	NDS	5	500	9	1191	1200	1	1	0	0	worse
OPYTIMIZER	NBJS	5	500	889	311	1200	3.67341e-65	3.85708e-63	1	1	better
OPYTIMIZER	SSD	5	500	236	964	1200	1	1	5.09816e-105	1.3969e-102	worse
OPYTIMIZER	CEM	5	500	665	535	1200	9.67899e-05	0.00638813	0.999923	1	better
OPYTIMIZER	AOA	5	500	679	521	1200	2.83429e-06	0.000192732	0.999998	1	better
OPYTIMIZER	MRFO	5	500	1166	34	1200	6.22133e-296	1.80419e-293	1	1	better
OPYTIMIZER	ASO	5	500	69	1131	1200	1	1	1.43156e-248	4.18017e-246	worse
OPYTIMIZER	SFO	5	500	740	460	1200	2.97168e-16	2.22876e-14	1	1	better
OPYTIMIZER	IHS	5	500	915	285	1200	1.1069e-77	1.27293e-75	1	1	better
OPYTIMIZER	COA	5	500	1170	30	1200	3.70089e-302	1.08436e-299	1	1	better
OPYTIMIZER	GOA	5	500	1117	83	1200	3.25527e-232	7.78009e-230	1	1	better
OPYTIMIZER	STOA	5	500	150	1050	1200	1	1	5.33887e-167	1.52692e-164	worse
OPYTIMIZER	MVPA	5	500	1052	148	1200	1.0765e-168	1.89463e-166	1	1	better
OPYTIMIZER	ES	5	500	1127	73	1200	8.95539e-244	2.23885e-241	1	1	better
OPYTIMIZER	AIWPSO	5	500	1102	98	1200	6.62242e-216	1.45693e-213	1	1	better
OPYTIMIZER	ISA	5	500	199	1001	1200	1	1	2.8966e-129	8.11048e-127	worse
OPYTIMIZER	EO	5	500	1173	27	1200	5.58515e-307	1.64203e-304	1	1	better
OPYTIMIZER	AF	5	500	57	988	1045	1	1	1.80184e-220	5.20731e-218	worse
OPYTIMIZER	DOA	5	500	1120	80	1200	1.27682e-235	3.06436e-233	1	1	better
OPYTIMIZER	PIO	5	500	905	295	1200	1.03469e-72	1.14851e-70	1	1	better
OPYTIMIZER	HHO	5	500	1107	93	1200	3.25833e-221	7.33124e-219	1	1	better
OPYTIMIZER	BSA	5	500	985	215	1200	2.27282e-118	3.13649e-116	1	1	better
OPYTIMIZER	TEO	5	500	638	539	1177	0.00213177	0.136433	0.998229	1	not shown
OPYTIMIZER	FA	5	500	132	1068	1200	1	1	9.42885e-183	2.70608e-180	worse
OPYTIMIZER	WWO	5	500	1165	35	1200	2.07448e-294	5.97449e-292	1	1	better
OPYTIMIZER	IWO	5	500	987	213	1200	1.07117e-119	1.49964e-117	1	1	better
OPYTIMIZER	KH	5	500	1078	122	1200	5.19199e-192	1.01244e-189	1	1	better
OPYTIMIZER	FOA	5	500	1095	105	1200	1.12642e-208	2.38801e-206	1	1	better
OPYTIMIZER	RPSO	5	500	1158	42	1200	4.39231e-284	1.24742e-281	1	1	better
OPYTIMIZER	SCA	5	500	310	890	1200	1	1	1.28067e-65	3.35535e-63	worse
OPYTIMIZER	OSA	5	500	457	743	1200	1	1	6.91836e-17	1.72267e-14	worse
OPYTIMIZER	WDO	5	500	249	951	1200	1	1	2.90239e-97	7.92354e-95	worse
OPYTIMIZER	LSA	5	500	1168	32	1200	5.11183e-299	1.48754e-296	1	1	better
OPYTIMIZER	VPSO	5	500	1163	37	1200	2.1158e-291	6.07236e-289	1	1	better
OPYTIMIZER	SBO	5	500	1044	156	1200	5.43514e-162	9.23973e-160	1	1	better
OPYTIMIZER	GA	5	500	1162	38	1200	6.48141e-290	1.8472e-287	1	1	better
OPYTIMIZER	MFO	5	500	1046	154	1200	1.19923e-163	2.06267e-161	1	1	better
OPYTIMIZER	CS	5	500	1180	20	1200	7.93924e-319	2.35001e-316	1	1	better
OPYTIMIZER	FSO	5	500	750	450	1200	2.04139e-18	1.57187e-16	1	1	better
OPYTIMIZER	NGHS	5	500	800	400	1200	1.48674e-31	1.30833e-29	1	1	better
OPYTIMIZER	GCO	5	500	1062	138	1200	2.24644e-177	4.0436e-175	1	1	better
OPYTIMIZER	TWO	5	500	1125	75	1200	2.05178e-241	5.08842e-239	1	1	better
OPYTIMIZER	WEO	5	500	992	208	1200	4.67395e-123	6.77723e-121	1	1	better
OPYTIMIZER	GWO	5	500	1124	76	1200	3.04026e-240	7.47905e-238	1	1	better
OPYTIMIZER	SAVPSO	5	500	1157	43	1200	1.18396e-282	3.3506e-280	1	1	better
OPYTIMIZER	FFOA	5	500	303	897	1200	1	1	7.09714e-69	1.87364e-66	worse
OPYTIMIZER	AIG	5	500	1136	64	1200	1.02444e-254	2.70453e-252	1	1	better
OPYTIMIZER	BH	5	500	902	298	1200	2.93685e-71	3.17179e-69	1	1	better
OPYTIMIZER	CI	5	500	465	154	619	1.64998e-37	1.53448e-35	1	1	better
OPYTIMIZER	SSA	5	500	1105	95	1200	4.47688e-219	9.98344e-217	1	1	better
OPYTIMIZER	AO	5	500	782	418	1200	2.26344e-26	1.83338e-24	1	1	better
OPYTIMIZER	MVO	5	500	305	33	338	1.30466e-56	1.26552e-54	1	1	better
mealpy	LevyTWO	5	500	441	759	1200	1	1	1.70913e-20	4.307e-18	worse
mealpy	OriginalTLO	5	500	1131	69	1200	1.43156e-248	3.65049e-246	1	1	better
mealpy	GWO	5	500	1038	162	1200	4.24759e-157	7.17842e-155	1	1	better
mealpy	OriginalBBO	5	500	991	209	1200	2.22187e-122	3.17727e-120	1	1	better
mealpy	ABFO	5	500	471	711	1182	1	1	1.52703e-12	3.78703e-10	worse
mealpy	OriginalWHO	5	500	1066	134	1200	6.04339e-181	1.0999e-178	1	1	better
mealpy	OriginalFFA	5	500	557	643	1200	0.994004	1	0.00705216	1	not shown
mealpy	BaseSARO	5	500	1152	48	1200	1.18991e-275	3.31984e-273	1	1	better
mealpy	OriginalSMA	5	500	630	570	1200	0.0442459	1	0.960896	1	not shown
mealpy	SingleGA	5	500	793	407	1200	1.77526e-29	1.50897e-27	1	1	better
mealpy	OriginalSSDO	5	500	543	657	1200	0.999553	1	0.00054883	0.132268	not shown
mealpy	OriginalFPA	5	500	1093	107	1200	1.19235e-206	2.50394e-204	1	1	better
mealpy	OriginalSSO	5	500	645	555	1200	0.00508185	0.320156	0.995706	1	not shown
mealpy	OriginalMA	5	500	662	538	1200	0.000190015	0.012351	0.999848	1	better
mealpy	OriginalCEM	5	500	885	315	1200	2.38157e-63	2.45302e-61	1	1	better
mealpy	OCRO	5	500	1069	131	1200	1.16288e-183	2.13971e-181	1	1	better
mealpy	OriginalBA	5	500	48	1152	1200	1	1	1.18991e-275	3.48643e-273	worse
mealpy	OriginalAEO	5	500	1115	85	1200	5.6952e-230	1.33268e-227	1	1	better
mealpy	OriginalBSO	5	500	1121	79	1200	9.10264e-237	2.19374e-234	1	1	better
mealpy	OriginalBFO	5	500	86	1114	1200	1	1	7.3916e-229	2.14356e-226	worse
mealpy	ImprovedSLO	5	500	1048	152	1200	2.5686e-165	4.49505e-163	1	1	better
mealpy	OriginalLCO	5	500	1071	129	1200	1.72403e-185	3.20669e-183	1	1	better
mealpy	OriginalHGS	5	500	1029	171	1200	5.75507e-150	9.38076e-148	1	1	better
mealpy	BaseALO	5	500	990	210	1200	1.05013e-121	1.49118e-119	1	1	better
mealpy	CPSO	5	500	897	303	1200	7.09714e-69	7.59393e-67	1	1	better
mealpy	OriginalEO	5	500	1142	58	1200	2.51136e-262	6.80578e-260	1	1	better
mealpy	DE	5	500	387	813	1200	1	1	1.27085e-35	3.24068e-33	worse
mealpy	ModifiedBA	5	500	840	360	1200	5.75169e-45	5.40659e-43	1	1	better
mealpy	BaseTLO	5	500	1134	66	1200	3.08504e-252	8.05195e-250	1	1	better
mealpy	OriginalPFA	5	500	368	832	1200	1	1	4.53358e-42	1.1606e-39	worse
mealpy	BaseFOA	5	500	280	920	1200	1	1	3.05041e-80	8.17511e-78	worse
mealpy	OriginalGBO	5	500	1087	113	1200	1.10972e-200	2.24163e-198	1	1	better
mealpy	TVAC	5	500	1136	64	1200	1.02444e-254	2.70453e-252	1	1	better
mealpy	BaseFBIO	5	500	1144	56	1200	6.33725e-265	1.73007e-262	1	1	better
mealpy	ImprovedBSO	5	500	1038	162	1200	4.24759e-157	7.17842e-155	1	1	better
mealpy	OriginalAO	5	500	231	969	1200	1	1	4.19434e-108	1.15344e-105	worse
mealpy	BaseGSKA	5	500	1123	77	1200	4.44251e-239	1.08397e-236	1	1	better
mealpy	BaseLCO	5	500	1089	111	1200	1.1827e-202	2.43636e-200	1	1	better
mealpy	OriginalSSpiderA	5	500	566	634	1200	0.976829	1	0.0265263	1	not shown
mealpy	BaseHS	5	500	955	245	1200	1.30821e-99	1.73991e-97	1	1	better
mealpy	AdaptiveEO	5	500	1125	75	1200	2.05178e-241	5.08842e-239	1	1	better
mealpy	OriginalWCA	5	500	689	68	757	1.59132e-130	2.37106e-128	1	1	better
mealpy	OriginalMRFO	5	500	1123	77	1200	4.44251e-239	1.08397e-236	1	1	better
mealpy	OriginalEOA	5	500	763	437	1200	1.86048e-21	1.45117e-19	1	1	better
mealpy	OriginalABC	5	500	1091	109	1200	1.21162e-204	2.52016e-202	1	1	better
mealpy	ModifiedAEO	5	500	1099	101	1200	8.86823e-213	1.8978e-210	1	1	better
mealpy	OriginalSFO	5	500	855	345	1200	1.07556e-50	1.02178e-48	1	1	better
mealpy	BaseBBO	5	500	923	277	1200	8.4014e-82	9.91366e-80	1	1	better
mealpy	OriginalNMRA	5	500	1059	141	1200	9.81465e-175	1.73719e-172	1	1	better
mealpy	OriginalACOR	5	500	1060	140	1200	1.30393e-175	2.33404e-173	1	1	better
mealpy	ImprovedSFO	5	500	937	263	1200	2.51321e-89	3.04099e-87	1	1	better
mealpy	OriginalCRO	5	500	938	262	1200	7.03337e-90	8.58071e-88	1	1	better
mealpy	LevyJA	5	500	1089	111	1200	1.1827e-202	2.43636e-200	1	1	better
mealpy	OriginalHS	5	500	1095	105	1200	1.12642e-208	2.38801e-206	1	1	better
mealpy	OriginalCSO	5	500	504	696	1200	1	1	1.64689e-08	4.03489e-06	worse
mealpy	OriginalCOA	5	500	968	232	1200	1.75479e-107	2.35142e-105	1	1	better
mealpy	LevyQSA	5	500	1124	76	1200	3.04026e-240	7.47905e-238	1	1	better
mealpy	OppoQSA	5	500	1138	62	1200	3.18606e-257	8.53863e-255	1	1	better
mealpy	BaseBRO	5	500	796	404	1200	2.33757e-30	2.03369e-28	1	1	better
mealpy	OriginalSLO	5	500	953	247	1200	1.96848e-98	2.53934e-96	1	1	better
mealpy	OriginalMVO	5	500	1072	128	1200	2.07217e-186	3.87495e-184	1	1	better
mealpy	CLPSO	5	500	1017	183	1200	7.92284e-141	1.23596e-138	1	1	better
mealpy	OriginalNRO	5	500	1107	93	1200	3.25833e-221	7.33124e-219	1	1	better
mealpy	BaseSCA	5	500	943	257	1200	1.12204e-92	1.41377e-90	1	1	better
mealpy	BaseGCO	5	500	1013	187	1200	7.15683e-138	1.10931e-135	1	1	better
mealpy	OriginalArchOA	5	500	1084	116	1200	9.37822e-198	1.86627e-195	1	1	better
mealpy	SwarmHC	5	500	511	689	1200	1	1	1.53963e-07	3.75671e-05	worse
mealpy	ImprovedTLO	5	500	1115	85	1200	5.6952e-230	1.33268e-227	1	1	better
mealpy	OriginalMSA	5	500	1133	67	1200	5.22672e-251	1.35372e-248	1	1	better
mealpy	WOA	5	500	1006	194	1200	8.36166e-133	1.26261e-130	1	1	better
mealpy	OriginalIWO	5	500	1105	95	1200	4.47688e-219	9.98344e-217	1	1	better
mealpy	BaseGA	5	500	1006	194	1200	8.36166e-133	1.26261e-130	1	1	better
mealpy	ModifiedEO	5	500	1137	63	1200	5.76077e-256	1.5266e-253	1	1	better
mealpy	ImprovedNMRA	5	500	947	253	1200	5.93923e-95	7.54282e-93	1	1	better
mealpy	BaseCHIO	5	500	285	915	1200	1	1	1.1069e-77	2.95542e-75	worse
mealpy	OriginalHHO	5	500	942	258	1200	4.10868e-92	5.09476e-90	1	1	better
mealpy	OriginalGWO	5	500	1070	130	1200	1.42202e-184	2.63074e-182	1	1	better
mealpy	ImprovedQSA	5	500	1139	61	1200	1.7326e-258	4.66068e-256	1	1	better
mealpy	OriginalFBIO	5	500	1131	69	1200	1.43156e-248	3.65049e-246	1	1	better
mealpy	OriginalBeesA	5	500	672	528	1200	1.79282e-05	0.00120119	0.999986	1	better
mealpy	BaseEFO	5	500	1116	84	1200	4.33323e-231	1.03131e-228	1	1	better
mealpy	OriginalSA	5	500	1096	104	1200	1.07796e-209	2.29605e-207	1	1	better
mealpy	OriginalHC	5	500	219	981	1200	1	1	9.56321e-116	2.64901e-113	worse
mealpy	OriginalSHO	5	500	802	398	1200	3.6667e-32	3.26336e-30	1	1	better
mealpy	JADE	5	500	1138	62	1200	3.18606e-257	8.53863e-255	1	1	better
mealpy	OriginalCA	5	500	874	326	1200	1.60836e-58	1.57619e-56	1	1	better
mealpy	EnhancedTWO	5	500	881	319	1200	1.44166e-61	1.47049e-59	1	1	better
mealpy	BaseSSA	5	500	955	245	1200	1.30821e-99	1.73991e-97	1	1	better
mealpy	OriginalAOA	5	500	170	1030	1200	1	1	9.54162e-151	2.71936e-148	worse
mealpy	OriginalQSA	5	500	1133	67	1200	5.22672e-251	1.35372e-248	1	1	better
mealpy	OriginalGOA	5	500	1116	84	1200	4.33323e-231	1.03131e-228	1	1	better
mealpy	EnhancedAEO	5	500	1073	127	1200	2.46901e-187	4.66642e-185	1	1	better
mealpy	OriginalGSKA	5	500	1100	100	1200	8.13378e-214	1.76503e-211	1	1	better
mealpy	PPSO	5	500	1075	125	1200	3.414e-189	6.52074e-187	1	1	better
mealpy	OriginalCGO	5	500	1113	87	1200	9.47456e-228	2.17915e-225	1	1	better
mealpy	OriginalHGSO	5	500	740	460	1200	2.97168e-16	2.22876e-14	1	1	better
mealpy	OriginalSBO	5	500	1011	189	1200	2.07079e-136	3.16831e-134	1	1	better
mealpy	OppoTWO	5	500	774	426	1200	3.11182e-24	2.48946e-22	1	1	better
mealpy	OriginalASO	5	500	78	1122	1200	1	1	6.40261e-238	1.86316e-235	worse
mealpy	ModifiedSLO	5	500	943	257	1200	1.12204e-92	1.41377e-90	1	1	better
mealpy	BaseVCS	5	500	1134	66	1200	3.08504e-252	8.05195e-250	1	1	better
mealpy	LSHADE	5	500	1146	54	1200	1.48466e-267	4.09767e-265	1	1	better
mealpy	OriginalEFO	5	500	811	389	1200	5.59687e-35	5.14912e-33	1	1	better
mealpy	OriginalJA	5	500	629	571	1200	0.0499186	1	0.955754	1	not shown
mealpy	OriginalGCO	5	500	973	227	1200	1.29755e-110	1.75169e-108	1	1	better
mealpy	OriginalPSS	5	500	1114	86	1200	7.3916e-229	1.71485e-226	1	1	better
mealpy	OriginalEHO	5	500	881	319	1200	1.44166e-61	1.47049e-59	1	1	better
mealpy	OriginalSSA	5	500	914	286	1200	3.54865e-77	4.04546e-75	1	1	better
mealpy	OriginalSCA	5	500	920	280	1200	3.05041e-80	3.56898e-78	1	1	better
mealpy	OriginalBES	5	500	1085	115	1200	1.00151e-198	2.01303e-196	1	1	better
mealpy	BaseSBO	5	500	994	206	1200	2.0326e-124	2.9676e-122	1	1	better
mealpy	BaseJA	5	500	952	248	1200	7.57781e-98	9.6996e-96	1	1	better
mealpy	OriginalSARO	5	500	1163	37	1200	2.1158e-291	6.07236e-289	1	1	better
mealpy	OriginalSRSR	5	500	1105	95	1200	4.47688e-219	9.98344e-217	1	1	better
mealpy	OriginalTWO	5	500	1048	152	1200	2.5686e-165	4.49505e-163	1	1	better
mealpy	OriginalWDO	5	500	500	700	1200	1	1	4.26768e-09	1.04985e-06	worse
mealpy	AugmentedAEO	5	500	1013	187	1200	7.15683e-138	1.10931e-135	1	1	better
mealpy	OriginalWOA	5	500	1029	171	1200	5.75507e-150	9.38076e-148	1	1	better
mealpy	SADE	5	500	1138	62	1200	3.18606e-257	8.53863e-255	1	1	better
mealpy	OriginalBRO	5	500	323	877	1200	1	1	8.15275e-60	2.11972e-57	worse
mealpy	OriginalSSpiderO	5	500	528	672	1200	0.999986	1	1.79282e-05	0.00433861	worse
mealpy	ProbBeesA	5	500	440	760	1200	1	1	9.86963e-21	2.49702e-18	worse
mealpy	OriginalFA	5	500	340	860	1200	1	1	1.08345e-52	2.79531e-50	worse
mealpy	OriginalCSA	5	500	307	893	1200	1	1	5.28723e-67	1.39054e-64	worse
mealpy	OriginalALO	5	500	980	220	1200	4.27115e-115	5.80877e-113	1	1	better
mealpy	OriginalDO	5	500	522	678	1200	0.999997	1	3.72498e-06	0.000905169	worse
mealpy	OriginalCHIO	5	500	454	746	1200	1	1	1.5609e-17	3.90224e-15	worse
mealpy	OriginalBSA	5	500	1081	119	1200	7.27584e-195	1.42606e-192	1	1	better
mealpy	LevyEP	5	500	1116	84	1200	4.33323e-231	1.03131e-228	1	1	better
mealpy	OriginalICA	5	500	641	46	687	2.06459e-135	3.13817e-133	1	1	better
mealpy	ImprovedLCO	5	500	937	263	1200	2.51321e-89	3.04099e-87	1	1	better
mealpy	OriginalMFO	5	500	264	936	1200	1	1	8.9369e-89	2.41296e-86	worse
mealpy	ImprovedAEO	5	500	1110	90	1200	1.85408e-224	4.19023e-222	1	1	better
mealpy	OriginalVCS	5	500	914	286	1200	3.54865e-77	4.04546e-75	1	1	better
mealpy	AdaptiveBA	5	500	225	975	1200	1	1	6.98668e-112	1.92832e-109	worse
mealpy	MultiGA	5	500	858	342	1200	6.89987e-52	6.62387e-50	1	1	better
mealpy	OriginalES	5	500	1116	84	1200	4.33323e-231	1.03131e-228	1	1	better
mealpy	LevyES	5	500	1149	51	1200	1.45624e-271	4.0338e-269	1	1	better
mealpy	OriginalEP	5	500	682	518	1200	1.22433e-06	8.44785e-05	0.999999	1	better
mealpy	BaseSMA	5	500	1023	177	1200	2.40501e-145	3.87207e-143	1	1	better
mealpy	OriginalPSO	5	500	288	912	1200	1	1	3.59763e-76	9.56969e-74	worse
mealpy	FBUDGETSHADE	5	500	1151	49	1200	2.80013e-274	7.78437e-272	1	1	better
mealpy	OriginalFOA	5	500	261	939	1200	1	1	1.95877e-90	5.30827e-88	worse
mealpy	BaseQSA	5	500	1131	69	1200	1.43156e-248	3.65049e-246	1	1	better
mealpy	BaseMFO	5	500	1093	107	1200	1.19235e-206	2.50394e-204	1	1	better
mealpy	BaseDE	5	500	1122	78	1200	6.40261e-238	1.54943e-235	1	1	better
mealpy	WhaleFOA	5	500	260	940	1200	1	1	5.42855e-91	1.47657e-88	worse
Baselines	DE	5	500	1125	75	1200	2.05178e-241	1.64143e-240	1	1	better
Baselines	RCobyla	5	500	961	239	1200	3.39467e-103	1.69734e-102	1	1	better
Baselines	PSO	5	500	228	972	1200	1	1	5.54649e-110	6.10113e-109	worse
Baselines	DiagonalCMA	5	500	1082	118	1200	7.99289e-196	4.79573e-195	1	1	better
Baselines	modcma	5	500	1135	65	1200	1.79217e-253	1.79217e-252	1	1	better
Baselines	modde	5	500	1117	83	1200	3.25527e-232	2.27869e-231	1	1	better
Baselines	OnePlusOne	5	500	912	288	1200	3.59763e-76	1.07929e-75	1	1	better
Baselines	Powell	5	500	920	280	1200	3.05041e-80	1.22017e-79	1	1	better
Baselines	MultiBFGS	5	500	899	301	1200	8.00873e-70	1.60175e-69	1	1	better
Baselines	lshade	5	500	1126	74	1200	1.36526e-242	1.22873e-241	1	1	better
Baselines	bipop	5	500	1160	40	1200	5.61541e-287	6.17695e-286	1	1	better
EVOLOPY	DE	5	1000	1152	48	1200	1.18991e-275	3.29604e-273	1	1	better
EVOLOPY	JAYA	5	1000	1016	184	1200	4.38528e-140	6.66562e-138	1	1	better
EVOLOPY	PSO	5	1000	1067	133	1200	7.58052e-182	1.29627e-179	1	1	better
EVOLOPY	WOA	5	1000	1029	171	1200	5.75507e-150	9.15056e-148	1	1	better
EVOLOPY	FFA	5	1000	1111	89	1200	1.50037e-225	3.39084e-223	1	1	better
EVOLOPY	BAT	5	1000	445	755	1200	1	1	1.48348e-19	3.75322e-17	worse
EVOLOPY	MVO	5	1000	1097	103	1200	1.02082e-210	2.1131e-208	1	1	better
EVOLOPY	HHO	5	1000	794	406	1200	9.06502e-30	7.88657e-28	1	1	better
EVOLOPY	SCA	5	1000	876	324	1200	2.2122e-59	2.32281e-57	1	1	better
EVOLOPY	GA	5	1000	818	111	929	4.31887e-134	6.39192e-132	1	1	better
EVOLOPY	MFO	5	1000	1081	119	1200	7.27584e-195	1.36058e-192	1	1	better
EVOLOPY	CS	5	1000	1169	31	1200	1.39804e-300	4.0683e-298	1	1	better
EVOLOPY	GWO	5	1000	1087	113	1200	1.10972e-200	2.17505e-198	1	1	better
EVOLOPY	SSA	5	1000	812	388	1200	2.67204e-35	2.45827e-33	1	1	better
NIAPY	DynamicFireworksAlgorithm	5	1000	1096	104	1200	1.07796e-209	2.20981e-207	1	1	better
NIAPY	HarmonySearch	5	1000	1093	107	1200	1.19235e-206	2.40855e-204	1	1	better
NIAPY	EvolutionStrategyMp1	5	1000	1102	98	1200	6.62242e-216	1.43706e-213	1	1	better
NIAPY	MonarchButterflyOptimization	5	1000	527	673	1200	0.999989	1	1.39098e-05	0.00342182	worse
NIAPY	CenterParticleSwarmOptimization	5	1000	1086	114	1200	1.05932e-199	2.06568e-197	1	1	better
NIAPY	DynNpDifferentialEvolution	5	1000	880	320	1200	3.97863e-61	4.29692e-59	1	1	better
NIAPY	CamelAlgorithm	5	1000	998	202	1200	3.58311e-127	5.08802e-125	1	1	better
NIAPY	BatAlgorithm	5	1000	842	358	1200	1.04362e-45	1.02275e-43	1	1	better
NIAPY	GlowwormSwarmOptimization	5	1000	242	958	1200	1	1	2.15686e-101	5.88823e-99	worse
NIAPY	BareBonesFireworksAlgorithm	5	1000	917	283	1200	1.06223e-78	1.23218e-76	1	1	better
NIAPY	CuckooSearch	5	1000	1172	28	1200	2.34187e-305	6.86167e-303	1	1	better
NIAPY	GeneticAlgorithm	5	1000	596	604	1200	0.602487	1	0.419935	1	not shown
NIAPY	ParticleSwarmAlgorithm	5	1000	1143	57	1200	1.27312e-263	3.32285e-261	1	1	better
NIAPY	MonkeyKingEvolutionV3	5	1000	681	519	1200	1.62492e-06	0.000113745	0.999999	1	better
NIAPY	MonkeyKingEvolutionV2	5	1000	1068	132	1200	9.42885e-183	1.64062e-180	1	1	better
NIAPY	SineCosineAlgorithm	5	1000	7	1193	1200	1	1	0	0	worse
NIAPY	EvolutionStrategy1p1	5	1000	880	320	1200	3.97863e-61	4.29692e-59	1	1	better
NIAPY	HarrisHawksOptimization	5	1000	1089	111	1200	1.1827e-202	2.35357e-200	1	1	better
NIAPY	ParticleSwarmOptimization	5	1000	707	493	1200	3.53132e-10	2.64849e-08	1	1	better
NIAPY	ForestOptimizationAlgorithm	5	1000	1070	130	1200	1.42202e-184	2.50276e-182	1	1	better
NIAPY	EnhancedFireworksAlgorithm	5	1000	1098	102	1200	9.56554e-212	1.98963e-209	1	1	better
NIAPY	MultiStrategyDifferentialEvolution	5	1000	1117	83	1200	3.25527e-232	7.51967e-230	1	1	better
NIAPY	MutatedParticleSwarmOptimization	5	1000	1096	104	1200	1.07796e-209	2.20981e-207	1	1	better
NIAPY	ComprehensiveLearningParticleSwarmOptimizer	5	1000	1118	82	1200	2.4142e-233	5.60095e-231	1	1	better
NIAPY	KrillHerd	5	1000	255	945	1200	1	1	8.24481e-94	2.20961e-91	worse
NIAPY	FishSchoolSearch	5	1000	792	408	1200	3.46381e-29	2.97888e-27	1	1	better
NIAPY	MutatedCenterUnifiedParticleSwarmOptimization	5	1000	1119	81	1200	1.76729e-234	4.18849e-232	1	1	better
NIAPY	MutatedCenterParticleSwarmOptimization	5	1000	1109	91	1200	2.26397e-223	5.09393e-221	1	1	better
NIAPY	GlowwormSwarmOptimizationV2	5	1000	221	979	1200	1	1	1.89704e-114	5.23583e-112	worse
NIAPY	CatSwarmOptimization	5	1000	1102	98	1200	6.62242e-216	1.43706e-213	1	1	better
NIAPY	DifferentialEvolution	5	1000	1113	87	1200	9.47456e-228	2.1602e-225	1	1	better
NIAPY	FireworksAlgorithm	5	1000	1086	114	1200	1.05932e-199	2.06568e-197	1	1	better
NIAPY	MothFlameOptimizer	5	1000	253	947	1200	1	1	5.93923e-95	1.59765e-92	worse
NIAPY	DynNpMultiStrategyDifferentialEvolution	5	1000	1123	77	1200	4.44251e-239	1.0662e-236	1	1	better
NIAPY	EvolutionStrategyML	5	1000	1077	123	1200	4.55567e-191	8.42799e-189	1	1	better
NIAPY	GreyWolfOptimizer	5	1000	1107	93	1200	3.25833e-221	7.26608e-219	1	1	better
NIAPY	HarmonySearchV1	5	1000	1050	150	1200	5.33887e-167	8.86252e-165	1	1	better
NIAPY	BeesAlgorithm	5	1000	1175	25	1200	2.83723e-310	8.36982e-308	1	1	better
NIAPY	GlowwormSwarmOptimizationV1	5	1000	244	956	1200	1	1	3.34673e-100	9.10312e-98	worse
NIAPY	GlowwormSwarmOptimizationV3	5	1000	261	939	1200	1	1	1.95877e-90	5.15157e-88	worse
NIAPY	LionOptimizationAlgorithm	5	1000	1067	133	1200	7.58052e-182	1.29627e-179	1	1	better
NIAPY	ArtificialBeeColonyAlgorithm	5	1000	1130	70	1200	2.31531e-247	5.6725e-245	1	1	better
NIAPY	AgingNpDifferentialEvolution	5	1000	863	337	1200	6.53804e-54	6.6688e-52	1	1	better
NIAPY	OppositionVelocityClampingParticleSwarmOptimization	5	1000	667	533	1200	6.07551e-05	0.00407059	0.999952	1	better
NIAPY	CoralReefsOptimization	5	1000	330	870	1200	1	1	8.08475e-57	2.07778e-54	worse
NIAPY	BacterialForagingOptimization	5	1000	614	586	1200	0.217872	1	0.798743	1	not shown
NIAPY	DynamicFireworksAlgorithmGauss	5	1000	1085	115	1200	1.00151e-198	1.91288e-196	1	1	better
NIAPY	ClonalSelectionAlgorithm	5	1000	108	1092	1200	1	1	1.20805e-205	3.47918e-203	worse
NIAPY	GravitationalSearchAlgorithm	5	1000	256	944	1200	1	1	3.04908e-93	8.11056e-91	worse
NIAPY	MonkeyKingEvolutionV1	5	1000	1079	121	1200	5.86366e-193	1.09064e-190	1	1	better
NIAPY	EvolutionStrategyMpL	5	1000	1101	99	1200	7.37961e-215	1.57924e-212	1	1	better
NIAPY	FireflyAlgorithm	5	1000	954	246	1200	5.08757e-99	6.61384e-97	1	1	better
NIAPY	FlowerPollinationAlgorithm	5	1000	1162	38	1200	6.48141e-290	1.8472e-287	1	1	better
OPYTIMIZER	SA	5	1000	944	256	1200	3.04908e-93	3.87233e-91	1	1	better
OPYTIMIZER	GOGHS	5	1000	967	233	1200	7.30255e-107	9.63936e-105	1	1	better
OPYTIMIZER	QSA	5	1000	1166	34	1200	6.22133e-296	1.79796e-293	1	1	better
OPYTIMIZER	SGHS	5	1000	888	312	1200	1.04912e-64	1.17502e-62	1	1	better
OPYTIMIZER	DE	5	1000	1148	52	1200	3.2208e-270	8.69616e-268	1	1	better
OPYTIMIZER	RFO	5	1000	1131	69	1200	1.43156e-248	3.53596e-246	1	1	better
OPYTIMIZER	PPA	5	1000	710	490	1200	1.15404e-10	8.88611e-09	1	1	better
OPYTIMIZER	EHO	5	1000	1099	101	1200	8.86823e-213	1.85346e-210	1	1	better
OPYTIMIZER	AEO	5	1000	1156	44	1200	3.11617e-281	8.72526e-279	1	1	better
OPYTIMIZER	ABO	5	1000	1165	35	1200	2.07448e-294	5.97449e-292	1	1	better
OPYTIMIZER	GHS	5	1000	878	322	1200	2.99193e-60	3.17144e-58	1	1	better
OPYTIMIZER	PVS	5	1000	947	253	1200	5.93923e-95	7.60222e-93	1	1	better
OPYTIMIZER	BWO	5	1000	801	399	1200	7.39716e-32	6.58347e-30	1	1	better
OPYTIMIZER	PSO	5	1000	1131	69	1200	1.43156e-248	3.53596e-246	1	1	better
OPYTIMIZER	BSO	5	1000	1013	187	1200	7.15683e-138	1.08068e-135	1	1	better
OPYTIMIZER	CSA	5	1000	695	505	1200	2.28912e-08	1.67105e-06	1	1	better
OPYTIMIZER	SSO	5	1000	670	530	1200	2.94953e-05	0.00203517	0.999977	1	better
OPYTIMIZER	WOA	5	1000	1116	84	1200	4.33323e-231	9.96642e-229	1	1	better
OPYTIMIZER	BA	5	1000	847	353	1200	1.36538e-47	1.35173e-45	1	1	better
OPYTIMIZER	HS	5	1000	903	297	1200	9.67079e-72	1.10247e-69	1	1	better
OPYTIMIZER	JS	5	1000	841	359	1200	2.45487e-45	2.38122e-43	1	1	better
OPYTIMIZER	SOS	5	1000	1170	30	1200	3.70089e-302	1.08066e-299	1	1	better
OPYTIMIZER	GS	5	1000	3	1197	1200	1	1	0	0	worse
OPYTIMIZER	EFO	5	1000	1025	175	1200	7.11841e-147	1.10335e-144	1	1	better
OPYTIMIZER	GSA	5	1000	173	1027	1200	1	1	2.05147e-148	5.80565e-146	worse
OPYTIMIZER	ESA	5	1000	627	573	1200	0.0629934	1	0.943843	1	not shown
OPYTIMIZER	BOA	5	1000	48	485	533	1	1	2.73752e-92	7.25443e-90	worse
OPYTIMIZER	HC	5	1000	210	990	1200	1	1	1.05013e-121	2.94036e-119	worse
OPYTIMIZER	ABC	5	1000	1119	47	1166	2.14631e-267	5.68772e-265	1	1	better
OPYTIMIZER	RRA	5	1000	1035	165	1200	1.07816e-154	1.74662e-152	1	1	better
OPYTIMIZER	NDS	5	1000	3	1197	1200	1	1	0	0	worse
OPYTIMIZER	NBJS	5	1000	798	402	1200	5.93917e-31	5.22647e-29	1	1	better
OPYTIMIZER	SSD	5	1000	245	955	1200	1	1	1.30821e-99	3.54524e-97	worse
OPYTIMIZER	CEM	5	1000	599	601	1200	0.534504	1	0.488486	1	not shown
OPYTIMIZER	AOA	5	1000	603	597	1200	0.442621	1	0.580065	1	not shown
OPYTIMIZER	MRFO	5	1000	1161	39	1200	1.9329e-288	5.48944e-286	1	1	better
OPYTIMIZER	ASO	5	1000	61	1139	1200	1	1	1.7326e-258	5.05918e-256	worse
OPYTIMIZER	SFO	5	1000	623	577	1200	0.0969548	1	0.912586	1	not shown
OPYTIMIZER	IHS	5	1000	885	315	1200	2.38157e-63	2.59592e-61	1	1	better
OPYTIMIZER	COA	5	1000	1173	27	1200	5.58515e-307	1.64203e-304	1	1	better
OPYTIMIZER	GOA	5	1000	1093	107	1200	1.19235e-206	2.40855e-204	1	1	better
OPYTIMIZER	STOA	5	1000	133	1067	1200	1	1	7.58052e-182	2.16803e-179	worse
OPYTIMIZER	MVPA	5	1000	998	202	1200	3.58311e-127	5.08802e-125	1	1	better
OPYTIMIZER	ES	5	1000	1119	81	1200	1.76729e-234	4.18849e-232	1	1	better
OPYTIMIZER	AIWPSO	5	1000	1073	127	1200	2.46901e-187	4.39483e-185	1	1	better
OPYTIMIZER	ISA	5	1000	185	1015	1200	1	1	2.41176e-139	6.80117e-137	worse
OPYTIMIZER	EO	5	1000	1156	44	1200	3.11617e-281	8.72526e-279	1	1	better
OPYTIMIZER	AF	5	1000	41	1004	1045	1	1	2.26875e-241	6.57938e-239	worse
OPYTIMIZER	DOA	5	1000	1148	52	1200	3.2208e-270	8.69616e-268	1	1	better
OPYTIMIZER	PIO	5	1000	814	386	1200	6.02148e-36	5.59998e-34	1	1	better
OPYTIMIZER	HHO	5	1000	1101	99	1200	7.37961e-215	1.57924e-212	1	1	better
OPYTIMIZER	BSA	5	1000	990	210	1200	1.05013e-121	1.45968e-119	1	1	better
OPYTIMIZER	TEO	5	1000	647	530	1177	0.000357584	0.0232429	0.999711	1	better
OPYTIMIZER	FA	5	1000	115	1085	1200	1	1	1.00151e-198	2.87433e-196	worse
OPYTIMIZER	WWO	5	1000	1168	32	1200	5.11183e-299	1.48243e-296	1	1	better
OPYTIMIZER	IWO	5	1000	980	220	1200	4.27115e-115	5.76606e-113	1	1	better
OPYTIMIZER	KH	5	1000	1065	135	1200	4.7778e-180	8.07449e-178	1	1	better
OPYTIMIZER	FOA	5	1000	1083	117	1200	8.69881e-197	1.65277e-194	1	1	better
OPYTIMIZER	RPSO	5	1000	1151	49	1200	2.80013e-274	7.67237e-272	1	1	better
OPYTIMIZER	SCA	5	1000	311	889	1200	1	1	3.67341e-65	9.51414e-63	worse
OPYTIMIZER	OSA	5	1000	430	770	1200	1	1	3.34574e-23	8.49817e-21	worse
OPYTIMIZER	WDO	5	1000	215	985	1200	1	1	2.27282e-118	6.31844e-116	worse
OPYTIMIZER	LSA	5	1000	1158	42	1200	4.39231e-284	1.23424e-281	1	1	better
OPYTIMIZER	VPSO	5	1000	1161	39	1200	1.9329e-288	5.48944e-286	1	1	better
OPYTIMIZER	SBO	5	1000	1024	176	1200	4.15137e-146	6.39311e-144	1	1	better
OPYTIMIZER	GA	5	1000	1142	58	1200	2.51136e-262	6.50441e-260	1	1	better
OPYTIMIZER	MFO	5	1000	1011	189	1200	2.07079e-136	3.10618e-134	1	1	better
OPYTIMIZER	CS	5	1000	1189	11	1200	0	0	1	1	better
OPYTIMIZER	FSO	5	1000	691	509	1200	8.26523e-08	5.95096e-06	1	1	better
OPYTIMIZER	NGHS	5	1000	723	477	1200	6.37531e-13	4.97274e-11	1	1	better
OPYTIMIZER	GCO	5	1000	1086	114	1200	1.05932e-199	2.06568e-197	1	1	better
OPYTIMIZER	TWO	5	1000	1106	94	1200	3.8413e-220	8.52769e-218	1	1	better
OPYTIMIZER	WEO	5	1000	1070	130	1200	1.42202e-184	2.50276e-182	1	1	better
OPYTIMIZER	GWO	5	1000	1089	111	1200	1.1827e-202	2.35357e-200	1	1	better
OPYTIMIZER	SAVPSO	5	1000	1153	47	1200	4.94899e-277	1.37582e-274	1	1	better
OPYTIMIZER	FFOA	5	1000	246	954	1200	1	1	5.08757e-99	1.37364e-96	worse
OPYTIMIZER	AIG	5	1000	1152	48	1200	1.18991e-275	3.29604e-273	1	1	better
OPYTIMIZER	BH	5	1000	862	338	1200	1.67372e-53	1.69045e-51	1	1	better
OPYTIMIZER	CI	5	1000	427	192	619	8.4822e-22	7.12505e-20	1	1	better
OPYTIMIZER	SSA	5	1000	1114	86	1200	7.3916e-229	1.69268e-226	1	1	better
OPYTIMIZER	AO	5	1000	663	537	1200	0.000152237	0.0100476	0.999878	1	better
OPYTIMIZER	MVO	5	1000	300	38	338	5.64741e-52	5.64741e-50	1	1	better
mealpy	LevyTWO	5	1000	743	457	1200	6.91836e-17	5.67305e-15	1	1	better
mealpy	OriginalTLO	5	1000	1137	63	1200	5.76077e-256	1.46324e-253	1	1	better
mealpy	GWO	5	1000	1002	198	1200	5.74418e-130	8.27162e-128	1	1	better
mealpy	OriginalBBO	5	1000	980	220	1200	4.27115e-115	5.76606e-113	1	1	better
mealpy	ABFO	5	1000	497	685	1182	1	1	2.51517e-08	6.26277e-06	worse
mealpy	OriginalWHO	5	1000	1075	125	1200	3.414e-189	6.28176e-187	1	1	better
mealpy	OriginalFFA	5	1000	598	602	1200	0.557379	1	0.465496	1	not shown
mealpy	BaseSARO	5	1000	1137	63	1200	5.76077e-256	1.46324e-253	1	1	better
mealpy	OriginalSMA	5	1000	710	490	1200	1.15404e-10	8.88611e-09	1	1	better
mealpy	SingleGA	5	1000	670	530	1200	2.94953e-05	0.00203517	0.999977	1	better
mealpy	OriginalSSDO	5	1000	499	701	1200	1	1	3.0196e-09	7.5792e-07	worse
mealpy	OriginalFPA	5	1000	1149	51	1200	1.45624e-271	3.96098e-269	1	1	better
mealpy	OriginalSSO	5	1000	553	647	1200	0.996962	1	0.0036174	0.879029	not shown
mealpy	OriginalMA	5	1000	688	512	1200	2.09097e-07	1.48459e-05	1	1	better
mealpy	OriginalCEM	5	1000	940	260	1200	5.42855e-91	6.78569e-89	1	1	better
mealpy	OCRO	5	1000	1082	118	1200	7.99289e-196	1.51066e-193	1	1	better
mealpy	OriginalBA	5	1000	38	1162	1200	1	1	6.48141e-290	1.89905e-287	worse
mealpy	OriginalAEO	5	1000	1112	88	1200	1.19957e-226	2.72304e-224	1	1	better
mealpy	OriginalBSO	5	1000	1105	95	1200	4.47688e-219	9.84913e-217	1	1	better
mealpy	OriginalBFO	5	1000	81	1119	1200	1	1	1.76729e-234	5.10748e-232	worse
mealpy	ImprovedSLO	5	1000	1045	155	1200	8.10326e-163	1.33704e-160	1	1	better
mealpy	OriginalLCO	5	1000	1022	178	1200	1.38412e-144	2.1177e-142	1	1	better
mealpy	OriginalHGS	5	1000	1002	198	1200	5.74418e-130	8.27162e-128	1	1	better
mealpy	BaseALO	5	1000	936	264	1200	8.9369e-89	1.0903e-86	1	1	better
mealpy	CPSO	5	1000	815	385	1200	2.84225e-36	2.67172e-34	1	1	better
mealpy	OriginalEO	5	1000	1135	65	1200	1.79217e-253	4.49835e-251	1	1	better
mealpy	DE	5	1000	374	826	1200	1	1	5.72457e-40	1.46549e-37	worse
mealpy	ModifiedBA	5	1000	887	313	1200	2.98337e-64	3.28171e-62	1	1	better
mealpy	BaseTLO	5	1000	1135	65	1200	1.79217e-253	4.49835e-251	1	1	better
mealpy	OriginalPFA	5	1000	324	876	1200	1	1	2.2122e-59	5.70748e-57	worse
mealpy	BaseFOA	5	1000	260	940	1200	1	1	5.42855e-91	1.43314e-88	worse
mealpy	OriginalGBO	5	1000	1106	94	1200	3.8413e-220	8.52769e-218	1	1	better
mealpy	TVAC	5	1000	1134	66	1200	3.08504e-252	7.68175e-250	1	1	better
mealpy	BaseFBIO	5	1000	1141	59	1200	4.86568e-261	1.25048e-258	1	1	better
mealpy	ImprovedBSO	5	1000	1033	167	1200	4.17329e-153	6.71899e-151	1	1	better
mealpy	OriginalAO	5	1000	220	980	1200	1	1	4.27115e-115	1.18311e-112	worse
mealpy	BaseGSKA	5	1000	1136	64	1200	1.02444e-254	2.58159e-252	1	1	better
mealpy	BaseLCO	5	1000	1074	126	1200	2.91616e-188	5.24908e-186	1	1	better
mealpy	OriginalSSpiderA	5	1000	519	681	1200	0.999999	1	1.62492e-06	0.000401356	worse
mealpy	BaseHS	5	1000	951	249	1200	2.90239e-97	3.74409e-95	1	1	better
mealpy	AdaptiveEO	5	1000	1129	71	1200	3.68862e-246	9.00022e-244	1	1	better
mealpy	OriginalWCA	5	1000	674	83	757	3.30093e-116	4.52228e-114	1	1	better
mealpy	OriginalMRFO	5	1000	1119	81	1200	1.76729e-234	4.18849e-232	1	1	better
mealpy	OriginalEOA	5	1000	809	391	1200	2.42789e-34	2.20938e-32	1	1	better
mealpy	OriginalABC	5	1000	1092	108	1200	1.20805e-205	2.4161e-203	1	1	better
mealpy	ModifiedAEO	5	1000	1074	126	1200	2.91616e-188	5.24908e-186	1	1	better
mealpy	OriginalSFO	5	1000	736	464	1200	1.97637e-15	1.60086e-13	1	1	better
mealpy	BaseBBO	5	1000	906	294	1200	3.36178e-73	3.86605e-71	1	1	better
mealpy	OriginalNMRA	5	1000	1142	58	1200	2.51136e-262	6.50441e-260	1	1	better
mealpy	OriginalACOR	5	1000	1075	125	1200	3.414e-189	6.28176e-187	1	1	better
mealpy	ImprovedSFO	5	1000	867	333	1200	1.46096e-55	1.50478e-53	1	1	better
mealpy	OriginalCRO	5	1000	940	260	1200	5.42855e-91	6.78569e-89	1	1	better
mealpy	LevyJA	5	1000	1101	99	1200	7.37961e-215	1.57924e-212	1	1	better
mealpy	OriginalHS	5	1000	1102	98	1200	6.62242e-216	1.43706e-213	1	1	better
mealpy	OriginalCSO	5	1000	503	697	1200	1	1	1.18092e-08	2.95229e-06	worse
mealpy	OriginalCOA	5	1000	1033	167	1200	4.17329e-153	6.71899e-151	1	1	better
mealpy	LevyQSA	5	1000	1145	55	1200	3.09647e-266	8.17467e-264	1	1	better
mealpy	OppoQSA	5	1000	1143	57	1200	1.27312e-263	3.32285e-261	1	1	better
mealpy	BaseBRO	5	1000	726	474	1200	1.77e-13	1.416e-11	1	1	better
mealpy	OriginalSLO	5	1000	929	271	1200	5.61488e-85	6.73786e-83	1	1	better
mealpy	OriginalMVO	5	1000	1068	132	1200	9.42885e-183	1.64062e-180	1	1	better
mealpy	CLPSO	5	1000	1082	118	1200	7.99289e-196	1.51066e-193	1	1	better
mealpy	OriginalNRO	5	1000	1149	51	1200	1.45624e-271	3.96098e-269	1	1	better
mealpy	BaseSCA	5	1000	981	219	1200	9.56321e-116	1.3006e-113	1	1	better
mealpy	BaseGCO	5	1000	1071	129	1200	1.72403e-185	3.05153e-183	1	1	better
mealpy	OriginalArchOA	5	1000	1075	125	1200	3.414e-189	6.28176e-187	1	1	better
mealpy	SwarmHC	5	1000	832	368	1200	4.53358e-42	4.3069e-40	1	1	better
mealpy	ImprovedTLO	5	1000	1086	114	1200	1.05932e-199	2.06568e-197	1	1	better
mealpy	OriginalMSA	5	1000	1126	74	1200	1.36526e-242	3.31758e-240	1	1	better
mealpy	WOA	5	1000	1003	197	1200	1.13227e-130	1.64179e-128	1	1	better
mealpy	OriginalIWO	5	1000	1101	99	1200	7.37961e-215	1.57924e-212	1	1	better
mealpy	BaseGA	5	1000	988	212	1200	2.30571e-120	3.18188e-118	1	1	better
mealpy	ModifiedEO	5	1000	1140	60	1200	9.26188e-260	2.36178e-257	1	1	better
mealpy	ImprovedNMRA	5	1000	923	277	1200	8.4014e-82	9.91366e-80	1	1	better
mealpy	BaseCHIO	5	1000	298	902	1200	1	1	2.93685e-71	7.6358e-69	worse
mealpy	OriginalHHO	5	1000	962	238	1200	8.41928e-104	1.10293e-101	1	1	better
mealpy	OriginalGWO	5	1000	1057	143	1200	5.42881e-173	9.12039e-171	1	1	better
mealpy	ImprovedQSA	5	1000	1144	56	1200	6.33725e-265	1.66036e-262	1	1	better
mealpy	OriginalFBIO	5	1000	1151	49	1200	2.80013e-274	7.67237e-272	1	1	better
mealpy	OriginalBeesA	5	1000	903	297	1200	9.67079e-72	1.10247e-69	1	1	better
mealpy	BaseEFO	5	1000	1123	77	1200	4.44251e-239	1.0662e-236	1	1	better
mealpy	OriginalSA	5	1000	1125	75	1200	2.05178e-241	4.96532e-239	1	1	better
mealpy	OriginalHC	5	1000	190	1010	1200	1	1	1.10347e-135	3.10074e-133	worse
mealpy	OriginalSHO	5	1000	803	397	1200	1.81078e-32	1.6297e-30	1	1	better
mealpy	JADE	5	1000	1147	53	1200	6.98302e-269	1.86447e-266	1	1	better
mealpy	OriginalCA	5	1000	782	418	1200	2.26344e-26	1.92392e-24	1	1	better
mealpy	EnhancedTWO	5	1000	1028	172	1200	3.44768e-149	5.41285e-147	1	1	better
mealpy	BaseSSA	5	1000	944	256	1200	3.04908e-93	3.87233e-91	1	1	better
mealpy	OriginalAOA	5	1000	136	1064	1200	1	1	3.74597e-179	1.0676e-176	worse
mealpy	OriginalQSA	5	1000	1147	53	1200	6.98302e-269	1.86447e-266	1	1	better
mealpy	OriginalGOA	5	1000	1119	81	1200	1.76729e-234	4.18849e-232	1	1	better
mealpy	EnhancedAEO	5	1000	1068	132	1200	9.42885e-183	1.64062e-180	1	1	better
mealpy	OriginalGSKA	5	1000	1109	91	1200	2.26397e-223	5.09393e-221	1	1	better
mealpy	PPSO	5	1000	1036	164	1200	1.71488e-155	2.79525e-153	1	1	better
mealpy	OriginalCGO	5	1000	1105	95	1200	4.47688e-219	9.84913e-217	1	1	better
mealpy	OriginalHGSO	5	1000	725	475	1200	2.72251e-13	2.15078e-11	1	1	better
mealpy	OriginalSBO	5	1000	1011	189	1200	2.07079e-136	3.10618e-134	1	1	better
mealpy	OppoTWO	5	1000	838	362	1200	3.12026e-44	2.99545e-42	1	1	better
mealpy	OriginalASO	5	1000	62	1138	1200	1	1	3.18606e-257	9.27142e-255	worse
mealpy	ModifiedSLO	5	1000	926	274	1200	2.2185e-83	2.64001e-81	1	1	better
mealpy	BaseVCS	5	1000	1132	68	1200	8.71728e-250	2.16189e-247	1	1	better
mealpy	LSHADE	5	1000	1159	41	1200	1.59022e-285	4.48441e-283	1	1	better
mealpy	OriginalEFO	5	1000	701	499	1200	3.0196e-09	2.2345e-07	1	1	better
mealpy	OriginalJA	5	1000	587	613	1200	0.782128	1	0.235251	1	not shown
mealpy	OriginalGCO	5	1000	1041	159	1200	1.56963e-159	2.5742e-157	1	1	better
mealpy	OriginalPSS	5	1000	1121	79	1200	9.10264e-237	2.16643e-234	1	1	better
mealpy	OriginalEHO	5	1000	869	331	1200	2.13039e-56	2.21561e-54	1	1	better
mealpy	OriginalSSA	5	1000	888	312	1200	1.04912e-64	1.17502e-62	1	1	better
mealpy	OriginalSCA	5	1000	970	230	1200	9.97194e-109	1.32627e-106	1	1	better
mealpy	OriginalBES	5	1000	1057	143	1200	5.42881e-173	9.12039e-171	1	1	better
mealpy	BaseSBO	5	1000	1006	194	1200	8.36166e-133	1.22916e-130	1	1	better
mealpy	BaseJA	5	1000	1027	173	1200	2.05147e-148	3.20029e-146	1	1	better
mealpy	OriginalSARO	5	1000	1165	35	1200	2.07448e-294	5.97449e-292	1	1	better
mealpy	OriginalSRSR	5	1000	1100	100	1200	8.13378e-214	1.70809e-211	1	1	better
mealpy	OriginalTWO	5	1000	1095	105	1200	1.12642e-208	2.28664e-206	1	1	better
mealpy	OriginalWDO	5	1000	412	788	1200	1	1	4.83877e-28	1.23389e-25	worse
mealpy	AugmentedAEO	5	1000	994	206	1200	2.0326e-124	2.84564e-122	1	1	better
mealpy	OriginalWOA	5	1000	1029	171	1200	5.75507e-150	9.15056e-148	1	1	better
mealpy	SADE	5	1000	1152	48	1200	1.18991e-275	3.29604e-273	1	1	better
mealpy	OriginalBRO	5	1000	288	912	1200	1	1	3.59763e-76	9.42579e-74	worse
mealpy	OriginalSSpiderO	5	1000	477	723	1200	1	1	6.37531e-13	1.60658e-10	worse
mealpy	ProbBeesA	5	1000	528	672	1200	0.999986	1	1.79282e-05	0.0043924	worse
mealpy	OriginalFA	5	1000	537	663	1200	0.999878	1	0.000152237	0.0371459	worse
mealpy	OriginalCSA	5	1000	297	903	1200	1	1	9.67079e-72	2.52408e-69	worse
mealpy	OriginalALO	5	1000	935	265	1200	3.16259e-88	3.82673e-86	1	1	better
mealpy	OriginalDO	5	1000	556	644	1200	0.994918	1	0.00599564	1	not shown
mealpy	OriginalCHIO	5	1000	510	690	1200	1	1	1.12994e-07	2.80224e-05	worse
mealpy	OriginalBSA	5	1000	1075	125	1200	3.414e-189	6.28176e-187	1	1	better
mealpy	LevyEP	5	1000	1124	76	1200	3.04026e-240	7.32704e-238	1	1	better
mealpy	OriginalICA	5	1000	638	49	687	4.92256e-132	7.18694e-130	1	1	better
mealpy	ImprovedLCO	5	1000	937	263	1200	2.51321e-89	3.09125e-87	1	1	better
mealpy	OriginalMFO	5	1000	232	968	1200	1	1	1.75479e-107	4.80813e-105	worse
mealpy	ImprovedAEO	5	1000	1097	103	1200	1.02082e-210	2.1131e-208	1	1	better
mealpy	OriginalVCS	5	1000	922	278	1200	2.79498e-81	3.27013e-79	1	1	better
mealpy	AdaptiveBA	5	1000	160	1040	1200	1	1	1.02258e-158	2.90412e-156	worse
mealpy	MultiGA	5	1000	749	451	1200	3.4125e-18	2.83238e-16	1	1	better
mealpy	OriginalES	5	1000	1119	81	1200	1.76729e-234	4.18849e-232	1	1	better
mealpy	LevyES	5	1000	1148	52	1200	3.2208e-270	8.69616e-268	1	1	better
mealpy	OriginalEP	5	1000	632	568	1200	0.0344599	1	0.969722	1	not shown
mealpy	BaseSMA	5	1000	1088	112	1200	1.15126e-201	2.26798e-199	1	1	better
mealpy	OriginalPSO	5	1000	210	990	1200	1	1	1.05013e-121	2.94036e-119	worse
mealpy	FBUDGETSHADE	5	1000	1163	37	1200	2.1158e-291	6.0512e-289	1	1	better
mealpy	OriginalFOA	5	1000	255	945	1200	1	1	8.24481e-94	2.20961e-91	worse
mealpy	BaseQSA	5	1000	1145	55	1200	3.09647e-266	8.17467e-264	1	1	better
mealpy	BaseMFO	5	1000	1103	97	1200	5.87757e-217	1.28131e-214	1	1	better
mealpy	BaseDE	5	1000	1141	59	1200	4.86568e-261	1.25048e-258	1	1	better
mealpy	WhaleFOA	5	1000	231	969	1200	1	1	4.19434e-108	1.15344e-105	worse
Baselines	DE	5	1000	1131	69	1200	1.43156e-248	1.28841e-247	1	1	better
Baselines	RCobyla	5	1000	962	238	1200	8.41928e-104	4.20964e-103	1	1	better
Baselines	PSO	5	1000	189	1011	1200	1	1	2.07079e-136	2.27787e-135	worse
Baselines	DiagonalCMA	5	1000	1088	112	1200	1.15126e-201	6.90754e-201	1	1	better
Baselines	modcma	5	1000	1125	75	1200	2.05178e-241	1.43625e-240	1	1	better
Baselines	modde	5	1000	1131	69	1200	1.43156e-248	1.28841e-247	1	1	better
Baselines	OnePlusOne	5	1000	858	342	1200	6.89987e-52	1.37997e-51	1	1	better
Baselines	Powell	5	1000	889	311	1200	3.67341e-65	1.10202e-64	1	1	better
Baselines	MultiBFGS	5	1000	919	281	1200	1.00074e-79	4.00296e-79	1	1	better
Baselines	lshade	5	1000	1143	57	1200	1.27312e-263	1.27312e-262	1	1	better
Baselines	bipop	5	1000	1160	40	1200	5.61541e-287	6.17695e-286	1	1	better
EVOLOPY	DE	5	5000	1134	66	1200	3.08504e-252	7.92855e-250	1	1	better
EVOLOPY	JAYA	5	5000	983	217	1200	4.71472e-117	6.8835e-115	1	1	better
EVOLOPY	PSO	5	5000	1050	150	1200	5.33887e-167	9.34302e-165	1	1	better
EVOLOPY	WOA	5	5000	928	272	1200	1.92148e-84	2.44028e-82	1	1	better
EVOLOPY	FFA	5	5000	1123	77	1200	4.44251e-239	1.09286e-236	1	1	better
EVOLOPY	BAT	5	5000	565	635	1200	0.97982	1	0.0231708	1	not shown
EVOLOPY	MVO	5	5000	1123	77	1200	4.44251e-239	1.09286e-236	1	1	better
EVOLOPY	HHO	5	5000	837	363	1200	7.22475e-44	6.93576e-42	1	1	better
EVOLOPY	SCA	5	5000	1021	179	1200	7.91361e-144	1.282e-141	1	1	better
EVOLOPY	GA	5	5000	853	76	929	2.02933e-167	3.57161e-165	1	1	better
EVOLOPY	MFO	5	5000	982	218	1200	2.12933e-116	3.06624e-114	1	1	better
EVOLOPY	CS	5	5000	1187	13	1200	0	0	1	1	better
EVOLOPY	GWO	5	5000	1062	138	1200	2.24644e-177	4.06606e-175	1	1	better
EVOLOPY	SSA	5	5000	1130	70	1200	2.31531e-247	5.88088e-245	1	1	better
NIAPY	DynamicFireworksAlgorithm	5	5000	1110	90	1200	1.85408e-224	4.15315e-222	1	1	better
NIAPY	HarmonySearch	5	5000	1085	115	1200	1.00151e-198	1.97297e-196	1	1	better
NIAPY	EvolutionStrategyMp1	5	5000	1064	136	1200	3.74597e-179	6.81766e-177	1	1	better
NIAPY	MonarchButterflyOptimization	5	5000	333	867	1200	1	1	1.46096e-55	3.72544e-53	worse
NIAPY	CenterParticleSwarmOptimization	5	5000	1068	132	1200	9.42885e-183	1.75377e-180	1	1	better
NIAPY	DynNpDifferentialEvolution	5	5000	704	496	1200	1.04834e-09	8.91085e-08	1	1	better
NIAPY	CamelAlgorithm	5	5000	1013	187	1200	7.15683e-138	1.11646e-135	1	1	better
NIAPY	BatAlgorithm	5	5000	730	470	1200	3.0555e-14	2.68884e-12	1	1	better
NIAPY	GlowwormSwarmOptimization	5	5000	167	1033	1200	1	1	4.17329e-153	1.14348e-150	worse
NIAPY	BareBonesFireworksAlgorithm	5	5000	800	400	1200	1.48674e-31	1.3678e-29	1	1	better
NIAPY	CuckooSearch	5	5000	1193	7	1200	0	0	1	1	better
NIAPY	GeneticAlgorithm	5	5000	582	618	1200	0.857264	1	0.15616	1	not shown
NIAPY	ParticleSwarmAlgorithm	5	5000	1142	58	1200	2.51136e-262	6.52953e-260	1	1	better
NIAPY	MonkeyKingEvolutionV3	5	5000	442	758	1200	1	1	2.94922e-20	7.16661e-18	worse
NIAPY	MonkeyKingEvolutionV2	5	5000	1149	51	1200	1.45624e-271	3.93186e-269	1	1	better
NIAPY	SineCosineAlgorithm	5	5000	3	1197	1200	1	1	0	0	worse
NIAPY	EvolutionStrategy1p1	5	5000	862	338	1200	1.67372e-53	1.69045e-51	1	1	better
NIAPY	HarrisHawksOptimization	5	5000	1115	85	1200	5.6952e-230	1.31559e-227	1	1	better
NIAPY	ParticleSwarmOptimization	5	5000	586	614	1200	0.798743	1	0.217872	1	not shown
NIAPY	ForestOptimizationAlgorithm	5	5000	1088	112	1200	1.15126e-201	2.30251e-199	1	1	better
NIAPY	EnhancedFireworksAlgorithm	5	5000	1099	101	1200	8.86823e-213	1.91554e-210	1	1	better
NIAPY	MultiStrategyDifferentialEvolution	5	5000	1094	106	1200	1.1649e-207	2.423e-205	1	1	better
NIAPY	MutatedParticleSwarmOptimization	5	5000	1094	106	1200	1.1649e-207	2.423e-205	1	1	better
NIAPY	ComprehensiveLearningParticleSwarmOptimizer	5	5000	1161	39	1200	1.9329e-288	5.41212e-286	1	1	better
NIAPY	KrillHerd	5	5000	100	1100	1200	1	1	8.13378e-214	2.31813e-211	worse
NIAPY	FishSchoolSearch	5	5000	1001	199	1200	2.8966e-129	4.40283e-127	1	1	better
NIAPY	MutatedCenterUnifiedParticleSwarmOptimization	5	5000	1118	82	1200	2.4142e-233	5.69751e-231	1	1	better
NIAPY	MutatedCenterParticleSwarmOptimization	5	5000	1108	92	1200	2.73197e-222	6.09229e-220	1	1	better
NIAPY	GlowwormSwarmOptimizationV2	5	5000	167	1033	1200	1	1	4.17329e-153	1.14348e-150	worse
NIAPY	CatSwarmOptimization	5	5000	1089	111	1200	1.1827e-202	2.37722e-200	1	1	better
NIAPY	DifferentialEvolution	5	5000	1113	87	1200	9.47456e-228	2.16967e-225	1	1	better
NIAPY	FireworksAlgorithm	5	5000	1111	89	1200	1.50037e-225	3.37584e-223	1	1	better
NIAPY	MothFlameOptimizer	5	5000	177	1023	1200	1	1	2.40501e-145	6.51758e-143	worse
NIAPY	DynNpMultiStrategyDifferentialEvolution	5	5000	1045	155	1200	8.10326e-163	1.36945e-160	1	1	better
NIAPY	EvolutionStrategyML	5	5000	1070	130	1200	1.42202e-184	2.70184e-182	1	1	better
NIAPY	GreyWolfOptimizer	5	5000	1080	120	1200	6.56188e-194	1.273e-191	1	1	better
NIAPY	HarmonySearchV1	5	5000	1050	150	1200	5.33887e-167	9.34302e-165	1	1	better
NIAPY	BeesAlgorithm	5	5000	1119	81	1200	1.76729e-234	4.18849e-232	1	1	better
NIAPY	GlowwormSwarmOptimizationV1	5	5000	177	1023	1200	1	1	2.40501e-145	6.51758e-143	worse
NIAPY	GlowwormSwarmOptimizationV3	5	5000	173	1027	1200	1	1	2.05147e-148	5.57999e-146	worse
NIAPY	LionOptimizationAlgorithm	5	5000	1078	122	1200	5.19199e-192	1.00205e-189	1	1	better
NIAPY	ArtificialBeeColonyAlgorithm	5	5000	1148	52	1200	3.2208e-270	8.63174e-268	1	1	better
NIAPY	AgingNpDifferentialEvolution	5	5000	873	327	1200	4.30951e-58	4.78355e-56	1	1	better
NIAPY	OppositionVelocityClampingParticleSwarmOptimization	5	5000	497	703	1200	1	1	1.4966e-09	3.53197e-07	worse
NIAPY	CoralReefsOptimization	5	5000	310	890	1200	1	1	1.28067e-65	3.29132e-63	worse
NIAPY	BacterialForagingOptimization	5	5000	1021	179	1200	7.91361e-144	1.282e-141	1	1	better
NIAPY	DynamicFireworksAlgorithmGauss	5	5000	1096	104	1200	1.07796e-209	2.29605e-207	1	1	better
NIAPY	ClonalSelectionAlgorithm	5	5000	109	1091	1200	1	1	1.21162e-204	3.42887e-202	worse
NIAPY	GravitationalSearchAlgorithm	5	5000	143	1057	1200	1	1	5.42881e-173	1.52007e-170	worse
NIAPY	MonkeyKingEvolutionV1	5	5000	1098	102	1200	9.56554e-212	2.05659e-209	1	1	better
NIAPY	EvolutionStrategyMpL	5	5000	1120	80	1200	1.27682e-235	3.05159e-233	1	1	better
NIAPY	FireflyAlgorithm	5	5000	1094	106	1200	1.1649e-207	2.423e-205	1	1	better
NIAPY	FlowerPollinationAlgorithm	5	5000	1177	23	1200	1.2277e-313	3.59717e-311	1	1	better
OPYTIMIZER	SA	5	5000	968	232	1200	1.75479e-107	2.45671e-105	1	1	better
OPYTIMIZER	GOGHS	5	5000	871	329	1200	3.05539e-57	3.33037e-55	1	1	better
OPYTIMIZER	QSA	5	5000	1148	52	1200	3.2208e-270	8.63174e-268	1	1	better
OPYTIMIZER	SGHS	5	5000	870	330	1200	8.08475e-57	8.73153e-55	1	1	better
OPYTIMIZER	DE	5	5000	1092	108	1200	1.20805e-205	2.46442e-203	1	1	better
OPYTIMIZER	RFO	5	5000	1101	99	1200	7.37961e-215	1.60138e-212	1	1	better
OPYTIMIZER	PPA	5	5000	872	328	1200	1.14988e-57	1.26487e-55	1	1	better
OPYTIMIZER	EHO	5	5000	1072	128	1200	2.07217e-186	3.97856e-184	1	1	better
OPYTIMIZER	AEO	5	5000	1120	80	1200	1.27682e-235	3.05159e-233	1	1	better
OPYTIMIZER	ABO	5	5000	1161	39	1200	1.9329e-288	5.41212e-286	1	1	better
OPYTIMIZER	GHS	5	5000	889	311	1200	3.67341e-65	4.22443e-63	1	1	better
OPYTIMIZER	PVS	5	5000	829	371	1200	5.18412e-41	4.92492e-39	1	1	better
OPYTIMIZER	BWO	5	5000	570	630	1200	0.960896	1	0.0442459	1	not shown
OPYTIMIZER	PSO	5	5000	1081	119	1200	7.27584e-195	1.41879e-192	1	1	better
OPYTIMIZER	BSO	5	5000	867	333	1200	1.46096e-55	1.534e-53	1	1	better
OPYTIMIZER	CSA	5	5000	698	502	1200	8.43967e-09	7.08932e-07	1	1	better
OPYTIMIZER	SSO	5	5000	439	761	1200	1	1	5.67918e-21	1.38572e-18	worse
OPYTIMIZER	WOA	5	5000	1053	147	1200	1.51112e-169	2.67469e-167	1	1	better
OPYTIMIZER	BA	5	5000	711	489	1200	7.89561e-11	6.79022e-09	1	1	better
OPYTIMIZER	HS	5	5000	902	298	1200	2.93685e-71	3.49485e-69	1	1	better
OPYTIMIZER	JS	5	5000	680	520	1200	2.14955e-06	0.000176263	0.999998	1	better
OPYTIMIZER	SOS	5	5000	1143	57	1200	1.27312e-263	3.34832e-261	1	1	better
OPYTIMIZER	GS	5	5000	0	1200	1200	1	1	0	0	worse
OPYTIMIZER	EFO	5	5000	998	202	1200	3.58311e-127	5.4105e-125	1	1	better
OPYTIMIZER	GSA	5	5000	116	1084	1200	1	1	9.37822e-198	2.64466e-195	worse
OPYTIMIZER	ESA	5	5000	419	781	1200	1	1	4.24192e-26	1.05624e-23	worse
OPYTIMIZER	BOA	5	5000	29	504	533	1	1	2.33516e-113	6.18817e-111	worse
OPYTIMIZER	HC	5	5000	255	945	1200	1	1	8.24481e-94	2.16014e-91	worse
OPYTIMIZER	ABC	5	5000	1076	90	1166	2.16964e-215	4.72981e-213	1	1	better
OPYTIMIZER	RRA	5	5000	940	260	1200	5.42855e-91	7.16569e-89	1	1	better
OPYTIMIZER	NDS	5	5000	0	1200	1200	1	1	0	0	worse
OPYTIMIZER	NBJS	5	5000	662	538	1200	0.000190015	0.0150112	0.999848	1	better
OPYTIMIZER	SSD	5	5000	162	1038	1200	1	1	4.24759e-157	1.16809e-154	worse
OPYTIMIZER	CEM	5	5000	417	783	1200	1	1	1.20335e-26	3.00838e-24	worse
OPYTIMIZER	AOA	5	5000	488	712	1200	1	1	5.38373e-11	1.27594e-08	worse
OPYTIMIZER	MRFO	5	5000	1163	37	1200	2.1158e-291	5.98772e-289	1	1	better
OPYTIMIZER	ASO	5	5000	54	1146	1200	1	1	1.48466e-267	4.32037e-265	worse
OPYTIMIZER	SFO	5	5000	379	821	1200	1	1	2.90182e-38	7.31259e-36	worse
OPYTIMIZER	IHS	5	5000	862	338	1200	1.67372e-53	1.69045e-51	1	1	better
OPYTIMIZER	COA	5	5000	1173	27	1200	5.58515e-307	1.60852e-304	1	1	better
OPYTIMIZER	GOA	5	5000	1059	141	1200	9.81465e-175	1.76664e-172	1	1	better
OPYTIMIZER	STOA	5	5000	119	1081	1200	1	1	7.27584e-195	2.04451e-192	worse
OPYTIMIZER	MVPA	5	5000	847	353	1200	1.36538e-47	1.33807e-45	1	1	better
OPYTIMIZER	ES	5	5000	1030	170	1200	9.54162e-151	1.58391e-148	1	1	better
OPYTIMIZER	AIWPSO	5	5000	985	215	1200	2.27282e-118	3.34105e-116	1	1	better
OPYTIMIZER	ISA	5	5000	159	1041	1200	1	1	1.56963e-159	4.33219e-157	worse
OPYTIMIZER	EO	5	5000	1127	73	1200	8.95539e-244	2.23885e-241	1	1	better
OPYTIMIZER	AF	5	5000	20	1025	1045	1	1	2.23325e-273	6.5211e-271	worse
OPYTIMIZER	DOA	5	5000	1155	45	1200	8.01255e-280	2.20345e-277	1	1	better
OPYTIMIZER	PIO	5	5000	638	562	1200	0.0151702	1	0.986906	1	not shown
OPYTIMIZER	HHO	5	5000	1067	133	1200	7.58052e-182	1.4024e-179	1	1	better
OPYTIMIZER	BSA	5	5000	1054	146	1200	2.10491e-170	3.74674e-168	1	1	better
OPYTIMIZER	TEO	5	5000	518	659	1177	0.999983	1	2.20105e-05	0.00512845	worse
OPYTIMIZER	FA	5	5000	93	1107	1200	1	1	3.25833e-221	9.35141e-219	worse
OPYTIMIZER	WWO	5	5000	1130	70	1200	2.31531e-247	5.88088e-245	1	1	better
OPYTIMIZER	IWO	5	5000	968	232	1200	1.75479e-107	2.45671e-105	1	1	better
OPYTIMIZER	KH	5	5000	1041	159	1200	1.56963e-159	2.63698e-157	1	1	better
OPYTIMIZER	FOA	5	5000	1047	153	1200	1.76165e-164	3.01242e-162	1	1	better
OPYTIMIZER	RPSO	5	5000	1129	71	1200	3.68862e-246	9.29531e-244	1	1	better
OPYTIMIZER	SCA	5	5000	423	777	1200	1	1	5.04625e-25	1.25147e-22	worse
OPYTIMIZER	OSA	5	5000	360	840	1200	1	1	5.75169e-45	1.46093e-42	worse
OPYTIMIZER	WDO	5	5000	144	1056	1200	1	1	3.98984e-172	1.11317e-169	worse
OPYTIMIZER	LSA	5	5000	1125	75	1200	2.05178e-241	5.08842e-239	1	1	better
OPYTIMIZER	VPSO	5	5000	1113	87	1200	9.47456e-228	2.16967e-225	1	1	better
OPYTIMIZER	SBO	5	5000	939	261	1200	1.95877e-90	2.56599e-88	1	1	better
OPYTIMIZER	GA	5	5000	1116	84	1200	4.33323e-231	1.00531e-228	1	1	better
OPYTIMIZER	MFO	5	5000	867	333	1200	1.46096e-55	1.534e-53	1	1	better
OPYTIMIZER	CS	5	5000	1191	9	1200	0	0	1	1	better
OPYTIMIZER	FSO	5	5000	594	606	1200	0.646265	1	0.375423	1	not shown
OPYTIMIZER	NGHS	5	5000	499	701	1200	1	1	3.0196e-09	7.09606e-07	worse
OPYTIMIZER	GCO	5	5000	1048	152	1200	2.5686e-165	4.41799e-163	1	1	better
OPYTIMIZER	TWO	5	5000	1022	178	1200	1.38412e-144	2.25612e-142	1	1	better
OPYTIMIZER	WEO	5	5000	1164	36	1200	6.71935e-293	1.9083e-290	1	1	better
OPYTIMIZER	GWO	5	5000	976	224	1200	1.60804e-112	2.26733e-110	1	1	better
OPYTIMIZER	SAVPSO	5	5000	1136	64	1200	1.02444e-254	2.64306e-252	1	1	better
OPYTIMIZER	FFOA	5	5000	156	1044	1200	1	1	5.43514e-162	1.50553e-159	worse
OPYTIMIZER	AIG	5	5000	1176	24	1200	6.02618e-312	1.75965e-309	1	1	better
OPYTIMIZER	BH	5	5000	786	414	1200	1.76914e-27	1.60992e-25	1	1	better
OPYTIMIZER	CI	5	5000	311	308	619	0.467969	1	0.563856	1	not shown
OPYTIMIZER	SSA	5	5000	1143	57	1200	1.27312e-263	3.34832e-261	1	1	better
OPYTIMIZER	AO	5	5000	433	767	1200	1	1	1.91304e-22	4.70608e-20	worse
OPYTIMIZER	MVO	5	5000	296	42	338	1.69829e-48	1.68131e-46	1	1	better
mealpy	LevyTWO	5	5000	1082	118	1200	7.99289e-196	1.56661e-193	1	1	better
mealpy	OriginalTLO	5	5000	1148	52	1200	3.2208e-270	8.63174e-268	1	1	better
mealpy	GWO	5	5000	898	302	1200	2.38936e-69	2.79555e-67	1	1	better
mealpy	OriginalBBO	5	5000	922	278	1200	2.79498e-81	3.49373e-79	1	1	better
mealpy	ABFO	5	5000	531	651	1182	0.999786	1	0.000266122	0.0617403	not shown
mealpy	OriginalWHO	5	5000	1091	109	1200	1.21162e-204	2.45958e-202	1	1	better
mealpy	OriginalFFA	5	5000	759	441	1200	1.70913e-20	1.53821e-18	1	1	better
mealpy	BaseSARO	5	5000	1139	61	1200	1.7326e-258	4.48742e-256	1	1	better
mealpy	OriginalSMA	5	5000	934	266	1200	1.11378e-87	1.44792e-85	1	1	better
mealpy	SingleGA	5	5000	378	822	1200	1	1	1.3336e-38	3.374e-36	worse
mealpy	OriginalSSDO	5	5000	450	750	1200	1	1	2.04139e-18	4.91976e-16	worse
mealpy	OriginalFPA	5	5000	1174	26	1200	1.28335e-308	3.73454e-306	1	1	better
mealpy	OriginalSSO	5	5000	412	788	1200	1	1	4.83877e-28	1.21453e-25	worse
mealpy	OriginalMA	5	5000	668	532	1200	4.79037e-05	0.0038323	0.999962	1	better
mealpy	OriginalCEM	5	5000	928	272	1200	1.92148e-84	2.44028e-82	1	1	better
mealpy	OCRO	5	5000	1113	87	1200	9.47456e-228	2.16967e-225	1	1	better
mealpy	OriginalBA	5	5000	12	1188	1200	1	1	0	0	worse
mealpy	OriginalAEO	5	5000	1070	130	1200	1.42202e-184	2.70184e-182	1	1	better
mealpy	OriginalBSO	5	5000	1112	88	1200	1.19957e-226	2.71104e-224	1	1	better
mealpy	OriginalBFO	5	5000	68	1132	1200	1	1	8.71728e-250	2.52801e-247	worse
mealpy	ImprovedSLO	5	5000	979	221	1200	1.89704e-114	2.71277e-112	1	1	better
mealpy	OriginalLCO	5	5000	904	296	1200	3.17035e-72	3.83612e-70	1	1	better
mealpy	OriginalHGS	5	5000	898	302	1200	2.38936e-69	2.79555e-67	1	1	better
mealpy	BaseALO	5	5000	901	299	1200	8.87909e-71	1.04773e-68	1	1	better
mealpy	CPSO	5	5000	654	546	1200	0.000998557	0.0768889	0.999179	1	not shown
mealpy	OriginalEO	5	5000	1122	78	1200	6.40261e-238	1.54943e-235	1	1	better
mealpy	DE	5	5000	294	906	1200	1	1	3.36178e-73	8.70701e-71	worse
mealpy	ModifiedBA	5	5000	882	318	1200	5.20166e-62	5.87788e-60	1	1	better
mealpy	BaseTLO	5	5000	1148	52	1200	3.2208e-270	8.63174e-268	1	1	better
mealpy	OriginalPFA	5	5000	261	939	1200	1	1	1.95877e-90	5.11239e-88	worse
mealpy	BaseFOA	5	5000	211	989	1200	1	1	4.93479e-121	1.32252e-118	worse
mealpy	OriginalGBO	5	5000	1118	82	1200	2.4142e-233	5.69751e-231	1	1	better
mealpy	TVAC	5	5000	1121	79	1200	9.10264e-237	2.18463e-234	1	1	better
mealpy	BaseFBIO	5	5000	1162	38	1200	6.48141e-290	1.82776e-287	1	1	better
mealpy	ImprovedBSO	5	5000	1009	191	1200	5.84353e-135	8.99903e-133	1	1	better
mealpy	OriginalAO	5	5000	217	983	1200	1	1	4.71472e-117	1.25412e-114	worse
mealpy	BaseGSKA	5	5000	1143	57	1200	1.27312e-263	3.34832e-261	1	1	better
mealpy	BaseLCO	5	5000	998	202	1200	3.58311e-127	5.4105e-125	1	1	better
mealpy	OriginalSSpiderA	5	5000	425	775	1200	1	1	1.70308e-24	4.2066e-22	worse
mealpy	BaseHS	5	5000	931	269	1200	4.72665e-86	6.05011e-84	1	1	better
mealpy	AdaptiveEO	5	5000	1128	72	1200	5.78976e-245	1.45323e-242	1	1	better
mealpy	OriginalWCA	5	5000	662	95	757	1.02788e-105	1.40819e-103	1	1	better
mealpy	OriginalMRFO	5	5000	1086	114	1200	1.05932e-199	2.09746e-197	1	1	better
mealpy	OriginalEOA	5	5000	864	336	1200	2.54349e-54	2.59436e-52	1	1	better
mealpy	OriginalABC	5	5000	1093	107	1200	1.19235e-206	2.44432e-204	1	1	better
mealpy	ModifiedAEO	5	5000	1020	180	1200	4.49503e-143	7.19205e-141	1	1	better
mealpy	OriginalSFO	5	5000	473	727	1200	1	1	1.1468e-13	2.74085e-11	worse
mealpy	BaseBBO	5	5000	875	325	1200	5.97745e-59	6.69475e-57	1	1	better
mealpy	OriginalNMRA	5	5000	1149	51	1200	1.45624e-271	3.93186e-269	1	1	better
mealpy	OriginalACOR	5	5000	1065	135	1200	4.7778e-180	8.74338e-178	1	1	better
mealpy	ImprovedSFO	5	5000	656	544	1200	0.000672123	0.0524256	0.999451	1	not shown
mealpy	OriginalCRO	5	5000	933	267	1200	3.90363e-87	5.03568e-85	1	1	better
mealpy	LevyJA	5	5000	1105	95	1200	4.47688e-219	9.84913e-217	1	1	better
mealpy	OriginalHS	5	5000	1071	129	1200	1.72403e-185	3.29289e-183	1	1	better
mealpy	OriginalCSO	5	5000	541	659	1200	0.999707	1	0.000362497	0.0837368	not shown
mealpy	OriginalCOA	5	5000	1106	94	1200	3.8413e-220	8.48928e-218	1	1	better
mealpy	LevyQSA	5	5000	1161	39	1200	1.9329e-288	5.41212e-286	1	1	better
mealpy	OppoQSA	5	5000	1154	46	1200	2.01373e-278	5.51762e-276	1	1	better
mealpy	BaseBRO	5	5000	607	593	1200	0.353735	1	0.667488	1	not shown
mealpy	OriginalSLO	5	5000	811	389	1200	5.59687e-35	5.20509e-33	1	1	better
mealpy	OriginalMVO	5	5000	1069	131	1200	1.16288e-183	2.17459e-181	1	1	better
mealpy	CLPSO	5	5000	1123	77	1200	4.44251e-239	1.09286e-236	1	1	better
mealpy	OriginalNRO	5	5000	1172	28	1200	2.34187e-305	6.72116e-303	1	1	better
mealpy	BaseSCA	5	5000	1029	171	1200	5.75507e-150	9.43831e-148	1	1	better
mealpy	BaseGCO	5	5000	1014	186	1200	1.31797e-138	2.06921e-136	1	1	better
mealpy	OriginalArchOA	5	5000	1017	183	1200	7.92284e-141	1.25973e-138	1	1	better
mealpy	SwarmHC	5	5000	1108	92	1200	2.73197e-222	6.09229e-220	1	1	better
mealpy	ImprovedTLO	5	5000	996	204	1200	8.63517e-126	1.28664e-123	1	1	better
mealpy	OriginalMSA	5	5000	1096	104	1200	1.07796e-209	2.29605e-207	1	1	better
mealpy	WOA	5	5000	983	217	1200	4.71472e-117	6.8835e-115	1	1	better
mealpy	OriginalIWO	5	5000	1066	134	1200	6.04339e-181	1.11198e-178	1	1	better
mealpy	BaseGA	5	5000	961	239	1200	3.39467e-103	4.58281e-101	1	1	better
mealpy	ModifiedEO	5	5000	1123	77	1200	4.44251e-239	1.09286e-236	1	1	better
mealpy	ImprovedNMRA	5	5000	870	330	1200	8.08475e-57	8.73153e-55	1	1	better
mealpy	BaseCHIO	5	5000	296	904	1200	1	1	3.17035e-72	8.17949e-70	worse
mealpy	OriginalHHO	5	5000	920	280	1200	3.05041e-80	3.78251e-78	1	1	better
mealpy	OriginalGWO	5	5000	1013	187	1200	7.15683e-138	1.11646e-135	1	1	better
mealpy	ImprovedQSA	5	5000	1162	38	1200	6.48141e-290	1.82776e-287	1	1	better
mealpy	OriginalFBIO	5	5000	1166	34	1200	6.22133e-296	1.7793e-293	1	1	better
mealpy	OriginalBeesA	5	5000	1157	43	1200	1.18396e-282	3.27956e-280	1	1	better
mealpy	BaseEFO	5	5000	1118	82	1200	2.4142e-233	5.69751e-231	1	1	better
mealpy	OriginalSA	5	5000	1095	105	1200	1.12642e-208	2.37675e-206	1	1	better
mealpy	OriginalHC	5	5000	152	1048	1200	1	1	2.5686e-165	7.1407e-163	worse
mealpy	OriginalSHO	5	5000	755	445	1200	1.48348e-19	1.3203e-17	1	1	better
mealpy	JADE	5	5000	1152	48	1200	1.18991e-275	3.23655e-273	1	1	better
mealpy	OriginalCA	5	5000	606	594	1200	0.375423	1	0.646265	1	not shown
mealpy	EnhancedTWO	5	5000	1122	78	1200	6.40261e-238	1.54943e-235	1	1	better
mealpy	BaseSSA	5	5000	868	332	1200	5.59048e-56	5.92591e-54	1	1	better
mealpy	OriginalAOA	5	5000	104	1096	1200	1	1	1.07796e-209	3.0614e-207	worse
mealpy	OriginalQSA	5	5000	1145	55	1200	3.09647e-266	8.17467e-264	1	1	better
mealpy	OriginalGOA	5	5000	1090	110	1200	1.20305e-203	2.43016e-201	1	1	better
mealpy	EnhancedAEO	5	5000	1008	192	1200	3.07535e-134	4.70529e-132	1	1	better
mealpy	OriginalGSKA	5	5000	1124	76	1200	3.04026e-240	7.50945e-238	1	1	better
mealpy	PPSO	5	5000	903	297	1200	9.67079e-72	1.1605e-69	1	1	better
mealpy	OriginalCGO	5	5000	1046	154	1200	1.19923e-163	2.03869e-161	1	1	better
mealpy	OriginalHGSO	5	5000	681	519	1200	1.62492e-06	0.000134869	0.999999	1	better
mealpy	OriginalSBO	5	5000	960	240	1200	1.36163e-102	1.82458e-100	1	1	better
mealpy	OppoTWO	5	5000	1030	170	1200	9.54162e-151	1.58391e-148	1	1	better
mealpy	OriginalASO	5	5000	92	1108	1200	1	1	2.73197e-222	7.86807e-220	worse
mealpy	ModifiedSLO	5	5000	908	292	1200	3.50133e-74	4.27162e-72	1	1	better
mealpy	BaseVCS	5	5000	1126	74	1200	1.36526e-242	3.39949e-240	1	1	better
mealpy	LSHADE	5	5000	1174	26	1200	1.28335e-308	3.73454e-306	1	1	better
mealpy	OriginalEFO	5	5000	485	715	1200	1	1	1.67247e-11	3.98047e-09	worse
mealpy	OriginalJA	5	5000	435	765	1200	1	1	6.00862e-22	1.47211e-19	worse
mealpy	OriginalGCO	5	5000	1088	112	1200	1.15126e-201	2.30251e-199	1	1	better
mealpy	OriginalPSS	5	5000	1114	86	1200	7.3916e-229	1.70007e-226	1	1	better
mealpy	OriginalEHO	5	5000	866	334	1200	3.80213e-55	3.9162e-53	1	1	better
mealpy	OriginalSSA	5	5000	814	386	1200	6.02148e-36	5.6602e-34	1	1	better
mealpy	OriginalSCA	5	5000	1015	185	1200	2.41176e-139	3.81058e-137	1	1	better
mealpy	OriginalBES	5	5000	979	221	1200	1.89704e-114	2.71277e-112	1	1	better
mealpy	BaseSBO	5	5000	988	212	1200	2.30571e-120	3.41245e-118	1	1	better
mealpy	BaseJA	5	5000	1058	142	1200	7.32854e-174	1.31181e-171	1	1	better
mealpy	OriginalSARO	5	5000	1152	48	1200	1.18991e-275	3.23655e-273	1	1	better
mealpy	OriginalSRSR	5	5000	1095	105	1200	1.12642e-208	2.37675e-206	1	1	better
mealpy	OriginalTWO	5	5000	1156	44	1200	3.11617e-281	8.60062e-279	1	1	better
mealpy	OriginalWDO	5	5000	246	954	1200	1	1	5.08757e-99	1.33803e-96	worse
mealpy	AugmentedAEO	5	5000	966	234	1200	3.02285e-106	4.17154e-104	1	1	better
mealpy	OriginalWOA	5	5000	963	237	1200	2.07722e-104	2.82502e-102	1	1	better
mealpy	SADE	5	5000	1166	34	1200	6.22133e-296	1.7793e-293	1	1	better
mealpy	OriginalBRO	5	5000	286	914	1200	1	1	3.54865e-77	9.22648e-75	worse
mealpy	OriginalSSpiderO	5	5000	454	746	1200	1	1	1.5609e-17	3.74615e-15	worse
mealpy	ProbBeesA	5	5000	670	530	1200	2.94953e-05	0.00238912	0.999977	1	better
mealpy	OriginalFA	5	5000	1034	166	1200	6.73123e-154	1.12412e-151	1	1	better
mealpy	OriginalCSA	5	5000	311	889	1200	1	1	3.67341e-65	9.40394e-63	worse
mealpy	OriginalALO	5	5000	914	286	1200	3.54865e-77	4.36483e-75	1	1	better
mealpy	OriginalDO	5	5000	719	481	1200	3.35552e-12	2.91931e-10	1	1	better
mealpy	OriginalCHIO	5	5000	560	640	1200	0.990332	1	0.0112683	1	not shown
mealpy	OriginalBSA	5	5000	1070	130	1200	1.42202e-184	2.70184e-182	1	1	better
mealpy	LevyEP	5	5000	1095	105	1200	1.12642e-208	2.37675e-206	1	1	better
mealpy	OriginalICA	5	5000	607	80	687	1.88737e-101	2.5102e-99	1	1	better
mealpy	ImprovedLCO	5	5000	885	315	1200	2.38157e-63	2.715e-61	1	1	better
mealpy	OriginalMFO	5	5000	211	989	1200	1	1	4.93479e-121	1.32252e-118	worse
mealpy	ImprovedAEO	5	5000	1049	151	1200	3.71717e-166	6.4307e-164	1	1	better
mealpy	OriginalVCS	5	5000	846	354	1200	3.27619e-47	3.17791e-45	1	1	better
mealpy	AdaptiveBA	5	5000	68	1132	1200	1	1	8.71728e-250	2.52801e-247	worse
mealpy	MultiGA	5	5000	449	751	1200	1	1	1.2169e-18	2.9449e-16	worse
mealpy	OriginalES	5	5000	1104	96	1200	5.15861e-218	1.12974e-215	1	1	better
mealpy	LevyES	5	5000	1134	66	1200	3.08504e-252	7.92855e-250	1	1	better
mealpy	OriginalEP	5	5000	525	675	1200	0.999994	1	8.29229e-06	0.00194039	worse
mealpy	BaseSMA	5	5000	1118	82	1200	2.4142e-233	5.69751e-231	1	1	better
mealpy	OriginalPSO	5	5000	99	1101	1200	1	1	7.37961e-215	2.11057e-212	worse
mealpy	FBUDGETSHADE	5	5000	1174	26	1200	1.28335e-308	3.73454e-306	1	1	better
mealpy	OriginalFOA	5	5000	224	976	1200	1	1	1.60804e-112	4.24521e-110	worse
mealpy	BaseQSA	5	5000	1154	46	1200	2.01373e-278	5.51762e-276	1	1	better
mealpy	BaseMFO	5	5000	1098	102	1200	9.56554e-212	2.05659e-209	1	1	better
mealpy	BaseDE	5	5000	1131	69	1200	1.43156e-248	3.65049e-246	1	1	better
mealpy	WhaleFOA	5	5000	178	1022	1200	1	1	1.38412e-144	3.72328e-142	worse
Baselines	DE	5	5000	1122	78	1200	6.40261e-238	5.12209e-237	1	1	better
Baselines	RCobyla	5	5000	946	254	1200	2.21838e-94	8.87353e-94	1	1	better
Baselines	PSO	5	5000	135	1065	1200	1	1	4.7778e-180	5.25558e-179	worse
Baselines	DiagonalCMA	5	5000	1088	112	1200	1.15126e-201	6.90754e-201	1	1	better
Baselines	modcma	5	5000	1104	96	1200	5.15861e-218	3.61103e-217	1	1	better
Baselines	modde	5	5000	1158	42	1200	4.39231e-284	3.95308e-283	1	1	better
Baselines	OnePlusOne	5	5000	741	459	1200	1.83448e-16	3.66897e-16	1	1	better
Baselines	Powell	5	5000	815	385	1200	2.84225e-36	8.52676e-36	1	1	better
Baselines	MultiBFGS	5	5000	964	236	1200	5.09816e-105	2.54908e-104	1	1	better
Baselines	lshade	5	5000	1171	29	1200	9.47285e-304	1.04201e-302	1	1	better
Baselines	bipop	5	5000	1166	34	1200	6.22133e-296	6.22133e-295	1	1	better
EVOLOPY	DE	5	10000	1121	79	1200	9.10264e-237	2.20284e-234	1	1	better
EVOLOPY	JAYA	5	10000	937	263	1200	2.51321e-89	3.26718e-87	1	1	better
EVOLOPY	PSO	5	10000	1011	189	1200	2.07079e-136	3.31326e-134	1	1	better
EVOLOPY	WOA	5	10000	870	330	1200	8.08475e-57	8.89323e-55	1	1	better
EVOLOPY	FFA	5	10000	1113	87	1200	9.47456e-228	2.15072e-225	1	1	better
EVOLOPY	BAT	5	10000	516	684	1200	0.999999	1	6.88265e-07	0.000159677	worse
EVOLOPY	MVO	5	10000	1110	90	1200	1.85408e-224	4.15315e-222	1	1	better
EVOLOPY	HHO	5	10000	851	349	1200	3.95746e-49	4.15533e-47	1	1	better
EVOLOPY	SCA	5	10000	956	244	1200	3.34673e-100	4.71889e-98	1	1	better
EVOLOPY	GA	5	10000	821	108	929	1.03753e-136	1.67042e-134	1	1	better
EVOLOPY	MFO	5	10000	951	249	1200	2.90239e-97	4.03433e-95	1	1	better
EVOLOPY	CS	5	10000	1188	12	1200	0	0	1	1	better
EVOLOPY	GWO	5	10000	1029	171	1200	5.75507e-150	9.66852e-148	1	1	better
EVOLOPY	SSA	5	10000	1146	54	1200	1.48466e-267	3.91951e-265	1	1	better
NIAPY	DynamicFireworksAlgorithm	5	10000	1115	85	1200	5.6952e-230	1.3042e-227	1	1	better
NIAPY	HarmonySearch	5	10000	1090	110	1200	1.20305e-203	2.45422e-201	1	1	better
NIAPY	EvolutionStrategyMp1	5	10000	1067	133	1200	7.58052e-182	1.43272e-179	1	1	better
NIAPY	MonarchButterflyOptimization	5	10000	282	918	1200	1	1	3.26793e-79	8.46394e-77	worse
NIAPY	CenterParticleSwarmOptimization	5	10000	1056	144	1200	3.98984e-172	7.18171e-170	1	1	better
NIAPY	DynNpDifferentialEvolution	5	10000	650	550	1200	0.00212282	0.167703	0.998234	1	not shown
NIAPY	CamelAlgorithm	5	10000	1015	185	1200	2.41176e-139	3.93117e-137	1	1	better
NIAPY	BatAlgorithm	5	10000	700	500	1200	4.26768e-09	3.67021e-07	1	1	better
NIAPY	GlowwormSwarmOptimization	5	10000	128	1072	1200	1	1	2.07217e-186	5.78135e-184	worse
NIAPY	BareBonesFireworksAlgorithm	5	10000	768	432	1200	1.07367e-22	9.87773e-21	1	1	better
NIAPY	CuckooSearch	5	10000	1194	6	1200	0	0	1	1	better
NIAPY	GeneticAlgorithm	5	10000	618	582	1200	0.15616	1	0.857264	1	not shown
NIAPY	ParticleSwarmAlgorithm	5	10000	1143	57	1200	1.27312e-263	3.33558e-261	1	1	better
NIAPY	MonkeyKingEvolutionV3	5	10000	362	838	1200	1	1	3.12026e-44	7.70703e-42	worse
NIAPY	MonkeyKingEvolutionV2	5	10000	1152	48	1200	1.18991e-275	3.20085e-273	1	1	better
NIAPY	SineCosineAlgorithm	5	10000	3	1197	1200	1	1	0	0	worse
NIAPY	EvolutionStrategy1p1	5	10000	875	325	1200	5.97745e-59	6.8143e-57	1	1	better
NIAPY	HarrisHawksOptimization	5	10000	1106	94	1200	3.8413e-220	8.48928e-218	1	1	better
NIAPY	ParticleSwarmOptimization	5	10000	572	628	1200	0.950081	1	0.0561566	1	not shown
NIAPY	ForestOptimizationAlgorithm	5	10000	1106	94	1200	3.8413e-220	8.48928e-218	1	1	better
NIAPY	EnhancedFireworksAlgorithm	5	10000	1119	81	1200	1.76729e-234	4.20616e-232	1	1	better
NIAPY	MultiStrategyDifferentialEvolution	5	10000	1063	137	1200	2.91281e-178	5.41783e-176	1	1	better
NIAPY	MutatedParticleSwarmOptimization	5	10000	1091	109	1200	1.21162e-204	2.48381e-202	1	1	better
NIAPY	ComprehensiveLearningParticleSwarmOptimizer	5	10000	1161	39	1200	1.9329e-288	5.39279e-286	1	1	better
NIAPY	KrillHerd	5	10000	72	1128	1200	1	1	5.78976e-245	1.67324e-242	worse
NIAPY	FishSchoolSearch	5	10000	996	204	1200	8.63517e-126	1.34709e-123	1	1	better
NIAPY	MutatedCenterUnifiedParticleSwarmOptimization	5	10000	1125	75	1200	2.05178e-241	5.06791e-239	1	1	better
NIAPY	MutatedCenterParticleSwarmOptimization	5	10000	1111	89	1200	1.50037e-225	3.37584e-223	1	1	better
NIAPY	GlowwormSwarmOptimizationV2	5	10000	136	1064	1200	1	1	3.74597e-179	1.03763e-176	worse
NIAPY	CatSwarmOptimization	5	10000	1087	113	1200	1.10972e-200	2.25273e-198	1	1	better
NIAPY	DifferentialEvolution	5	10000	1105	95	1200	4.47688e-219	9.80436e-217	1	1	better
NIAPY	FireworksAlgorithm	5	10000	1115	85	1200	5.6952e-230	1.3042e-227	1	1	better
NIAPY	MothFlameOptimizer	5	10000	168	1032	1200	1	1	2.56951e-152	6.93768e-150	worse
NIAPY	DynNpMultiStrategyDifferentialEvolution	5	10000	1014	186	1200	1.31797e-138	2.13511e-136	1	1	better
NIAPY	EvolutionStrategyML	5	10000	1070	130	1200	1.42202e-184	2.73028e-182	1	1	better
NIAPY	GreyWolfOptimizer	5	10000	1070	130	1200	1.42202e-184	2.73028e-182	1	1	better
NIAPY	HarmonySearchV1	5	10000	1059	141	1200	9.81465e-175	1.8059e-172	1	1	better
NIAPY	BeesAlgorithm	5	10000	1092	108	1200	1.20805e-205	2.48858e-203	1	1	better
NIAPY	GlowwormSwarmOptimizationV1	5	10000	150	1050	1200	1	1	5.33887e-167	1.46285e-164	worse
NIAPY	GlowwormSwarmOptimizationV3	5	10000	143	1057	1200	1	1	5.42881e-173	1.49292e-170	worse
NIAPY	LionOptimizationAlgorithm	5	10000	1068	132	1200	9.42885e-183	1.79148e-180	1	1	better
NIAPY	ArtificialBeeColonyAlgorithm	5	10000	1155	45	1200	8.01255e-280	2.18743e-277	1	1	better
NIAPY	AgingNpDifferentialEvolution	5	10000	888	312	1200	1.04912e-64	1.22747e-62	1	1	better
NIAPY	OppositionVelocityClampingParticleSwarmOptimization	5	10000	459	741	1200	1	1	1.83448e-16	4.34773e-14	worse
NIAPY	CoralReefsOptimization	5	10000	320	880	1200	1	1	3.97863e-61	1.00659e-58	worse
NIAPY	BacterialForagingOptimization	5	10000	1119	81	1200	1.76729e-234	4.20616e-232	1	1	better
NIAPY	DynamicFireworksAlgorithmGauss	5	10000	1116	84	1200	4.33323e-231	9.96642e-229	1	1	better
NIAPY	ClonalSelectionAlgorithm	5	10000	121	1079	1200	1	1	5.86366e-193	1.64769e-190	worse
NIAPY	GravitationalSearchAlgorithm	5	10000	110	1090	1200	1	1	1.20305e-203	3.39259e-201	worse
NIAPY	MonkeyKingEvolutionV1	5	10000	1100	100	1200	8.13378e-214	1.7325e-211	1	1	better
NIAPY	EvolutionStrategyMpL	5	10000	1117	83	1200	3.25527e-232	7.51967e-230	1	1	better
NIAPY	FireflyAlgorithm	5	10000	1103	97	1200	5.87757e-217	1.27543e-214	1	1	better
NIAPY	FlowerPollinationAlgorithm	5	10000	1183	17	1200	0	0	1	1	better
OPYTIMIZER	SA	5	10000	989	211	1200	4.93479e-121	7.50089e-119	1	1	better
OPYTIMIZER	GOGHS	5	10000	845	355	1200	7.82984e-47	8.06474e-45	1	1	better
OPYTIMIZER	QSA	5	10000	1143	57	1200	1.27312e-263	3.33558e-261	1	1	better
OPYTIMIZER	SGHS	5	10000	879	321	1200	1.09336e-60	1.25736e-58	1	1	better
OPYTIMIZER	DE	5	10000	1074	126	1200	2.91616e-188	5.6865e-186	1	1	better
OPYTIMIZER	RFO	5	10000	1099	101	1200	8.86823e-213	1.88007e-210	1	1	better
OPYTIMIZER	PPA	5	10000	949	251	1200	4.19378e-96	5.74548e-94	1	1	better
OPYTIMIZER	EHO	5	10000	1055	145	1200	2.90932e-171	5.20768e-169	1	1	better
OPYTIMIZER	AEO	5	10000	1105	95	1200	4.47688e-219	9.80436e-217	1	1	better
OPYTIMIZER	ABO	5	10000	1161	39	1200	1.9329e-288	5.39279e-286	1	1	better
OPYTIMIZER	GHS	5	10000	874	326	1200	1.60836e-58	1.80136e-56	1	1	better
OPYTIMIZER	PVS	5	10000	779	421	1200	1.47372e-25	1.37056e-23	1	1	better
OPYTIMIZER	BWO	5	10000	499	701	1200	1	1	3.0196e-09	7.06587e-07	worse
OPYTIMIZER	PSO	5	10000	1063	137	1200	2.91281e-178	5.41783e-176	1	1	better
OPYTIMIZER	BSO	5	10000	838	362	1200	3.12026e-44	3.08905e-42	1	1	better
OPYTIMIZER	CSA	5	10000	698	502	1200	8.43967e-09	7.17372e-07	1	1	better
OPYTIMIZER	SSO	5	10000	370	830	1200	1	1	2.31004e-41	5.6596e-39	worse
OPYTIMIZER	WOA	5	10000	1020	180	1200	4.49503e-143	7.46175e-141	1	1	better
OPYTIMIZER	BA	5	10000	657	543	1200	0.00054883	0.0439064	0.999553	1	better
OPYTIMIZER	HS	5	10000	915	285	1200	1.1069e-77	1.37255e-75	1	1	better
OPYTIMIZER	JS	5	10000	674	526	1200	1.07573e-05	0.000882096	0.999992	1	better
OPYTIMIZER	SOS	5	10000	1140	60	1200	9.26188e-260	2.38957e-257	1	1	better
OPYTIMIZER	GS	5	10000	0	1200	1200	1	1	0	0	worse
OPYTIMIZER	EFO	5	10000	984	216	1200	1.03809e-117	1.54675e-115	1	1	better
OPYTIMIZER	GSA	5	10000	95	1105	1200	1	1	4.47688e-219	1.27143e-216	worse
OPYTIMIZER	ESA	5	10000	354	846	1200	1	1	3.27619e-47	8.22324e-45	worse
OPYTIMIZER	BOA	5	10000	26	507	533	1	1	3.92578e-117	1.04033e-114	worse
OPYTIMIZER	HC	5	10000	276	924	1200	1	1	2.51358e-82	6.53531e-80	worse
OPYTIMIZER	ABC	5	10000	1055	111	1166	7.16398e-194	1.4113e-191	1	1	better
OPYTIMIZER	RRA	5	10000	958	242	1200	2.15686e-101	3.06274e-99	1	1	better
OPYTIMIZER	NDS	5	10000	0	1200	1200	1	1	0	0	worse
OPYTIMIZER	NBJS	5	10000	679	521	1200	2.83429e-06	0.000235246	0.999998	1	better
OPYTIMIZER	SSD	5	10000	135	1065	1200	1	1	4.7778e-180	1.32823e-177	worse
OPYTIMIZER	CEM	5	10000	365	835	1200	1	1	3.82799e-43	9.41685e-41	worse
OPYTIMIZER	AOA	5	10000	508	692	1200	1	1	6.02584e-08	1.40402e-05	worse
OPYTIMIZER	MRFO	5	10000	1162	38	1200	6.48141e-290	1.82128e-287	1	1	better
OPYTIMIZER	ASO	5	10000	53	1147	1200	1	1	6.98302e-269	2.02508e-266	worse
OPYTIMIZER	SFO	5	10000	302	898	1200	1	1	2.38936e-69	6.09286e-67	worse
OPYTIMIZER	IHS	5	10000	870	330	1200	8.08475e-57	8.89323e-55	1	1	better
OPYTIMIZER	COA	5	10000	1174	26	1200	1.28335e-308	3.65754e-306	1	1	better
OPYTIMIZER	GOA	5	10000	1048	152	1200	2.5686e-165	4.46936e-163	1	1	better
OPYTIMIZER	STOA	5	10000	219	981	1200	1	1	9.56321e-116	2.52469e-113	worse
OPYTIMIZER	MVPA	5	10000	801	399	1200	7.39716e-32	7.0273e-30	1	1	better
OPYTIMIZER	ES	5	10000	992	208	1200	4.67395e-123	7.15115e-121	1	1	better
OPYTIMIZER	AIWPSO	5	10000	948	252	1200	1.58218e-95	2.15176e-93	1	1	better
OPYTIMIZER	ISA	5	10000	150	1050	1200	1	1	5.33887e-167	1.46285e-164	worse
OPYTIMIZER	EO	5	10000	1127	73	1200	8.95539e-244	2.2478e-241	1	1	better
OPYTIMIZER	AF	5	10000	10	1035	1045	1	1	1.09775e-291	3.20543e-289	worse
OPYTIMIZER	DOA	5	10000	1155	45	1200	8.01255e-280	2.18743e-277	1	1	better
OPYTIMIZER	PIO	5	10000	584	616	1200	0.829609	1	0.185425	1	not shown
OPYTIMIZER	HHO	5	10000	1064	136	1200	3.74597e-179	7.04242e-177	1	1	better
OPYTIMIZER	BSA	5	10000	1053	147	1200	1.51112e-169	2.6898e-167	1	1	better
OPYTIMIZER	TEO	5	10000	471	706	1177	1	1	3.87807e-12	9.15225e-10	worse
OPYTIMIZER	FA	5	10000	90	1110	1200	1	1	1.85408e-224	5.28414e-222	worse
OPYTIMIZER	WWO	5	10000	1118	82	1200	2.4142e-233	5.62509e-231	1	1	better
OPYTIMIZER	IWO	5	10000	994	206	1200	2.0326e-124	3.15053e-122	1	1	better
OPYTIMIZER	KH	5	10000	1031	169	1200	1.57118e-151	2.67101e-149	1	1	better
OPYTIMIZER	FOA	5	10000	1035	165	1200	1.07816e-154	1.84366e-152	1	1	better
OPYTIMIZER	RPSO	5	10000	1132	68	1200	8.71728e-250	2.21419e-247	1	1	better
OPYTIMIZER	SCA	5	10000	446	754	1200	1	1	2.5239e-19	6.00688e-17	worse
OPYTIMIZER	OSA	5	10000	317	883	1200	1	1	1.86884e-62	4.74685e-60	worse
OPYTIMIZER	WDO	5	10000	125	1075	1200	1	1	3.414e-189	9.55919e-187	worse
OPYTIMIZER	LSA	5	10000	1125	75	1200	2.05178e-241	5.06791e-239	1	1	better
OPYTIMIZER	VPSO	5	10000	1093	107	1200	1.19235e-206	2.48009e-204	1	1	better
OPYTIMIZER	SBO	5	10000	913	287	1200	1.13248e-76	1.39295e-74	1	1	better
OPYTIMIZER	GA	5	10000	1109	91	1200	2.26397e-223	5.04866e-221	1	1	better
OPYTIMIZER	MFO	5	10000	828	372	1200	1.1589e-40	1.12413e-38	1	1	better
OPYTIMIZER	CS	5	10000	1193	7	1200	0	0	1	1	better
OPYTIMIZER	FSO	5	10000	581	619	1200	0.869886	1	0.142736	1	not shown
OPYTIMIZER	NGHS	5	10000	432	768	1200	1	1	1.07367e-22	2.5768e-20	worse
OPYTIMIZER	GCO	5	10000	1024	176	1200	4.15137e-146	6.93279e-144	1	1	better
OPYTIMIZER	TWO	5	10000	985	215	1200	2.27282e-118	3.40923e-116	1	1	better
OPYTIMIZER	WEO	5	10000	1176	24	1200	6.02618e-312	1.74759e-309	1	1	better
OPYTIMIZER	GWO	5	10000	918	282	1200	3.26793e-79	4.11759e-77	1	1	better
OPYTIMIZER	SAVPSO	5	10000	1133	67	1200	5.22672e-251	1.33804e-248	1	1	better
OPYTIMIZER	FFOA	5	10000	136	1064	1200	1	1	3.74597e-179	1.03763e-176	worse
OPYTIMIZER	AIG	5	10000	1174	26	1200	1.28335e-308	3.65754e-306	1	1	better
OPYTIMIZER	BH	5	10000	768	432	1200	1.07367e-22	9.87773e-21	1	1	better
OPYTIMIZER	CI	5	10000	263	356	619	0.999923	1	0.000106049	0.0244974	worse
OPYTIMIZER	SSA	5	10000	1136	64	1200	1.02444e-254	2.63282e-252	1	1	better
OPYTIMIZER	AO	5	10000	357	843	1200	1	1	4.41913e-46	1.10478e-43	worse
OPYTIMIZER	MVO	5	10000	293	45	338	5.19073e-46	5.24263e-44	1	1	better
mealpy	LevyTWO	5	10000	1102	98	1200	6.62242e-216	1.4172e-213	1	1	better
mealpy	OriginalTLO	5	10000	1152	48	1200	1.18991e-275	3.20085e-273	1	1	better
mealpy	GWO	5	10000	870	330	1200	8.08475e-57	8.89323e-55	1	1	better
mealpy	OriginalBBO	5	10000	924	276	1200	2.51358e-82	3.24252e-80	1	1	better
mealpy	ABFO	5	10000	543	639	1182	0.99762	1	0.0028504	0.649892	not shown
mealpy	OriginalWHO	5	10000	1103	97	1200	5.87757e-217	1.27543e-214	1	1	better
mealpy	OriginalFFA	5	10000	845	355	1200	7.82984e-47	8.06474e-45	1	1	better
mealpy	BaseSARO	5	10000	1159	41	1200	1.59022e-285	4.3731e-283	1	1	better
mealpy	OriginalSMA	5	10000	1036	164	1200	1.71488e-155	2.94959e-153	1	1	better
mealpy	SingleGA	5	10000	301	899	1200	1	1	8.00873e-70	2.05024e-67	worse
mealpy	OriginalSSDO	5	10000	444	756	1200	1	1	8.68881e-20	2.07663e-17	worse
mealpy	OriginalFPA	5	10000	1191	9	1200	0	0	1	1	better
mealpy	OriginalSSO	5	10000	394	806	1200	1	1	2.13247e-33	5.20322e-31	worse
mealpy	OriginalMA	5	10000	674	526	1200	1.07573e-05	0.000882096	0.999992	1	better
mealpy	OriginalCEM	5	10000	897	303	1200	7.09714e-69	8.58753e-67	1	1	better
mealpy	OCRO	5	10000	1123	77	1200	4.44251e-239	1.08397e-236	1	1	better
mealpy	OriginalBA	5	10000	7	1193	1200	1	1	0	0	worse
mealpy	OriginalAEO	5	10000	1049	151	1200	3.71717e-166	6.50504e-164	1	1	better
mealpy	OriginalBSO	5	10000	1098	102	1200	9.56554e-212	2.01833e-209	1	1	better
mealpy	OriginalBFO	5	10000	74	1126	1200	1	1	1.36526e-242	3.93194e-240	worse
mealpy	ImprovedSLO	5	10000	946	254	1200	2.21838e-94	2.95045e-92	1	1	better
mealpy	OriginalLCO	5	10000	839	361	1200	1.3423e-44	1.3423e-42	1	1	better
mealpy	OriginalHGS	5	10000	866	334	1200	3.80213e-55	4.06828e-53	1	1	better
mealpy	BaseALO	5	10000	922	278	1200	2.79498e-81	3.54963e-79	1	1	better
mealpy	CPSO	5	10000	594	606	1200	0.646265	1	0.375423	1	not shown
mealpy	OriginalEO	5	10000	1122	78	1200	6.40261e-238	1.55583e-235	1	1	better
mealpy	DE	5	10000	227	973	1200	1	1	1.29755e-110	3.39958e-108	worse
mealpy	ModifiedBA	5	10000	890	310	1200	1.28067e-65	1.51119e-63	1	1	better
mealpy	BaseTLO	5	10000	1150	50	1200	6.45201e-273	1.71623e-270	1	1	better
mealpy	OriginalPFA	5	10000	248	952	1200	1	1	7.57781e-98	1.97781e-95	worse
mealpy	BaseFOA	5	10000	207	993	1200	1	1	9.77535e-124	2.61002e-121	worse
mealpy	OriginalGBO	5	10000	1128	72	1200	5.78976e-245	1.45902e-242	1	1	better
mealpy	TVAC	5	10000	1118	82	1200	2.4142e-233	5.62509e-231	1	1	better
mealpy	BaseFBIO	5	10000	1172	28	1200	2.34187e-305	6.62749e-303	1	1	better
mealpy	ImprovedBSO	5	10000	1020	180	1200	4.49503e-143	7.46175e-141	1	1	better
mealpy	OriginalAO	5	10000	212	988	1200	1	1	2.30571e-120	6.13319e-118	worse
mealpy	BaseGSKA	5	10000	1141	59	1200	4.86568e-261	1.26021e-258	1	1	better
mealpy	BaseLCO	5	10000	975	225	1200	6.98668e-112	1.01307e-109	1	1	better
mealpy	OriginalSSpiderA	5	10000	400	800	1200	1	1	1.48674e-31	3.61278e-29	worse
mealpy	BaseHS	5	10000	918	282	1200	3.26793e-79	4.11759e-77	1	1	better
mealpy	AdaptiveEO	5	10000	1124	76	1200	3.04026e-240	7.44865e-238	1	1	better
mealpy	OriginalWCA	5	10000	670	87	757	1.27352e-112	1.87207e-110	1	1	better
mealpy	OriginalMRFO	5	10000	1086	114	1200	1.05932e-199	2.12924e-197	1	1	better
mealpy	OriginalEOA	5	10000	881	319	1200	1.44166e-61	1.67232e-59	1	1	better
mealpy	OriginalABC	5	10000	1096	104	1200	1.07796e-209	2.25293e-207	1	1	better
mealpy	ModifiedAEO	5	10000	1004	196	1200	2.21841e-131	3.52727e-129	1	1	better
mealpy	OriginalSFO	5	10000	406	794	1200	1	1	9.06502e-30	2.19374e-27	worse
mealpy	BaseBBO	5	10000	875	325	1200	5.97745e-59	6.8143e-57	1	1	better
mealpy	OriginalNMRA	5	10000	1145	55	1200	3.09647e-266	8.14371e-264	1	1	better
mealpy	OriginalACOR	5	10000	1059	141	1200	9.81465e-175	1.8059e-172	1	1	better
mealpy	ImprovedSFO	5	10000	564	636	1200	0.982477	1	0.0201798	1	not shown
mealpy	OriginalCRO	5	10000	939	261	1200	1.95877e-90	2.58558e-88	1	1	better
mealpy	LevyJA	5	10000	1103	97	1200	5.87757e-217	1.27543e-214	1	1	better
mealpy	OriginalHS	5	10000	1051	149	1200	7.61007e-168	1.34698e-165	1	1	better
mealpy	OriginalCSO	5	10000	553	647	1200	0.996962	1	0.0036174	0.82115	not shown
mealpy	OriginalCOA	5	10000	1120	80	1200	1.27682e-235	3.06436e-233	1	1	better
mealpy	LevyQSA	5	10000	1161	39	1200	1.9329e-288	5.39279e-286	1	1	better
mealpy	OppoQSA	5	10000	1154	46	1200	2.01373e-278	5.45721e-276	1	1	better
mealpy	BaseBRO	5	10000	561	639	1200	0.988732	1	0.0130942	1	not shown
mealpy	OriginalSLO	5	10000	752	448	1200	7.22865e-19	6.4335e-17	1	1	better
mealpy	OriginalMVO	5	10000	1074	126	1200	2.91616e-188	5.6865e-186	1	1	better
mealpy	CLPSO	5	10000	1121	79	1200	9.10264e-237	2.20284e-234	1	1	better
mealpy	OriginalNRO	5	10000	1176	24	1200	6.02618e-312	1.74759e-309	1	1	better
mealpy	BaseSCA	5	10000	1057	143	1200	5.42881e-173	9.82614e-171	1	1	better
mealpy	BaseGCO	5	10000	986	214	1200	4.94816e-119	7.47173e-117	1	1	better
mealpy	OriginalArchOA	5	10000	1000	200	1200	1.45191e-128	2.2795e-126	1	1	better
mealpy	SwarmHC	5	10000	1152	48	1200	1.18991e-275	3.20085e-273	1	1	better
mealpy	ImprovedTLO	5	10000	948	252	1200	1.58218e-95	2.15176e-93	1	1	better
mealpy	OriginalMSA	5	10000	1084	116	1200	9.37822e-198	1.86627e-195	1	1	better
mealpy	WOA	5	10000	1002	198	1200	5.74418e-130	9.07581e-128	1	1	better
mealpy	OriginalIWO	5	10000	1050	150	1200	5.33887e-167	9.3964e-165	1	1	better
mealpy	BaseGA	5	10000	961	239	1200	3.39467e-103	4.85439e-101	1	1	better
mealpy	ModifiedEO	5	10000	1126	74	1200	1.36526e-242	3.39949e-240	1	1	better
mealpy	ImprovedNMRA	5	10000	846	354	1200	3.27619e-47	3.40724e-45	1	1	better
mealpy	BaseCHIO	5	10000	295	905	1200	1	1	1.03469e-72	2.65916e-70	worse
mealpy	OriginalHHO	5	10000	904	296	1200	3.17035e-72	3.86782e-70	1	1	better
mealpy	OriginalGWO	5	10000	994	206	1200	2.0326e-124	3.15053e-122	1	1	better
mealpy	ImprovedQSA	5	10000	1163	37	1200	2.1158e-291	5.96657e-289	1	1	better
mealpy	OriginalFBIO	5	10000	1176	24	1200	6.02618e-312	1.74759e-309	1	1	better
mealpy	OriginalBeesA	5	10000	1176	24	1200	6.02618e-312	1.74759e-309	1	1	better
mealpy	BaseEFO	5	10000	1112	88	1200	1.19957e-226	2.71104e-224	1	1	better
mealpy	OriginalSA	5	10000	1086	114	1200	1.05932e-199	2.12924e-197	1	1	better
mealpy	OriginalHC	5	10000	164	1036	1200	1	1	1.71488e-155	4.66447e-153	worse
mealpy	OriginalSHO	5	10000	764	436	1200	1.05919e-21	9.5327e-20	1	1	better
mealpy	JADE	5	10000	1154	46	1200	2.01373e-278	5.45721e-276	1	1	better
mealpy	OriginalCA	5	10000	548	652	1200	0.998789	1	0.00146505	0.335497	not shown
mealpy	EnhancedTWO	5	10000	1126	74	1200	1.36526e-242	3.39949e-240	1	1	better
mealpy	BaseSSA	5	10000	831	369	1200	1.02536e-41	1.00485e-39	1	1	better
mealpy	OriginalAOA	5	10000	100	1100	1200	1	1	8.13378e-214	2.30186e-211	worse
mealpy	OriginalQSA	5	10000	1142	58	1200	2.51136e-262	6.52953e-260	1	1	better
mealpy	OriginalGOA	5	10000	1087	113	1200	1.10972e-200	2.25273e-198	1	1	better
mealpy	EnhancedAEO	5	10000	976	224	1200	1.60804e-112	2.34773e-110	1	1	better
mealpy	OriginalGSKA	5	10000	1127	73	1200	8.95539e-244	2.2478e-241	1	1	better
mealpy	PPSO	5	10000	857	343	1200	1.73062e-51	1.83446e-49	1	1	better
mealpy	OriginalCGO	5	10000	1016	184	1200	4.38528e-140	7.19186e-138	1	1	better
mealpy	OriginalHGSO	5	10000	683	517	1200	9.19472e-07	7.72356e-05	0.999999	1	better
mealpy	OriginalSBO	5	10000	955	245	1200	1.30821e-99	1.83149e-97	1	1	better
mealpy	OppoTWO	5	10000	1075	125	1200	3.414e-189	6.69144e-187	1	1	better
mealpy	OriginalASO	5	10000	86	1114	1200	1	1	7.3916e-229	2.114e-226	worse
mealpy	ModifiedSLO	5	10000	894	306	1200	1.81152e-67	2.17383e-65	1	1	better
mealpy	BaseVCS	5	10000	1133	67	1200	5.22672e-251	1.33804e-248	1	1	better
mealpy	LSHADE	5	10000	1175	25	1200	2.83723e-310	8.11447e-308	1	1	better
mealpy	OriginalEFO	5	10000	417	783	1200	1	1	1.20335e-26	2.90008e-24	worse
mealpy	OriginalJA	5	10000	357	843	1200	1	1	4.41913e-46	1.10478e-43	worse
mealpy	OriginalGCO	5	10000	1081	119	1200	7.27584e-195	1.44062e-192	1	1	better
mealpy	OriginalPSS	5	10000	1119	81	1200	1.76729e-234	4.20616e-232	1	1	better
mealpy	OriginalEHO	5	10000	894	306	1200	1.81152e-67	2.17383e-65	1	1	better
mealpy	OriginalSSA	5	10000	782	418	1200	2.26344e-26	2.12763e-24	1	1	better
mealpy	OriginalSCA	5	10000	1041	159	1200	1.56963e-159	2.71547e-157	1	1	better
mealpy	OriginalBES	5	10000	939	261	1200	1.95877e-90	2.58558e-88	1	1	better
mealpy	BaseSBO	5	10000	968	232	1200	1.75479e-107	2.5269e-105	1	1	better
mealpy	BaseJA	5	10000	1072	128	1200	2.07217e-186	3.99928e-184	1	1	better
mealpy	OriginalSARO	5	10000	1157	43	1200	1.18396e-282	3.24404e-280	1	1	better
mealpy	OriginalSRSR	5	10000	1093	107	1200	1.19235e-206	2.48009e-204	1	1	better
mealpy	OriginalTWO	5	10000	1149	51	1200	1.45624e-271	3.85905e-269	1	1	better
mealpy	OriginalWDO	5	10000	197	1003	1200	1	1	1.13227e-130	3.03448e-128	worse
mealpy	AugmentedAEO	5	10000	978	222	1200	8.37928e-114	1.24013e-111	1	1	better
mealpy	OriginalWOA	5	10000	947	253	1200	5.93923e-95	7.95857e-93	1	1	better
mealpy	SADE	5	10000	1162	38	1200	6.48141e-290	1.82128e-287	1	1	better
mealpy	OriginalBRO	5	10000	291	909	1200	1	1	1.12235e-74	2.89566e-72	worse
mealpy	OriginalSSpiderO	5	10000	545	655	1200	0.999328	1	0.000820527	0.188721	not shown
mealpy	ProbBeesA	5	10000	710	490	1200	1.15404e-10	1.00401e-08	1	1	better
mealpy	OriginalFA	5	10000	1064	136	1200	3.74597e-179	7.04242e-177	1	1	better
mealpy	OriginalCSA	5	10000	335	865	1200	1	1	9.85426e-55	2.48327e-52	worse
mealpy	OriginalALO	5	10000	924	276	1200	2.51358e-82	3.24252e-80	1	1	better
mealpy	OriginalDO	5	10000	721	479	1200	1.47263e-12	1.29592e-10	1	1	better
mealpy	OriginalCHIO	5	10000	589	611	1200	0.746631	1	0.272194	1	not shown
mealpy	OriginalBSA	5	10000	1059	141	1200	9.81465e-175	1.8059e-172	1	1	better
mealpy	LevyEP	5	10000	1098	102	1200	9.56554e-212	2.01833e-209	1	1	better
mealpy	OriginalICA	5	10000	601	86	687	2.75618e-96	3.80353e-94	1	1	better
mealpy	ImprovedLCO	5	10000	873	327	1200	4.30951e-58	4.78355e-56	1	1	better
mealpy	OriginalMFO	5	10000	186	1014	1200	1	1	1.31797e-138	3.54533e-136	worse
mealpy	ImprovedAEO	5	10000	1031	169	1200	1.57118e-151	2.67101e-149	1	1	better
mealpy	OriginalVCS	5	10000	818	382	1200	2.92164e-37	2.80478e-35	1	1	better
mealpy	AdaptiveBA	5	10000	50	1150	1200	1	1	6.45201e-273	1.87753e-270	worse
mealpy	MultiGA	5	10000	357	843	1200	1	1	4.41913e-46	1.10478e-43	worse
mealpy	OriginalES	5	10000	1107	93	1200	3.25833e-221	7.23349e-219	1	1	better
mealpy	LevyES	5	10000	1132	68	1200	8.71728e-250	2.21419e-247	1	1	better
mealpy	OriginalEP	5	10000	497	703	1200	1	1	1.4966e-09	3.517e-07	worse
mealpy	BaseSMA	5	10000	1119	81	1200	1.76729e-234	4.20616e-232	1	1	better
mealpy	OriginalPSO	5	10000	77	1123	1200	1	1	4.44251e-239	1.275e-236	worse
mealpy	FBUDGETSHADE	5	10000	1177	23	1200	1.2277e-313	3.57262e-311	1	1	better
mealpy	OriginalFOA	5	10000	222	978	1200	1	1	8.37928e-114	2.20375e-111	worse
mealpy	BaseQSA	5	10000	1161	39	1200	1.9329e-288	5.39279e-286	1	1	better
mealpy	BaseMFO	5	10000	1120	80	1200	1.27682e-235	3.06436e-233	1	1	better
mealpy	BaseDE	5	10000	1119	81	1200	1.76729e-234	4.20616e-232	1	1	better
mealpy	WhaleFOA	5	10000	165	1035	1200	1	1	1.07816e-154	2.92182e-152	worse
Baselines	DE	5	10000	1126	74	1200	1.36526e-242	1.09221e-241	1	1	better
Baselines	RCobyla	5	10000	951	249	1200	2.90239e-97	1.16096e-96	1	1	better
Baselines	PSO	5	10000	121	1079	1200	1	1	5.86366e-193	6.45002e-192	worse
Baselines	DiagonalCMA	5	10000	1093	107	1200	1.19235e-206	7.15412e-206	1	1	better
Baselines	modcma	5	10000	1125	75	1200	2.05178e-241	1.43625e-240	1	1	better
Baselines	modde	5	10000	1159	41	1200	1.59022e-285	1.4312e-284	1	1	better
Baselines	OnePlusOne	5	10000	703	497	1200	1.4966e-09	2.9932e-09	1	1	better
Baselines	Powell	5	10000	798	402	1200	5.93917e-31	1.78175e-30	1	1	better
Baselines	MultiBFGS	5	10000	977	223	1200	3.68081e-113	1.84041e-112	1	1	better
Baselines	lshade	5	10000	1183	17	1200	0	0	1	1	better
Baselines	bipop	5	10000	1173	27	1200	5.58515e-307	5.58515e-306	1	1	better
EVOLOPY	DE	10	10	616	584	1200	0.185425	-1	0.829609	-1	descriptive
EVOLOPY	JAYA	10	10	756	444	1200	8.68881e-20	-1	1	-1	descriptive
EVOLOPY	PSO	10	10	933	267	1200	3.90363e-87	-1	1	-1	descriptive
EVOLOPY	WOA	10	10	823	377	1200	6.10537e-39	-1	1	-1	descriptive
EVOLOPY	FFA	10	10	863	337	1200	6.53804e-54	-1	1	-1	descriptive
EVOLOPY	BAT	10	10	653	547	1200	0.00121141	-1	0.999001	-1	descriptive
EVOLOPY	MVO	10	10	834	366	1200	8.75975e-43	-1	1	-1	descriptive
EVOLOPY	HHO	10	10	890	310	1200	1.28067e-65	-1	1	-1	descriptive
EVOLOPY	SCA	10	10	510	690	1200	1	-1	1.12994e-07	-1	descriptive
EVOLOPY	GA	10	10	432	501	933	0.989064	-1	0.0129734	-1	descriptive
EVOLOPY	MFO	10	10	549	651	1200	0.998535	-1	0.00176628	-1	descriptive
EVOLOPY	CS	10	10	356	844	1200	1	-1	1.86384e-46	-1	descriptive
EVOLOPY	GWO	10	10	1077	123	1200	4.55567e-191	-1	1	-1	descriptive
EVOLOPY	SSA	10	10	758	442	1200	2.94922e-20	-1	1	-1	descriptive
NIAPY	DynamicFireworksAlgorithm	10	10	496	704	1200	1	-1	1.04834e-09	-1	descriptive
NIAPY	HarmonySearch	10	10	765	435	1200	6.00862e-22	-1	1	-1	descriptive
NIAPY	EvolutionStrategyMp1	10	10	516	684	1200	0.999999	-1	6.88265e-07	-1	descriptive
NIAPY	MonarchButterflyOptimization	10	10	442	758	1200	1	-1	2.94922e-20	-1	descriptive
NIAPY	CenterParticleSwarmOptimization	10	10	951	249	1200	2.90239e-97	-1	1	-1	descriptive
NIAPY	DynNpDifferentialEvolution	10	10	517	683	1200	0.999999	-1	9.19472e-07	-1	descriptive
NIAPY	CamelAlgorithm	10	10	796	404	1200	2.33757e-30	-1	1	-1	descriptive
NIAPY	BatAlgorithm	10	10	408	792	1200	1	-1	3.46381e-29	-1	descriptive
NIAPY	GlowwormSwarmOptimization	10	10	290	910	1200	1	-1	3.58146e-75	-1	descriptive
NIAPY	BareBonesFireworksAlgorithm	10	10	821	379	1200	2.90182e-38	-1	1	-1	descriptive
NIAPY	CuckooSearch	10	10	378	822	1200	1	-1	1.3336e-38	-1	descriptive
NIAPY	GeneticAlgorithm	10	10	520	680	1200	0.999998	-1	2.14955e-06	-1	descriptive
NIAPY	ParticleSwarmAlgorithm	10	10	536	664	1200	0.999903	-1	0.000121582	-1	descriptive
NIAPY	MonkeyKingEvolutionV3	10	10	818	382	1200	2.92164e-37	-1	1	-1	descriptive
NIAPY	MonkeyKingEvolutionV2	10	10	499	701	1200	1	-1	3.0196e-09	-1	descriptive
NIAPY	SineCosineAlgorithm	10	10	229	971	1200	1	-1	2.35813e-109	-1	descriptive
NIAPY	EvolutionStrategy1p1	10	10	1070	130	1200	1.42202e-184	-1	1	-1	descriptive
NIAPY	HarrisHawksOptimization	10	10	828	372	1200	1.1589e-40	-1	1	-1	descriptive
NIAPY	ParticleSwarmOptimization	10	10	869	331	1200	2.13039e-56	-1	1	-1	descriptive
NIAPY	ForestOptimizationAlgorithm	10	10	217	983	1200	1	-1	4.71472e-117	-1	descriptive
NIAPY	EnhancedFireworksAlgorithm	10	10	422	778	1200	1	-1	2.73199e-25	-1	descriptive
NIAPY	MultiStrategyDifferentialEvolution	10	10	521	679	1200	0.999998	-1	2.83429e-06	-1	descriptive
NIAPY	MutatedParticleSwarmOptimization	10	10	1020	180	1200	4.49503e-143	-1	1	-1	descriptive
NIAPY	ComprehensiveLearningParticleSwarmOptimizer	10	10	336	864	1200	1	-1	2.54349e-54	-1	descriptive
NIAPY	KrillHerd	10	10	870	330	1200	8.08475e-57	-1	1	-1	descriptive
NIAPY	FishSchoolSearch	10	10	484	716	1200	1	-1	1.12505e-11	-1	descriptive
NIAPY	MutatedCenterUnifiedParticleSwarmOptimization	10	10	1059	141	1200	9.81465e-175	-1	1	-1	descriptive
NIAPY	MutatedCenterParticleSwarmOptimization	10	10	1017	183	1200	7.92284e-141	-1	1	-1	descriptive
NIAPY	GlowwormSwarmOptimizationV2	10	10	256	944	1200	1	-1	3.04908e-93	-1	descriptive
NIAPY	CatSwarmOptimization	10	10	625	575	1200	0.078592	-1	0.929538	-1	descriptive
NIAPY	DifferentialEvolution	10	10	462	738	1200	1	-1	7.717e-16	-1	descriptive
NIAPY	FireworksAlgorithm	10	10	340	860	1200	1	-1	1.08345e-52	-1	descriptive
NIAPY	MothFlameOptimizer	10	10	513	687	1200	1	-1	2.83038e-07	-1	descriptive
NIAPY	DynNpMultiStrategyDifferentialEvolution	10	10	497	703	1200	1	-1	1.4966e-09	-1	descriptive
NIAPY	EvolutionStrategyML	10	10	476	724	1200	1	-1	4.17329e-13	-1	descriptive
NIAPY	GreyWolfOptimizer	10	10	906	294	1200	3.36178e-73	-1	1	-1	descriptive
NIAPY	HarmonySearchV1	10	10	737	463	1200	1.23712e-15	-1	1	-1	descriptive
NIAPY	BeesAlgorithm	10	10	684	516	1200	6.88265e-07	-1	0.999999	-1	descriptive
NIAPY	GlowwormSwarmOptimizationV1	10	10	244	956	1200	1	-1	3.34673e-100	-1	descriptive
NIAPY	GlowwormSwarmOptimizationV3	10	10	264	936	1200	1	-1	8.9369e-89	-1	descriptive
NIAPY	LionOptimizationAlgorithm	10	10	696	504	1200	1.64689e-08	-1	1	-1	descriptive
NIAPY	ArtificialBeeColonyAlgorithm	10	10	571	629	1200	0.955754	-1	0.0499186	-1	descriptive
NIAPY	AgingNpDifferentialEvolution	10	10	510	690	1200	1	-1	1.12994e-07	-1	descriptive
NIAPY	OppositionVelocityClampingParticleSwarmOptimization	10	10	546	654	1200	0.999179	-1	0.000998557	-1	descriptive
NIAPY	CoralReefsOptimization	10	10	411	789	1200	1	-1	2.51671e-28	-1	descriptive
NIAPY	BacterialForagingOptimization	10	10	417	783	1200	1	-1	1.20335e-26	-1	descriptive
NIAPY	DynamicFireworksAlgorithmGauss	10	10	507	693	1200	1	-1	4.37867e-08	-1	descriptive
NIAPY	ClonalSelectionAlgorithm	10	10	272	928	1200	1	-1	1.92148e-84	-1	descriptive
NIAPY	GravitationalSearchAlgorithm	10	10	557	643	1200	0.994004	-1	0.00705216	-1	descriptive
NIAPY	MonkeyKingEvolutionV1	10	10	455	745	1200	1	-1	2.57297e-17	-1	descriptive
NIAPY	EvolutionStrategyMpL	10	10	453	747	1200	1	-1	9.43616e-18	-1	descriptive
NIAPY	FireflyAlgorithm	10	10	444	756	1200	1	-1	8.68881e-20	-1	descriptive
NIAPY	FlowerPollinationAlgorithm	10	10	412	788	1200	1	-1	4.83877e-28	-1	descriptive
OPYTIMIZER	SA	10	10	1032	168	1200	2.56951e-152	-1	1	-1	descriptive
OPYTIMIZER	GOGHS	10	10	1052	148	1200	1.0765e-168	-1	1	-1	descriptive
OPYTIMIZER	QSA	10	10	1062	138	1200	2.24644e-177	-1	1	-1	descriptive
OPYTIMIZER	SGHS	10	10	1030	170	1200	9.54162e-151	-1	1	-1	descriptive
OPYTIMIZER	DE	10	10	1058	142	1200	7.32854e-174	-1	1	-1	descriptive
OPYTIMIZER	RFO	10	10	1117	83	1200	3.25527e-232	-1	1	-1	descriptive
OPYTIMIZER	PPA	10	10	940	260	1200	5.42855e-91	-1	1	-1	descriptive
OPYTIMIZER	EHO	10	10	1088	112	1200	1.15126e-201	-1	1	-1	descriptive
OPYTIMIZER	AEO	10	10	1128	72	1200	5.78976e-245	-1	1	-1	descriptive
OPYTIMIZER	ABO	10	10	1039	161	1200	6.61411e-158	-1	1	-1	descriptive
OPYTIMIZER	GHS	10	10	1016	184	1200	4.38528e-140	-1	1	-1	descriptive
OPYTIMIZER	PVS	10	10	1090	110	1200	1.20305e-203	-1	1	-1	descriptive
OPYTIMIZER	BWO	10	10	1057	143	1200	5.42881e-173	-1	1	-1	descriptive
OPYTIMIZER	PSO	10	10	1148	52	1200	3.2208e-270	-1	1	-1	descriptive
OPYTIMIZER	BSO	10	10	1113	87	1200	9.47456e-228	-1	1	-1	descriptive
OPYTIMIZER	CSA	10	10	694	506	1200	3.17122e-08	-1	1	-1	descriptive
OPYTIMIZER	SSO	10	10	1139	61	1200	1.7326e-258	-1	1	-1	descriptive
OPYTIMIZER	WOA	10	10	1115	85	1200	5.6952e-230	-1	1	-1	descriptive
OPYTIMIZER	BA	10	10	1029	171	1200	5.75507e-150	-1	1	-1	descriptive
OPYTIMIZER	HS	10	10	997	203	1200	1.76421e-126	-1	1	-1	descriptive
OPYTIMIZER	JS	10	10	1068	132	1200	9.42885e-183	-1	1	-1	descriptive
OPYTIMIZER	SOS	10	10	1147	53	1200	6.98302e-269	-1	1	-1	descriptive
OPYTIMIZER	GS	10	10	293	907	1200	1	-1	1.08737e-73	-1	descriptive
OPYTIMIZER	EFO	10	10	1029	171	1200	5.75507e-150	-1	1	-1	descriptive
OPYTIMIZER	GSA	10	10	563	637	1200	0.98483	-1	0.0175227	-1	descriptive
OPYTIMIZER	ESA	10	10	999	201	1200	7.23426e-128	-1	1	-1	descriptive
OPYTIMIZER	BOA	10	10	168	389	557	1	-1	1.71358e-21	-1	descriptive
OPYTIMIZER	HC	10	10	337	863	1200	1	-1	6.53804e-54	-1	descriptive
OPYTIMIZER	ABC	10	10	1038	132	1170	2.94456e-175	-1	1	-1	descriptive
OPYTIMIZER	RRA	10	10	1104	96	1200	5.15861e-218	-1	1	-1	descriptive
OPYTIMIZER	NDS	10	10	293	907	1200	1	-1	1.08737e-73	-1	descriptive
OPYTIMIZER	NBJS	10	10	1074	126	1200	2.91616e-188	-1	1	-1	descriptive
OPYTIMIZER	SSD	10	10	484	716	1200	1	-1	1.12505e-11	-1	descriptive
OPYTIMIZER	CEM	10	10	662	538	1200	0.000190015	-1	0.999848	-1	descriptive
OPYTIMIZER	AOA	10	10	1076	124	1200	3.96144e-190	-1	1	-1	descriptive
OPYTIMIZER	MRFO	10	10	1138	62	1200	3.18606e-257	-1	1	-1	descriptive
OPYTIMIZER	ASO	10	10	238	962	1200	1	-1	8.41928e-104	-1	descriptive
OPYTIMIZER	SFO	10	10	794	406	1200	9.06502e-30	-1	1	-1	descriptive
OPYTIMIZER	IHS	10	10	1013	187	1200	7.15683e-138	-1	1	-1	descriptive
OPYTIMIZER	COA	10	10	1056	144	1200	3.98984e-172	-1	1	-1	descriptive
OPYTIMIZER	GOA	10	10	1110	90	1200	1.85408e-224	-1	1	-1	descriptive
OPYTIMIZER	STOA	10	10	390	810	1200	1	-1	1.1679e-34	-1	descriptive
OPYTIMIZER	MVPA	10	10	1119	81	1200	1.76729e-234	-1	1	-1	descriptive
OPYTIMIZER	ES	10	10	1039	161	1200	6.61411e-158	-1	1	-1	descriptive
OPYTIMIZER	AIWPSO	10	10	1154	46	1200	2.01373e-278	-1	1	-1	descriptive
OPYTIMIZER	ISA	10	10	324	876	1200	1	-1	2.2122e-59	-1	descriptive
OPYTIMIZER	EO	10	10	1163	37	1200	2.1158e-291	-1	1	-1	descriptive
OPYTIMIZER	AF	10	10	113	923	1036	1	-1	6.64186e-159	-1	descriptive
OPYTIMIZER	DOA	10	10	1072	128	1200	2.07217e-186	-1	1	-1	descriptive
OPYTIMIZER	PIO	10	10	1085	115	1200	1.00151e-198	-1	1	-1	descriptive
OPYTIMIZER	HHO	10	10	1138	62	1200	3.18606e-257	-1	1	-1	descriptive
OPYTIMIZER	BSA	10	10	1031	169	1200	1.57118e-151	-1	1	-1	descriptive
OPYTIMIZER	TEO	10	10	352	821	1173	1	-1	5.84028e-44	-1	descriptive
OPYTIMIZER	FA	10	10	510	690	1200	1	-1	1.12994e-07	-1	descriptive
OPYTIMIZER	WWO	10	10	1036	164	1200	1.71488e-155	-1	1	-1	descriptive
OPYTIMIZER	IWO	10	10	1032	168	1200	2.56951e-152	-1	1	-1	descriptive
OPYTIMIZER	KH	10	10	1096	104	1200	1.07796e-209	-1	1	-1	descriptive
OPYTIMIZER	FOA	10	10	1045	155	1200	8.10326e-163	-1	1	-1	descriptive
OPYTIMIZER	RPSO	10	10	1140	60	1200	9.26188e-260	-1	1	-1	descriptive
OPYTIMIZER	SCA	10	10	549	651	1200	0.998535	-1	0.00176628	-1	descriptive
OPYTIMIZER	OSA	10	10	861	339	1200	4.26712e-53	-1	1	-1	descriptive
OPYTIMIZER	WDO	10	10	647	553	1200	0.0036174	-1	0.996962	-1	descriptive
OPYTIMIZER	LSA	10	10	1107	93	1200	3.25833e-221	-1	1	-1	descriptive
OPYTIMIZER	VPSO	10	10	1127	73	1200	8.95539e-244	-1	1	-1	descriptive
OPYTIMIZER	SBO	10	10	1148	52	1200	3.2208e-270	-1	1	-1	descriptive
OPYTIMIZER	GA	10	10	1107	93	1200	3.25833e-221	-1	1	-1	descriptive
OPYTIMIZER	MFO	10	10	1056	144	1200	3.98984e-172	-1	1	-1	descriptive
OPYTIMIZER	CS	10	10	1047	153	1200	1.76165e-164	-1	1	-1	descriptive
OPYTIMIZER	FSO	10	10	982	218	1200	2.12933e-116	-1	1	-1	descriptive
OPYTIMIZER	NGHS	10	10	1042	158	1200	2.39201e-160	-1	1	-1	descriptive
OPYTIMIZER	GCO	10	10	1059	141	1200	9.81465e-175	-1	1	-1	descriptive
OPYTIMIZER	TWO	10	10	1143	57	1200	1.27312e-263	-1	1	-1	descriptive
OPYTIMIZER	WEO	10	10	1014	186	1200	1.31797e-138	-1	1	-1	descriptive
OPYTIMIZER	GWO	10	10	1161	39	1200	1.9329e-288	-1	1	-1	descriptive
OPYTIMIZER	SAVPSO	10	10	1137	63	1200	5.76077e-256	-1	1	-1	descriptive
OPYTIMIZER	FFOA	10	10	726	474	1200	1.77e-13	-1	1	-1	descriptive
OPYTIMIZER	AIG	10	10	1032	168	1200	2.56951e-152	-1	1	-1	descriptive
OPYTIMIZER	BH	10	10	1118	82	1200	2.4142e-233	-1	1	-1	descriptive
OPYTIMIZER	CI	10	10	544	93	637	9.49651e-79	-1	1	-1	descriptive
OPYTIMIZER	SSA	10	10	1125	75	1200	2.05178e-241	-1	1	-1	descriptive
OPYTIMIZER	AO	10	10	1084	116	1200	9.37822e-198	-1	1	-1	descriptive
OPYTIMIZER	MVO	10	10	266	36	302	8.26999e-45	-1	1	-1	descriptive
mealpy	LevyTWO	10	10	431	769	1200	1	-1	6.00425e-23	-1	descriptive
mealpy	OriginalTLO	10	10	660	540	1200	0.000293209	-1	0.999764	-1	descriptive
mealpy	GWO	10	10	985	215	1200	2.27282e-118	-1	1	-1	descriptive
mealpy	OriginalBBO	10	10	608	592	1200	0.332512	-1	0.688188	-1	descriptive
mealpy	ABFO	10	10	603	582	1185	0.280632	-1	0.73861	-1	descriptive
mealpy	OriginalWHO	10	10	503	697	1200	1	-1	1.18092e-08	-1	descriptive
mealpy	OriginalFFA	10	10	543	657	1200	0.999553	-1	0.00054883	-1	descriptive
mealpy	BaseSARO	10	10	610	590	1200	0.291689	-1	0.727806	-1	descriptive
mealpy	OriginalSMA	10	10	596	604	1200	0.602487	-1	0.419935	-1	descriptive
mealpy	SingleGA	10	10	627	573	1200	0.0629934	-1	0.943843	-1	descriptive
mealpy	OriginalSSDO	10	10	747	453	1200	9.43616e-18	-1	1	-1	descriptive
mealpy	OriginalFPA	10	10	540	660	1200	0.999764	-1	0.000293209	-1	descriptive
mealpy	OriginalSSO	10	10	653	547	1200	0.00121141	-1	0.999001	-1	descriptive
mealpy	OriginalMA	10	10	531	669	1200	0.999971	-1	3.76496e-05	-1	descriptive
mealpy	OriginalCEM	10	10	508	692	1200	1	-1	6.02584e-08	-1	descriptive
mealpy	OCRO	10	10	659	541	1200	0.000362497	-1	0.999707	-1	descriptive
mealpy	OriginalBA	10	10	460	740	1200	1	-1	2.97168e-16	-1	descriptive
mealpy	OriginalAEO	10	10	829	371	1200	5.18412e-41	-1	1	-1	descriptive
mealpy	OriginalBSO	10	10	811	389	1200	5.59687e-35	-1	1	-1	descriptive
mealpy	OriginalBFO	10	10	431	769	1200	1	-1	6.00425e-23	-1	descriptive
mealpy	ImprovedSLO	10	10	621	579	1200	0.118286	-1	0.892762	-1	descriptive
mealpy	OriginalLCO	10	10	943	257	1200	1.12204e-92	-1	1	-1	descriptive
mealpy	OriginalHGS	10	10	811	389	1200	5.59687e-35	-1	1	-1	descriptive
mealpy	BaseALO	10	10	801	399	1200	7.39716e-32	-1	1	-1	descriptive
mealpy	CPSO	10	10	898	302	1200	2.38936e-69	-1	1	-1	descriptive
mealpy	OriginalEO	10	10	936	264	1200	8.9369e-89	-1	1	-1	descriptive
mealpy	DE	10	10	534	666	1200	0.999939	-1	7.68072e-05	-1	descriptive
mealpy	ModifiedBA	10	10	758	442	1200	2.94922e-20	-1	1	-1	descriptive
mealpy	BaseTLO	10	10	566	634	1200	0.976829	-1	0.0265263	-1	descriptive
mealpy	OriginalPFA	10	10	813	387	1200	1.27085e-35	-1	1	-1	descriptive
mealpy	BaseFOA	10	10	467	733	1200	1	-1	7.89263e-15	-1	descriptive
mealpy	OriginalGBO	10	10	738	462	1200	7.717e-16	-1	1	-1	descriptive
mealpy	TVAC	10	10	908	292	1200	3.50133e-74	-1	1	-1	descriptive
mealpy	BaseFBIO	10	10	507	693	1200	1	-1	4.37867e-08	-1	descriptive
mealpy	ImprovedBSO	10	10	764	436	1200	1.05919e-21	-1	1	-1	descriptive
mealpy	OriginalAO	10	10	479	721	1200	1	-1	1.47263e-12	-1	descriptive
mealpy	BaseGSKA	10	10	721	479	1200	1.47263e-12	-1	1	-1	descriptive
mealpy	BaseLCO	10	10	936	264	1200	8.9369e-89	-1	1	-1	descriptive
mealpy	OriginalSSpiderA	10	10	732	468	1200	1.24358e-14	-1	1	-1	descriptive
mealpy	BaseHS	10	10	755	445	1200	1.48348e-19	-1	1	-1	descriptive
mealpy	AdaptiveEO	10	10	938	262	1200	7.03337e-90	-1	1	-1	descriptive
mealpy	OriginalWCA	10	10	565	223	788	2.43712e-35	-1	1	-1	descriptive
mealpy	OriginalMRFO	10	10	910	290	1200	3.58146e-75	-1	1	-1	descriptive
mealpy	OriginalEOA	10	10	701	499	1200	3.0196e-09	-1	1	-1	descriptive
mealpy	OriginalABC	10	10	564	636	1200	0.982477	-1	0.0201798	-1	descriptive
mealpy	ModifiedAEO	10	10	796	404	1200	2.33757e-30	-1	1	-1	descriptive
mealpy	OriginalSFO	10	10	610	590	1200	0.291689	-1	0.727806	-1	descriptive
mealpy	BaseBBO	10	10	609	591	1200	0.311812	-1	0.708311	-1	descriptive
mealpy	OriginalNMRA	10	10	764	436	1200	1.05919e-21	-1	1	-1	descriptive
mealpy	OriginalACOR	10	10	540	660	1200	0.999764	-1	0.000293209	-1	descriptive
mealpy	ImprovedSFO	10	10	610	590	1200	0.291689	-1	0.727806	-1	descriptive
mealpy	OriginalCRO	10	10	579	621	1200	0.892762	-1	0.118286	-1	descriptive
mealpy	LevyJA	10	10	630	570	1200	0.0442459	-1	0.960896	-1	descriptive
mealpy	OriginalHS	10	10	598	602	1200	0.557379	-1	0.465496	-1	descriptive
mealpy	OriginalCSO	10	10	520	680	1200	0.999998	-1	2.14955e-06	-1	descriptive
mealpy	OriginalCOA	10	10	697	503	1200	1.18092e-08	-1	1	-1	descriptive
mealpy	LevyQSA	10	10	694	506	1200	3.17122e-08	-1	1	-1	descriptive
mealpy	OppoQSA	10	10	694	506	1200	3.17122e-08	-1	1	-1	descriptive
mealpy	BaseBRO	10	10	871	329	1200	3.05539e-57	-1	1	-1	descriptive
mealpy	OriginalSLO	10	10	695	505	1200	2.28912e-08	-1	1	-1	descriptive
mealpy	OriginalMVO	10	10	836	364	1200	1.66628e-43	-1	1	-1	descriptive
mealpy	CLPSO	10	10	489	711	1200	1	-1	7.89561e-11	-1	descriptive
mealpy	OriginalNRO	10	10	518	682	1200	0.999999	-1	1.22433e-06	-1	descriptive
mealpy	BaseSCA	10	10	579	621	1200	0.892762	-1	0.118286	-1	descriptive
mealpy	BaseGCO	10	10	576	624	1200	0.921408	-1	0.0874141	-1	descriptive
mealpy	OriginalArchOA	10	10	598	602	1200	0.557379	-1	0.465496	-1	descriptive
mealpy	SwarmHC	10	10	454	746	1200	1	-1	1.5609e-17	-1	descriptive
mealpy	ImprovedTLO	10	10	800	400	1200	1.48674e-31	-1	1	-1	descriptive
mealpy	OriginalMSA	10	10	661	539	1200	0.000236413	-1	0.99981	-1	descriptive
mealpy	WOA	10	10	742	458	1200	1.12853e-16	-1	1	-1	descriptive
mealpy	OriginalIWO	10	10	766	434	1200	3.39645e-22	-1	1	-1	descriptive
mealpy	BaseGA	10	10	810	390	1200	1.1679e-34	-1	1	-1	descriptive
mealpy	ModifiedEO	10	10	936	264	1200	8.9369e-89	-1	1	-1	descriptive
mealpy	ImprovedNMRA	10	10	742	458	1200	1.12853e-16	-1	1	-1	descriptive
mealpy	BaseCHIO	10	10	411	789	1200	1	-1	2.51671e-28	-1	descriptive
mealpy	OriginalHHO	10	10	690	510	1200	1.12994e-07	-1	1	-1	descriptive
mealpy	OriginalGWO	10	10	976	224	1200	1.60804e-112	-1	1	-1	descriptive
mealpy	ImprovedQSA	10	10	694	506	1200	3.17122e-08	-1	1	-1	descriptive
mealpy	OriginalFBIO	10	10	501	699	1200	1	-1	6.01151e-09	-1	descriptive
mealpy	OriginalBeesA	10	10	520	680	1200	0.999998	-1	2.14955e-06	-1	descriptive
mealpy	BaseEFO	10	10	730	470	1200	3.0555e-14	-1	1	-1	descriptive
mealpy	OriginalSA	10	10	649	551	1200	0.00254342	-1	0.997877	-1	descriptive
mealpy	OriginalHC	10	10	514	686	1200	1	-1	3.81865e-07	-1	descriptive
mealpy	OriginalSHO	10	10	749	451	1200	3.4125e-18	-1	1	-1	descriptive
mealpy	JADE	10	10	684	516	1200	6.88265e-07	-1	0.999999	-1	descriptive
mealpy	OriginalCA	10	10	610	590	1200	0.291689	-1	0.727806	-1	descriptive
mealpy	EnhancedTWO	10	10	621	579	1200	0.118286	-1	0.892762	-1	descriptive
mealpy	BaseSSA	10	10	559	641	1200	0.99173	-1	0.00966784	-1	descriptive
mealpy	OriginalAOA	10	10	816	384	1200	1.33651e-36	-1	1	-1	descriptive
mealpy	OriginalQSA	10	10	694	506	1200	3.17122e-08	-1	1	-1	descriptive
mealpy	OriginalGOA	10	10	906	294	1200	3.36178e-73	-1	1	-1	descriptive
mealpy	EnhancedAEO	10	10	742	458	1200	1.12853e-16	-1	1	-1	descriptive
mealpy	OriginalGSKA	10	10	686	514	1200	3.81865e-07	-1	1	-1	descriptive
mealpy	PPSO	10	10	888	312	1200	1.04912e-64	-1	1	-1	descriptive
mealpy	OriginalCGO	10	10	731	469	1200	1.95265e-14	-1	1	-1	descriptive
mealpy	OriginalHGSO	10	10	864	336	1200	2.54349e-54	-1	1	-1	descriptive
mealpy	OriginalSBO	10	10	998	202	1200	3.58311e-127	-1	1	-1	descriptive
mealpy	OppoTWO	10	10	615	585	1200	0.201257	-1	0.814575	-1	descriptive
mealpy	OriginalASO	10	10	473	727	1200	1	-1	1.1468e-13	-1	descriptive
mealpy	ModifiedSLO	10	10	621	579	1200	0.118286	-1	0.892762	-1	descriptive
mealpy	BaseVCS	10	10	748	452	1200	5.68454e-18	-1	1	-1	descriptive
mealpy	LSHADE	10	10	678	522	1200	3.72498e-06	-1	0.999997	-1	descriptive
mealpy	OriginalEFO	10	10	1046	154	1200	1.19923e-163	-1	1	-1	descriptive
mealpy	OriginalJA	10	10	665	535	1200	9.67899e-05	-1	0.999923	-1	descriptive
mealpy	OriginalGCO	10	10	528	672	1200	0.999986	-1	1.79282e-05	-1	descriptive
mealpy	OriginalPSS	10	10	912	288	1200	3.59763e-76	-1	1	-1	descriptive
mealpy	OriginalEHO	10	10	731	469	1200	1.95265e-14	-1	1	-1	descriptive
mealpy	OriginalSSA	10	10	768	432	1200	1.07367e-22	-1	1	-1	descriptive
mealpy	OriginalSCA	10	10	576	624	1200	0.921408	-1	0.0874141	-1	descriptive
mealpy	OriginalBES	10	10	839	361	1200	1.3423e-44	-1	1	-1	descriptive
mealpy	BaseSBO	10	10	867	333	1200	1.46096e-55	-1	1	-1	descriptive
mealpy	BaseJA	10	10	619	581	1200	0.142736	-1	0.869886	-1	descriptive
mealpy	OriginalSARO	10	10	610	590	1200	0.291689	-1	0.727806	-1	descriptive
mealpy	OriginalSRSR	10	10	756	444	1200	8.68881e-20	-1	1	-1	descriptive
mealpy	OriginalTWO	10	10	610	590	1200	0.291689	-1	0.727806	-1	descriptive
mealpy	OriginalWDO	10	10	548	652	1200	0.998789	-1	0.00146505	-1	descriptive
mealpy	AugmentedAEO	10	10	648	552	1200	0.00303794	-1	0.997457	-1	descriptive
mealpy	OriginalWOA	10	10	736	464	1200	1.97637e-15	-1	1	-1	descriptive
mealpy	SADE	10	10	622	578	1200	0.107238	-1	0.903045	-1	descriptive
mealpy	OriginalBRO	10	10	515	685	1200	1	-1	5.13507e-07	-1	descriptive
mealpy	OriginalSSpiderO	10	10	495	705	1200	1	-1	7.31877e-10	-1	descriptive
mealpy	ProbBeesA	10	10	512	688	1200	1	-1	2.09097e-07	-1	descriptive
mealpy	OriginalFA	10	10	458	742	1200	1	-1	1.12853e-16	-1	descriptive
mealpy	OriginalCSA	10	10	441	759	1200	1	-1	1.70913e-20	-1	descriptive
mealpy	OriginalALO	10	10	801	399	1200	7.39716e-32	-1	1	-1	descriptive
mealpy	OriginalDO	10	10	610	590	1200	0.291689	-1	0.727806	-1	descriptive
mealpy	OriginalCHIO	10	10	411	789	1200	1	-1	2.51671e-28	-1	descriptive
mealpy	OriginalBSA	10	10	638	562	1200	0.0151702	-1	0.986906	-1	descriptive
mealpy	LevyEP	10	10	491	709	1200	1	-1	1.68109e-10	-1	descriptive
mealpy	OriginalICA	10	10	497	218	715	3.01008e-26	-1	1	-1	descriptive
mealpy	ImprovedLCO	10	10	938	262	1200	7.03337e-90	-1	1	-1	descriptive
mealpy	OriginalMFO	10	10	538	662	1200	0.999848	-1	0.000190015	-1	descriptive
mealpy	ImprovedAEO	10	10	829	371	1200	5.18412e-41	-1	1	-1	descriptive
mealpy	OriginalVCS	10	10	721	479	1200	1.47263e-12	-1	1	-1	descriptive
mealpy	AdaptiveBA	10	10	584	616	1200	0.829609	-1	0.185425	-1	descriptive
mealpy	MultiGA	10	10	649	551	1200	0.00254342	-1	0.997877	-1	descriptive
mealpy	OriginalES	10	10	600	600	1200	0.511514	-1	0.511514	-1	descriptive
mealpy	LevyES	10	10	498	702	1200	1	-1	2.12939e-09	-1	descriptive
mealpy	OriginalEP	10	10	491	709	1200	1	-1	1.68109e-10	-1	descriptive
mealpy	BaseSMA	10	10	599	601	1200	0.534504	-1	0.488486	-1	descriptive
mealpy	OriginalPSO	10	10	662	538	1200	0.000190015	-1	0.999848	-1	descriptive
mealpy	FBUDGETSHADE	10	10	673	527	1200	1.39098e-05	-1	0.999989	-1	descriptive
mealpy	OriginalFOA	10	10	140	1060	1200	1	-1	1.30393e-175	-1	descriptive
mealpy	BaseQSA	10	10	694	506	1200	3.17122e-08	-1	1	-1	descriptive
mealpy	BaseMFO	10	10	538	662	1200	0.999848	-1	0.000190015	-1	descriptive
mealpy	BaseDE	10	10	567	633	1200	0.973474	-1	0.0302784	-1	descriptive
mealpy	WhaleFOA	10	10	167	1033	1200	1	-1	4.17329e-153	-1	descriptive
Baselines	DE	10	10	803	397	1200	1.81078e-32	-1	1	-1	descriptive
Baselines	RCobyla	10	10	1116	84	1200	4.33323e-231	-1	1	-1	descriptive
Baselines	PSO	10	10	484	716	1200	1	-1	1.12505e-11	-1	descriptive
Baselines	DiagonalCMA	10	10	997	203	1200	1.76421e-126	-1	1	-1	descriptive
Baselines	modcma	10	10	1118	82	1200	2.4142e-233	-1	1	-1	descriptive
Baselines	modde	10	10	610	590	1200	0.291689	-1	0.727806	-1	descriptive
Baselines	OnePlusOne	10	10	1145	55	1200	3.09647e-266	-1	1	-1	descriptive
Baselines	Powell	10	10	580	620	1200	0.881714	-1	0.130114	-1	descriptive
Baselines	MultiBFGS	10	10	750	450	1200	2.04139e-18	-1	1	-1	descriptive
Baselines	lshade	10	10	610	590	1200	0.291689	-1	0.727806	-1	descriptive
Baselines	bipop	10	10	1118	82	1200	2.4142e-233	-1	1	-1	descriptive
EVOLOPY	DE	10	50	1100	100	1200	8.13378e-214	1.90331e-211	1	1	better
EVOLOPY	JAYA	10	50	1014	186	1200	1.31797e-138	2.16147e-136	1	1	better
EVOLOPY	PSO	10	50	1046	154	1200	1.19923e-163	2.23056e-161	1	1	better
EVOLOPY	WOA	10	50	1018	182	1200	1.42224e-141	2.38936e-139	1	1	better
EVOLOPY	FFA	10	50	1010	190	1200	1.10347e-135	1.79865e-133	1	1	better
EVOLOPY	BAT	10	50	484	716	1200	1	1	1.12505e-11	2.71137e-09	worse
EVOLOPY	MVO	10	50	1115	85	1200	5.6952e-230	1.42949e-227	1	1	better
EVOLOPY	HHO	10	50	855	345	1200	1.07556e-50	1.27991e-48	1	1	better
EVOLOPY	SCA	10	50	569	631	1200	0.96554	1	0.0391044	1	not shown
EVOLOPY	GA	10	50	740	193	933	2.15527e-76	2.80185e-74	1	1	better
EVOLOPY	MFO	10	50	1105	95	1200	4.47688e-219	1.0655e-216	1	1	better
EVOLOPY	CS	10	50	563	637	1200	0.98483	1	0.0175227	1	not shown
EVOLOPY	GWO	10	50	1141	59	1200	4.86568e-261	1.32833e-258	1	1	better
EVOLOPY	SSA	10	50	688	512	1200	2.09097e-07	1.86096e-05	1	1	better
NIAPY	DynamicFireworksAlgorithm	10	50	938	262	1200	7.03337e-90	9.56538e-88	1	1	better
NIAPY	HarmonySearch	10	50	1052	148	1200	1.0765e-168	2.03458e-166	1	1	better
NIAPY	EvolutionStrategyMp1	10	50	1092	108	1200	1.20805e-205	2.69395e-203	1	1	better
NIAPY	MonarchButterflyOptimization	10	50	818	382	1200	2.92164e-37	3.18459e-35	1	1	better
NIAPY	CenterParticleSwarmOptimization	10	50	1110	90	1200	1.85408e-224	4.59813e-222	1	1	better
NIAPY	DynNpDifferentialEvolution	10	50	1000	200	1200	1.45191e-128	2.30854e-126	1	1	better
NIAPY	CamelAlgorithm	10	50	979	221	1200	1.89704e-114	2.80762e-112	1	1	better
NIAPY	BatAlgorithm	10	50	915	285	1200	1.1069e-77	1.45004e-75	1	1	better
NIAPY	GlowwormSwarmOptimization	10	50	135	1065	1200	1	1	4.7778e-180	1.38078e-177	worse
NIAPY	BareBonesFireworksAlgorithm	10	50	1138	62	1200	3.18606e-257	8.60235e-255	1	1	better
NIAPY	CuckooSearch	10	50	555	645	1200	0.995706	1	0.00508185	1	not shown
NIAPY	GeneticAlgorithm	10	50	541	659	1200	0.999707	1	0.000362497	0.0833743	not shown
NIAPY	ParticleSwarmAlgorithm	10	50	1050	150	1200	5.33887e-167	9.98368e-165	1	1	better
NIAPY	MonkeyKingEvolutionV3	10	50	1090	110	1200	1.20305e-203	2.65873e-201	1	1	better
NIAPY	MonkeyKingEvolutionV2	10	50	476	724	1200	1	1	4.17329e-13	1.01828e-10	worse
NIAPY	SineCosineAlgorithm	10	50	48	1152	1200	1	1	1.18991e-275	3.52213e-273	worse
NIAPY	EvolutionStrategy1p1	10	50	1043	157	1200	3.61887e-161	6.62253e-159	1	1	better
NIAPY	HarrisHawksOptimization	10	50	1083	117	1200	8.69881e-197	1.86155e-194	1	1	better
NIAPY	ParticleSwarmOptimization	10	50	836	364	1200	1.66628e-43	1.89956e-41	1	1	better
NIAPY	ForestOptimizationAlgorithm	10	50	690	510	1200	1.12994e-07	1.01694e-05	1	1	better
NIAPY	EnhancedFireworksAlgorithm	10	50	1033	167	1200	4.17329e-153	7.47018e-151	1	1	better
NIAPY	MultiStrategyDifferentialEvolution	10	50	517	683	1200	0.999999	1	9.19472e-07	0.000213317	worse
NIAPY	MutatedParticleSwarmOptimization	10	50	1109	91	1200	2.26397e-223	5.54673e-221	1	1	better
NIAPY	ComprehensiveLearningParticleSwarmOptimizer	10	50	341	859	1200	1	1	2.73975e-52	7.15075e-50	worse
NIAPY	KrillHerd	10	50	676	524	1200	6.37142e-06	0.000554314	0.999995	1	better
NIAPY	FishSchoolSearch	10	50	310	890	1200	1	1	1.28067e-65	3.39377e-63	worse
NIAPY	MutatedCenterUnifiedParticleSwarmOptimization	10	50	1135	65	1200	1.79217e-253	4.80302e-251	1	1	better
NIAPY	MutatedCenterParticleSwarmOptimization	10	50	1124	76	1200	3.04026e-240	7.87428e-238	1	1	better
NIAPY	GlowwormSwarmOptimizationV2	10	50	124	1076	1200	1	1	3.96144e-190	1.14882e-187	worse
NIAPY	CatSwarmOptimization	10	50	908	292	1200	3.50133e-74	4.4817e-72	1	1	better
NIAPY	DifferentialEvolution	10	50	506	694	1200	1	1	3.17122e-08	7.48407e-06	worse
NIAPY	FireworksAlgorithm	10	50	768	432	1200	1.07367e-22	1.07367e-20	1	1	better
NIAPY	MothFlameOptimizer	10	50	354	846	1200	1	1	3.27619e-47	8.48534e-45	worse
NIAPY	DynNpMultiStrategyDifferentialEvolution	10	50	451	749	1200	1	1	3.4125e-18	8.46301e-16	worse
NIAPY	EvolutionStrategyML	10	50	1107	93	1200	3.25833e-221	7.91774e-219	1	1	better
NIAPY	GreyWolfOptimizer	10	50	1132	68	1200	8.71728e-250	2.32751e-247	1	1	better
NIAPY	HarmonySearchV1	10	50	1017	183	1200	7.92284e-141	1.31519e-138	1	1	better
NIAPY	BeesAlgorithm	10	50	930	270	1200	1.63298e-85	2.15554e-83	1	1	better
NIAPY	GlowwormSwarmOptimizationV1	10	50	108	1092	1200	1	1	1.20805e-205	3.5275e-203	worse
NIAPY	GlowwormSwarmOptimizationV3	10	50	113	1087	1200	1	1	1.10972e-200	3.22928e-198	worse
NIAPY	LionOptimizationAlgorithm	10	50	959	241	1200	5.43331e-102	7.55231e-100	1	1	better
NIAPY	ArtificialBeeColonyAlgorithm	10	50	1088	112	1200	1.15126e-201	2.52125e-199	1	1	better
NIAPY	AgingNpDifferentialEvolution	10	50	490	710	1200	1	1	1.15404e-10	2.73507e-08	worse
NIAPY	OppositionVelocityClampingParticleSwarmOptimization	10	50	603	597	1200	0.442621	1	0.580065	1	not shown
NIAPY	CoralReefsOptimization	10	50	245	955	1200	1	1	1.30821e-99	3.62373e-97	worse
NIAPY	BacterialForagingOptimization	10	50	229	971	1200	1	1	2.35813e-109	6.57917e-107	worse
NIAPY	DynamicFireworksAlgorithmGauss	10	50	990	210	1200	1.05013e-121	1.6172e-119	1	1	better
NIAPY	ClonalSelectionAlgorithm	10	50	143	1057	1200	1	1	5.42881e-173	1.55807e-170	worse
NIAPY	GravitationalSearchAlgorithm	10	50	595	605	1200	0.624577	1	0.397513	1	not shown
NIAPY	MonkeyKingEvolutionV1	10	50	481	719	1200	1	1	3.35552e-12	8.12037e-10	worse
NIAPY	EvolutionStrategyMpL	10	50	1103	97	1200	5.87757e-217	1.39298e-214	1	1	better
NIAPY	FireflyAlgorithm	10	50	489	711	1200	1	1	7.89561e-11	1.87916e-08	worse
NIAPY	FlowerPollinationAlgorithm	10	50	574	626	1200	0.937007	1	0.0704615	1	not shown
OPYTIMIZER	SA	10	50	988	212	1200	2.30571e-120	3.50468e-118	1	1	better
OPYTIMIZER	GOGHS	10	50	1038	162	1200	4.24759e-157	7.64566e-155	1	1	better
OPYTIMIZER	QSA	10	50	1069	131	1200	1.16288e-183	2.29088e-181	1	1	better
OPYTIMIZER	SGHS	10	50	997	203	1200	1.76421e-126	2.75216e-124	1	1	better
OPYTIMIZER	DE	10	50	1092	108	1200	1.20805e-205	2.69395e-203	1	1	better
OPYTIMIZER	RFO	10	50	1155	45	1200	8.01255e-280	2.26755e-277	1	1	better
OPYTIMIZER	PPA	10	50	836	364	1200	1.66628e-43	1.89956e-41	1	1	better
OPYTIMIZER	EHO	10	50	1095	105	1200	1.12642e-208	2.56824e-206	1	1	better
OPYTIMIZER	AEO	10	50	1162	38	1200	6.48141e-290	1.86016e-287	1	1	better
OPYTIMIZER	ABO	10	50	1033	167	1200	4.17329e-153	7.47018e-151	1	1	better
OPYTIMIZER	GHS	10	50	964	236	1200	5.09816e-105	7.23939e-103	1	1	better
OPYTIMIZER	PVS	10	50	1031	169	1200	1.57118e-151	2.781e-149	1	1	better
OPYTIMIZER	BWO	10	50	1107	93	1200	3.25833e-221	7.91774e-219	1	1	better
OPYTIMIZER	PSO	10	50	1180	20	1200	7.93924e-319	2.3262e-316	1	1	better
OPYTIMIZER	BSO	10	50	1131	69	1200	1.43156e-248	3.80796e-246	1	1	better
OPYTIMIZER	CSA	10	50	735	465	1200	3.14645e-15	3.02059e-13	1	1	better
OPYTIMIZER	SSO	10	50	1146	54	1200	1.48466e-267	4.12737e-265	1	1	better
OPYTIMIZER	WOA	10	50	1146	54	1200	1.48466e-267	4.12737e-265	1	1	better
OPYTIMIZER	BA	10	50	983	217	1200	4.71472e-117	7.07208e-115	1	1	better
OPYTIMIZER	HS	10	50	970	230	1200	9.97194e-109	1.43596e-106	1	1	better
OPYTIMIZER	JS	10	50	1121	79	1200	9.10264e-237	2.33938e-234	1	1	better
OPYTIMIZER	SOS	10	50	1179	21	1200	4.465e-317	1.30378e-314	1	1	better
OPYTIMIZER	GS	10	50	79	1121	1200	1	1	9.10264e-237	2.68528e-234	worse
OPYTIMIZER	EFO	10	50	1000	200	1200	1.45191e-128	2.30854e-126	1	1	better
OPYTIMIZER	GSA	10	50	372	828	1200	1	1	1.1589e-40	2.97837e-38	worse
OPYTIMIZER	ESA	10	50	897	303	1200	7.09714e-69	8.80045e-67	1	1	better
OPYTIMIZER	BOA	10	50	92	465	557	1	1	3.06563e-61	8.09327e-59	worse
OPYTIMIZER	HC	10	50	191	1009	1200	1	1	5.84353e-135	1.64787e-132	worse
OPYTIMIZER	ABC	10	50	1065	105	1170	7.50793e-201	1.63673e-198	1	1	better
OPYTIMIZER	RRA	10	50	1147	53	1200	6.98302e-269	1.95525e-266	1	1	better
OPYTIMIZER	NDS	10	50	79	1121	1200	1	1	9.10264e-237	2.68528e-234	worse
OPYTIMIZER	NBJS	10	50	1107	93	1200	3.25833e-221	7.91774e-219	1	1	better
OPYTIMIZER	SSD	10	50	427	773	1200	1	1	5.66537e-24	1.42767e-21	worse
OPYTIMIZER	CEM	10	50	468	732	1200	1	1	1.24358e-14	3.0592e-12	worse
OPYTIMIZER	AOA	10	50	945	255	1200	8.24481e-94	1.13778e-91	1	1	better
OPYTIMIZER	MRFO	10	50	1169	31	1200	1.39804e-300	4.04034e-298	1	1	better
OPYTIMIZER	ASO	10	50	141	1059	1200	1	1	9.81465e-175	2.82662e-172	worse
OPYTIMIZER	SFO	10	50	783	417	1200	1.20335e-26	1.25149e-24	1	1	better
OPYTIMIZER	IHS	10	50	967	233	1200	7.30255e-107	1.04426e-104	1	1	better
OPYTIMIZER	COA	10	50	1110	90	1200	1.85408e-224	4.59813e-222	1	1	better
OPYTIMIZER	GOA	10	50	1163	37	1200	2.1158e-291	6.09351e-289	1	1	better
OPYTIMIZER	STOA	10	50	209	991	1200	1	1	2.22187e-122	6.24344e-120	worse
OPYTIMIZER	MVPA	10	50	1125	75	1200	2.05178e-241	5.33464e-239	1	1	better
OPYTIMIZER	ES	10	50	1074	126	1200	2.91616e-188	5.94896e-186	1	1	better
OPYTIMIZER	AIWPSO	10	50	1179	21	1200	4.465e-317	1.30378e-314	1	1	better
OPYTIMIZER	ISA	10	50	291	909	1200	1	1	1.12235e-74	3.01912e-72	worse
OPYTIMIZER	EO	10	50	1190	10	1200	0	0	1	1	better
OPYTIMIZER	AF	10	50	63	973	1036	1	1	9.92373e-211	2.90765e-208	worse
OPYTIMIZER	DOA	10	50	1072	128	1200	2.07217e-186	4.16506e-184	1	1	better
OPYTIMIZER	PIO	10	50	1075	125	1200	3.414e-189	7.03283e-187	1	1	better
OPYTIMIZER	HHO	10	50	1129	71	1200	3.68862e-246	9.73795e-244	1	1	better
OPYTIMIZER	BSA	10	50	985	215	1200	2.27282e-118	3.43196e-116	1	1	better
OPYTIMIZER	TEO	10	50	456	717	1173	1	1	1.24367e-14	3.0592e-12	worse
OPYTIMIZER	FA	10	50	263	937	1200	1	1	2.51321e-89	6.91134e-87	worse
OPYTIMIZER	WWO	10	50	1087	113	1200	1.10972e-200	2.40809e-198	1	1	better
OPYTIMIZER	IWO	10	50	990	210	1200	1.05013e-121	1.6172e-119	1	1	better
OPYTIMIZER	KH	10	50	1141	59	1200	4.86568e-261	1.32833e-258	1	1	better
OPYTIMIZER	FOA	10	50	1077	123	1200	4.55567e-191	9.47579e-189	1	1	better
OPYTIMIZER	RPSO	10	50	1161	39	1200	1.9329e-288	5.50877e-286	1	1	better
OPYTIMIZER	SCA	10	50	404	796	1200	1	1	2.33757e-30	5.91405e-28	worse
OPYTIMIZER	OSA	10	50	711	489	1200	7.89561e-11	7.26396e-09	1	1	better
OPYTIMIZER	WDO	10	50	487	713	1200	1	1	3.65858e-11	8.78058e-09	worse
OPYTIMIZER	LSA	10	50	1184	16	1200	0	0	1	1	better
OPYTIMIZER	VPSO	10	50	1157	43	1200	1.18396e-282	3.36244e-280	1	1	better
OPYTIMIZER	SBO	10	50	1118	82	1200	2.4142e-233	6.13207e-231	1	1	better
OPYTIMIZER	GA	10	50	1162	38	1200	6.48141e-290	1.86016e-287	1	1	better
OPYTIMIZER	MFO	10	50	1029	171	1200	5.75507e-150	1.01289e-147	1	1	better
OPYTIMIZER	CS	10	50	1072	128	1200	2.07217e-186	4.16506e-184	1	1	better
OPYTIMIZER	FSO	10	50	880	320	1200	3.97863e-61	4.81414e-59	1	1	better
OPYTIMIZER	NGHS	10	50	1029	171	1200	5.75507e-150	1.01289e-147	1	1	better
OPYTIMIZER	GCO	10	50	1028	172	1200	3.44768e-149	5.96448e-147	1	1	better
OPYTIMIZER	TWO	10	50	1175	25	1200	2.83723e-310	8.22796e-308	1	1	better
OPYTIMIZER	WEO	10	50	982	218	1200	2.12933e-116	3.17271e-114	1	1	better
OPYTIMIZER	GWO	10	50	1151	49	1200	2.80013e-274	7.89638e-272	1	1	better
OPYTIMIZER	SAVPSO	10	50	1190	10	1200	0	0	1	1	better
OPYTIMIZER	FFOA	10	50	449	751	1200	1	1	1.2169e-18	3.03009e-16	worse
OPYTIMIZER	AIG	10	50	1026	174	1200	1.21249e-147	2.07336e-145	1	1	better
OPYTIMIZER	BH	10	50	1079	121	1200	5.86366e-193	1.23137e-190	1	1	better
OPYTIMIZER	CI	10	50	537	100	637	1.62623e-73	2.04905e-71	1	1	better
OPYTIMIZER	SSA	10	50	1100	100	1200	8.13378e-214	1.90331e-211	1	1	better
OPYTIMIZER	AO	10	50	975	225	1200	6.98668e-112	1.02006e-109	1	1	better
OPYTIMIZER	MVO	10	50	267	35	302	1.10966e-45	1.28721e-43	1	1	better
mealpy	LevyTWO	10	50	242	958	1200	1	1	2.15686e-101	5.99608e-99	worse
mealpy	OriginalTLO	10	50	1082	118	1200	7.99289e-196	1.69449e-193	1	1	better
mealpy	GWO	10	50	1107	93	1200	3.25833e-221	7.91774e-219	1	1	better
mealpy	OriginalBBO	10	50	1126	74	1200	1.36526e-242	3.56332e-240	1	1	better
mealpy	ABFO	10	50	502	683	1185	1	1	8.08541e-08	1.89199e-05	worse
mealpy	OriginalWHO	10	50	853	347	1200	6.57703e-50	7.69513e-48	1	1	better
mealpy	OriginalFFA	10	50	488	712	1200	1	1	5.38373e-11	1.28671e-08	worse
mealpy	BaseSARO	10	50	1120	80	1200	1.27682e-235	3.26865e-233	1	1	better
mealpy	OriginalSMA	10	50	479	721	1200	1	1	1.47263e-12	3.5785e-10	worse
mealpy	SingleGA	10	50	938	262	1200	7.03337e-90	9.56538e-88	1	1	better
mealpy	OriginalSSDO	10	50	706	494	1200	5.09234e-10	4.63403e-08	1	1	better
mealpy	OriginalFPA	10	50	662	538	1200	0.000190015	0.0161513	0.999848	1	better
mealpy	OriginalSSO	10	50	829	371	1200	5.18412e-41	5.70254e-39	1	1	better
mealpy	OriginalMA	10	50	506	694	1200	1	1	3.17122e-08	7.48407e-06	worse
mealpy	OriginalCEM	10	50	305	895	1200	1	1	6.1796e-68	1.64995e-65	worse
mealpy	OCRO	10	50	1058	142	1200	7.32854e-174	1.42174e-171	1	1	better
mealpy	OriginalBA	10	50	174	1026	1200	1	1	1.21249e-147	3.44348e-145	worse
mealpy	OriginalAEO	10	50	1096	104	1200	1.07796e-209	2.46852e-207	1	1	better
mealpy	OriginalBSO	10	50	1098	102	1200	9.56554e-212	2.20964e-209	1	1	better
mealpy	OriginalBFO	10	50	168	1032	1200	1	1	2.56951e-152	7.32311e-150	worse
mealpy	ImprovedSLO	10	50	751	449	1200	1.2169e-18	1.20473e-16	1	1	better
mealpy	OriginalLCO	10	50	1116	84	1200	4.33323e-231	1.09197e-228	1	1	better
mealpy	OriginalHGS	10	50	1039	161	1200	6.61411e-158	1.19715e-155	1	1	better
mealpy	BaseALO	10	50	1103	97	1200	5.87757e-217	1.39298e-214	1	1	better
mealpy	CPSO	10	50	1016	184	1200	4.38528e-140	7.23571e-138	1	1	better
mealpy	OriginalEO	10	50	1140	60	1200	9.26188e-260	2.50997e-257	1	1	better
mealpy	DE	10	50	379	821	1200	1	1	2.90182e-38	7.39965e-36	worse
mealpy	ModifiedBA	10	50	772	428	1200	1.02773e-23	1.038e-21	1	1	better
mealpy	BaseTLO	10	50	1087	113	1200	1.10972e-200	2.40809e-198	1	1	better
mealpy	OriginalPFA	10	50	628	572	1200	0.0561566	1	0.950081	1	not shown
mealpy	BaseFOA	10	50	364	836	1200	1	1	1.66628e-43	4.29901e-41	worse
mealpy	OriginalGBO	10	50	1074	126	1200	2.91616e-188	5.94896e-186	1	1	better
mealpy	TVAC	10	50	1148	52	1200	3.2208e-270	9.05045e-268	1	1	better
mealpy	BaseFBIO	10	50	1078	122	1200	5.19199e-192	1.08513e-189	1	1	better
mealpy	ImprovedBSO	10	50	1090	110	1200	1.20305e-203	2.65873e-201	1	1	better
mealpy	OriginalAO	10	50	284	916	1200	1	1	3.43685e-78	9.31387e-76	worse
mealpy	BaseGSKA	10	50	1115	85	1200	5.6952e-230	1.42949e-227	1	1	better
mealpy	BaseLCO	10	50	1122	78	1200	6.40261e-238	1.65187e-235	1	1	better
mealpy	OriginalSSpiderA	10	50	688	512	1200	2.09097e-07	1.86096e-05	1	1	better
mealpy	BaseHS	10	50	1107	93	1200	3.25833e-221	7.91774e-219	1	1	better
mealpy	AdaptiveEO	10	50	1147	53	1200	6.98302e-269	1.95525e-266	1	1	better
mealpy	OriginalWCA	10	50	738	50	788	2.96645e-158	5.39894e-156	1	1	better
mealpy	OriginalMRFO	10	50	1130	70	1200	2.31531e-247	6.13557e-245	1	1	better
mealpy	OriginalEOA	10	50	786	414	1200	1.76914e-27	1.8576e-25	1	1	better
mealpy	OriginalABC	10	50	931	269	1200	4.72665e-86	6.33371e-84	1	1	better
mealpy	ModifiedAEO	10	50	1083	117	1200	8.69881e-197	1.86155e-194	1	1	better
mealpy	OriginalSFO	10	50	565	635	1200	0.97982	1	0.0231708	1	not shown
mealpy	BaseBBO	10	50	1113	87	1200	9.47456e-228	2.35916e-225	1	1	better
mealpy	OriginalNMRA	10	50	729	471	1200	4.76478e-14	4.52654e-12	1	1	better
mealpy	OriginalACOR	10	50	839	361	1200	1.3423e-44	1.54364e-42	1	1	better
mealpy	ImprovedSFO	10	50	565	635	1200	0.97982	1	0.0231708	1	not shown
mealpy	OriginalCRO	10	50	1051	149	1200	7.61007e-168	1.43069e-165	1	1	better
mealpy	LevyJA	10	50	931	269	1200	4.72665e-86	6.33371e-84	1	1	better
mealpy	OriginalHS	10	50	1084	116	1200	9.37822e-198	2.01632e-195	1	1	better
mealpy	OriginalCSO	10	50	454	746	1200	1	1	1.5609e-17	3.85542e-15	worse
mealpy	OriginalCOA	10	50	800	400	1200	1.48674e-31	1.59081e-29	1	1	better
mealpy	LevyQSA	10	50	1058	142	1200	7.32854e-174	1.42174e-171	1	1	better
mealpy	OppoQSA	10	50	1029	171	1200	5.75507e-150	1.01289e-147	1	1	better
mealpy	BaseBRO	10	50	907	293	1200	1.08737e-73	1.38096e-71	1	1	better
mealpy	OriginalSLO	10	50	997	203	1200	1.76421e-126	2.75216e-124	1	1	better
mealpy	OriginalMVO	10	50	1129	71	1200	3.68862e-246	9.73795e-244	1	1	better
mealpy	CLPSO	10	50	725	475	1200	2.72251e-13	2.53193e-11	1	1	better
mealpy	OriginalNRO	10	50	798	402	1200	5.93917e-31	6.29552e-29	1	1	better
mealpy	BaseSCA	10	50	652	548	1200	0.00146505	0.123064	0.998789	1	not shown
mealpy	BaseGCO	10	50	578	622	1200	0.903045	1	0.107238	1	not shown
mealpy	OriginalArchOA	10	50	1008	192	1200	3.07535e-134	4.98207e-132	1	1	better
mealpy	SwarmHC	10	50	260	940	1200	1	1	5.42855e-91	1.49828e-88	worse
mealpy	ImprovedTLO	10	50	1045	155	1200	8.10326e-163	1.4991e-160	1	1	better
mealpy	OriginalMSA	10	50	1146	54	1200	1.48466e-267	4.12737e-265	1	1	better
mealpy	WOA	10	50	1008	192	1200	3.07535e-134	4.98207e-132	1	1	better
mealpy	OriginalIWO	10	50	783	417	1200	1.20335e-26	1.25149e-24	1	1	better
mealpy	BaseGA	10	50	1118	82	1200	2.4142e-233	6.13207e-231	1	1	better
mealpy	ModifiedEO	10	50	1137	63	1200	5.76077e-256	1.54965e-253	1	1	better
mealpy	ImprovedNMRA	10	50	1045	155	1200	8.10326e-163	1.4991e-160	1	1	better
mealpy	BaseCHIO	10	50	280	920	1200	1	1	3.05041e-80	8.32763e-78	worse
mealpy	OriginalHHO	10	50	945	255	1200	8.24481e-94	1.13778e-91	1	1	better
mealpy	OriginalGWO	10	50	1119	81	1200	1.76729e-234	4.5066e-232	1	1	better
mealpy	ImprovedQSA	10	50	1018	182	1200	1.42224e-141	2.38936e-139	1	1	better
mealpy	OriginalFBIO	10	50	1076	124	1200	3.96144e-190	8.20018e-188	1	1	better
mealpy	OriginalBeesA	10	50	347	853	1200	1	1	6.57703e-50	1.71003e-47	worse
mealpy	BaseEFO	10	50	1073	127	1200	2.46901e-187	4.9874e-185	1	1	better
mealpy	OriginalSA	10	50	440	760	1200	1	1	9.86963e-21	2.47728e-18	worse
mealpy	OriginalHC	10	50	282	918	1200	1	1	3.26793e-79	8.88877e-77	worse
mealpy	OriginalSHO	10	50	807	393	1200	1.03744e-33	1.12044e-31	1	1	better
mealpy	JADE	10	50	1110	90	1200	1.85408e-224	4.59813e-222	1	1	better
mealpy	OriginalCA	10	50	1108	92	1200	2.73197e-222	6.666e-220	1	1	better
mealpy	EnhancedTWO	10	50	617	583	1200	0.170391	1	0.84384	1	not shown
mealpy	BaseSSA	10	50	888	312	1200	1.04912e-64	1.29042e-62	1	1	better
mealpy	OriginalAOA	10	50	516	684	1200	0.999999	1	6.88265e-07	0.000160366	worse
mealpy	OriginalQSA	10	50	971	229	1200	2.35813e-109	3.41928e-107	1	1	better
mealpy	OriginalGOA	10	50	1146	54	1200	1.48466e-267	4.12737e-265	1	1	better
mealpy	EnhancedAEO	10	50	1066	134	1200	6.04339e-181	1.18451e-178	1	1	better
mealpy	OriginalGSKA	10	50	1093	107	1200	1.19235e-206	2.68279e-204	1	1	better
mealpy	PPSO	10	50	1127	73	1200	8.95539e-244	2.34631e-241	1	1	better
mealpy	OriginalCGO	10	50	1007	193	1200	1.60853e-133	2.57365e-131	1	1	better
mealpy	OriginalHGSO	10	50	854	346	1200	2.66508e-50	3.14479e-48	1	1	better
mealpy	OriginalSBO	10	50	1055	145	1200	2.90932e-171	5.52771e-169	1	1	better
mealpy	OppoTWO	10	50	650	550	1200	0.00212282	0.176194	0.998234	1	not shown
mealpy	OriginalASO	10	50	188	1012	1200	1	1	3.86183e-137	1.0929e-134	worse
mealpy	ModifiedSLO	10	50	835	365	1200	3.82799e-43	4.28735e-41	1	1	better
mealpy	BaseVCS	10	50	1075	125	1200	3.414e-189	7.03283e-187	1	1	better
mealpy	LSHADE	10	50	1094	106	1200	1.1649e-207	2.63268e-205	1	1	better
mealpy	OriginalEFO	10	50	1095	105	1200	1.12642e-208	2.56824e-206	1	1	better
mealpy	OriginalJA	10	50	736	464	1200	1.97637e-15	1.91708e-13	1	1	better
mealpy	OriginalGCO	10	50	448	752	1200	1	1	7.22865e-19	1.80716e-16	worse
mealpy	OriginalPSS	10	50	1145	55	1200	3.09647e-266	8.48432e-264	1	1	better
mealpy	OriginalEHO	10	50	886	314	1200	8.44732e-64	1.03057e-61	1	1	better
mealpy	OriginalSSA	10	50	835	365	1200	3.82799e-43	4.28735e-41	1	1	better
mealpy	OriginalSCA	10	50	673	527	1200	1.39098e-05	0.00119625	0.999989	1	better
mealpy	OriginalBES	10	50	1072	128	1200	2.07217e-186	4.16506e-184	1	1	better
mealpy	BaseSBO	10	50	961	239	1200	3.39467e-103	4.78649e-101	1	1	better
mealpy	BaseJA	10	50	773	427	1200	5.66537e-24	5.77868e-22	1	1	better
mealpy	OriginalSARO	10	50	1024	176	1200	4.15137e-146	7.05733e-144	1	1	better
mealpy	OriginalSRSR	10	50	1093	107	1200	1.19235e-206	2.68279e-204	1	1	better
mealpy	OriginalTWO	10	50	909	291	1200	1.12235e-74	1.44783e-72	1	1	better
mealpy	OriginalWDO	10	50	729	471	1200	4.76478e-14	4.52654e-12	1	1	better
mealpy	AugmentedAEO	10	50	1057	143	1200	5.42881e-173	1.04233e-170	1	1	better
mealpy	OriginalWOA	10	50	999	201	1200	7.23426e-128	1.13578e-125	1	1	better
mealpy	SADE	10	50	1057	143	1200	5.42881e-173	1.04233e-170	1	1	better
mealpy	OriginalBRO	10	50	307	893	1200	1	1	5.28723e-67	1.4064e-64	worse
mealpy	OriginalSSpiderO	10	50	586	614	1200	0.798743	1	0.217872	1	not shown
mealpy	ProbBeesA	10	50	276	924	1200	1	1	2.51358e-82	6.88721e-80	worse
mealpy	OriginalFA	10	50	218	982	1200	1	1	2.12933e-116	5.96213e-114	worse
mealpy	OriginalCSA	10	50	295	905	1200	1	1	1.03469e-72	2.77297e-70	worse
mealpy	OriginalALO	10	50	1103	97	1200	5.87757e-217	1.39298e-214	1	1	better
mealpy	OriginalDO	10	50	393	807	1200	1	1	1.03744e-33	2.6351e-31	worse
mealpy	OriginalCHIO	10	50	286	914	1200	1	1	3.54865e-77	9.58134e-75	worse
mealpy	OriginalBSA	10	50	1080	120	1200	6.56188e-194	1.38456e-191	1	1	better
mealpy	LevyEP	10	50	629	571	1200	0.0499186	1	0.955754	1	not shown
mealpy	OriginalICA	10	50	673	42	715	9.79998e-148	1.6856e-145	1	1	better
mealpy	ImprovedLCO	10	50	1064	136	1200	3.74597e-179	7.30464e-177	1	1	better
mealpy	OriginalMFO	10	50	331	869	1200	1	1	2.13039e-56	5.60294e-54	worse
mealpy	ImprovedAEO	10	50	1021	179	1200	7.91361e-144	1.3374e-141	1	1	better
mealpy	OriginalVCS	10	50	903	297	1200	9.67079e-72	1.20885e-69	1	1	better
mealpy	AdaptiveBA	10	50	374	826	1200	1	1	5.72457e-40	1.46549e-37	worse
mealpy	MultiGA	10	50	960	240	1200	1.36163e-102	1.90628e-100	1	1	better
mealpy	OriginalES	10	50	1098	102	1200	9.56554e-212	2.20964e-209	1	1	better
mealpy	LevyES	10	50	979	221	1200	1.89704e-114	2.80762e-112	1	1	better
mealpy	OriginalEP	10	50	592	608	1200	0.688188	1	0.332512	1	not shown
mealpy	BaseSMA	10	50	628	572	1200	0.0561566	1	0.950081	1	not shown
mealpy	OriginalPSO	10	50	521	679	1200	0.999998	1	2.83429e-06	0.000654721	worse
mealpy	FBUDGETSHADE	10	50	1100	100	1200	8.13378e-214	1.90331e-211	1	1	better
mealpy	OriginalFOA	10	50	153	1047	1200	1	1	1.76165e-164	5.03832e-162	worse
mealpy	BaseQSA	10	50	1072	128	1200	2.07217e-186	4.16506e-184	1	1	better
mealpy	BaseMFO	10	50	739	461	1200	4.7971e-16	4.70116e-14	1	1	better
mealpy	BaseDE	10	50	861	339	1200	4.26712e-53	5.12054e-51	1	1	better
mealpy	WhaleFOA	10	50	334	866	1200	1	1	3.80213e-55	9.96159e-53	worse
Baselines	DE	10	50	1115	85	1200	5.6952e-230	4.55616e-229	1	1	better
Baselines	RCobyla	10	50	1085	115	1200	1.00151e-198	6.00904e-198	1	1	better
Baselines	PSO	10	50	260	940	1200	1	1	5.42855e-91	5.97141e-90	worse
Baselines	DiagonalCMA	10	50	1166	34	1200	6.22133e-296	6.84346e-295	1	1	better
Baselines	modcma	10	50	1154	46	1200	2.01373e-278	2.01373e-277	1	1	better
Baselines	modde	10	50	750	450	1200	2.04139e-18	4.08279e-18	1	1	better
Baselines	OnePlusOne	10	50	1114	86	1200	7.3916e-229	5.17412e-228	1	1	better
Baselines	Powell	10	50	1032	168	1200	2.56951e-152	1.28476e-151	1	1	better
Baselines	MultiBFGS	10	50	838	362	1200	3.12026e-44	1.2481e-43	1	1	better
Baselines	lshade	10	50	832	368	1200	4.53358e-42	1.36007e-41	1	1	better
Baselines	bipop	10	50	1154	46	1200	2.01373e-278	2.01373e-277	1	1	better
EVOLOPY	DE	10	100	1133	67	1200	5.22672e-251	1.26487e-248	1	1	better
EVOLOPY	JAYA	10	100	1053	147	1200	1.51112e-169	2.46313e-167	1	1	better
EVOLOPY	PSO	10	100	1053	147	1200	1.51112e-169	2.46313e-167	1	1	better
EVOLOPY	WOA	10	100	1076	124	1200	3.96144e-190	7.1702e-188	1	1	better
EVOLOPY	FFA	10	100	1062	138	1200	2.24644e-177	3.77402e-175	1	1	better
EVOLOPY	BAT	10	100	443	757	1200	1	1	5.0711e-20	1.25763e-17	worse
EVOLOPY	MVO	10	100	1133	67	1200	5.22672e-251	1.26487e-248	1	1	better
EVOLOPY	HHO	10	100	836	364	1200	1.66628e-43	1.5663e-41	1	1	better
EVOLOPY	SCA	10	100	640	560	1200	0.0112683	0.754977	0.990332	1	not shown
EVOLOPY	GA	10	100	813	120	933	1.9646e-127	2.67185e-125	1	1	better
EVOLOPY	MFO	10	100	1155	45	1200	8.01255e-280	2.21146e-277	1	1	better
EVOLOPY	CS	10	100	854	346	1200	2.66508e-50	2.58512e-48	1	1	better
EVOLOPY	GWO	10	100	1136	64	1200	1.02444e-254	2.5611e-252	1	1	better
EVOLOPY	SSA	10	100	682	518	1200	1.22433e-06	9.30488e-05	0.999999	1	better
NIAPY	DynamicFireworksAlgorithm	10	100	1073	127	1200	2.46901e-187	4.39483e-185	1	1	better
NIAPY	HarmonySearch	10	100	1095	105	1200	1.12642e-208	2.17399e-206	1	1	better
NIAPY	EvolutionStrategyMp1	10	100	1123	77	1200	4.44251e-239	9.99566e-237	1	1	better
NIAPY	MonarchButterflyOptimization	10	100	856	344	1200	4.32313e-51	4.2799e-49	1	1	better
NIAPY	CenterParticleSwarmOptimization	10	100	1113	87	1200	9.47456e-228	2.00861e-225	1	1	better
NIAPY	DynNpDifferentialEvolution	10	100	1091	109	1200	1.21162e-204	2.30207e-202	1	1	better
NIAPY	CamelAlgorithm	10	100	1012	188	1200	3.86183e-137	5.4838e-135	1	1	better
NIAPY	BatAlgorithm	10	100	952	248	1200	7.57781e-98	8.86604e-96	1	1	better
NIAPY	GlowwormSwarmOptimization	10	100	117	1083	1200	1	1	8.69881e-197	2.48786e-194	worse
NIAPY	BareBonesFireworksAlgorithm	10	100	1106	94	1200	3.8413e-220	7.87467e-218	1	1	better
NIAPY	CuckooSearch	10	100	876	324	1200	2.2122e-59	2.32281e-57	1	1	better
NIAPY	GeneticAlgorithm	10	100	562	638	1200	0.986906	1	0.0151702	1	not shown
NIAPY	ParticleSwarmAlgorithm	10	100	1143	57	1200	1.27312e-263	3.32285e-261	1	1	better
NIAPY	MonkeyKingEvolutionV3	10	100	1090	110	1200	1.20305e-203	2.26173e-201	1	1	better
NIAPY	MonkeyKingEvolutionV2	10	100	528	672	1200	0.999986	1	1.79282e-05	0.00435654	worse
NIAPY	SineCosineAlgorithm	10	100	23	1177	1200	1	1	1.2277e-313	3.634e-311	worse
NIAPY	EvolutionStrategy1p1	10	100	1010	190	1200	1.10347e-135	1.55589e-133	1	1	better
NIAPY	HarrisHawksOptimization	10	100	1111	89	1200	1.50037e-225	3.12078e-223	1	1	better
NIAPY	ParticleSwarmOptimization	10	100	817	383	1200	6.26076e-37	5.63468e-35	1	1	better
NIAPY	ForestOptimizationAlgorithm	10	100	1049	151	1200	3.71717e-166	5.83595e-164	1	1	better
NIAPY	EnhancedFireworksAlgorithm	10	100	1134	66	1200	3.08504e-252	7.49664e-250	1	1	better
NIAPY	MultiStrategyDifferentialEvolution	10	100	657	543	1200	0.00054883	0.0389669	0.999553	1	better
NIAPY	MutatedParticleSwarmOptimization	10	100	1121	79	1200	9.10264e-237	2.01168e-234	1	1	better
NIAPY	ComprehensiveLearningParticleSwarmOptimizer	10	100	631	569	1200	0.0391044	1	0.96554	1	not shown
NIAPY	KrillHerd	10	100	540	660	1200	0.999764	1	0.000293209	0.0709565	not shown
NIAPY	FishSchoolSearch	10	100	333	867	1200	1	1	1.46096e-55	3.78387e-53	worse
NIAPY	MutatedCenterUnifiedParticleSwarmOptimization	10	100	1145	55	1200	3.09647e-266	8.2366e-264	1	1	better
NIAPY	MutatedCenterParticleSwarmOptimization	10	100	1126	74	1200	1.36526e-242	3.09914e-240	1	1	better
NIAPY	GlowwormSwarmOptimizationV2	10	100	109	1091	1200	1	1	1.21162e-204	3.50157e-202	worse
NIAPY	CatSwarmOptimization	10	100	1051	149	1200	7.61007e-168	1.20239e-165	1	1	better
NIAPY	DifferentialEvolution	10	100	663	537	1200	0.000152237	0.0111133	0.999878	1	better
NIAPY	FireworksAlgorithm	10	100	975	225	1200	6.98668e-112	8.87308e-110	1	1	better
NIAPY	MothFlameOptimizer	10	100	298	902	1200	1	1	2.93685e-71	7.75327e-69	worse
NIAPY	DynNpMultiStrategyDifferentialEvolution	10	100	656	544	1200	0.000672123	0.0470486	0.999451	1	better
NIAPY	EvolutionStrategyML	10	100	1125	75	1200	2.05178e-241	4.63703e-239	1	1	better
NIAPY	GreyWolfOptimizer	10	100	1129	71	1200	3.68862e-246	8.5207e-244	1	1	better
NIAPY	HarmonySearchV1	10	100	1053	147	1200	1.51112e-169	2.46313e-167	1	1	better
NIAPY	BeesAlgorithm	10	100	1076	124	1200	3.96144e-190	7.1702e-188	1	1	better
NIAPY	GlowwormSwarmOptimizationV1	10	100	100	1100	1200	1	1	8.13378e-214	2.3832e-211	worse
NIAPY	GlowwormSwarmOptimizationV3	10	100	104	1096	1200	1	1	1.07796e-209	3.13685e-207	worse
NIAPY	LionOptimizationAlgorithm	10	100	1049	151	1200	3.71717e-166	5.83595e-164	1	1	better
NIAPY	ArtificialBeeColonyAlgorithm	10	100	1131	69	1200	1.43156e-248	3.37849e-246	1	1	better
NIAPY	AgingNpDifferentialEvolution	10	100	719	481	1200	3.35552e-12	2.71797e-10	1	1	better
NIAPY	OppositionVelocityClampingParticleSwarmOptimization	10	100	746	454	1200	1.5609e-17	1.27994e-15	1	1	better
NIAPY	CoralReefsOptimization	10	100	243	957	1200	1	1	8.51803e-101	2.35949e-98	worse
NIAPY	BacterialForagingOptimization	10	100	215	985	1200	1	1	2.27282e-118	6.3639e-116	worse
NIAPY	DynamicFireworksAlgorithmGauss	10	100	1088	112	1200	1.15126e-201	2.14134e-199	1	1	better
NIAPY	ClonalSelectionAlgorithm	10	100	113	1087	1200	1	1	1.10972e-200	3.19599e-198	worse
NIAPY	GravitationalSearchAlgorithm	10	100	552	648	1200	0.997457	1	0.00303794	0.723029	not shown
NIAPY	MonkeyKingEvolutionV1	10	100	669	531	1200	3.76496e-05	0.00278607	0.999971	1	better
NIAPY	EvolutionStrategyMpL	10	100	1122	78	1200	6.40261e-238	1.43419e-235	1	1	better
NIAPY	FireflyAlgorithm	10	100	551	649	1200	0.997877	1	0.00254342	0.607878	not shown
NIAPY	FlowerPollinationAlgorithm	10	100	846	354	1200	3.27619e-47	3.14514e-45	1	1	better
OPYTIMIZER	SA	10	100	986	214	1200	4.94816e-119	6.58106e-117	1	1	better
OPYTIMIZER	GOGHS	10	100	1046	154	1200	1.19923e-163	1.84681e-161	1	1	better
OPYTIMIZER	QSA	10	100	1098	102	1200	9.56554e-212	1.89398e-209	1	1	better
OPYTIMIZER	SGHS	10	100	977	223	1200	3.68081e-113	4.74825e-111	1	1	better
OPYTIMIZER	DE	10	100	1152	48	1200	1.18991e-275	3.24845e-273	1	1	better
OPYTIMIZER	RFO	10	100	1161	39	1200	1.9329e-288	5.41212e-286	1	1	better
OPYTIMIZER	PPA	10	100	791	409	1200	6.73357e-29	5.79087e-27	1	1	better
OPYTIMIZER	EHO	10	100	1111	89	1200	1.50037e-225	3.12078e-223	1	1	better
OPYTIMIZER	AEO	10	100	1173	27	1200	5.58515e-307	1.60294e-304	1	1	better
OPYTIMIZER	ABO	10	100	1060	140	1200	1.30393e-175	2.16452e-173	1	1	better
OPYTIMIZER	GHS	10	100	949	251	1200	4.19378e-96	4.86479e-94	1	1	better
OPYTIMIZER	PVS	10	100	983	217	1200	4.71472e-117	6.17629e-115	1	1	better
OPYTIMIZER	BWO	10	100	1122	78	1200	6.40261e-238	1.43419e-235	1	1	better
OPYTIMIZER	PSO	10	100	1176	24	1200	6.02618e-312	1.74157e-309	1	1	better
OPYTIMIZER	BSO	10	100	1113	87	1200	9.47456e-228	2.00861e-225	1	1	better
OPYTIMIZER	CSA	10	100	780	420	1200	7.92097e-26	6.73282e-24	1	1	better
OPYTIMIZER	SSO	10	100	1118	82	1200	2.4142e-233	5.26296e-231	1	1	better
OPYTIMIZER	WOA	10	100	1158	42	1200	4.39231e-284	1.22545e-281	1	1	better
OPYTIMIZER	BA	10	100	960	240	1200	1.36163e-102	1.66119e-100	1	1	better
OPYTIMIZER	HS	10	100	962	238	1200	8.41928e-104	1.03557e-101	1	1	better
OPYTIMIZER	JS	10	100	1093	107	1200	1.19235e-206	2.27739e-204	1	1	better
OPYTIMIZER	SOS	10	100	1190	10	1200	0	0	1	1	better
OPYTIMIZER	GS	10	100	45	1155	1200	1	1	8.01255e-280	2.3637e-277	worse
OPYTIMIZER	EFO	10	100	1016	184	1200	4.38528e-140	6.3148e-138	1	1	better
OPYTIMIZER	GSA	10	100	327	873	1200	1	1	4.30951e-58	1.12478e-55	worse
OPYTIMIZER	ESA	10	100	832	368	1200	4.53358e-42	4.21623e-40	1	1	better
OPYTIMIZER	BOA	10	100	84	473	557	1	1	4.75462e-67	1.25047e-64	worse
OPYTIMIZER	HC	10	100	170	1030	1200	1	1	9.54162e-151	2.70028e-148	worse
OPYTIMIZER	ABC	10	100	1076	94	1170	3.46819e-212	6.9017e-210	1	1	better
OPYTIMIZER	RRA	10	100	1145	55	1200	3.09647e-266	8.2366e-264	1	1	better
OPYTIMIZER	NDS	10	100	45	1155	1200	1	1	8.01255e-280	2.3637e-277	worse
OPYTIMIZER	NBJS	10	100	1090	110	1200	1.20305e-203	2.26173e-201	1	1	better
OPYTIMIZER	SSD	10	100	405	795	1200	1	1	4.6118e-30	1.16217e-27	worse
OPYTIMIZER	CEM	10	100	601	599	1200	0.488486	1	0.534504	1	not shown
OPYTIMIZER	AOA	10	100	893	307	1200	5.28723e-67	5.71021e-65	1	1	better
OPYTIMIZER	MRFO	10	100	1174	26	1200	1.28335e-308	3.69604e-306	1	1	better
OPYTIMIZER	ASO	10	100	114	1086	1200	1	1	1.05932e-199	3.04026e-197	worse
OPYTIMIZER	SFO	10	100	868	332	1200	5.59048e-56	5.70229e-54	1	1	better
OPYTIMIZER	IHS	10	100	957	243	1200	8.51803e-101	1.01364e-98	1	1	better
OPYTIMIZER	COA	10	100	1164	36	1200	6.71935e-293	1.9083e-290	1	1	better
OPYTIMIZER	GOA	10	100	1163	37	1200	2.1158e-291	5.94541e-289	1	1	better
OPYTIMIZER	STOA	10	100	175	1025	1200	1	1	7.11841e-147	2.00739e-144	worse
OPYTIMIZER	MVPA	10	100	1104	96	1200	5.15861e-218	1.05236e-215	1	1	better
OPYTIMIZER	ES	10	100	1139	61	1200	1.7326e-258	4.45277e-256	1	1	better
OPYTIMIZER	AIWPSO	10	100	1178	22	1200	2.39493e-315	6.94531e-313	1	1	better
OPYTIMIZER	ISA	10	100	275	925	1200	1	1	7.48509e-83	2.006e-80	worse
OPYTIMIZER	EO	10	100	1193	7	1200	0	0	1	1	better
OPYTIMIZER	AF	10	100	61	975	1036	1	1	4.07224e-213	1.18909e-210	worse
OPYTIMIZER	DOA	10	100	1068	132	1200	9.42885e-183	1.61233e-180	1	1	better
OPYTIMIZER	PIO	10	100	1009	191	1200	5.84353e-135	8.18094e-133	1	1	better
OPYTIMIZER	HHO	10	100	1130	70	1200	2.31531e-247	5.44097e-245	1	1	better
OPYTIMIZER	BSA	10	100	981	219	1200	9.56321e-116	1.24322e-113	1	1	better
OPYTIMIZER	TEO	10	100	619	554	1173	0.0308118	1	0.973037	1	not shown
OPYTIMIZER	FA	10	100	229	971	1200	1	1	2.35813e-109	6.55559e-107	worse
OPYTIMIZER	WWO	10	100	1156	44	1200	3.11617e-281	8.66294e-279	1	1	better
OPYTIMIZER	IWO	10	100	988	212	1200	2.30571e-120	3.08965e-118	1	1	better
OPYTIMIZER	KH	10	100	1140	60	1200	9.26188e-260	2.39883e-257	1	1	better
OPYTIMIZER	FOA	10	100	1108	92	1200	2.73197e-222	5.62786e-220	1	1	better
OPYTIMIZER	RPSO	10	100	1164	36	1200	6.71935e-293	1.9083e-290	1	1	better
OPYTIMIZER	SCA	10	100	402	798	1200	1	1	5.93917e-31	1.50261e-28	worse
OPYTIMIZER	OSA	10	100	652	548	1200	0.00146505	0.101089	0.998789	1	not shown
OPYTIMIZER	WDO	10	100	436	764	1200	1	1	1.05919e-21	2.64797e-19	worse
OPYTIMIZER	LSA	10	100	1186	14	1200	0	0	1	1	better
OPYTIMIZER	VPSO	10	100	1170	30	1200	3.70089e-302	1.05845e-299	1	1	better
OPYTIMIZER	SBO	10	100	1115	85	1200	5.6952e-230	1.22447e-227	1	1	better
OPYTIMIZER	GA	10	100	1192	8	1200	0	0	1	1	better
OPYTIMIZER	MFO	10	100	1035	165	1200	1.07816e-154	1.59568e-152	1	1	better
OPYTIMIZER	CS	10	100	1155	45	1200	8.01255e-280	2.21146e-277	1	1	better
OPYTIMIZER	FSO	10	100	829	371	1200	5.18412e-41	4.76939e-39	1	1	better
OPYTIMIZER	NGHS	10	100	1015	185	1200	2.41176e-139	3.44882e-137	1	1	better
OPYTIMIZER	GCO	10	100	1039	161	1200	6.61411e-158	9.85502e-156	1	1	better
OPYTIMIZER	TWO	10	100	1182	18	1200	2.17389e-322	6.32602e-320	1	1	better
OPYTIMIZER	WEO	10	100	991	209	1200	2.22187e-122	2.99952e-120	1	1	better
OPYTIMIZER	GWO	10	100	1150	50	1200	6.45201e-273	1.74849e-270	1	1	better
OPYTIMIZER	SAVPSO	10	100	1189	11	1200	0	0	1	1	better
OPYTIMIZER	FFOA	10	100	376	824	1200	1	1	2.78438e-39	7.07233e-37	worse
OPYTIMIZER	AIG	10	100	1052	148	1200	1.0765e-168	1.72239e-166	1	1	better
OPYTIMIZER	BH	10	100	1063	137	1200	2.91281e-178	4.95178e-176	1	1	better
OPYTIMIZER	CI	10	100	533	104	637	1.22508e-70	1.34759e-68	1	1	better
OPYTIMIZER	SSA	10	100	1115	85	1200	5.6952e-230	1.22447e-227	1	1	better
OPYTIMIZER	AO	10	100	911	289	1200	1.13769e-75	1.28559e-73	1	1	better
OPYTIMIZER	MVO	10	100	277	25	302	3.13061e-55	3.13061e-53	1	1	better
mealpy	LevyTWO	10	100	256	944	1200	1	1	3.04908e-93	8.35448e-91	worse
mealpy	OriginalTLO	10	100	1146	54	1200	1.48466e-267	3.96405e-265	1	1	better
mealpy	GWO	10	100	1114	86	1200	7.3916e-229	1.57441e-226	1	1	better
mealpy	OriginalBBO	10	100	1135	65	1200	1.79217e-253	4.42667e-251	1	1	better
mealpy	ABFO	10	100	475	710	1185	1	1	4.5667e-12	1.12798e-09	worse
mealpy	OriginalWHO	10	100	1000	200	1200	1.45191e-128	2.00364e-126	1	1	better
mealpy	OriginalFFA	10	100	482	718	1200	1	1	5.03935e-12	1.23968e-09	worse
mealpy	BaseSARO	10	100	1164	36	1200	6.71935e-293	1.9083e-290	1	1	better
mealpy	OriginalSMA	10	100	490	710	1200	1	1	1.15404e-10	2.8274e-08	worse
mealpy	SingleGA	10	100	1046	154	1200	1.19923e-163	1.84681e-161	1	1	better
mealpy	OriginalSSDO	10	100	680	520	1200	2.14955e-06	0.000161217	0.999998	1	better
mealpy	OriginalFPA	10	100	906	294	1200	3.36178e-73	3.73157e-71	1	1	better
mealpy	OriginalSSO	10	100	840	360	1200	5.75169e-45	5.46411e-43	1	1	better
mealpy	OriginalMA	10	100	649	551	1200	0.00254342	0.172953	0.997877	1	not shown
mealpy	OriginalCEM	10	100	332	868	1200	1	1	5.59048e-56	1.45352e-53	worse
mealpy	OCRO	10	100	1085	115	1200	1.00151e-198	1.84277e-196	1	1	better
mealpy	OriginalBA	10	100	108	1092	1200	1	1	1.20805e-205	3.50334e-203	worse
mealpy	OriginalAEO	10	100	1138	62	1200	3.18606e-257	8.12444e-255	1	1	better
mealpy	OriginalBSO	10	100	1133	67	1200	5.22672e-251	1.26487e-248	1	1	better
mealpy	OriginalBFO	10	100	127	1073	1200	1	1	2.46901e-187	7.01198e-185	worse
mealpy	ImprovedSLO	10	100	960	240	1200	1.36163e-102	1.66119e-100	1	1	better
mealpy	OriginalLCO	10	100	1129	71	1200	3.68862e-246	8.5207e-244	1	1	better
mealpy	OriginalHGS	10	100	1070	130	1200	1.42202e-184	2.48854e-182	1	1	better
mealpy	BaseALO	10	100	1098	102	1200	9.56554e-212	1.89398e-209	1	1	better
mealpy	CPSO	10	100	973	227	1200	1.29755e-110	1.62194e-108	1	1	better
mealpy	OriginalEO	10	100	1145	55	1200	3.09647e-266	8.2366e-264	1	1	better
mealpy	DE	10	100	338	862	1200	1	1	1.67372e-53	4.30145e-51	worse
mealpy	ModifiedBA	10	100	868	332	1200	5.59048e-56	5.70229e-54	1	1	better
mealpy	BaseTLO	10	100	1153	47	1200	4.94899e-277	1.35602e-274	1	1	better
mealpy	OriginalPFA	10	100	550	650	1200	0.998234	1	0.00212282	0.509477	not shown
mealpy	BaseFOA	10	100	352	848	1200	1	1	5.66766e-48	1.45092e-45	worse
mealpy	OriginalGBO	10	100	1113	87	1200	9.47456e-228	2.00861e-225	1	1	better
mealpy	TVAC	10	100	1156	44	1200	3.11617e-281	8.66294e-279	1	1	better
mealpy	BaseFBIO	10	100	1137	63	1200	5.76077e-256	1.45171e-253	1	1	better
mealpy	ImprovedBSO	10	100	1099	101	1200	8.86823e-213	1.77365e-210	1	1	better
mealpy	OriginalAO	10	100	265	935	1200	1	1	3.16259e-88	8.60223e-86	worse
mealpy	BaseGSKA	10	100	1133	67	1200	5.22672e-251	1.26487e-248	1	1	better
mealpy	BaseLCO	10	100	1136	64	1200	1.02444e-254	2.5611e-252	1	1	better
mealpy	OriginalSSpiderA	10	100	658	542	1200	0.000446742	0.0321655	0.999638	1	better
mealpy	BaseHS	10	100	1127	73	1200	8.95539e-244	2.04183e-241	1	1	better
mealpy	AdaptiveEO	10	100	1145	55	1200	3.09647e-266	8.2366e-264	1	1	better
mealpy	OriginalWCA	10	100	734	54	788	1.15716e-153	1.70102e-151	1	1	better
mealpy	OriginalMRFO	10	100	1140	60	1200	9.26188e-260	2.39883e-257	1	1	better
mealpy	OriginalEOA	10	100	878	322	1200	2.99193e-60	3.20136e-58	1	1	better
mealpy	OriginalABC	10	100	1071	129	1200	1.72403e-185	3.03429e-183	1	1	better
mealpy	ModifiedAEO	10	100	1116	84	1200	4.33323e-231	9.35977e-229	1	1	better
mealpy	OriginalSFO	10	100	1024	176	1200	4.15137e-146	6.01949e-144	1	1	better
mealpy	BaseBBO	10	100	1122	78	1200	6.40261e-238	1.43419e-235	1	1	better
mealpy	OriginalNMRA	10	100	828	372	1200	1.1589e-40	1.0546e-38	1	1	better
mealpy	OriginalACOR	10	100	1003	197	1200	1.13227e-130	1.57385e-128	1	1	better
mealpy	ImprovedSFO	10	100	1058	142	1200	7.32854e-174	1.20921e-171	1	1	better
mealpy	OriginalCRO	10	100	1086	114	1200	1.05932e-199	1.95975e-197	1	1	better
mealpy	LevyJA	10	100	1070	130	1200	1.42202e-184	2.48854e-182	1	1	better
mealpy	OriginalHS	10	100	1113	87	1200	9.47456e-228	2.00861e-225	1	1	better
mealpy	OriginalCSO	10	100	494	706	1200	1	1	5.09234e-10	1.24253e-07	worse
mealpy	OriginalCOA	10	100	894	306	1200	1.81152e-67	1.97456e-65	1	1	better
mealpy	LevyQSA	10	100	1135	65	1200	1.79217e-253	4.42667e-251	1	1	better
mealpy	OppoQSA	10	100	1129	71	1200	3.68862e-246	8.5207e-244	1	1	better
mealpy	BaseBRO	10	100	869	331	1200	2.13039e-56	2.19431e-54	1	1	better
mealpy	OriginalSLO	10	100	1029	171	1200	5.75507e-150	8.4024e-148	1	1	better
mealpy	OriginalMVO	10	100	1138	62	1200	3.18606e-257	8.12444e-255	1	1	better
mealpy	CLPSO	10	100	968	232	1200	1.75479e-107	2.17594e-105	1	1	better
mealpy	OriginalNRO	10	100	1000	200	1200	1.45191e-128	2.00364e-126	1	1	better
mealpy	BaseSCA	10	100	794	406	1200	9.06502e-30	7.97722e-28	1	1	better
mealpy	BaseGCO	10	100	707	493	1200	3.53132e-10	2.75443e-08	1	1	better
mealpy	OriginalArchOA	10	100	1072	128	1200	2.07217e-186	3.66774e-184	1	1	better
mealpy	SwarmHC	10	100	271	929	1200	1	1	5.61488e-85	1.51602e-82	worse
mealpy	ImprovedTLO	10	100	1057	143	1200	5.42881e-173	8.90324e-171	1	1	better
mealpy	OriginalMSA	10	100	1165	35	1200	2.07448e-294	5.91226e-292	1	1	better
mealpy	WOA	10	100	1048	152	1200	2.5686e-165	3.98133e-163	1	1	better
mealpy	OriginalIWO	10	100	1070	130	1200	1.42202e-184	2.48854e-182	1	1	better
mealpy	BaseGA	10	100	1133	67	1200	5.22672e-251	1.26487e-248	1	1	better
mealpy	ModifiedEO	10	100	1149	51	1200	1.45624e-271	3.93186e-269	1	1	better
mealpy	ImprovedNMRA	10	100	1096	104	1200	1.07796e-209	2.10201e-207	1	1	better
mealpy	BaseCHIO	10	100	253	947	1200	1	1	5.93923e-95	1.63923e-92	worse
mealpy	OriginalHHO	10	100	959	241	1200	5.43331e-102	6.51998e-100	1	1	better
mealpy	OriginalGWO	10	100	1119	81	1200	1.76729e-234	3.87037e-232	1	1	better
mealpy	ImprovedQSA	10	100	1118	82	1200	2.4142e-233	5.26296e-231	1	1	better
mealpy	OriginalFBIO	10	100	1135	65	1200	1.79217e-253	4.42667e-251	1	1	better
mealpy	OriginalBeesA	10	100	361	839	1200	1	1	1.3423e-44	3.42286e-42	worse
mealpy	BaseEFO	10	100	1121	79	1200	9.10264e-237	2.01168e-234	1	1	better
mealpy	OriginalSA	10	100	621	579	1200	0.118286	1	0.892762	1	not shown
mealpy	OriginalHC	10	100	256	944	1200	1	1	3.04908e-93	8.35448e-91	worse
mealpy	OriginalSHO	10	100	794	406	1200	9.06502e-30	7.97722e-28	1	1	better
mealpy	JADE	10	100	1147	53	1200	6.98302e-269	1.87843e-266	1	1	better
mealpy	OriginalCA	10	100	1062	138	1200	2.24644e-177	3.77402e-175	1	1	better
mealpy	EnhancedTWO	10	100	719	481	1200	3.35552e-12	2.71797e-10	1	1	better
mealpy	BaseSSA	10	100	974	226	1200	3.0191e-111	3.80407e-109	1	1	better
mealpy	OriginalAOA	10	100	411	789	1200	1	1	2.51671e-28	6.31695e-26	worse
mealpy	OriginalQSA	10	100	1102	98	1200	6.62242e-216	1.34435e-213	1	1	better
mealpy	OriginalGOA	10	100	1151	49	1200	2.80013e-274	7.61637e-272	1	1	better
mealpy	EnhancedAEO	10	100	1102	98	1200	6.62242e-216	1.34435e-213	1	1	better
mealpy	OriginalGSKA	10	100	1130	70	1200	2.31531e-247	5.44097e-245	1	1	better
mealpy	PPSO	10	100	1133	67	1200	5.22672e-251	1.26487e-248	1	1	better
mealpy	OriginalCGO	10	100	1091	109	1200	1.21162e-204	2.30207e-202	1	1	better
mealpy	OriginalHGSO	10	100	856	344	1200	4.32313e-51	4.2799e-49	1	1	better
mealpy	OriginalSBO	10	100	1077	123	1200	4.55567e-191	8.29132e-189	1	1	better
mealpy	OppoTWO	10	100	714	486	1200	2.47782e-11	1.95748e-09	1	1	better
mealpy	OriginalASO	10	100	126	1074	1200	1	1	2.91616e-188	8.31104e-186	worse
mealpy	ModifiedSLO	10	100	946	254	1200	2.21838e-94	2.55114e-92	1	1	better
mealpy	BaseVCS	10	100	1130	70	1200	2.31531e-247	5.44097e-245	1	1	better
mealpy	LSHADE	10	100	1130	70	1200	2.31531e-247	5.44097e-245	1	1	better
mealpy	OriginalEFO	10	100	1075	125	1200	3.414e-189	6.11106e-187	1	1	better
mealpy	OriginalJA	10	100	750	450	1200	2.04139e-18	1.69436e-16	1	1	better
mealpy	OriginalGCO	10	100	546	654	1200	0.999179	1	0.000998557	0.240652	not shown
mealpy	OriginalPSS	10	100	1136	64	1200	1.02444e-254	2.5611e-252	1	1	better
mealpy	OriginalEHO	10	100	909	291	1200	1.12235e-74	1.25703e-72	1	1	better
mealpy	OriginalSSA	10	100	873	327	1200	4.30951e-58	4.48189e-56	1	1	better
mealpy	OriginalSCA	10	100	816	384	1200	1.33651e-36	1.18949e-34	1	1	better
mealpy	OriginalBES	10	100	1094	106	1200	1.1649e-207	2.23661e-205	1	1	better
mealpy	BaseSBO	10	100	976	224	1200	1.60804e-112	2.05829e-110	1	1	better
mealpy	BaseJA	10	100	877	323	1200	8.15275e-60	8.64192e-58	1	1	better
mealpy	OriginalSARO	10	100	1144	56	1200	6.33725e-265	1.66036e-262	1	1	better
mealpy	OriginalSRSR	10	100	1141	59	1200	4.86568e-261	1.26508e-258	1	1	better
mealpy	OriginalTWO	10	100	1041	159	1200	1.56963e-159	2.35445e-157	1	1	better
mealpy	OriginalWDO	10	100	765	435	1200	6.00862e-22	5.04724e-20	1	1	better
mealpy	AugmentedAEO	10	100	1096	104	1200	1.07796e-209	2.10201e-207	1	1	better
mealpy	OriginalWOA	10	100	1042	158	1200	2.39201e-160	3.61193e-158	1	1	better
mealpy	SADE	10	100	1135	65	1200	1.79217e-253	4.42667e-251	1	1	better
mealpy	OriginalBRO	10	100	278	922	1200	1	1	2.79498e-81	7.4626e-79	worse
mealpy	OriginalSSpiderO	10	100	568	632	1200	0.969722	1	0.0344599	1	not shown
mealpy	ProbBeesA	10	100	255	945	1200	1	1	8.24481e-94	2.26732e-91	worse
mealpy	OriginalFA	10	100	219	981	1200	1	1	9.56321e-116	2.66813e-113	worse
mealpy	OriginalCSA	10	100	268	932	1200	1	1	1.3616e-86	3.68995e-84	worse
mealpy	OriginalALO	10	100	1097	103	1200	1.02082e-210	2.00081e-208	1	1	better
mealpy	OriginalDO	10	100	296	904	1200	1	1	3.17035e-72	8.40142e-70	worse
mealpy	OriginalCHIO	10	100	310	890	1200	1	1	1.28067e-65	3.35535e-63	worse
mealpy	OriginalBSA	10	100	1100	100	1200	8.13378e-214	1.63489e-211	1	1	better
mealpy	LevyEP	10	100	986	214	1200	4.94816e-119	6.58106e-117	1	1	better
mealpy	OriginalICA	10	100	684	31	715	1.16292e-161	1.76765e-159	1	1	better
mealpy	ImprovedLCO	10	100	1063	137	1200	2.91281e-178	4.95178e-176	1	1	better
mealpy	OriginalMFO	10	100	283	917	1200	1	1	1.06223e-78	2.82553e-76	worse
mealpy	ImprovedAEO	10	100	1078	122	1200	5.19199e-192	9.50134e-190	1	1	better
mealpy	OriginalVCS	10	100	955	245	1200	1.30821e-99	1.54368e-97	1	1	better
mealpy	AdaptiveBA	10	100	272	928	1200	1	1	1.92148e-84	5.16879e-82	worse
mealpy	MultiGA	10	100	1069	131	1200	1.16288e-183	2.00016e-181	1	1	better
mealpy	OriginalES	10	100	1139	61	1200	1.7326e-258	4.45277e-256	1	1	better
mealpy	LevyES	10	100	1147	53	1200	6.98302e-269	1.87843e-266	1	1	better
mealpy	OriginalEP	10	100	581	619	1200	0.869886	1	0.142736	1	not shown
mealpy	BaseSMA	10	100	703	497	1200	1.4966e-09	1.15238e-07	1	1	better
mealpy	OriginalPSO	10	100	442	758	1200	1	1	2.94922e-20	7.34356e-18	worse
mealpy	FBUDGETSHADE	10	100	1138	62	1200	3.18606e-257	8.12444e-255	1	1	better
mealpy	OriginalFOA	10	100	178	1022	1200	1	1	1.38412e-144	3.88938e-142	worse
mealpy	BaseQSA	10	100	1137	63	1200	5.76077e-256	1.45171e-253	1	1	better
mealpy	BaseMFO	10	100	933	267	1200	3.90363e-87	4.45014e-85	1	1	better
mealpy	BaseDE	10	100	1052	148	1200	1.0765e-168	1.72239e-166	1	1	better
mealpy	WhaleFOA	10	100	337	863	1200	1	1	6.53804e-54	1.68681e-51	worse
Baselines	DE	10	100	1136	64	1200	1.02444e-254	8.19554e-254	1	1	better
Baselines	RCobyla	10	100	1077	123	1200	4.55567e-191	2.7334e-190	1	1	better
Baselines	PSO	10	100	180	1020	1200	1	1	4.49503e-143	4.94453e-142	worse
Baselines	DiagonalCMA	10	100	1167	33	1200	1.81091e-297	1.99201e-296	1	1	better
Baselines	modcma	10	100	1163	37	1200	2.1158e-291	2.1158e-290	1	1	better
Baselines	modde	10	100	969	231	1200	4.19434e-108	1.2583e-107	1	1	better
Baselines	OnePlusOne	10	100	1085	115	1200	1.00151e-198	7.01055e-198	1	1	better
Baselines	Powell	10	100	1047	153	1200	1.76165e-164	8.80826e-164	1	1	better
Baselines	MultiBFGS	10	100	875	325	1200	5.97745e-59	1.19549e-58	1	1	better
Baselines	lshade	10	100	1042	158	1200	2.39201e-160	9.56804e-160	1	1	better
Baselines	bipop	10	100	1163	37	1200	2.1158e-291	2.1158e-290	1	1	better
EVOLOPY	DE	10	500	1139	61	1200	1.7326e-258	3.6731e-256	1	1	better
EVOLOPY	JAYA	10	500	1078	122	1200	5.19199e-192	8.04758e-190	1	1	better
EVOLOPY	PSO	10	500	1109	91	1200	2.26397e-223	4.02987e-221	1	1	better
EVOLOPY	WOA	10	500	1096	104	1200	1.07796e-209	1.77863e-207	1	1	better
EVOLOPY	FFA	10	500	1130	70	1200	2.31531e-247	4.51485e-245	1	1	better
EVOLOPY	BAT	10	500	438	762	1200	1	1	3.25632e-21	8.2385e-19	worse
EVOLOPY	MVO	10	500	1143	57	1200	1.27312e-263	2.8136e-261	1	1	better
EVOLOPY	HHO	10	500	763	437	1200	1.86048e-21	1.35815e-19	1	1	better
EVOLOPY	SCA	10	500	953	247	1200	1.96848e-98	1.98816e-96	1	1	better
EVOLOPY	GA	10	500	885	48	933	1.2285e-200	1.95331e-198	1	1	better
EVOLOPY	MFO	10	500	1139	61	1200	1.7326e-258	3.6731e-256	1	1	better
EVOLOPY	CS	10	500	1164	36	1200	6.71935e-293	1.78063e-290	1	1	better
EVOLOPY	GWO	10	500	1149	51	1200	1.45624e-271	3.40761e-269	1	1	better
EVOLOPY	SSA	10	500	841	359	1200	2.45487e-45	2.13573e-43	1	1	better
NIAPY	DynamicFireworksAlgorithm	10	500	1153	47	1200	4.94899e-277	1.19766e-274	1	1	better
NIAPY	HarmonySearch	10	500	1122	78	1200	6.40261e-238	1.19729e-235	1	1	better
NIAPY	EvolutionStrategyMp1	10	500	1157	43	1200	1.18396e-282	3.03093e-280	1	1	better
NIAPY	MonarchButterflyOptimization	10	500	749	451	1200	3.4125e-18	2.457e-16	1	1	better
NIAPY	CenterParticleSwarmOptimization	10	500	1131	69	1200	1.43156e-248	2.8345e-246	1	1	better
NIAPY	DynNpDifferentialEvolution	10	500	1055	145	1200	2.90932e-171	4.01486e-169	1	1	better
NIAPY	CamelAlgorithm	10	500	1065	135	1200	4.7778e-180	6.88003e-178	1	1	better
NIAPY	BatAlgorithm	10	500	920	280	1200	3.05041e-80	2.83688e-78	1	1	better
NIAPY	GlowwormSwarmOptimization	10	500	236	964	1200	1	1	5.09816e-105	1.3816e-102	worse
NIAPY	BareBonesFireworksAlgorithm	10	500	1053	147	1200	1.51112e-169	2.04002e-167	1	1	better
NIAPY	CuckooSearch	10	500	1177	23	1200	1.2277e-313	3.4744e-311	1	1	better
NIAPY	GeneticAlgorithm	10	500	590	610	1200	0.727806	1	0.291689	1	not shown
NIAPY	ParticleSwarmAlgorithm	10	500	1174	26	1200	1.28335e-308	3.59337e-306	1	1	better
NIAPY	MonkeyKingEvolutionV3	10	500	1029	171	1200	5.75507e-150	7.30894e-148	1	1	better
NIAPY	MonkeyKingEvolutionV2	10	500	1100	100	1200	8.13378e-214	1.39088e-211	1	1	better
NIAPY	SineCosineAlgorithm	10	500	11	1189	1200	1	1	0	0	worse
NIAPY	EvolutionStrategy1p1	10	500	964	236	1200	5.09816e-105	5.40405e-103	1	1	better
NIAPY	HarrisHawksOptimization	10	500	1143	57	1200	1.27312e-263	2.8136e-261	1	1	better
NIAPY	ParticleSwarmOptimization	10	500	693	507	1200	4.37867e-08	2.88992e-06	1	1	better
NIAPY	ForestOptimizationAlgorithm	10	500	1127	73	1200	8.95539e-244	1.71943e-241	1	1	better
NIAPY	EnhancedFireworksAlgorithm	10	500	1154	46	1200	2.01373e-278	4.95378e-276	1	1	better
NIAPY	MultiStrategyDifferentialEvolution	10	500	1075	125	1200	3.414e-189	5.22342e-187	1	1	better
NIAPY	MutatedParticleSwarmOptimization	10	500	1125	75	1200	2.05178e-241	3.89839e-239	1	1	better
NIAPY	ComprehensiveLearningParticleSwarmOptimizer	10	500	1151	49	1200	2.80013e-274	6.66432e-272	1	1	better
NIAPY	KrillHerd	10	500	277	923	1200	1	1	8.4014e-82	2.22637e-79	worse
NIAPY	FishSchoolSearch	10	500	860	340	1200	1.08345e-52	9.53439e-51	1	1	better
NIAPY	MutatedCenterUnifiedParticleSwarmOptimization	10	500	1157	43	1200	1.18396e-282	3.03093e-280	1	1	better
NIAPY	MutatedCenterParticleSwarmOptimization	10	500	1132	68	1200	8.71728e-250	1.74346e-247	1	1	better
NIAPY	GlowwormSwarmOptimizationV2	10	500	223	977	1200	1	1	3.68081e-113	1.02327e-110	worse
NIAPY	CatSwarmOptimization	10	500	1144	56	1200	6.33725e-265	1.41321e-262	1	1	better
NIAPY	DifferentialEvolution	10	500	1071	129	1200	1.72403e-185	2.58604e-183	1	1	better
NIAPY	FireworksAlgorithm	10	500	1141	59	1200	4.86568e-261	1.05099e-258	1	1	better
NIAPY	MothFlameOptimizer	10	500	213	987	1200	1	1	1.07117e-119	2.98858e-117	worse
NIAPY	DynNpMultiStrategyDifferentialEvolution	10	500	1068	132	1200	9.42885e-183	1.39547e-180	1	1	better
NIAPY	EvolutionStrategyML	10	500	1116	84	1200	4.33323e-231	7.9298e-229	1	1	better
NIAPY	GreyWolfOptimizer	10	500	1147	53	1200	6.98302e-269	1.6061e-266	1	1	better
NIAPY	HarmonySearchV1	10	500	1086	114	1200	1.05932e-199	1.67373e-197	1	1	better
NIAPY	BeesAlgorithm	10	500	1148	52	1200	3.2208e-270	7.47225e-268	1	1	better
NIAPY	GlowwormSwarmOptimizationV1	10	500	224	976	1200	1	1	1.60804e-112	4.45426e-110	worse
NIAPY	GlowwormSwarmOptimizationV3	10	500	238	962	1200	1	1	8.41928e-104	2.27321e-101	worse
NIAPY	LionOptimizationAlgorithm	10	500	1146	54	1200	1.48466e-267	3.37019e-265	1	1	better
NIAPY	ArtificialBeeColonyAlgorithm	10	500	1162	38	1200	6.48141e-290	1.71109e-287	1	1	better
NIAPY	AgingNpDifferentialEvolution	10	500	821	379	1200	2.90182e-38	2.35048e-36	1	1	better
NIAPY	OppositionVelocityClampingParticleSwarmOptimization	10	500	637	563	1200	0.0175227	1	0.98483	1	not shown
NIAPY	CoralReefsOptimization	10	500	205	995	1200	1	1	4.2018e-125	1.1765e-122	worse
NIAPY	BacterialForagingOptimization	10	500	318	882	1200	1	1	5.20166e-62	1.35243e-59	worse
NIAPY	DynamicFireworksAlgorithmGauss	10	500	1157	43	1200	1.18396e-282	3.03093e-280	1	1	better
NIAPY	ClonalSelectionAlgorithm	10	500	104	1096	1200	1	1	1.07796e-209	3.10451e-207	worse
NIAPY	GravitationalSearchAlgorithm	10	500	368	832	1200	1	1	4.53358e-42	1.1606e-39	worse
NIAPY	MonkeyKingEvolutionV1	10	500	1093	107	1200	1.19235e-206	1.95546e-204	1	1	better
NIAPY	EvolutionStrategyMpL	10	500	1135	65	1200	1.79217e-253	3.7098e-251	1	1	better
NIAPY	FireflyAlgorithm	10	500	1065	135	1200	4.7778e-180	6.88003e-178	1	1	better
NIAPY	FlowerPollinationAlgorithm	10	500	1168	32	1200	5.11183e-299	1.38531e-296	1	1	better
OPYTIMIZER	SA	10	500	1017	183	1200	7.92284e-141	9.66586e-139	1	1	better
OPYTIMIZER	GOGHS	10	500	1070	130	1200	1.42202e-184	2.11881e-182	1	1	better
OPYTIMIZER	QSA	10	500	1183	17	1200	0	0	1	1	better
OPYTIMIZER	SGHS	10	500	993	207	1200	9.77535e-124	1.12416e-121	1	1	better
OPYTIMIZER	DE	10	500	1175	25	1200	2.83723e-310	7.97261e-308	1	1	better
OPYTIMIZER	RFO	10	500	1165	35	1200	2.07448e-294	5.5596e-292	1	1	better
OPYTIMIZER	PPA	10	500	931	269	1200	4.72665e-86	4.49031e-84	1	1	better
OPYTIMIZER	EHO	10	500	1133	67	1200	5.22672e-251	1.06625e-248	1	1	better
OPYTIMIZER	AEO	10	500	1184	16	1200	0	0	1	1	better
OPYTIMIZER	ABO	10	500	1176	24	1200	6.02618e-312	1.69938e-309	1	1	better
OPYTIMIZER	GHS	10	500	950	250	1200	1.10605e-96	1.08393e-94	1	1	better
OPYTIMIZER	PVS	10	500	825	375	1200	1.26495e-39	1.04991e-37	1	1	better
OPYTIMIZER	BWO	10	500	1103	97	1200	5.87757e-217	1.02857e-214	1	1	better
OPYTIMIZER	PSO	10	500	1173	27	1200	5.58515e-307	1.54709e-304	1	1	better
OPYTIMIZER	BSO	10	500	1050	150	1200	5.33887e-167	7.15408e-165	1	1	better
OPYTIMIZER	CSA	10	500	769	431	1200	6.00425e-23	4.44315e-21	1	1	better
OPYTIMIZER	SSO	10	500	1021	179	1200	7.91361e-144	9.81287e-142	1	1	better
OPYTIMIZER	WOA	10	500	1141	59	1200	4.86568e-261	1.05099e-258	1	1	better
OPYTIMIZER	BA	10	500	897	303	1200	7.09714e-69	6.45839e-67	1	1	better
OPYTIMIZER	HS	10	500	953	247	1200	1.96848e-98	1.98816e-96	1	1	better
OPYTIMIZER	JS	10	500	999	201	1200	7.23426e-128	8.53642e-126	1	1	better
OPYTIMIZER	SOS	10	500	1195	5	1200	0	0	1	1	better
OPYTIMIZER	GS	10	500	10	1190	1200	1	1	0	0	worse
OPYTIMIZER	EFO	10	500	1099	101	1200	8.86823e-213	1.5076e-210	1	1	better
OPYTIMIZER	GSA	10	500	235	965	1200	1	1	1.24469e-105	3.38556e-103	worse
OPYTIMIZER	ESA	10	500	653	547	1200	0.00121141	0.0738962	0.999001	1	not shown
OPYTIMIZER	BOA	10	500	65	492	557	1	1	1.83443e-82	4.87958e-80	worse
OPYTIMIZER	HC	10	500	144	1056	1200	1	1	3.98984e-172	1.1371e-169	worse
OPYTIMIZER	ABC	10	500	1040	130	1170	4.70049e-177	6.58069e-175	1	1	better
OPYTIMIZER	RRA	10	500	1092	108	1200	1.20805e-205	1.96912e-203	1	1	better
OPYTIMIZER	NDS	10	500	10	1190	1200	1	1	0	0	worse
OPYTIMIZER	NBJS	10	500	984	216	1200	1.03809e-117	1.15227e-115	1	1	better
OPYTIMIZER	SSD	10	500	349	851	1200	1	1	3.95746e-49	1.01707e-46	worse
OPYTIMIZER	CEM	10	500	669	531	1200	3.76496e-05	0.00237192	0.999971	1	better
OPYTIMIZER	AOA	10	500	734	466	1200	4.99197e-15	3.5443e-13	1	1	better
OPYTIMIZER	MRFO	10	500	1170	30	1200	3.70089e-302	1.01404e-299	1	1	better
OPYTIMIZER	ASO	10	500	83	1117	1200	1	1	3.25527e-232	9.44027e-230	worse
OPYTIMIZER	SFO	10	500	690	510	1200	1.12994e-07	7.34459e-06	1	1	better
OPYTIMIZER	IHS	10	500	962	238	1200	8.41928e-104	8.75606e-102	1	1	better
OPYTIMIZER	COA	10	500	1187	13	1200	0	0	1	1	better
OPYTIMIZER	GOA	10	500	1148	52	1200	3.2208e-270	7.47225e-268	1	1	better
OPYTIMIZER	STOA	10	500	137	1063	1200	1	1	2.91281e-178	8.33064e-176	worse
OPYTIMIZER	MVPA	10	500	994	206	1200	2.0326e-124	2.37815e-122	1	1	better
OPYTIMIZER	ES	10	500	1145	55	1200	3.09647e-266	6.93608e-264	1	1	better
OPYTIMIZER	AIWPSO	10	500	1156	44	1200	3.11617e-281	7.85274e-279	1	1	better
OPYTIMIZER	ISA	10	500	230	970	1200	1	1	9.97194e-109	2.74228e-106	worse
OPYTIMIZER	EO	10	500	1192	8	1200	0	0	1	1	better
OPYTIMIZER	AF	10	500	45	991	1036	1	1	2.21491e-233	6.44539e-231	worse
OPYTIMIZER	DOA	10	500	1147	53	1200	6.98302e-269	1.6061e-266	1	1	better
OPYTIMIZER	PIO	10	500	822	378	1200	1.3336e-38	1.09355e-36	1	1	better
OPYTIMIZER	HHO	10	500	1136	64	1200	1.02444e-254	2.14108e-252	1	1	better
OPYTIMIZER	BSA	10	500	1013	187	1200	7.15683e-138	8.65976e-136	1	1	better
OPYTIMIZER	TEO	10	500	786	387	1173	4.15318e-32	3.28101e-30	1	1	better
OPYTIMIZER	FA	10	500	145	1055	1200	1	1	2.90932e-171	8.26247e-169	worse
OPYTIMIZER	WWO	10	500	1185	15	1200	0	0	1	1	better
OPYTIMIZER	IWO	10	500	986	214	1200	4.94816e-119	5.54194e-117	1	1	better
OPYTIMIZER	KH	10	500	1131	69	1200	1.43156e-248	2.8345e-246	1	1	better
OPYTIMIZER	FOA	10	500	1158	42	1200	4.39231e-284	1.12882e-281	1	1	better
OPYTIMIZER	RPSO	10	500	1165	35	1200	2.07448e-294	5.5596e-292	1	1	better
OPYTIMIZER	SCA	10	500	445	755	1200	1	1	1.48348e-19	3.73838e-17	worse
OPYTIMIZER	OSA	10	500	532	668	1200	0.999962	1	4.79037e-05	0.0117843	worse
OPYTIMIZER	WDO	10	500	322	878	1200	1	1	2.99193e-60	7.71918e-58	worse
OPYTIMIZER	LSA	10	500	1188	12	1200	0	0	1	1	better
OPYTIMIZER	VPSO	10	500	1167	33	1200	1.81091e-297	4.88947e-295	1	1	better
OPYTIMIZER	SBO	10	500	1108	92	1200	2.73197e-222	4.80827e-220	1	1	better
OPYTIMIZER	GA	10	500	1195	5	1200	0	0	1	1	better
OPYTIMIZER	MFO	10	500	990	210	1200	1.05013e-121	1.18665e-119	1	1	better
OPYTIMIZER	CS	10	500	1189	11	1200	0	0	1	1	better
OPYTIMIZER	FSO	10	500	688	512	1200	2.09097e-07	1.33822e-05	1	1	better
OPYTIMIZER	NGHS	10	500	951	249	1200	2.90239e-97	2.87337e-95	1	1	better
OPYTIMIZER	GCO	10	500	1111	89	1200	1.50037e-225	2.70067e-223	1	1	better
OPYTIMIZER	TWO	10	500	1161	39	1200	1.9329e-288	5.0642e-286	1	1	better
OPYTIMIZER	WEO	10	500	1128	72	1200	5.78976e-245	1.11742e-242	1	1	better
OPYTIMIZER	GWO	10	500	1121	79	1200	9.10264e-237	1.69309e-234	1	1	better
OPYTIMIZER	SAVPSO	10	500	1184	16	1200	0	0	1	1	better
OPYTIMIZER	FFOA	10	500	281	919	1200	1	1	1.00074e-79	2.64195e-77	worse
OPYTIMIZER	AIG	10	500	1174	26	1200	1.28335e-308	3.59337e-306	1	1	better
OPYTIMIZER	BH	10	500	993	207	1200	9.77535e-124	1.12416e-121	1	1	better
OPYTIMIZER	CI	10	500	489	148	637	8.67647e-44	7.28824e-42	1	1	better
OPYTIMIZER	SSA	10	500	1142	58	1200	2.51136e-262	5.44964e-260	1	1	better
OPYTIMIZER	AO	10	500	699	501	1200	6.01151e-09	4.02771e-07	1	1	better
OPYTIMIZER	MVO	10	500	287	15	302	1.10208e-66	9.80849e-65	1	1	better
mealpy	LevyTWO	10	500	838	362	1200	3.12026e-44	2.65222e-42	1	1	better
mealpy	OriginalTLO	10	500	1146	54	1200	1.48466e-267	3.37019e-265	1	1	better
mealpy	GWO	10	500	1054	146	1200	2.10491e-170	2.86267e-168	1	1	better
mealpy	OriginalBBO	10	500	1110	90	1200	1.85408e-224	3.31881e-222	1	1	better
mealpy	ABFO	10	500	510	675	1185	0.999999	1	9.14469e-07	0.000226788	worse
mealpy	OriginalWHO	10	500	1154	46	1200	2.01373e-278	4.95378e-276	1	1	better
mealpy	OriginalFFA	10	500	543	657	1200	0.999553	1	0.00054883	0.134463	not shown
mealpy	BaseSARO	10	500	1180	20	1200	7.93924e-319	2.26268e-316	1	1	better
mealpy	OriginalSMA	10	500	600	600	1200	0.511514	1	0.511514	1	not shown
mealpy	SingleGA	10	500	1101	99	1200	7.37961e-215	1.27667e-212	1	1	better
mealpy	OriginalSSDO	10	500	611	589	1200	0.272194	1	0.746631	1	not shown
mealpy	OriginalFPA	10	500	1161	39	1200	1.9329e-288	5.0642e-286	1	1	better
mealpy	OriginalSSO	10	500	661	539	1200	0.000236413	0.0146576	0.99981	1	better
mealpy	OriginalMA	10	500	713	487	1200	3.65858e-11	2.561e-09	1	1	better
mealpy	OriginalCEM	10	500	781	419	1200	4.24192e-26	3.22386e-24	1	1	better
mealpy	OCRO	10	500	1099	101	1200	8.86823e-213	1.5076e-210	1	1	better
mealpy	OriginalBA	10	500	28	1172	1200	1	1	2.34187e-305	6.86167e-303	worse
mealpy	OriginalAEO	10	500	1143	57	1200	1.27312e-263	2.8136e-261	1	1	better
mealpy	OriginalBSO	10	500	1150	50	1200	6.45201e-273	1.51622e-270	1	1	better
mealpy	OriginalBFO	10	500	94	1106	1200	1	1	3.8413e-220	1.11014e-217	worse
mealpy	ImprovedSLO	10	500	1041	159	1200	1.56963e-159	2.05622e-157	1	1	better
mealpy	OriginalLCO	10	500	1064	136	1200	3.74597e-179	5.31928e-177	1	1	better
mealpy	OriginalHGS	10	500	1050	150	1200	5.33887e-167	7.15408e-165	1	1	better
mealpy	BaseALO	10	500	1060	140	1200	1.30393e-175	1.81246e-173	1	1	better
mealpy	CPSO	10	500	799	401	1200	2.97706e-31	2.32211e-29	1	1	better
mealpy	OriginalEO	10	500	1149	51	1200	1.45624e-271	3.40761e-269	1	1	better
mealpy	DE	10	500	392	808	1200	1	1	5.02821e-34	1.28219e-31	worse
mealpy	ModifiedBA	10	500	979	221	1200	1.89704e-114	2.08674e-112	1	1	better
mealpy	BaseTLO	10	500	1144	56	1200	6.33725e-265	1.41321e-262	1	1	better
mealpy	OriginalPFA	10	500	412	788	1200	1	1	4.83877e-28	1.22905e-25	worse
mealpy	BaseFOA	10	500	302	898	1200	1	1	2.38936e-69	6.26011e-67	worse
mealpy	OriginalGBO	10	500	1141	59	1200	4.86568e-261	1.05099e-258	1	1	better
mealpy	TVAC	10	500	1169	31	1200	1.39804e-300	3.81666e-298	1	1	better
mealpy	BaseFBIO	10	500	1165	35	1200	2.07448e-294	5.5596e-292	1	1	better
mealpy	ImprovedBSO	10	500	1124	76	1200	3.04026e-240	5.7461e-238	1	1	better
mealpy	OriginalAO	10	500	264	936	1200	1	1	8.9369e-89	2.39509e-86	worse
mealpy	BaseGSKA	10	500	1143	57	1200	1.27312e-263	2.8136e-261	1	1	better
mealpy	BaseLCO	10	500	1085	115	1200	1.00151e-198	1.56235e-196	1	1	better
mealpy	OriginalSSpiderA	10	500	545	655	1200	0.999328	1	0.000820527	0.200208	not shown
mealpy	BaseHS	10	500	1116	84	1200	4.33323e-231	7.9298e-229	1	1	better
mealpy	AdaptiveEO	10	500	1151	49	1200	2.80013e-274	6.66432e-272	1	1	better
mealpy	OriginalWCA	10	500	737	51	788	4.29929e-157	5.54608e-155	1	1	better
mealpy	OriginalMRFO	10	500	1151	49	1200	2.80013e-274	6.66432e-272	1	1	better
mealpy	OriginalEOA	10	500	963	237	1200	2.07722e-104	2.18108e-102	1	1	better
mealpy	OriginalABC	10	500	1114	86	1200	7.3916e-229	1.33788e-226	1	1	better
mealpy	ModifiedAEO	10	500	1117	83	1200	3.25527e-232	5.98969e-230	1	1	better
mealpy	OriginalSFO	10	500	839	361	1200	1.3423e-44	1.15438e-42	1	1	better
mealpy	BaseBBO	10	500	1099	101	1200	8.86823e-213	1.5076e-210	1	1	better
mealpy	OriginalNMRA	10	500	1131	69	1200	1.43156e-248	2.8345e-246	1	1	better
mealpy	OriginalACOR	10	500	1073	127	1200	2.46901e-187	3.7282e-185	1	1	better
mealpy	ImprovedSFO	10	500	933	267	1200	3.90363e-87	3.74748e-85	1	1	better
mealpy	OriginalCRO	10	500	1074	126	1200	2.91616e-188	4.43256e-186	1	1	better
mealpy	LevyJA	10	500	1133	67	1200	5.22672e-251	1.06625e-248	1	1	better
mealpy	OriginalHS	10	500	1132	68	1200	8.71728e-250	1.74346e-247	1	1	better
mealpy	OriginalCSO	10	500	469	731	1200	1	1	1.95265e-14	4.88164e-12	worse
mealpy	OriginalCOA	10	500	1023	177	1200	2.40501e-145	3.00626e-143	1	1	better
mealpy	LevyQSA	10	500	1171	29	1200	9.47285e-304	2.60503e-301	1	1	better
mealpy	OppoQSA	10	500	1157	43	1200	1.18396e-282	3.03093e-280	1	1	better
mealpy	BaseBRO	10	500	704	496	1200	1.04834e-09	7.12868e-08	1	1	better
mealpy	OriginalSLO	10	500	971	229	1200	2.35813e-109	2.54678e-107	1	1	better
mealpy	OriginalMVO	10	500	1138	62	1200	3.18606e-257	6.69072e-255	1	1	better
mealpy	CLPSO	10	500	1154	46	1200	2.01373e-278	4.95378e-276	1	1	better
mealpy	OriginalNRO	10	500	1155	45	1200	8.01255e-280	2.00314e-277	1	1	better
mealpy	BaseSCA	10	500	1012	188	1200	3.86183e-137	4.6342e-135	1	1	better
mealpy	BaseGCO	10	500	1055	145	1200	2.90932e-171	4.01486e-169	1	1	better
mealpy	OriginalArchOA	10	500	1090	110	1200	1.20305e-203	1.93691e-201	1	1	better
mealpy	SwarmHC	10	500	805	395	1200	4.36687e-33	3.4935e-31	1	1	better
mealpy	ImprovedTLO	10	500	976	224	1200	1.60804e-112	1.75276e-110	1	1	better
mealpy	OriginalMSA	10	500	1174	26	1200	1.28335e-308	3.59337e-306	1	1	better
mealpy	WOA	10	500	1062	138	1200	2.24644e-177	3.16748e-175	1	1	better
mealpy	OriginalIWO	10	500	1135	65	1200	1.79217e-253	3.7098e-251	1	1	better
mealpy	BaseGA	10	500	1124	76	1200	3.04026e-240	5.7461e-238	1	1	better
mealpy	ModifiedEO	10	500	1179	21	1200	4.465e-317	1.26806e-314	1	1	better
mealpy	ImprovedNMRA	10	500	1077	123	1200	4.55567e-191	7.01573e-189	1	1	better
mealpy	BaseCHIO	10	500	266	934	1200	1	1	1.11378e-87	2.9738e-85	worse
mealpy	OriginalHHO	10	500	994	206	1200	2.0326e-124	2.37815e-122	1	1	better
mealpy	OriginalGWO	10	500	1133	67	1200	5.22672e-251	1.06625e-248	1	1	better
mealpy	ImprovedQSA	10	500	1155	45	1200	8.01255e-280	2.00314e-277	1	1	better
mealpy	OriginalFBIO	10	500	1166	34	1200	6.22133e-296	1.67354e-293	1	1	better
mealpy	OriginalBeesA	10	500	625	575	1200	0.078592	1	0.929538	1	not shown
mealpy	BaseEFO	10	500	1159	41	1200	1.59022e-285	4.10276e-283	1	1	better
mealpy	OriginalSA	10	500	1152	48	1200	1.18991e-275	2.86768e-273	1	1	better
mealpy	OriginalHC	10	500	186	1014	1200	1	1	1.31797e-138	3.72985e-136	worse
mealpy	OriginalSHO	10	500	782	418	1200	2.26344e-26	1.74285e-24	1	1	better
mealpy	JADE	10	500	1155	45	1200	8.01255e-280	2.00314e-277	1	1	better
mealpy	OriginalCA	10	500	923	277	1200	8.4014e-82	7.89732e-80	1	1	better
mealpy	EnhancedTWO	10	500	1091	109	1200	1.21162e-204	1.96282e-202	1	1	better
mealpy	BaseSSA	10	500	1021	179	1200	7.91361e-144	9.81287e-142	1	1	better
mealpy	OriginalAOA	10	500	234	966	1200	1	1	3.02285e-106	8.28262e-104	worse
mealpy	OriginalQSA	10	500	1162	38	1200	6.48141e-290	1.71109e-287	1	1	better
mealpy	OriginalGOA	10	500	1152	48	1200	1.18991e-275	2.86768e-273	1	1	better
mealpy	EnhancedAEO	10	500	1109	91	1200	2.26397e-223	4.02987e-221	1	1	better
mealpy	OriginalGSKA	10	500	1136	64	1200	1.02444e-254	2.14108e-252	1	1	better
mealpy	PPSO	10	500	1103	97	1200	5.87757e-217	1.02857e-214	1	1	better
mealpy	OriginalCGO	10	500	1133	67	1200	5.22672e-251	1.06625e-248	1	1	better
mealpy	OriginalHGSO	10	500	776	424	1200	9.28723e-25	6.96542e-23	1	1	better
mealpy	OriginalSBO	10	500	1135	65	1200	1.79217e-253	3.7098e-251	1	1	better
mealpy	OppoTWO	10	500	897	303	1200	7.09714e-69	6.45839e-67	1	1	better
mealpy	OriginalASO	10	500	71	1129	1200	1	1	3.68862e-246	1.07708e-243	worse
mealpy	ModifiedSLO	10	500	1035	165	1200	1.07816e-154	1.38005e-152	1	1	better
mealpy	BaseVCS	10	500	1161	39	1200	1.9329e-288	5.0642e-286	1	1	better
mealpy	LSHADE	10	500	1156	44	1200	3.11617e-281	7.85274e-279	1	1	better
mealpy	OriginalEFO	10	500	961	239	1200	3.39467e-103	3.49652e-101	1	1	better
mealpy	OriginalJA	10	500	711	489	1200	7.89561e-11	5.44797e-09	1	1	better
mealpy	OriginalGCO	10	500	967	233	1200	7.30255e-107	7.81373e-105	1	1	better
mealpy	OriginalPSS	10	500	1146	54	1200	1.48466e-267	3.37019e-265	1	1	better
mealpy	OriginalEHO	10	500	898	302	1200	2.38936e-69	2.19821e-67	1	1	better
mealpy	OriginalSSA	10	500	957	243	1200	8.51803e-101	8.68839e-99	1	1	better
mealpy	OriginalSCA	10	500	1008	192	1200	3.07535e-134	3.65967e-132	1	1	better
mealpy	OriginalBES	10	500	1040	160	1200	1.02258e-158	1.32935e-156	1	1	better
mealpy	BaseSBO	10	500	1099	101	1200	8.86823e-213	1.5076e-210	1	1	better
mealpy	BaseJA	10	500	1086	114	1200	1.05932e-199	1.67373e-197	1	1	better
mealpy	OriginalSARO	10	500	1173	27	1200	5.58515e-307	1.54709e-304	1	1	better
mealpy	OriginalSRSR	10	500	1154	46	1200	2.01373e-278	4.95378e-276	1	1	better
mealpy	OriginalTWO	10	500	1127	73	1200	8.95539e-244	1.71943e-241	1	1	better
mealpy	OriginalWDO	10	500	569	631	1200	0.96554	1	0.0391044	1	not shown
mealpy	AugmentedAEO	10	500	1099	101	1200	8.86823e-213	1.5076e-210	1	1	better
mealpy	OriginalWOA	10	500	1068	132	1200	9.42885e-183	1.39547e-180	1	1	better
mealpy	SADE	10	500	1155	45	1200	8.01255e-280	2.00314e-277	1	1	better
mealpy	OriginalBRO	10	500	234	966	1200	1	1	3.02285e-106	8.28262e-104	worse
mealpy	OriginalSSpiderO	10	500	477	723	1200	1	1	6.37531e-13	1.58745e-10	worse
mealpy	ProbBeesA	10	500	319	881	1200	1	1	1.44166e-61	3.73389e-59	worse
mealpy	OriginalFA	10	500	519	681	1200	0.999999	1	1.62492e-06	0.000401356	worse
mealpy	OriginalCSA	10	500	313	887	1200	1	1	2.98337e-64	7.7866e-62	worse
mealpy	OriginalALO	10	500	1066	134	1200	6.04339e-181	8.76292e-179	1	1	better
mealpy	OriginalDO	10	500	201	999	1200	1	1	7.23426e-128	2.03283e-125	worse
mealpy	OriginalCHIO	10	500	565	635	1200	0.97982	1	0.0231708	1	not shown
mealpy	OriginalBSA	10	500	1130	70	1200	2.31531e-247	4.51485e-245	1	1	better
mealpy	LevyEP	10	500	1152	48	1200	1.18991e-275	2.86768e-273	1	1	better
mealpy	OriginalICA	10	500	698	17	715	4.60377e-182	6.72151e-180	1	1	better
mealpy	ImprovedLCO	10	500	1044	156	1200	5.43514e-162	7.17438e-160	1	1	better
mealpy	OriginalMFO	10	500	195	1005	1200	1	1	4.32009e-132	1.21826e-129	worse
mealpy	ImprovedAEO	10	500	1089	111	1200	1.1827e-202	1.89232e-200	1	1	better
mealpy	OriginalVCS	10	500	934	266	1200	1.11378e-87	1.08037e-85	1	1	better
mealpy	AdaptiveBA	10	500	126	1074	1200	1	1	2.91616e-188	8.36937e-186	worse
mealpy	MultiGA	10	500	1121	79	1200	9.10264e-237	1.69309e-234	1	1	better
mealpy	OriginalES	10	500	1141	59	1200	4.86568e-261	1.05099e-258	1	1	better
mealpy	LevyES	10	500	1186	14	1200	0	0	1	1	better
mealpy	OriginalEP	10	500	466	734	1200	1	1	4.99197e-15	1.25298e-12	worse
mealpy	BaseSMA	10	500	1028	172	1200	3.44768e-149	4.34407e-147	1	1	better
mealpy	OriginalPSO	10	500	226	974	1200	1	1	3.0191e-111	8.33272e-109	worse
mealpy	FBUDGETSHADE	10	500	1161	39	1200	1.9329e-288	5.0642e-286	1	1	better
mealpy	OriginalFOA	10	500	248	952	1200	1	1	7.57781e-98	2.03843e-95	worse
mealpy	BaseQSA	10	500	1169	31	1200	1.39804e-300	3.81666e-298	1	1	better
mealpy	BaseMFO	10	500	1101	99	1200	7.37961e-215	1.27667e-212	1	1	better
mealpy	BaseDE	10	500	1147	53	1200	6.98302e-269	1.6061e-266	1	1	better
mealpy	WhaleFOA	10	500	285	915	1200	1	1	1.1069e-77	2.91114e-75	worse
Baselines	DE	10	500	1144	56	1200	6.33725e-265	4.43608e-264	1	1	better
Baselines	RCobyla	10	500	1057	143	1200	5.42881e-173	2.7144e-172	1	1	better
Baselines	PSO	10	500	99	1101	1200	1	1	7.37961e-215	8.11757e-214	worse
Baselines	DiagonalCMA	10	500	1160	40	1200	5.61541e-287	5.05387e-286	1	1	better
Baselines	modcma	10	500	1177	23	1200	1.2277e-313	1.35047e-312	1	1	better
Baselines	modde	10	500	1115	85	1200	5.6952e-230	3.41712e-229	1	1	better
Baselines	OnePlusOne	10	500	1000	200	1200	1.45191e-128	4.35573e-128	1	1	better
Baselines	Powell	10	500	1020	180	1200	4.49503e-143	1.79801e-142	1	1	better
Baselines	MultiBFGS	10	500	945	255	1200	8.24481e-94	1.64896e-93	1	1	better
Baselines	lshade	10	500	1151	49	1200	2.80013e-274	2.24011e-273	1	1	better
Baselines	bipop	10	500	1171	29	1200	9.47285e-304	9.47285e-303	1	1	better
EVOLOPY	DE	10	1000	1144	56	1200	6.33725e-265	1.36251e-262	1	1	better
EVOLOPY	JAYA	10	1000	1073	127	1200	2.46901e-187	3.62944e-185	1	1	better
EVOLOPY	PSO	10	1000	1121	79	1200	9.10264e-237	1.70219e-234	1	1	better
EVOLOPY	WOA	10	1000	1090	110	1200	1.20305e-203	1.90081e-201	1	1	better
EVOLOPY	FFA	10	1000	1150	50	1200	6.45201e-273	1.44525e-270	1	1	better
EVOLOPY	BAT	10	1000	497	703	1200	1	1	1.4966e-09	3.6966e-07	worse
EVOLOPY	MVO	10	1000	1162	38	1200	6.48141e-290	1.60091e-287	1	1	better
EVOLOPY	HHO	10	1000	776	424	1200	9.28723e-25	7.33691e-23	1	1	better
EVOLOPY	SCA	10	1000	1078	122	1200	5.19199e-192	7.8399e-190	1	1	better
EVOLOPY	GA	10	1000	898	35	933	6.41836e-218	1.05903e-215	1	1	better
EVOLOPY	MFO	10	1000	1118	82	1200	2.4142e-233	4.3697e-231	1	1	better
EVOLOPY	CS	10	1000	1171	29	1200	9.47285e-304	2.5103e-301	1	1	better
EVOLOPY	GWO	10	1000	1160	40	1200	5.61541e-287	1.35893e-284	1	1	better
EVOLOPY	SSA	10	1000	1018	182	1200	1.42224e-141	1.70669e-139	1	1	better
NIAPY	DynamicFireworksAlgorithm	10	1000	1170	30	1200	3.70089e-302	9.73333e-300	1	1	better
NIAPY	HarmonySearch	10	1000	1123	77	1200	4.44251e-239	8.4852e-237	1	1	better
NIAPY	EvolutionStrategyMp1	10	1000	1151	49	1200	2.80013e-274	6.3283e-272	1	1	better
NIAPY	MonarchButterflyOptimization	10	1000	665	535	1200	9.67899e-05	0.00648492	0.999923	1	better
NIAPY	CenterParticleSwarmOptimization	10	1000	1130	70	1200	2.31531e-247	4.60746e-245	1	1	better
NIAPY	DynNpDifferentialEvolution	10	1000	1012	188	1200	3.86183e-137	4.47973e-135	1	1	better
NIAPY	CamelAlgorithm	10	1000	1060	140	1200	1.30393e-175	1.78638e-173	1	1	better
NIAPY	BatAlgorithm	10	1000	883	317	1200	1.86884e-62	1.6072e-60	1	1	better
NIAPY	GlowwormSwarmOptimization	10	1000	296	904	1200	1	1	3.17035e-72	8.33801e-70	worse
NIAPY	BareBonesFireworksAlgorithm	10	1000	1029	171	1200	5.75507e-150	7.25139e-148	1	1	better
NIAPY	CuckooSearch	10	1000	1189	11	1200	0	0	1	1	better
NIAPY	GeneticAlgorithm	10	1000	598	602	1200	0.557379	1	0.465496	1	not shown
NIAPY	ParticleSwarmAlgorithm	10	1000	1183	17	1200	0	0	1	1	better
NIAPY	MonkeyKingEvolutionV3	10	1000	983	217	1200	4.71472e-117	5.0919e-115	1	1	better
NIAPY	MonkeyKingEvolutionV2	10	1000	1149	51	1200	1.45624e-271	3.23286e-269	1	1	better
NIAPY	SineCosineAlgorithm	10	1000	4	1196	1200	1	1	0	0	worse
NIAPY	EvolutionStrategy1p1	10	1000	941	259	1200	1.49713e-91	1.48216e-89	1	1	better
NIAPY	HarrisHawksOptimization	10	1000	1146	54	1200	1.48466e-267	3.22172e-265	1	1	better
NIAPY	ParticleSwarmOptimization	10	1000	646	554	1200	0.00429414	0.283413	0.996383	1	not shown
NIAPY	ForestOptimizationAlgorithm	10	1000	1138	62	1200	3.18606e-257	6.49955e-255	1	1	better
NIAPY	EnhancedFireworksAlgorithm	10	1000	1161	39	1200	1.9329e-288	4.75494e-286	1	1	better
NIAPY	MultiStrategyDifferentialEvolution	10	1000	1121	79	1200	9.10264e-237	1.70219e-234	1	1	better
NIAPY	MutatedParticleSwarmOptimization	10	1000	1140	60	1200	9.26188e-260	1.93573e-257	1	1	better
NIAPY	ComprehensiveLearningParticleSwarmOptimizer	10	1000	1178	22	1200	2.39493e-315	6.58607e-313	1	1	better
NIAPY	KrillHerd	10	1000	210	990	1200	1	1	1.05013e-121	2.88786e-119	worse
NIAPY	FishSchoolSearch	10	1000	1042	158	1200	2.39201e-160	3.10961e-158	1	1	better
NIAPY	MutatedCenterUnifiedParticleSwarmOptimization	10	1000	1158	42	1200	4.39231e-284	1.03658e-281	1	1	better
NIAPY	MutatedCenterParticleSwarmOptimization	10	1000	1141	59	1200	4.86568e-261	1.02179e-258	1	1	better
NIAPY	GlowwormSwarmOptimizationV2	10	1000	284	916	1200	1	1	3.43685e-78	9.10766e-76	worse
NIAPY	CatSwarmOptimization	10	1000	1156	44	1200	3.11617e-281	7.26067e-279	1	1	better
NIAPY	DifferentialEvolution	10	1000	1108	92	1200	2.73197e-222	4.67167e-220	1	1	better
NIAPY	FireworksAlgorithm	10	1000	1164	36	1200	6.71935e-293	1.67312e-290	1	1	better
NIAPY	MothFlameOptimizer	10	1000	180	1020	1200	1	1	4.49503e-143	1.2631e-140	worse
NIAPY	DynNpMultiStrategyDifferentialEvolution	10	1000	1127	73	1200	8.95539e-244	1.77317e-241	1	1	better
NIAPY	EvolutionStrategyML	10	1000	1117	83	1200	3.25527e-232	5.85948e-230	1	1	better
NIAPY	GreyWolfOptimizer	10	1000	1161	39	1200	1.9329e-288	4.75494e-286	1	1	better
NIAPY	HarmonySearchV1	10	1000	1102	98	1200	6.62242e-216	1.07945e-213	1	1	better
NIAPY	BeesAlgorithm	10	1000	1125	75	1200	2.05178e-241	4.00098e-239	1	1	better
NIAPY	GlowwormSwarmOptimizationV1	10	1000	272	928	1200	1	1	1.92148e-84	5.16879e-82	worse
NIAPY	GlowwormSwarmOptimizationV3	10	1000	291	909	1200	1	1	1.12235e-74	2.963e-72	worse
NIAPY	LionOptimizationAlgorithm	10	1000	1147	53	1200	6.98302e-269	1.52928e-266	1	1	better
NIAPY	ArtificialBeeColonyAlgorithm	10	1000	1170	30	1200	3.70089e-302	9.73333e-300	1	1	better
NIAPY	AgingNpDifferentialEvolution	10	1000	841	359	1200	2.45487e-45	2.01299e-43	1	1	better
NIAPY	OppositionVelocityClampingParticleSwarmOptimization	10	1000	562	638	1200	0.986906	1	0.0151702	1	not shown
NIAPY	CoralReefsOptimization	10	1000	200	1000	1200	1	1	1.45191e-128	4.03631e-126	worse
NIAPY	BacterialForagingOptimization	10	1000	585	615	1200	0.814575	1	0.201257	1	not shown
NIAPY	DynamicFireworksAlgorithmGauss	10	1000	1166	34	1200	6.22133e-296	1.574e-293	1	1	better
NIAPY	ClonalSelectionAlgorithm	10	1000	93	1107	1200	1	1	3.25833e-221	9.38399e-219	worse
NIAPY	GravitationalSearchAlgorithm	10	1000	305	895	1200	1	1	6.1796e-68	1.6067e-65	worse
NIAPY	MonkeyKingEvolutionV1	10	1000	1105	95	1200	4.47688e-219	7.52115e-217	1	1	better
NIAPY	EvolutionStrategyMpL	10	1000	1157	43	1200	1.18396e-282	2.7823e-280	1	1	better
NIAPY	FireflyAlgorithm	10	1000	1119	81	1200	1.76729e-234	3.23415e-232	1	1	better
NIAPY	FlowerPollinationAlgorithm	10	1000	1176	24	1200	6.02618e-312	1.64515e-309	1	1	better
OPYTIMIZER	SA	10	1000	1040	160	1200	1.02258e-158	1.31912e-156	1	1	better
OPYTIMIZER	GOGHS	10	1000	1074	126	1200	2.91616e-188	4.34507e-186	1	1	better
OPYTIMIZER	QSA	10	1000	1186	14	1200	0	0	1	1	better
OPYTIMIZER	SGHS	10	1000	1022	178	1200	1.38412e-144	1.67478e-142	1	1	better
OPYTIMIZER	DE	10	1000	1173	27	1200	5.58515e-307	1.49124e-304	1	1	better
OPYTIMIZER	RFO	10	1000	1161	39	1200	1.9329e-288	4.75494e-286	1	1	better
OPYTIMIZER	PPA	10	1000	932	268	1200	1.3616e-86	1.32076e-84	1	1	better
OPYTIMIZER	EHO	10	1000	1125	75	1200	2.05178e-241	4.00098e-239	1	1	better
OPYTIMIZER	AEO	10	1000	1189	11	1200	0	0	1	1	better
OPYTIMIZER	ABO	10	1000	1183	17	1200	0	0	1	1	better
OPYTIMIZER	GHS	10	1000	965	235	1200	1.24469e-105	1.29448e-103	1	1	better
OPYTIMIZER	PVS	10	1000	746	454	1200	1.5609e-17	1.15506e-15	1	1	better
OPYTIMIZER	BWO	10	1000	1074	126	1200	2.91616e-188	4.34507e-186	1	1	better
OPYTIMIZER	PSO	10	1000	1159	41	1200	1.59022e-285	3.78472e-283	1	1	better
OPYTIMIZER	BSO	10	1000	1015	185	1200	2.41176e-139	2.84588e-137	1	1	better
OPYTIMIZER	CSA	10	1000	766	434	1200	3.39645e-22	2.61527e-20	1	1	better
OPYTIMIZER	SSO	10	1000	973	227	1200	1.29755e-110	1.3754e-108	1	1	better
OPYTIMIZER	WOA	10	1000	1122	78	1200	6.40261e-238	1.21009e-235	1	1	better
OPYTIMIZER	BA	10	1000	861	339	1200	4.26712e-53	3.54171e-51	1	1	better
OPYTIMIZER	HS	10	1000	985	215	1200	2.27282e-118	2.47738e-116	1	1	better
OPYTIMIZER	JS	10	1000	943	257	1200	1.12204e-92	1.12204e-90	1	1	better
OPYTIMIZER	SOS	10	1000	1196	4	1200	0	0	1	1	better
OPYTIMIZER	GS	10	1000	7	1193	1200	1	1	0	0	worse
OPYTIMIZER	EFO	10	1000	1108	92	1200	2.73197e-222	4.67167e-220	1	1	better
OPYTIMIZER	GSA	10	1000	206	994	1200	1	1	2.0326e-124	5.60998e-122	worse
OPYTIMIZER	ESA	10	1000	577	623	1200	0.912586	1	0.0969548	1	not shown
OPYTIMIZER	BOA	10	1000	52	505	557	1	1	1.52679e-94	4.15286e-92	worse
OPYTIMIZER	HC	10	1000	142	1058	1200	1	1	7.32854e-174	2.08131e-171	worse
OPYTIMIZER	ABC	10	1000	1003	167	1170	4.73737e-146	5.77959e-144	1	1	better
OPYTIMIZER	RRA	10	1000	1064	136	1200	3.74597e-179	5.31928e-177	1	1	better
OPYTIMIZER	NDS	10	1000	7	1193	1200	1	1	0	0	worse
OPYTIMIZER	NBJS	10	1000	917	283	1200	1.06223e-78	9.98494e-77	1	1	better
OPYTIMIZER	SSD	10	1000	302	898	1200	1	1	2.38936e-69	6.23622e-67	worse
OPYTIMIZER	CEM	10	1000	599	601	1200	0.534504	1	0.488486	1	not shown
OPYTIMIZER	AOA	10	1000	669	531	1200	3.76496e-05	0.00256017	0.999971	1	better
OPYTIMIZER	MRFO	10	1000	1176	24	1200	6.02618e-312	1.64515e-309	1	1	better
OPYTIMIZER	ASO	10	1000	81	1119	1200	1	1	1.76729e-234	5.12515e-232	worse
OPYTIMIZER	SFO	10	1000	593	607	1200	0.667488	1	0.353735	1	not shown
OPYTIMIZER	IHS	10	1000	969	231	1200	4.19434e-108	4.40405e-106	1	1	better
OPYTIMIZER	COA	10	1000	1182	18	1200	2.17389e-322	6.15211e-320	1	1	better
OPYTIMIZER	GOA	10	1000	1147	53	1200	6.98302e-269	1.52928e-266	1	1	better
OPYTIMIZER	STOA	10	1000	129	1071	1200	1	1	1.72403e-185	4.91348e-183	worse
OPYTIMIZER	MVPA	10	1000	920	280	1200	3.05041e-80	2.9284e-78	1	1	better
OPYTIMIZER	ES	10	1000	1136	64	1200	1.02444e-254	2.05913e-252	1	1	better
OPYTIMIZER	AIWPSO	10	1000	1125	75	1200	2.05178e-241	4.00098e-239	1	1	better
OPYTIMIZER	ISA	10	1000	200	1000	1200	1	1	1.45191e-128	4.03631e-126	worse
OPYTIMIZER	EO	10	1000	1197	3	1200	0	0	1	1	better
OPYTIMIZER	AF	10	1000	39	997	1036	1	1	1.33387e-241	3.88155e-239	worse
OPYTIMIZER	DOA	10	1000	1170	30	1200	3.70089e-302	9.73333e-300	1	1	better
OPYTIMIZER	PIO	10	1000	731	469	1200	1.95265e-14	1.42544e-12	1	1	better
OPYTIMIZER	HHO	10	1000	1150	50	1200	6.45201e-273	1.44525e-270	1	1	better
OPYTIMIZER	BSA	10	1000	1089	111	1200	1.1827e-202	1.83318e-200	1	1	better
OPYTIMIZER	TEO	10	1000	741	432	1173	7.46395e-20	5.6726e-18	1	1	better
OPYTIMIZER	FA	10	1000	126	1074	1200	1	1	2.91616e-188	8.34021e-186	worse
OPYTIMIZER	WWO	10	1000	1183	17	1200	0	0	1	1	better
OPYTIMIZER	IWO	10	1000	983	217	1200	4.71472e-117	5.0919e-115	1	1	better
OPYTIMIZER	KH	10	1000	1126	74	1200	1.36526e-242	2.68956e-240	1	1	better
OPYTIMIZER	FOA	10	1000	1159	41	1200	1.59022e-285	3.78472e-283	1	1	better
OPYTIMIZER	RPSO	10	1000	1166	34	1200	6.22133e-296	1.574e-293	1	1	better
OPYTIMIZER	SCA	10	1000	462	738	1200	1	1	7.717e-16	1.9524e-13	worse
OPYTIMIZER	OSA	10	1000	492	708	1200	1	1	2.44059e-10	6.05267e-08	worse
OPYTIMIZER	WDO	10	1000	277	923	1200	1	1	8.4014e-82	2.25158e-79	worse
OPYTIMIZER	LSA	10	1000	1184	16	1200	0	0	1	1	better
OPYTIMIZER	VPSO	10	1000	1170	30	1200	3.70089e-302	9.73333e-300	1	1	better
OPYTIMIZER	SBO	10	1000	1094	106	1200	1.1649e-207	1.8522e-205	1	1	better
OPYTIMIZER	GA	10	1000	1193	7	1200	0	0	1	1	better
OPYTIMIZER	MFO	10	1000	954	246	1200	5.08757e-99	5.18932e-97	1	1	better
OPYTIMIZER	CS	10	1000	1192	8	1200	0	0	1	1	better
OPYTIMIZER	FSO	10	1000	617	583	1200	0.170391	1	0.84384	1	not shown
OPYTIMIZER	NGHS	10	1000	919	281	1200	1.00074e-79	9.50703e-78	1	1	better
OPYTIMIZER	GCO	10	1000	1137	63	1200	5.76077e-256	1.16368e-253	1	1	better
OPYTIMIZER	TWO	10	1000	1143	57	1200	1.27312e-263	2.72448e-261	1	1	better
OPYTIMIZER	WEO	10	1000	1173	27	1200	5.58515e-307	1.49124e-304	1	1	better
OPYTIMIZER	GWO	10	1000	1089	111	1200	1.1827e-202	1.83318e-200	1	1	better
OPYTIMIZER	SAVPSO	10	1000	1182	18	1200	2.17389e-322	6.15211e-320	1	1	better
OPYTIMIZER	FFOA	10	1000	263	937	1200	1	1	2.51321e-89	6.81081e-87	worse
OPYTIMIZER	AIG	10	1000	1193	7	1200	0	0	1	1	better
OPYTIMIZER	BH	10	1000	957	243	1200	8.51803e-101	8.77357e-99	1	1	better
OPYTIMIZER	CI	10	1000	453	184	637	2.03346e-27	1.62677e-25	1	1	better
OPYTIMIZER	SSA	10	1000	1171	29	1200	9.47285e-304	2.5103e-301	1	1	better
OPYTIMIZER	AO	10	1000	596	604	1200	0.602487	1	0.419935	1	not shown
OPYTIMIZER	MVO	10	1000	287	15	302	1.10208e-66	9.80849e-65	1	1	better
mealpy	LevyTWO	10	1000	1058	142	1200	7.32854e-174	9.96682e-172	1	1	better
mealpy	OriginalTLO	10	1000	1149	51	1200	1.45624e-271	3.23286e-269	1	1	better
mealpy	GWO	10	1000	1007	193	1200	1.60853e-133	1.83373e-131	1	1	better
mealpy	OriginalBBO	10	1000	1101	99	1200	7.37961e-215	1.18812e-212	1	1	better
mealpy	ABFO	10	1000	511	674	1185	0.999999	1	1.21995e-06	0.000300108	worse
mealpy	OriginalWHO	10	1000	1142	58	1200	2.51136e-262	5.32408e-260	1	1	better
mealpy	OriginalFFA	10	1000	541	659	1200	0.999707	1	0.000362497	0.0888118	not shown
mealpy	BaseSARO	10	1000	1182	18	1200	2.17389e-322	6.15211e-320	1	1	better
mealpy	OriginalSMA	10	1000	718	482	1200	5.03935e-12	3.57794e-10	1	1	better
mealpy	SingleGA	10	1000	1083	117	1200	8.69881e-197	1.32222e-194	1	1	better
mealpy	OriginalSSDO	10	1000	593	607	1200	0.667488	1	0.353735	1	not shown
mealpy	OriginalFPA	10	1000	1174	26	1200	1.28335e-308	3.46504e-306	1	1	better
mealpy	OriginalSSO	10	1000	597	603	1200	0.580065	1	0.442621	1	not shown
mealpy	OriginalMA	10	1000	700	500	1200	4.26768e-09	2.9447e-07	1	1	better
mealpy	OriginalCEM	10	1000	892	308	1200	1.53645e-66	1.35208e-64	1	1	better
mealpy	OCRO	10	1000	1117	83	1200	3.25527e-232	5.85948e-230	1	1	better
mealpy	OriginalBA	10	1000	12	1188	1200	1	1	0	0	worse
mealpy	OriginalAEO	10	1000	1126	74	1200	1.36526e-242	2.68956e-240	1	1	better
mealpy	OriginalBSO	10	1000	1149	51	1200	1.45624e-271	3.23286e-269	1	1	better
mealpy	OriginalBFO	10	1000	72	1128	1200	1	1	5.78976e-245	1.69061e-242	worse
mealpy	ImprovedSLO	10	1000	1028	172	1200	3.44768e-149	4.3096e-147	1	1	better
mealpy	OriginalLCO	10	1000	1016	184	1200	4.38528e-140	5.21848e-138	1	1	better
mealpy	OriginalHGS	10	1000	1030	170	1200	9.54162e-151	1.21179e-148	1	1	better
mealpy	BaseALO	10	1000	1047	153	1200	1.76165e-164	2.32538e-162	1	1	better
mealpy	CPSO	10	1000	720	480	1200	2.22673e-12	1.60325e-10	1	1	better
mealpy	OriginalEO	10	1000	1160	40	1200	5.61541e-287	1.35893e-284	1	1	better
mealpy	DE	10	1000	398	802	1200	1	1	3.6667e-32	9.38676e-30	worse
mealpy	ModifiedBA	10	1000	1010	190	1200	1.10347e-135	1.26899e-133	1	1	better
mealpy	BaseTLO	10	1000	1140	60	1200	9.26188e-260	1.93573e-257	1	1	better
mealpy	OriginalPFA	10	1000	380	820	1200	1	1	6.29001e-38	1.62282e-35	worse
mealpy	BaseFOA	10	1000	298	902	1200	1	1	2.93685e-71	7.69454e-69	worse
mealpy	OriginalGBO	10	1000	1154	46	1200	2.01373e-278	4.63158e-276	1	1	better
mealpy	TVAC	10	1000	1165	35	1200	2.07448e-294	5.18619e-292	1	1	better
mealpy	BaseFBIO	10	1000	1174	26	1200	1.28335e-308	3.46504e-306	1	1	better
mealpy	ImprovedBSO	10	1000	1119	81	1200	1.76729e-234	3.23415e-232	1	1	better
mealpy	OriginalAO	10	1000	279	921	1200	1	1	9.25507e-81	2.46185e-78	worse
mealpy	BaseGSKA	10	1000	1146	54	1200	1.48466e-267	3.22172e-265	1	1	better
mealpy	BaseLCO	10	1000	1061	139	1200	1.71844e-176	2.37145e-174	1	1	better
mealpy	OriginalSSpiderA	10	1000	483	717	1200	1	1	7.54242e-12	1.87806e-09	worse
mealpy	BaseHS	10	1000	1115	85	1200	5.6952e-230	1.00235e-227	1	1	better
mealpy	AdaptiveEO	10	1000	1160	40	1200	5.61541e-287	1.35893e-284	1	1	better
mealpy	OriginalWCA	10	1000	734	54	788	1.15716e-153	1.48116e-151	1	1	better
mealpy	OriginalMRFO	10	1000	1138	62	1200	3.18606e-257	6.49955e-255	1	1	better
mealpy	OriginalEOA	10	1000	994	206	1200	2.0326e-124	2.29684e-122	1	1	better
mealpy	OriginalABC	10	1000	1121	79	1200	9.10264e-237	1.70219e-234	1	1	better
mealpy	ModifiedAEO	10	1000	1115	85	1200	5.6952e-230	1.00235e-227	1	1	better
mealpy	OriginalSFO	10	1000	712	488	1200	5.38373e-11	3.76861e-09	1	1	better
mealpy	BaseBBO	10	1000	1090	110	1200	1.20305e-203	1.90081e-201	1	1	better
mealpy	OriginalNMRA	10	1000	1156	44	1200	3.11617e-281	7.26067e-279	1	1	better
mealpy	OriginalACOR	10	1000	1090	110	1200	1.20305e-203	1.90081e-201	1	1	better
mealpy	ImprovedSFO	10	1000	834	366	1200	8.75975e-43	7.0954e-41	1	1	better
mealpy	OriginalCRO	10	1000	1089	111	1200	1.1827e-202	1.83318e-200	1	1	better
mealpy	LevyJA	10	1000	1143	57	1200	1.27312e-263	2.72448e-261	1	1	better
mealpy	OriginalHS	10	1000	1139	61	1200	1.7326e-258	3.58647e-256	1	1	better
mealpy	OriginalCSO	10	1000	477	723	1200	1	1	6.37531e-13	1.6002e-10	worse
mealpy	OriginalCOA	10	1000	1105	95	1200	4.47688e-219	7.52115e-217	1	1	better
mealpy	LevyQSA	10	1000	1183	17	1200	0	0	1	1	better
mealpy	OppoQSA	10	1000	1167	33	1200	1.81091e-297	4.61783e-295	1	1	better
mealpy	BaseBRO	10	1000	646	554	1200	0.00429414	0.283413	0.996383	1	not shown
mealpy	OriginalSLO	10	1000	954	246	1200	5.08757e-99	5.18932e-97	1	1	better
mealpy	OriginalMVO	10	1000	1139	61	1200	1.7326e-258	3.58647e-256	1	1	better
mealpy	CLPSO	10	1000	1168	32	1200	5.11183e-299	1.31374e-296	1	1	better
mealpy	OriginalNRO	10	1000	1174	26	1200	1.28335e-308	3.46504e-306	1	1	better
mealpy	BaseSCA	10	1000	1063	137	1200	2.91281e-178	4.04881e-176	1	1	better
mealpy	BaseGCO	10	1000	1105	95	1200	4.47688e-219	7.52115e-217	1	1	better
mealpy	OriginalArchOA	10	1000	1064	136	1200	3.74597e-179	5.31928e-177	1	1	better
mealpy	SwarmHC	10	1000	1066	134	1200	6.04339e-181	8.70249e-179	1	1	better
mealpy	ImprovedTLO	10	1000	906	294	1200	3.36178e-73	3.12645e-71	1	1	better
mealpy	OriginalMSA	10	1000	1176	24	1200	6.02618e-312	1.64515e-309	1	1	better
mealpy	WOA	10	1000	1068	132	1200	9.42885e-183	1.36718e-180	1	1	better
mealpy	OriginalIWO	10	1000	1123	77	1200	4.44251e-239	8.4852e-237	1	1	better
mealpy	BaseGA	10	1000	1121	79	1200	9.10264e-237	1.70219e-234	1	1	better
mealpy	ModifiedEO	10	1000	1181	19	1200	1.34336e-320	3.76142e-318	1	1	better
mealpy	ImprovedNMRA	10	1000	1065	135	1200	4.7778e-180	6.83226e-178	1	1	better
mealpy	BaseCHIO	10	1000	264	936	1200	1	1	8.9369e-89	2.41296e-86	worse
mealpy	OriginalHHO	10	1000	994	206	1200	2.0326e-124	2.29684e-122	1	1	better
mealpy	OriginalGWO	10	1000	1112	88	1200	1.19957e-226	2.07526e-224	1	1	better
mealpy	ImprovedQSA	10	1000	1167	33	1200	1.81091e-297	4.61783e-295	1	1	better
mealpy	OriginalFBIO	10	1000	1179	21	1200	4.465e-317	1.2368e-314	1	1	better
mealpy	OriginalBeesA	10	1000	904	296	1200	3.17035e-72	2.91672e-70	1	1	better
mealpy	BaseEFO	10	1000	1161	39	1200	1.9329e-288	4.75494e-286	1	1	better
mealpy	OriginalSA	10	1000	1151	49	1200	2.80013e-274	6.3283e-272	1	1	better
mealpy	OriginalHC	10	1000	172	1028	1200	1	1	3.44768e-149	9.72245e-147	worse
mealpy	OriginalSHO	10	1000	767	433	1200	1.91304e-22	1.49217e-20	1	1	better
mealpy	JADE	10	1000	1168	32	1200	5.11183e-299	1.31374e-296	1	1	better
mealpy	OriginalCA	10	1000	862	338	1200	1.67372e-53	1.40592e-51	1	1	better
mealpy	EnhancedTWO	10	1000	1135	65	1200	1.79217e-253	3.58435e-251	1	1	better
mealpy	BaseSSA	10	1000	1013	187	1200	7.15683e-138	8.37349e-136	1	1	better
mealpy	OriginalAOA	10	1000	188	1012	1200	1	1	3.86183e-137	1.07745e-134	worse
mealpy	OriginalQSA	10	1000	1169	31	1200	1.39804e-300	3.62093e-298	1	1	better
mealpy	OriginalGOA	10	1000	1153	47	1200	4.94899e-277	1.12837e-274	1	1	better
mealpy	EnhancedAEO	10	1000	1110	90	1200	1.85408e-224	3.18902e-222	1	1	better
mealpy	OriginalGSKA	10	1000	1139	61	1200	1.7326e-258	3.58647e-256	1	1	better
mealpy	PPSO	10	1000	1070	130	1200	1.42202e-184	2.07615e-182	1	1	better
mealpy	OriginalCGO	10	1000	1117	83	1200	3.25527e-232	5.85948e-230	1	1	better
mealpy	OriginalHGSO	10	1000	751	449	1200	1.2169e-18	9.12676e-17	1	1	better
mealpy	OriginalSBO	10	1000	1124	76	1200	3.04026e-240	5.83731e-238	1	1	better
mealpy	OppoTWO	10	1000	989	211	1200	4.93479e-121	5.47762e-119	1	1	better
mealpy	OriginalASO	10	1000	100	1100	1200	1	1	8.13378e-214	2.3344e-211	worse
mealpy	ModifiedSLO	10	1000	1027	173	1200	2.05147e-148	2.54382e-146	1	1	better
mealpy	BaseVCS	10	1000	1166	34	1200	6.22133e-296	1.574e-293	1	1	better
mealpy	LSHADE	10	1000	1169	31	1200	1.39804e-300	3.62093e-298	1	1	better
mealpy	OriginalEFO	10	1000	889	311	1200	3.67341e-65	3.19587e-63	1	1	better
mealpy	OriginalJA	10	1000	624	576	1200	0.0874141	1	0.921408	1	not shown
mealpy	OriginalGCO	10	1000	1049	151	1200	3.71717e-166	4.94383e-164	1	1	better
mealpy	OriginalPSS	10	1000	1153	47	1200	4.94899e-277	1.12837e-274	1	1	better
mealpy	OriginalEHO	10	1000	904	296	1200	3.17035e-72	2.91672e-70	1	1	better
mealpy	OriginalSSA	10	1000	940	260	1200	5.42855e-91	5.31998e-89	1	1	better
mealpy	OriginalSCA	10	1000	1057	143	1200	5.42881e-173	7.2746e-171	1	1	better
mealpy	OriginalBES	10	1000	989	211	1200	4.93479e-121	5.47762e-119	1	1	better
mealpy	BaseSBO	10	1000	1103	97	1200	5.87757e-217	9.63922e-215	1	1	better
mealpy	BaseJA	10	1000	1108	92	1200	2.73197e-222	4.67167e-220	1	1	better
mealpy	OriginalSARO	10	1000	1177	23	1200	1.2277e-313	3.36391e-311	1	1	better
mealpy	OriginalSRSR	10	1000	1156	44	1200	3.11617e-281	7.26067e-279	1	1	better
mealpy	OriginalTWO	10	1000	1164	36	1200	6.71935e-293	1.67312e-290	1	1	better
mealpy	OriginalWDO	10	1000	471	729	1200	1	1	4.76478e-14	1.20073e-11	worse
mealpy	AugmentedAEO	10	1000	1102	98	1200	6.62242e-216	1.07945e-213	1	1	better
mealpy	OriginalWOA	10	1000	1047	153	1200	1.76165e-164	2.32538e-162	1	1	better
mealpy	SADE	10	1000	1160	40	1200	5.61541e-287	1.35893e-284	1	1	better
mealpy	OriginalBRO	10	1000	241	959	1200	1	1	5.43331e-102	1.48873e-99	worse
mealpy	OriginalSSpiderO	10	1000	438	762	1200	1	1	3.25632e-21	8.27106e-19	worse
mealpy	ProbBeesA	10	1000	393	807	1200	1	1	1.03744e-33	2.66623e-31	worse
mealpy	OriginalFA	10	1000	863	337	1200	6.53804e-54	5.55733e-52	1	1	better
mealpy	OriginalCSA	10	1000	313	887	1200	1	1	2.98337e-64	7.72693e-62	worse
mealpy	OriginalALO	10	1000	1058	142	1200	7.32854e-174	9.96682e-172	1	1	better
mealpy	OriginalDO	10	1000	482	718	1200	1	1	5.03935e-12	1.25984e-09	worse
mealpy	OriginalCHIO	10	1000	573	627	1200	0.943843	1	0.0629934	1	not shown
mealpy	OriginalBSA	10	1000	1122	78	1200	6.40261e-238	1.21009e-235	1	1	better
mealpy	LevyEP	10	1000	1157	43	1200	1.18396e-282	2.7823e-280	1	1	better
mealpy	OriginalICA	10	1000	696	19	715	6.56877e-179	9.19628e-177	1	1	better
mealpy	ImprovedLCO	10	1000	1027	173	1200	2.05147e-148	2.54382e-146	1	1	better
mealpy	OriginalMFO	10	1000	182	1018	1200	1	1	1.42224e-141	3.98227e-139	worse
mealpy	ImprovedAEO	10	1000	1075	125	1200	3.414e-189	5.121e-187	1	1	better
mealpy	OriginalVCS	10	1000	895	305	1200	6.1796e-68	5.56164e-66	1	1	better
mealpy	AdaptiveBA	10	1000	89	1111	1200	1	1	1.50037e-225	4.33608e-223	worse
mealpy	MultiGA	10	1000	1096	104	1200	1.07796e-209	1.72473e-207	1	1	better
mealpy	OriginalES	10	1000	1142	58	1200	2.51136e-262	5.32408e-260	1	1	better
mealpy	LevyES	10	1000	1180	20	1200	7.93924e-319	2.20711e-316	1	1	better
mealpy	OriginalEP	10	1000	407	793	1200	1	1	1.77526e-29	4.52692e-27	worse
mealpy	BaseSMA	10	1000	1115	85	1200	5.6952e-230	1.00235e-227	1	1	better
mealpy	OriginalPSO	10	1000	164	1036	1200	1	1	1.71488e-155	4.8531e-153	worse
mealpy	FBUDGETSHADE	10	1000	1181	19	1200	1.34336e-320	3.76142e-318	1	1	better
mealpy	OriginalFOA	10	1000	252	948	1200	1	1	1.58218e-95	4.31935e-93	worse
mealpy	BaseQSA	10	1000	1179	21	1200	4.465e-317	1.2368e-314	1	1	better
mealpy	BaseMFO	10	1000	1117	83	1200	3.25527e-232	5.85948e-230	1	1	better
mealpy	BaseDE	10	1000	1154	46	1200	2.01373e-278	4.63158e-276	1	1	better
mealpy	WhaleFOA	10	1000	278	922	1200	1	1	2.79498e-81	7.4626e-79	worse
Baselines	DE	10	1000	1147	53	1200	6.98302e-269	4.88812e-268	1	1	better
Baselines	RCobyla	10	1000	1053	147	1200	1.51112e-169	7.55562e-169	1	1	better
Baselines	PSO	10	1000	79	1121	1200	1	1	9.10264e-237	1.00129e-235	worse
Baselines	DiagonalCMA	10	1000	1164	36	1200	6.71935e-293	6.04742e-292	1	1	better
Baselines	modcma	10	1000	1184	16	1200	0	0	1	1	better
Baselines	modde	10	1000	1125	75	1200	2.05178e-241	1.23107e-240	1	1	better
Baselines	OnePlusOne	10	1000	966	234	1200	3.02285e-106	9.06856e-106	1	1	better
Baselines	Powell	10	1000	1005	195	1200	4.32009e-132	1.72803e-131	1	1	better
Baselines	MultiBFGS	10	1000	965	235	1200	1.24469e-105	2.48938e-105	1	1	better
Baselines	lshade	10	1000	1151	49	1200	2.80013e-274	2.24011e-273	1	1	better
Baselines	bipop	10	1000	1176	24	1200	6.02618e-312	6.02618e-311	1	1	better
EVOLOPY	DE	10	5000	1118	82	1200	2.4142e-233	4.34556e-231	1	1	better
EVOLOPY	JAYA	10	5000	1030	170	1200	9.54162e-151	1.24995e-148	1	1	better
EVOLOPY	PSO	10	5000	1089	111	1200	1.1827e-202	1.89232e-200	1	1	better
EVOLOPY	WOA	10	5000	989	211	1200	4.93479e-121	5.8724e-119	1	1	better
EVOLOPY	FFA	10	5000	1160	40	1200	5.61541e-287	1.33085e-284	1	1	better
EVOLOPY	BAT	10	5000	582	618	1200	0.857264	1	0.15616	1	not shown
EVOLOPY	MVO	10	5000	1185	15	1200	0	0	1	1	better
EVOLOPY	HHO	10	5000	968	232	1200	1.75479e-107	1.93027e-105	1	1	better
EVOLOPY	SCA	10	5000	1074	126	1200	2.91616e-188	4.37423e-186	1	1	better
EVOLOPY	GA	10	5000	882	51	933	6.81773e-197	1.06357e-194	1	1	better
EVOLOPY	MFO	10	5000	1071	129	1200	1.72403e-185	2.53432e-183	1	1	better
EVOLOPY	CS	10	5000	1188	12	1200	0	0	1	1	better
EVOLOPY	GWO	10	5000	1130	70	1200	2.31531e-247	4.32963e-245	1	1	better
EVOLOPY	SSA	10	5000	1195	5	1200	0	0	1	1	better
NIAPY	DynamicFireworksAlgorithm	10	5000	1174	26	1200	1.28335e-308	3.27254e-306	1	1	better
NIAPY	HarmonySearch	10	5000	1146	54	1200	1.48466e-267	3.02872e-265	1	1	better
NIAPY	EvolutionStrategyMp1	10	5000	1161	39	1200	1.9329e-288	4.61963e-286	1	1	better
NIAPY	MonarchButterflyOptimization	10	5000	482	718	1200	1	1	5.03935e-12	1.23464e-09	worse
NIAPY	CenterParticleSwarmOptimization	10	5000	1133	67	1200	5.22672e-251	9.93076e-249	1	1	better
NIAPY	DynNpDifferentialEvolution	10	5000	915	285	1200	1.1069e-77	1.1069e-75	1	1	better
NIAPY	CamelAlgorithm	10	5000	1051	149	1200	7.61007e-168	1.0578e-165	1	1	better
NIAPY	BatAlgorithm	10	5000	815	385	1200	2.84225e-36	2.47276e-34	1	1	better
NIAPY	GlowwormSwarmOptimization	10	5000	208	992	1200	1	1	4.67395e-123	1.25262e-120	worse
NIAPY	BareBonesFireworksAlgorithm	10	5000	964	236	1200	5.09816e-105	5.50602e-103	1	1	better
NIAPY	CuckooSearch	10	5000	1199	1	1200	0	0	1	1	better
NIAPY	GeneticAlgorithm	10	5000	574	626	1200	0.937007	1	0.0704615	1	not shown
NIAPY	ParticleSwarmAlgorithm	10	5000	1178	22	1200	2.39493e-315	6.37053e-313	1	1	better
NIAPY	MonkeyKingEvolutionV3	10	5000	836	364	1200	1.66628e-43	1.48299e-41	1	1	better
NIAPY	MonkeyKingEvolutionV2	10	5000	1152	48	1200	1.18991e-275	2.5821e-273	1	1	better
NIAPY	SineCosineAlgorithm	10	5000	1	1199	1200	1	1	0	0	worse
NIAPY	EvolutionStrategy1p1	10	5000	921	279	1200	9.25507e-81	9.44017e-79	1	1	better
NIAPY	HarrisHawksOptimization	10	5000	1170	30	1200	3.70089e-302	9.2152e-300	1	1	better
NIAPY	ParticleSwarmOptimization	10	5000	580	620	1200	0.881714	1	0.130114	1	not shown
NIAPY	ForestOptimizationAlgorithm	10	5000	1156	44	1200	3.11617e-281	7.0737e-279	1	1	better
NIAPY	EnhancedFireworksAlgorithm	10	5000	1178	22	1200	2.39493e-315	6.37053e-313	1	1	better
NIAPY	MultiStrategyDifferentialEvolution	10	5000	1134	66	1200	3.08504e-252	5.92327e-250	1	1	better
NIAPY	MutatedParticleSwarmOptimization	10	5000	1154	46	1200	2.01373e-278	4.49062e-276	1	1	better
NIAPY	ComprehensiveLearningParticleSwarmOptimizer	10	5000	1183	17	1200	0	0	1	1	better
NIAPY	KrillHerd	10	5000	124	1076	1200	1	1	3.96144e-190	1.11713e-187	worse
NIAPY	FishSchoolSearch	10	5000	1079	121	1200	5.86366e-193	8.97139e-191	1	1	better
NIAPY	MutatedCenterUnifiedParticleSwarmOptimization	10	5000	1171	29	1200	9.47285e-304	2.38716e-301	1	1	better
NIAPY	MutatedCenterParticleSwarmOptimization	10	5000	1166	34	1200	6.22133e-296	1.53045e-293	1	1	better
NIAPY	GlowwormSwarmOptimizationV2	10	5000	204	996	1200	1	1	8.63517e-126	2.34013e-123	worse
NIAPY	CatSwarmOptimization	10	5000	1148	52	1200	3.2208e-270	6.69926e-268	1	1	better
NIAPY	DifferentialEvolution	10	5000	1152	48	1200	1.18991e-275	2.5821e-273	1	1	better
NIAPY	FireworksAlgorithm	10	5000	1169	31	1200	1.39804e-300	3.46714e-298	1	1	better
NIAPY	MothFlameOptimizer	10	5000	169	1031	1200	1	1	1.57118e-151	4.3836e-149	worse
NIAPY	DynNpMultiStrategyDifferentialEvolution	10	5000	1093	107	1200	1.19235e-206	1.96738e-204	1	1	better
NIAPY	EvolutionStrategyML	10	5000	1103	97	1200	5.87757e-217	9.99187e-215	1	1	better
NIAPY	GreyWolfOptimizer	10	5000	1159	41	1200	1.59022e-285	3.6893e-283	1	1	better
NIAPY	HarmonySearchV1	10	5000	1135	65	1200	1.79217e-253	3.47682e-251	1	1	better
NIAPY	BeesAlgorithm	10	5000	1046	154	1200	1.19923e-163	1.64294e-161	1	1	better
NIAPY	GlowwormSwarmOptimizationV1	10	5000	191	1009	1200	1	1	5.84353e-135	1.60113e-132	worse
NIAPY	GlowwormSwarmOptimizationV3	10	5000	199	1001	1200	1	1	2.8966e-129	7.87875e-127	worse
NIAPY	LionOptimizationAlgorithm	10	5000	1153	47	1200	4.94899e-277	1.09868e-274	1	1	better
NIAPY	ArtificialBeeColonyAlgorithm	10	5000	1183	17	1200	0	0	1	1	better
NIAPY	AgingNpDifferentialEvolution	10	5000	849	351	1200	2.34324e-48	2.13234e-46	1	1	better
NIAPY	OppositionVelocityClampingParticleSwarmOptimization	10	5000	460	740	1200	1	1	2.97168e-16	7.36976e-14	worse
NIAPY	CoralReefsOptimization	10	5000	187	1013	1200	1	1	7.15683e-138	1.96813e-135	worse
NIAPY	BacterialForagingOptimization	10	5000	1070	130	1200	1.42202e-184	2.07615e-182	1	1	better
NIAPY	DynamicFireworksAlgorithmGauss	10	5000	1176	24	1200	6.02618e-312	1.56078e-309	1	1	better
NIAPY	ClonalSelectionAlgorithm	10	5000	101	1099	1200	1	1	8.86823e-213	2.53632e-210	worse
NIAPY	GravitationalSearchAlgorithm	10	5000	197	1003	1200	1	1	1.13227e-130	3.09109e-128	worse
NIAPY	MonkeyKingEvolutionV1	10	5000	1135	65	1200	1.79217e-253	3.47682e-251	1	1	better
NIAPY	EvolutionStrategyMpL	10	5000	1164	36	1200	6.71935e-293	1.62608e-290	1	1	better
NIAPY	FireflyAlgorithm	10	5000	1160	40	1200	5.61541e-287	1.33085e-284	1	1	better
NIAPY	FlowerPollinationAlgorithm	10	5000	1182	18	1200	2.17389e-322	5.8695e-320	1	1	better
OPYTIMIZER	SA	10	5000	1065	135	1200	4.7778e-180	6.83226e-178	1	1	better
OPYTIMIZER	GOGHS	10	5000	1038	162	1200	4.24759e-157	5.60681e-155	1	1	better
OPYTIMIZER	QSA	10	5000	1193	7	1200	0	0	1	1	better
OPYTIMIZER	SGHS	10	5000	1029	171	1200	5.75507e-150	7.48159e-148	1	1	better
OPYTIMIZER	DE	10	5000	1151	49	1200	2.80013e-274	5.96429e-272	1	1	better
OPYTIMIZER	RFO	10	5000	1153	47	1200	4.94899e-277	1.09868e-274	1	1	better
OPYTIMIZER	PPA	10	5000	1081	119	1200	7.27584e-195	1.12776e-192	1	1	better
OPYTIMIZER	EHO	10	5000	1122	78	1200	6.40261e-238	1.17168e-235	1	1	better
OPYTIMIZER	AEO	10	5000	1183	17	1200	0	0	1	1	better
OPYTIMIZER	ABO	10	5000	1180	20	1200	7.93924e-319	2.11978e-316	1	1	better
OPYTIMIZER	GHS	10	5000	998	202	1200	3.58311e-127	4.33556e-125	1	1	better
OPYTIMIZER	PVS	10	5000	605	595	1200	0.397513	1	0.624577	1	not shown
OPYTIMIZER	BWO	10	5000	972	228	1200	5.54649e-110	6.21206e-108	1	1	better
OPYTIMIZER	PSO	10	5000	1134	66	1200	3.08504e-252	5.92327e-250	1	1	better
OPYTIMIZER	BSO	10	5000	944	256	1200	3.04908e-93	3.17104e-91	1	1	better
OPYTIMIZER	CSA	10	5000	754	446	1200	2.5239e-19	2.04436e-17	1	1	better
OPYTIMIZER	SSO	10	5000	786	414	1200	1.76914e-27	1.46839e-25	1	1	better
OPYTIMIZER	WOA	10	5000	1090	110	1200	1.20305e-203	1.96097e-201	1	1	better
OPYTIMIZER	BA	10	5000	755	445	1200	1.48348e-19	1.21646e-17	1	1	better
OPYTIMIZER	HS	10	5000	1026	174	1200	1.21249e-147	1.56411e-145	1	1	better
OPYTIMIZER	JS	10	5000	865	335	1200	9.85426e-55	9.16446e-53	1	1	better
OPYTIMIZER	SOS	10	5000	1195	5	1200	0	0	1	1	better
OPYTIMIZER	GS	10	5000	1	1199	1200	1	1	0	0	worse
OPYTIMIZER	EFO	10	5000	1080	120	1200	6.56188e-194	1.01053e-191	1	1	better
OPYTIMIZER	GSA	10	5000	165	1035	1200	1	1	1.07816e-154	3.02964e-152	worse
OPYTIMIZER	ESA	10	5000	462	738	1200	1	1	7.717e-16	1.9061e-13	worse
OPYTIMIZER	BOA	10	5000	35	522	557	1	1	9.40148e-113	2.5102e-110	worse
OPYTIMIZER	HC	10	5000	175	1025	1200	1	1	7.11841e-147	1.9718e-144	worse
OPYTIMIZER	ABC	10	5000	860	310	1170	1.57315e-60	1.49449e-58	1	1	better
OPYTIMIZER	RRA	10	5000	1021	179	1200	7.91361e-144	1.01294e-141	1	1	better
OPYTIMIZER	NDS	10	5000	1	1199	1200	1	1	0	0	worse
OPYTIMIZER	NBJS	10	5000	826	374	1200	5.72457e-40	5.03762e-38	1	1	better
OPYTIMIZER	SSD	10	5000	225	975	1200	1	1	6.98668e-112	1.85846e-109	worse
OPYTIMIZER	CEM	10	5000	427	773	1200	1	1	5.66537e-24	1.41634e-21	worse
OPYTIMIZER	AOA	10	5000	565	635	1200	0.97982	1	0.0231708	1	not shown
OPYTIMIZER	MRFO	10	5000	1193	7	1200	0	0	1	1	better
OPYTIMIZER	ASO	10	5000	68	1132	1200	1	1	8.71728e-250	2.52801e-247	worse
OPYTIMIZER	SFO	10	5000	401	799	1200	1	1	2.97706e-31	7.56174e-29	worse
OPYTIMIZER	IHS	10	5000	960	240	1200	1.36163e-102	1.44333e-100	1	1	better
OPYTIMIZER	COA	10	5000	1187	13	1200	0	0	1	1	better
OPYTIMIZER	GOA	10	5000	1142	58	1200	2.51136e-262	5.07294e-260	1	1	better
OPYTIMIZER	STOA	10	5000	119	1081	1200	1	1	7.27584e-195	2.06634e-192	worse
OPYTIMIZER	MVPA	10	5000	731	469	1200	1.95265e-14	1.52307e-12	1	1	better
OPYTIMIZER	ES	10	5000	1075	125	1200	3.414e-189	5.15514e-187	1	1	better
OPYTIMIZER	AIWPSO	10	5000	1065	135	1200	4.7778e-180	6.83226e-178	1	1	better
OPYTIMIZER	ISA	10	5000	174	1026	1200	1	1	1.21249e-147	3.37073e-145	worse
OPYTIMIZER	EO	10	5000	1184	16	1200	0	0	1	1	better
OPYTIMIZER	AF	10	5000	17	1019	1036	1	1	6.20793e-276	1.80651e-273	worse
OPYTIMIZER	DOA	10	5000	1182	18	1200	2.17389e-322	5.8695e-320	1	1	better
OPYTIMIZER	PIO	10	5000	527	673	1200	0.999989	1	1.39098e-05	0.00335227	worse
OPYTIMIZER	HHO	10	5000	1148	52	1200	3.2208e-270	6.69926e-268	1	1	better
OPYTIMIZER	BSA	10	5000	1133	67	1200	5.22672e-251	9.93076e-249	1	1	better
OPYTIMIZER	TEO	10	5000	597	576	1173	0.279634	1	0.739669	1	not shown
OPYTIMIZER	FA	10	5000	112	1088	1200	1	1	1.15126e-201	3.28108e-199	worse
OPYTIMIZER	WWO	10	5000	1176	24	1200	6.02618e-312	1.56078e-309	1	1	better
OPYTIMIZER	IWO	10	5000	985	215	1200	2.27282e-118	2.68193e-116	1	1	better
OPYTIMIZER	KH	10	5000	1112	88	1200	1.19957e-226	2.08726e-224	1	1	better
OPYTIMIZER	FOA	10	5000	1148	52	1200	3.2208e-270	6.69926e-268	1	1	better
OPYTIMIZER	RPSO	10	5000	1159	41	1200	1.59022e-285	3.6893e-283	1	1	better
OPYTIMIZER	SCA	10	5000	416	784	1200	1	1	6.37434e-27	1.60633e-24	worse
OPYTIMIZER	OSA	10	5000	446	754	1200	1	1	2.5239e-19	6.28451e-17	worse
OPYTIMIZER	WDO	10	5000	204	996	1200	1	1	8.63517e-126	2.34013e-123	worse
OPYTIMIZER	LSA	10	5000	1163	37	1200	2.1158e-291	5.09909e-289	1	1	better
OPYTIMIZER	VPSO	10	5000	1152	48	1200	1.18991e-275	2.5821e-273	1	1	better
OPYTIMIZER	SBO	10	5000	1056	144	1200	3.98984e-172	5.58577e-170	1	1	better
OPYTIMIZER	GA	10	5000	1186	14	1200	0	0	1	1	better
OPYTIMIZER	MFO	10	5000	810	390	1200	1.1679e-34	1.0044e-32	1	1	better
OPYTIMIZER	CS	10	5000	1196	4	1200	0	0	1	1	better
OPYTIMIZER	FSO	10	5000	511	689	1200	1	1	1.53963e-07	3.74131e-05	worse
OPYTIMIZER	NGHS	10	5000	802	398	1200	3.6667e-32	3.1167e-30	1	1	better
OPYTIMIZER	GCO	10	5000	1140	60	1200	9.26188e-260	1.84311e-257	1	1	better
OPYTIMIZER	TWO	10	5000	1097	103	1200	1.02082e-210	1.71498e-208	1	1	better
OPYTIMIZER	WEO	10	5000	1188	12	1200	0	0	1	1	better
OPYTIMIZER	GWO	10	5000	980	220	1200	4.27115e-115	4.99725e-113	1	1	better
OPYTIMIZER	SAVPSO	10	5000	1160	40	1200	5.61541e-287	1.33085e-284	1	1	better
OPYTIMIZER	FFOA	10	5000	204	996	1200	1	1	8.63517e-126	2.34013e-123	worse
OPYTIMIZER	AIG	10	5000	1194	6	1200	0	0	1	1	better
OPYTIMIZER	BH	10	5000	894	306	1200	1.81152e-67	1.77529e-65	1	1	better
OPYTIMIZER	CI	10	5000	369	268	637	3.59617e-05	0.00262521	0.999974	1	better
OPYTIMIZER	SSA	10	5000	1195	5	1200	0	0	1	1	better
OPYTIMIZER	AO	10	5000	416	784	1200	1	1	6.37434e-27	1.60633e-24	worse
OPYTIMIZER	MVO	10	5000	287	15	302	1.10208e-66	1.06902e-64	1	1	better
mealpy	LevyTWO	10	5000	1140	60	1200	9.26188e-260	1.84311e-257	1	1	better
mealpy	OriginalTLO	10	5000	1158	42	1200	4.39231e-284	1.00584e-281	1	1	better
mealpy	GWO	10	5000	919	281	1200	1.00074e-79	1.01075e-77	1	1	better
mealpy	OriginalBBO	10	5000	1092	108	1200	1.20805e-205	1.9812e-203	1	1	better
mealpy	ABFO	10	5000	554	631	1185	0.988291	1	0.0136091	1	not shown
mealpy	OriginalWHO	10	5000	1153	47	1200	4.94899e-277	1.09868e-274	1	1	better
mealpy	OriginalFFA	10	5000	576	624	1200	0.921408	1	0.0874141	1	not shown
mealpy	BaseSARO	10	5000	1171	29	1200	9.47285e-304	2.38716e-301	1	1	better
mealpy	OriginalSMA	10	5000	1090	110	1200	1.20305e-203	1.96097e-201	1	1	better
mealpy	SingleGA	10	5000	930	270	1200	1.63298e-85	1.68197e-83	1	1	better
mealpy	OriginalSSDO	10	5000	587	613	1200	0.782128	1	0.235251	1	not shown
mealpy	OriginalFPA	10	5000	1185	15	1200	0	0	1	1	better
mealpy	OriginalSSO	10	5000	546	654	1200	0.999179	1	0.000998557	0.238655	not shown
mealpy	OriginalMA	10	5000	699	501	1200	6.01151e-09	4.44852e-07	1	1	better
mealpy	OriginalCEM	10	5000	978	222	1200	8.37928e-114	9.55238e-112	1	1	better
mealpy	OCRO	10	5000	1137	63	1200	5.76077e-256	1.12335e-253	1	1	better
mealpy	OriginalBA	10	5000	8	1192	1200	1	1	0	0	worse
mealpy	OriginalAEO	10	5000	1085	115	1200	1.00151e-198	1.58238e-196	1	1	better
mealpy	OriginalBSO	10	5000	1142	58	1200	2.51136e-262	5.07294e-260	1	1	better
mealpy	OriginalBFO	10	5000	68	1132	1200	1	1	8.71728e-250	2.52801e-247	worse
mealpy	ImprovedSLO	10	5000	979	221	1200	1.89704e-114	2.1816e-112	1	1	better
mealpy	OriginalLCO	10	5000	856	344	1200	4.32313e-51	3.97728e-49	1	1	better
mealpy	OriginalHGS	10	5000	967	233	1200	7.30255e-107	7.95978e-105	1	1	better
mealpy	BaseALO	10	5000	1074	126	1200	2.91616e-188	4.37423e-186	1	1	better
mealpy	CPSO	10	5000	576	624	1200	0.921408	1	0.0874141	1	not shown
mealpy	OriginalEO	10	5000	1161	39	1200	1.9329e-288	4.61963e-286	1	1	better
mealpy	DE	10	5000	279	921	1200	1	1	9.25507e-81	2.39706e-78	worse
mealpy	ModifiedBA	10	5000	1019	181	1200	2.53665e-142	3.17082e-140	1	1	better
mealpy	BaseTLO	10	5000	1163	37	1200	2.1158e-291	5.09909e-289	1	1	better
mealpy	OriginalPFA	10	5000	392	808	1200	1	1	5.02821e-34	1.28219e-31	worse
mealpy	BaseFOA	10	5000	256	944	1200	1	1	3.04908e-93	7.98859e-91	worse
mealpy	OriginalGBO	10	5000	1165	35	1200	2.07448e-294	5.06172e-292	1	1	better
mealpy	TVAC	10	5000	1177	23	1200	1.2277e-313	3.20431e-311	1	1	better
mealpy	BaseFBIO	10	5000	1193	7	1200	0	0	1	1	better
mealpy	ImprovedBSO	10	5000	1115	85	1200	5.6952e-230	1.00805e-227	1	1	better
mealpy	OriginalAO	10	5000	253	947	1200	1	1	5.93923e-95	1.56202e-92	worse
mealpy	BaseGSKA	10	5000	1157	43	1200	1.18396e-282	2.69942e-280	1	1	better
mealpy	BaseLCO	10	5000	974	226	1200	3.0191e-111	3.41158e-109	1	1	better
mealpy	OriginalSSpiderA	10	5000	401	799	1200	1	1	2.97706e-31	7.56174e-29	worse
mealpy	BaseHS	10	5000	1094	106	1200	1.1649e-207	1.93374e-205	1	1	better
mealpy	AdaptiveEO	10	5000	1160	40	1200	5.61541e-287	1.33085e-284	1	1	better
mealpy	OriginalWCA	10	5000	724	64	788	9.1305e-143	1.15044e-140	1	1	better
mealpy	OriginalMRFO	10	5000	1127	73	1200	8.95539e-244	1.65675e-241	1	1	better
mealpy	OriginalEOA	10	5000	1044	156	1200	5.43514e-162	7.33744e-160	1	1	better
mealpy	OriginalABC	10	5000	1125	75	1200	2.05178e-241	3.77528e-239	1	1	better
mealpy	ModifiedAEO	10	5000	1096	104	1200	1.07796e-209	1.80019e-207	1	1	better
mealpy	OriginalSFO	10	5000	488	712	1200	1	1	5.38373e-11	1.31363e-08	worse
mealpy	BaseBBO	10	5000	1066	134	1200	6.04339e-181	8.76292e-179	1	1	better
mealpy	OriginalNMRA	10	5000	1176	24	1200	6.02618e-312	1.56078e-309	1	1	better
mealpy	OriginalACOR	10	5000	1114	86	1200	7.3916e-229	1.30092e-226	1	1	better
mealpy	ImprovedSFO	10	5000	615	585	1200	0.201257	1	0.814575	1	not shown
mealpy	OriginalCRO	10	5000	1104	96	1200	5.15861e-218	8.82122e-216	1	1	better
mealpy	LevyJA	10	5000	1153	47	1200	4.94899e-277	1.09868e-274	1	1	better
mealpy	OriginalHS	10	5000	1143	57	1200	1.27312e-263	2.58444e-261	1	1	better
mealpy	OriginalCSO	10	5000	515	685	1200	1	1	5.13507e-07	0.000124269	worse
mealpy	OriginalCOA	10	5000	1150	50	1200	6.45201e-273	1.35492e-270	1	1	better
mealpy	LevyQSA	10	5000	1193	7	1200	0	0	1	1	better
mealpy	OppoQSA	10	5000	1172	28	1200	2.34187e-305	5.92493e-303	1	1	better
mealpy	BaseBRO	10	5000	572	628	1200	0.950081	1	0.0561566	1	not shown
mealpy	OriginalSLO	10	5000	845	355	1200	7.82984e-47	7.04686e-45	1	1	better
mealpy	OriginalMVO	10	5000	1156	44	1200	3.11617e-281	7.0737e-279	1	1	better
mealpy	CLPSO	10	5000	1177	23	1200	1.2277e-313	3.20431e-311	1	1	better
mealpy	OriginalNRO	10	5000	1185	15	1200	0	0	1	1	better
mealpy	BaseSCA	10	5000	1114	86	1200	7.3916e-229	1.30092e-226	1	1	better
mealpy	BaseGCO	10	5000	1106	94	1200	3.8413e-220	6.64545e-218	1	1	better
mealpy	OriginalArchOA	10	5000	1011	189	1200	2.07079e-136	2.56778e-134	1	1	better
mealpy	SwarmHC	10	5000	1156	44	1200	3.11617e-281	7.0737e-279	1	1	better
mealpy	ImprovedTLO	10	5000	752	448	1200	7.22865e-19	5.78292e-17	1	1	better
mealpy	OriginalMSA	10	5000	1178	22	1200	2.39493e-315	6.37053e-313	1	1	better
mealpy	WOA	10	5000	1049	151	1200	3.71717e-166	5.12969e-164	1	1	better
mealpy	OriginalIWO	10	5000	1128	72	1200	5.78976e-245	1.0769e-242	1	1	better
mealpy	BaseGA	10	5000	1118	82	1200	2.4142e-233	4.34556e-231	1	1	better
mealpy	ModifiedEO	10	5000	1175	25	1200	2.83723e-310	7.2633e-308	1	1	better
mealpy	ImprovedNMRA	10	5000	1042	158	1200	2.39201e-160	3.18137e-158	1	1	better
mealpy	BaseCHIO	10	5000	258	942	1200	1	1	4.10868e-92	1.07236e-89	worse
mealpy	OriginalHHO	10	5000	992	208	1200	4.67395e-123	5.60874e-121	1	1	better
mealpy	OriginalGWO	10	5000	1066	134	1200	6.04339e-181	8.76292e-179	1	1	better
mealpy	ImprovedQSA	10	5000	1190	10	1200	0	0	1	1	better
mealpy	OriginalFBIO	10	5000	1190	10	1200	0	0	1	1	better
mealpy	OriginalBeesA	10	5000	1150	50	1200	6.45201e-273	1.35492e-270	1	1	better
mealpy	BaseEFO	10	5000	1160	40	1200	5.61541e-287	1.33085e-284	1	1	better
mealpy	OriginalSA	10	5000	1132	68	1200	8.71728e-250	1.63885e-247	1	1	better
mealpy	OriginalHC	10	5000	180	1020	1200	1	1	4.49503e-143	1.24063e-140	worse
mealpy	OriginalSHO	10	5000	729	471	1200	4.76478e-14	3.62124e-12	1	1	better
mealpy	JADE	10	5000	1173	27	1200	5.58515e-307	1.41863e-304	1	1	better
mealpy	OriginalCA	10	5000	731	469	1200	1.95265e-14	1.52307e-12	1	1	better
mealpy	EnhancedTWO	10	5000	1142	58	1200	2.51136e-262	5.07294e-260	1	1	better
mealpy	BaseSSA	10	5000	950	250	1200	1.10605e-96	1.16135e-94	1	1	better
mealpy	OriginalAOA	10	5000	119	1081	1200	1	1	7.27584e-195	2.06634e-192	worse
mealpy	OriginalQSA	10	5000	1168	32	1200	5.11183e-299	1.26262e-296	1	1	better
mealpy	OriginalGOA	10	5000	1118	82	1200	2.4142e-233	4.34556e-231	1	1	better
mealpy	EnhancedAEO	10	5000	1059	141	1200	9.81465e-175	1.38387e-172	1	1	better
mealpy	OriginalGSKA	10	5000	1151	49	1200	2.80013e-274	5.96429e-272	1	1	better
mealpy	PPSO	10	5000	972	228	1200	5.54649e-110	6.21206e-108	1	1	better
mealpy	OriginalCGO	10	5000	1044	156	1200	5.43514e-162	7.33744e-160	1	1	better
mealpy	OriginalHGSO	10	5000	733	467	1200	7.89263e-15	6.23518e-13	1	1	better
mealpy	OriginalSBO	10	5000	1090	110	1200	1.20305e-203	1.96097e-201	1	1	better
mealpy	OppoTWO	10	5000	1138	62	1200	3.18606e-257	6.24467e-255	1	1	better
mealpy	OriginalASO	10	5000	93	1107	1200	1	1	3.25833e-221	9.38399e-219	worse
mealpy	ModifiedSLO	10	5000	1005	195	1200	4.32009e-132	5.2705e-130	1	1	better
mealpy	BaseVCS	10	5000	1178	22	1200	2.39493e-315	6.37053e-313	1	1	better
mealpy	LSHADE	10	5000	1191	9	1200	0	0	1	1	better
mealpy	OriginalEFO	10	5000	701	499	1200	3.0196e-09	2.2647e-07	1	1	better
mealpy	OriginalJA	10	5000	467	733	1200	1	1	7.89263e-15	1.94159e-12	worse
mealpy	OriginalGCO	10	5000	1119	81	1200	1.76729e-234	3.1988e-232	1	1	better
mealpy	OriginalPSS	10	5000	1153	47	1200	4.94899e-277	1.09868e-274	1	1	better
mealpy	OriginalEHO	10	5000	964	236	1200	5.09816e-105	5.50602e-103	1	1	better
mealpy	OriginalSSA	10	5000	889	311	1200	3.67341e-65	3.52648e-63	1	1	better
mealpy	OriginalSCA	10	5000	1099	101	1200	8.86823e-213	1.49873e-210	1	1	better
mealpy	OriginalBES	10	5000	873	327	1200	4.30951e-58	4.05094e-56	1	1	better
mealpy	BaseSBO	10	5000	1086	114	1200	1.05932e-199	1.68433e-197	1	1	better
mealpy	BaseJA	10	5000	1121	79	1200	9.10264e-237	1.65668e-234	1	1	better
mealpy	OriginalSARO	10	5000	1178	22	1200	2.39493e-315	6.37053e-313	1	1	better
mealpy	OriginalSRSR	10	5000	1166	34	1200	6.22133e-296	1.53045e-293	1	1	better
mealpy	OriginalTWO	10	5000	1165	35	1200	2.07448e-294	5.06172e-292	1	1	better
mealpy	OriginalWDO	10	5000	344	856	1200	1	1	4.32313e-51	1.11105e-48	worse
mealpy	AugmentedAEO	10	5000	1085	115	1200	1.00151e-198	1.58238e-196	1	1	better
mealpy	OriginalWOA	10	5000	1020	180	1200	4.49503e-143	5.70869e-141	1	1	better
mealpy	SADE	10	5000	1171	29	1200	9.47285e-304	2.38716e-301	1	1	better
mealpy	OriginalBRO	10	5000	260	940	1200	1	1	5.42855e-91	1.41142e-88	worse
mealpy	OriginalSSpiderO	10	5000	544	656	1200	0.999451	1	0.000672123	0.161309	not shown
mealpy	ProbBeesA	10	5000	639	561	1200	0.0130942	0.94278	0.988732	1	not shown
mealpy	OriginalFA	10	5000	1147	53	1200	6.98302e-269	1.43152e-266	1	1	better
mealpy	OriginalCSA	10	5000	391	809	1200	1	1	2.42789e-34	6.21539e-32	worse
mealpy	OriginalALO	10	5000	1078	122	1200	5.19199e-192	7.89182e-190	1	1	better
mealpy	OriginalDO	10	5000	899	301	1200	8.00873e-70	7.92864e-68	1	1	better
mealpy	OriginalCHIO	10	5000	596	604	1200	0.602487	1	0.419935	1	not shown
mealpy	OriginalBSA	10	5000	1105	95	1200	4.47688e-219	7.70023e-217	1	1	better
mealpy	LevyEP	10	5000	1152	48	1200	1.18991e-275	2.5821e-273	1	1	better
mealpy	OriginalICA	10	5000	685	30	715	5.2545e-163	7.14612e-161	1	1	better
mealpy	ImprovedLCO	10	5000	1008	192	1200	3.07535e-134	3.78268e-132	1	1	better
mealpy	OriginalMFO	10	5000	166	1034	1200	1	1	6.73123e-154	1.88475e-151	worse
mealpy	ImprovedAEO	10	5000	1073	127	1200	2.46901e-187	3.65413e-185	1	1	better
mealpy	OriginalVCS	10	5000	799	401	1200	2.97706e-31	2.50073e-29	1	1	better
mealpy	AdaptiveBA	10	5000	42	1158	1200	1	1	4.39231e-284	1.28255e-281	worse
mealpy	MultiGA	10	5000	980	220	1200	4.27115e-115	4.99725e-113	1	1	better
mealpy	OriginalES	10	5000	1159	41	1200	1.59022e-285	3.6893e-283	1	1	better
mealpy	LevyES	10	5000	1182	18	1200	2.17389e-322	5.8695e-320	1	1	better
mealpy	OriginalEP	10	5000	312	888	1200	1	1	1.04912e-64	2.70673e-62	worse
mealpy	BaseSMA	10	5000	1156	44	1200	3.11617e-281	7.0737e-279	1	1	better
mealpy	OriginalPSO	10	5000	94	1106	1200	1	1	3.8413e-220	1.10245e-217	worse
mealpy	FBUDGETSHADE	10	5000	1189	11	1200	0	0	1	1	better
mealpy	OriginalFOA	10	5000	227	973	1200	1	1	1.29755e-110	3.43851e-108	worse
mealpy	BaseQSA	10	5000	1183	17	1200	0	0	1	1	better
mealpy	BaseMFO	10	5000	1140	60	1200	9.26188e-260	1.84311e-257	1	1	better
mealpy	BaseDE	10	5000	1151	49	1200	2.80013e-274	5.96429e-272	1	1	better
mealpy	WhaleFOA	10	5000	242	958	1200	1	1	2.15686e-101	5.69412e-99	worse
Baselines	DE	10	5000	1161	39	1200	1.9329e-288	1.54632e-287	1	1	better
Baselines	RCobyla	10	5000	1048	152	1200	2.5686e-165	1.2843e-164	1	1	better
Baselines	PSO	10	5000	35	1165	1200	1	1	2.07448e-294	2.28192e-293	worse
Baselines	DiagonalCMA	10	5000	1160	40	1200	5.61541e-287	3.93079e-286	1	1	better
Baselines	modcma	10	5000	1184	16	1200	0	0	1	1	better
Baselines	modde	10	5000	1128	72	1200	5.78976e-245	3.47386e-244	1	1	better
Baselines	OnePlusOne	10	5000	883	317	1200	1.86884e-62	3.73768e-62	1	1	better
Baselines	Powell	10	5000	972	228	1200	5.54649e-110	1.66395e-109	1	1	better
Baselines	MultiBFGS	10	5000	1008	192	1200	3.07535e-134	1.23014e-133	1	1	better
Baselines	lshade	10	5000	1179	21	1200	4.465e-317	4.0185e-316	1	1	better
Baselines	bipop	10	5000	1188	12	1200	0	0	1	1	better
EVOLOPY	DE	10	10000	1108	92	1200	2.73197e-222	4.67167e-220	1	1	better
EVOLOPY	JAYA	10	10000	998	202	1200	3.58311e-127	4.51472e-125	1	1	better
EVOLOPY	PSO	10	10000	1056	144	1200	3.98984e-172	5.78527e-170	1	1	better
EVOLOPY	WOA	10	10000	942	258	1200	4.10868e-92	4.6428e-90	1	1	better
EVOLOPY	FFA	10	10000	1154	46	1200	2.01373e-278	4.28925e-276	1	1	better
EVOLOPY	BAT	10	10000	547	653	1200	0.999001	1	0.00121141	0.285893	not shown
EVOLOPY	MVO	10	10000	1177	23	1200	1.2277e-313	3.24114e-311	1	1	better
EVOLOPY	HHO	10	10000	916	284	1200	3.43685e-78	3.50559e-76	1	1	better
EVOLOPY	SCA	10	10000	1047	153	1200	1.76165e-164	2.50155e-162	1	1	better
EVOLOPY	GA	10	10000	866	67	933	3.46316e-178	5.12548e-176	1	1	better
EVOLOPY	MFO	10	10000	1034	166	1200	6.73123e-154	9.01985e-152	1	1	better
EVOLOPY	CS	10	10000	1177	23	1200	1.2277e-313	3.24114e-311	1	1	better
EVOLOPY	GWO	10	10000	1106	94	1200	3.8413e-220	6.53022e-218	1	1	better
EVOLOPY	SSA	10	10000	1193	7	1200	0	0	1	1	better
NIAPY	DynamicFireworksAlgorithm	10	10000	1186	14	1200	0	0	1	1	better
NIAPY	HarmonySearch	10	10000	1150	50	1200	6.45201e-273	1.30976e-270	1	1	better
NIAPY	EvolutionStrategyMp1	10	10000	1155	45	1200	8.01255e-280	1.74674e-277	1	1	better
NIAPY	MonarchButterflyOptimization	10	10000	402	798	1200	1	1	5.93917e-31	1.48479e-28	worse
NIAPY	CenterParticleSwarmOptimization	10	10000	1131	69	1200	1.43156e-248	2.66271e-246	1	1	better
NIAPY	DynNpDifferentialEvolution	10	10000	863	337	1200	6.53804e-54	6.3419e-52	1	1	better
NIAPY	CamelAlgorithm	10	10000	1039	161	1200	6.61411e-158	9.19361e-156	1	1	better
NIAPY	BatAlgorithm	10	10000	789	411	1200	2.51671e-28	2.23988e-26	1	1	better
NIAPY	GlowwormSwarmOptimization	10	10000	186	1014	1200	1	1	1.31797e-138	3.59805e-136	worse
NIAPY	BareBonesFireworksAlgorithm	10	10000	931	269	1200	4.72665e-86	5.10478e-84	1	1	better
NIAPY	CuckooSearch	10	10000	1199	1	1200	0	0	1	1	better
NIAPY	GeneticAlgorithm	10	10000	583	617	1200	0.84384	1	0.170391	1	not shown
NIAPY	ParticleSwarmAlgorithm	10	10000	1170	30	1200	3.70089e-302	9.2152e-300	1	1	better
NIAPY	MonkeyKingEvolutionV3	10	10000	764	436	1200	1.05919e-21	9.10903e-20	1	1	better
NIAPY	MonkeyKingEvolutionV2	10	10000	1155	45	1200	8.01255e-280	1.74674e-277	1	1	better
NIAPY	SineCosineAlgorithm	10	10000	0	1200	1200	1	1	0	0	worse
NIAPY	EvolutionStrategy1p1	10	10000	923	277	1200	8.4014e-82	8.82147e-80	1	1	better
NIAPY	HarrisHawksOptimization	10	10000	1169	31	1200	1.39804e-300	3.46714e-298	1	1	better
NIAPY	ParticleSwarmOptimization	10	10000	585	615	1200	0.814575	1	0.201257	1	not shown
NIAPY	ForestOptimizationAlgorithm	10	10000	1166	34	1200	6.22133e-296	1.518e-293	1	1	better
NIAPY	EnhancedFireworksAlgorithm	10	10000	1181	19	1200	1.34336e-320	3.60022e-318	1	1	better
NIAPY	MultiStrategyDifferentialEvolution	10	10000	1113	87	1200	9.47456e-228	1.6391e-225	1	1	better
NIAPY	MutatedParticleSwarmOptimization	10	10000	1156	44	1200	3.11617e-281	6.88673e-279	1	1	better
NIAPY	ComprehensiveLearningParticleSwarmOptimizer	10	10000	1191	9	1200	0	0	1	1	better
NIAPY	KrillHerd	10	10000	100	1100	1200	1	1	8.13378e-214	2.31813e-211	worse
NIAPY	FishSchoolSearch	10	10000	1081	119	1200	7.27584e-195	1.14958e-192	1	1	better
NIAPY	MutatedCenterUnifiedParticleSwarmOptimization	10	10000	1171	29	1200	9.47285e-304	2.37768e-301	1	1	better
NIAPY	MutatedCenterParticleSwarmOptimization	10	10000	1160	40	1200	5.61541e-287	1.29716e-284	1	1	better
NIAPY	GlowwormSwarmOptimizationV2	10	10000	182	1018	1200	1	1	1.42224e-141	3.89694e-139	worse
NIAPY	CatSwarmOptimization	10	10000	1151	49	1200	2.80013e-274	5.79628e-272	1	1	better
NIAPY	DifferentialEvolution	10	10000	1163	37	1200	2.1158e-291	4.97214e-289	1	1	better
NIAPY	FireworksAlgorithm	10	10000	1164	36	1200	6.71935e-293	1.60593e-290	1	1	better
NIAPY	MothFlameOptimizer	10	10000	170	1030	1200	1	1	9.54162e-151	2.6812e-148	worse
NIAPY	DynNpMultiStrategyDifferentialEvolution	10	10000	1077	123	1200	4.55567e-191	7.06129e-189	1	1	better
NIAPY	EvolutionStrategyML	10	10000	1120	80	1200	1.27682e-235	2.2472e-233	1	1	better
NIAPY	GreyWolfOptimizer	10	10000	1152	48	1200	1.18991e-275	2.4988e-273	1	1	better
NIAPY	HarmonySearchV1	10	10000	1137	63	1200	5.76077e-256	1.10607e-253	1	1	better
NIAPY	BeesAlgorithm	10	10000	998	202	1200	3.58311e-127	4.51472e-125	1	1	better
NIAPY	GlowwormSwarmOptimizationV1	10	10000	172	1028	1200	1	1	3.44768e-149	9.6535e-147	worse
NIAPY	GlowwormSwarmOptimizationV3	10	10000	179	1021	1200	1	1	7.91361e-144	2.18416e-141	worse
NIAPY	LionOptimizationAlgorithm	10	10000	1151	49	1200	2.80013e-274	5.79628e-272	1	1	better
NIAPY	ArtificialBeeColonyAlgorithm	10	10000	1186	14	1200	0	0	1	1	better
NIAPY	AgingNpDifferentialEvolution	10	10000	841	359	1200	2.45487e-45	2.33212e-43	1	1	better
NIAPY	OppositionVelocityClampingParticleSwarmOptimization	10	10000	417	783	1200	1	1	1.20335e-26	2.96025e-24	worse
NIAPY	CoralReefsOptimization	10	10000	177	1023	1200	1	1	2.40501e-145	6.68593e-143	worse
NIAPY	BacterialForagingOptimization	10	10000	1155	45	1200	8.01255e-280	1.74674e-277	1	1	better
NIAPY	DynamicFireworksAlgorithmGauss	10	10000	1176	24	1200	6.02618e-312	1.57283e-309	1	1	better
NIAPY	ClonalSelectionAlgorithm	10	10000	98	1102	1200	1	1	6.62242e-216	1.89401e-213	worse
NIAPY	GravitationalSearchAlgorithm	10	10000	177	1023	1200	1	1	2.40501e-145	6.68593e-143	worse
NIAPY	MonkeyKingEvolutionV1	10	10000	1126	74	1200	1.36526e-242	2.45746e-240	1	1	better
NIAPY	EvolutionStrategyMpL	10	10000	1163	37	1200	2.1158e-291	4.97214e-289	1	1	better
NIAPY	FireflyAlgorithm	10	10000	1150	50	1200	6.45201e-273	1.30976e-270	1	1	better
NIAPY	FlowerPollinationAlgorithm	10	10000	1190	10	1200	0	0	1	1	better
OPYTIMIZER	SA	10	10000	1087	113	1200	1.10972e-200	1.78665e-198	1	1	better
OPYTIMIZER	GOGHS	10	10000	1022	178	1200	1.38412e-144	1.78551e-142	1	1	better
OPYTIMIZER	QSA	10	10000	1192	8	1200	0	0	1	1	better
OPYTIMIZER	SGHS	10	10000	1026	174	1200	1.21249e-147	1.58836e-145	1	1	better
OPYTIMIZER	DE	10	10000	1142	58	1200	2.51136e-262	4.92226e-260	1	1	better
OPYTIMIZER	RFO	10	10000	1150	50	1200	6.45201e-273	1.30976e-270	1	1	better
OPYTIMIZER	PPA	10	10000	1099	101	1200	8.86823e-213	1.481e-210	1	1	better
OPYTIMIZER	EHO	10	10000	1102	98	1200	6.62242e-216	1.11257e-213	1	1	better
OPYTIMIZER	AEO	10	10000	1175	25	1200	2.83723e-310	7.34842e-308	1	1	better
OPYTIMIZER	ABO	10	10000	1173	27	1200	5.58515e-307	1.41304e-304	1	1	better
OPYTIMIZER	GHS	10	10000	978	222	1200	8.37928e-114	9.80376e-112	1	1	better
OPYTIMIZER	PVS	10	10000	542	658	1200	0.999638	1	0.000446742	0.106325	not shown
OPYTIMIZER	BWO	10	10000	923	277	1200	8.4014e-82	8.82147e-80	1	1	better
OPYTIMIZER	PSO	10	10000	1121	79	1200	9.10264e-237	1.61117e-234	1	1	better
OPYTIMIZER	BSO	10	10000	932	268	1200	1.3616e-86	1.48415e-84	1	1	better
OPYTIMIZER	CSA	10	10000	751	449	1200	1.2169e-18	1.0222e-16	1	1	better
OPYTIMIZER	SSO	10	10000	715	485	1200	1.67247e-11	1.32125e-09	1	1	better
OPYTIMIZER	WOA	10	10000	1063	137	1200	2.91281e-178	4.39835e-176	1	1	better
OPYTIMIZER	BA	10	10000	705	495	1200	7.31877e-10	5.70864e-08	1	1	better
OPYTIMIZER	HS	10	10000	1027	173	1200	2.05147e-148	2.70794e-146	1	1	better
OPYTIMIZER	JS	10	10000	827	373	1200	2.58068e-40	2.42584e-38	1	1	better
OPYTIMIZER	SOS	10	10000	1192	8	1200	0	0	1	1	better
OPYTIMIZER	GS	10	10000	0	1200	1200	1	1	0	0	worse
OPYTIMIZER	EFO	10	10000	1071	129	1200	1.72403e-185	2.62052e-183	1	1	better
OPYTIMIZER	GSA	10	10000	151	1049	1200	1	1	3.71717e-166	1.04824e-163	worse
OPYTIMIZER	ESA	10	10000	406	794	1200	1	1	9.06502e-30	2.25719e-27	worse
OPYTIMIZER	BOA	10	10000	35	522	557	1	1	9.40148e-113	2.5102e-110	worse
OPYTIMIZER	HC	10	10000	191	1009	1200	1	1	5.84353e-135	1.5836e-132	worse
OPYTIMIZER	ABC	10	10000	809	361	1170	2.74918e-40	2.55673e-38	1	1	better
OPYTIMIZER	RRA	10	10000	1037	163	1200	2.70847e-156	3.68352e-154	1	1	better
OPYTIMIZER	NDS	10	10000	0	1200	1200	1	1	0	0	worse
OPYTIMIZER	NBJS	10	10000	808	392	1200	5.02821e-34	4.62595e-32	1	1	better
OPYTIMIZER	SSD	10	10000	197	1003	1200	1	1	1.13227e-130	3.0458e-128	worse
OPYTIMIZER	CEM	10	10000	388	812	1200	1	1	2.67204e-35	6.73353e-33	worse
OPYTIMIZER	AOA	10	10000	586	614	1200	0.798743	1	0.217872	1	not shown
OPYTIMIZER	MRFO	10	10000	1193	7	1200	0	0	1	1	better
OPYTIMIZER	ASO	10	10000	61	1139	1200	1	1	1.7326e-258	5.02453e-256	worse
OPYTIMIZER	SFO	10	10000	340	860	1200	1	1	1.08345e-52	2.77364e-50	worse
OPYTIMIZER	IHS	10	10000	982	218	1200	2.12933e-116	2.5552e-114	1	1	better
OPYTIMIZER	COA	10	10000	1184	16	1200	0	0	1	1	better
OPYTIMIZER	GOA	10	10000	1133	67	1200	5.22672e-251	9.87849e-249	1	1	better
OPYTIMIZER	STOA	10	10000	234	966	1200	1	1	3.02285e-106	7.98033e-104	worse
OPYTIMIZER	MVPA	10	10000	644	556	1200	0.00599564	0.431686	0.994918	1	not shown
OPYTIMIZER	ES	10	10000	1050	150	1200	5.33887e-167	7.63458e-165	1	1	better
OPYTIMIZER	AIWPSO	10	10000	1025	175	1200	7.11841e-147	9.25394e-145	1	1	better
OPYTIMIZER	ISA	10	10000	172	1028	1200	1	1	3.44768e-149	9.6535e-147	worse
OPYTIMIZER	EO	10	10000	1184	16	1200	0	0	1	1	better
OPYTIMIZER	AF	10	10000	5	1031	1036	1	1	1.34416e-299	3.92495e-297	worse
OPYTIMIZER	DOA	10	10000	1181	19	1200	1.34336e-320	3.60022e-318	1	1	better
OPYTIMIZER	PIO	10	10000	449	751	1200	1	1	1.2169e-18	2.96924e-16	worse
OPYTIMIZER	HHO	10	10000	1151	49	1200	2.80013e-274	5.79628e-272	1	1	better
OPYTIMIZER	BSA	10	10000	1127	73	1200	8.95539e-244	1.62988e-241	1	1	better
OPYTIMIZER	TEO	10	10000	542	631	1173	0.995717	1	0.00507853	1	not shown
OPYTIMIZER	FA	10	10000	109	1091	1200	1	1	1.21162e-204	3.44099e-202	worse
OPYTIMIZER	WWO	10	10000	1168	32	1200	5.11183e-299	1.26262e-296	1	1	better
OPYTIMIZER	IWO	10	10000	1059	141	1200	9.81465e-175	1.44275e-172	1	1	better
OPYTIMIZER	KH	10	10000	1111	89	1200	1.50037e-225	2.58064e-223	1	1	better
OPYTIMIZER	FOA	10	10000	1153	47	1200	4.94899e-277	1.04424e-274	1	1	better
OPYTIMIZER	RPSO	10	10000	1152	48	1200	1.18991e-275	2.4988e-273	1	1	better
OPYTIMIZER	SCA	10	10000	400	800	1200	1	1	1.48674e-31	3.73172e-29	worse
OPYTIMIZER	OSA	10	10000	408	792	1200	1	1	3.46381e-29	8.59026e-27	worse
OPYTIMIZER	WDO	10	10000	189	1011	1200	1	1	2.07079e-136	5.63255e-134	worse
OPYTIMIZER	LSA	10	10000	1156	44	1200	3.11617e-281	6.88673e-279	1	1	better
OPYTIMIZER	VPSO	10	10000	1141	59	1200	4.86568e-261	9.43941e-259	1	1	better
OPYTIMIZER	SBO	10	10000	1047	153	1200	1.76165e-164	2.50155e-162	1	1	better
OPYTIMIZER	GA	10	10000	1182	18	1200	2.17389e-322	5.89124e-320	1	1	better
OPYTIMIZER	MFO	10	10000	752	448	1200	7.22865e-19	6.14435e-17	1	1	better
OPYTIMIZER	CS	10	10000	1194	6	1200	0	0	1	1	better
OPYTIMIZER	FSO	10	10000	495	705	1200	1	1	7.31877e-10	1.77114e-07	worse
OPYTIMIZER	NGHS	10	10000	736	464	1200	1.97637e-15	1.62062e-13	1	1	better
OPYTIMIZER	GCO	10	10000	1133	67	1200	5.22672e-251	9.87849e-249	1	1	better
OPYTIMIZER	TWO	10	10000	1075	125	1200	3.414e-189	5.22342e-187	1	1	better
OPYTIMIZER	WEO	10	10000	1187	13	1200	0	0	1	1	better
OPYTIMIZER	GWO	10	10000	925	275	1200	7.48509e-83	7.9342e-81	1	1	better
OPYTIMIZER	SAVPSO	10	10000	1154	46	1200	2.01373e-278	4.28925e-276	1	1	better
OPYTIMIZER	FFOA	10	10000	181	1019	1200	1	1	2.53665e-142	6.9758e-140	worse
OPYTIMIZER	AIG	10	10000	1192	8	1200	0	0	1	1	better
OPYTIMIZER	BH	10	10000	866	334	1200	3.80213e-55	3.76411e-53	1	1	better
OPYTIMIZER	CI	10	10000	327	310	637	0.263075	1	0.76212	1	not shown
OPYTIMIZER	SSA	10	10000	1197	3	1200	0	0	1	1	better
OPYTIMIZER	AO	10	10000	351	849	1200	1	1	2.34324e-48	5.97525e-46	worse
OPYTIMIZER	MVO	10	10000	290	12	302	1.23244e-70	1.23244e-68	1	1	better
mealpy	LevyTWO	10	10000	1140	60	1200	9.26188e-260	1.78754e-257	1	1	better
mealpy	OriginalTLO	10	10000	1164	36	1200	6.71935e-293	1.60593e-290	1	1	better
mealpy	GWO	10	10000	913	287	1200	1.13248e-76	1.1438e-74	1	1	better
mealpy	OriginalBBO	10	10000	1089	111	1200	1.1827e-202	1.91597e-200	1	1	better
mealpy	ABFO	10	10000	572	613	1185	0.888792	1	0.122615	1	not shown
mealpy	OriginalWHO	10	10000	1161	39	1200	1.9329e-288	4.50366e-286	1	1	better
mealpy	OriginalFFA	10	10000	590	610	1200	0.727806	1	0.291689	1	not shown
mealpy	BaseSARO	10	10000	1174	26	1200	1.28335e-308	3.28537e-306	1	1	better
mealpy	OriginalSMA	10	10000	1166	34	1200	6.22133e-296	1.518e-293	1	1	better
mealpy	SingleGA	10	10000	857	343	1200	1.73062e-51	1.6614e-49	1	1	better
mealpy	OriginalSSDO	10	10000	546	654	1200	0.999179	1	0.000998557	0.236658	not shown
mealpy	OriginalFPA	10	10000	1195	5	1200	0	0	1	1	better
mealpy	OriginalSSO	10	10000	702	498	1200	2.12939e-09	1.63963e-07	1	1	better
mealpy	OriginalMA	10	10000	699	501	1200	6.01151e-09	4.50863e-07	1	1	better
mealpy	OriginalCEM	10	10000	994	206	1200	2.0326e-124	2.5001e-122	1	1	better
mealpy	OCRO	10	10000	1142	58	1200	2.51136e-262	4.92226e-260	1	1	better
mealpy	OriginalBA	10	10000	4	1196	1200	1	1	0	0	worse
mealpy	OriginalAEO	10	10000	1082	118	1200	7.99289e-196	1.27087e-193	1	1	better
mealpy	OriginalBSO	10	10000	1144	56	1200	6.33725e-265	1.26111e-262	1	1	better
mealpy	OriginalBFO	10	10000	61	1139	1200	1	1	1.7326e-258	5.02453e-256	worse
mealpy	ImprovedSLO	10	10000	956	244	1200	3.34673e-100	3.84874e-98	1	1	better
mealpy	OriginalLCO	10	10000	780	420	1200	7.92097e-26	6.97045e-24	1	1	better
mealpy	OriginalHGS	10	10000	935	265	1200	3.16259e-88	3.51047e-86	1	1	better
mealpy	BaseALO	10	10000	1155	45	1200	8.01255e-280	1.74674e-277	1	1	better
mealpy	CPSO	10	10000	523	677	1200	0.999996	1	4.87963e-06	0.00116623	worse
mealpy	OriginalEO	10	10000	1166	34	1200	6.22133e-296	1.518e-293	1	1	better
mealpy	DE	10	10000	232	968	1200	1	1	1.75479e-107	4.6502e-105	worse
mealpy	ModifiedBA	10	10000	1042	158	1200	2.39201e-160	3.34881e-158	1	1	better
mealpy	BaseTLO	10	10000	1168	32	1200	5.11183e-299	1.26262e-296	1	1	better
mealpy	OriginalPFA	10	10000	473	727	1200	1	1	1.1468e-13	2.78672e-11	worse
mealpy	BaseFOA	10	10000	251	949	1200	1	1	4.19378e-96	1.09038e-93	worse
mealpy	OriginalGBO	10	10000	1166	34	1200	6.22133e-296	1.518e-293	1	1	better
mealpy	TVAC	10	10000	1177	23	1200	1.2277e-313	3.24114e-311	1	1	better
mealpy	BaseFBIO	10	10000	1194	6	1200	0	0	1	1	better
mealpy	ImprovedBSO	10	10000	1116	84	1200	4.33323e-231	7.53981e-229	1	1	better
mealpy	OriginalAO	10	10000	245	955	1200	1	1	1.30821e-99	3.4275e-97	worse
mealpy	BaseGSKA	10	10000	1166	34	1200	6.22133e-296	1.518e-293	1	1	better
mealpy	BaseLCO	10	10000	935	265	1200	3.16259e-88	3.51047e-86	1	1	better
mealpy	OriginalSSpiderA	10	10000	368	832	1200	1	1	4.53358e-42	1.15153e-39	worse
mealpy	BaseHS	10	10000	1094	106	1200	1.1649e-207	1.92209e-205	1	1	better
mealpy	AdaptiveEO	10	10000	1164	36	1200	6.71935e-293	1.60593e-290	1	1	better
mealpy	OriginalWCA	10	10000	723	65	788	1.01867e-141	1.3039e-139	1	1	better
mealpy	OriginalMRFO	10	10000	1130	70	1200	2.31531e-247	4.28332e-245	1	1	better
mealpy	OriginalEOA	10	10000	1057	143	1200	5.42881e-173	7.92606e-171	1	1	better
mealpy	OriginalABC	10	10000	1130	70	1200	2.31531e-247	4.28332e-245	1	1	better
mealpy	ModifiedAEO	10	10000	1090	110	1200	1.20305e-203	1.973e-201	1	1	better
mealpy	OriginalSFO	10	10000	412	788	1200	1	1	4.83877e-28	1.19518e-25	worse
mealpy	BaseBBO	10	10000	1063	137	1200	2.91281e-178	4.39835e-176	1	1	better
mealpy	OriginalNMRA	10	10000	1182	18	1200	2.17389e-322	5.89124e-320	1	1	better
mealpy	OriginalACOR	10	10000	1124	76	1200	3.04026e-240	5.44207e-238	1	1	better
mealpy	ImprovedSFO	10	10000	522	678	1200	0.999997	1	3.72498e-06	0.000893994	worse
mealpy	OriginalCRO	10	10000	1095	105	1200	1.12642e-208	1.86986e-206	1	1	better
mealpy	LevyJA	10	10000	1151	49	1200	2.80013e-274	5.79628e-272	1	1	better
mealpy	OriginalHS	10	10000	1143	57	1200	1.27312e-263	2.52078e-261	1	1	better
mealpy	OriginalCSO	10	10000	517	683	1200	0.999999	1	9.19472e-07	0.000221593	worse
mealpy	OriginalCOA	10	10000	1160	40	1200	5.61541e-287	1.29716e-284	1	1	better
mealpy	LevyQSA	10	10000	1192	8	1200	0	0	1	1	better
mealpy	OppoQSA	10	10000	1175	25	1200	2.83723e-310	7.34842e-308	1	1	better
mealpy	BaseBRO	10	10000	551	649	1200	0.997877	1	0.00254342	0.597704	not shown
mealpy	OriginalSLO	10	10000	798	402	1200	5.93917e-31	5.40464e-29	1	1	better
mealpy	OriginalMVO	10	10000	1159	41	1200	1.59022e-285	3.60979e-283	1	1	better
mealpy	CLPSO	10	10000	1183	17	1200	0	0	1	1	better
mealpy	OriginalNRO	10	10000	1186	14	1200	0	0	1	1	better
mealpy	BaseSCA	10	10000	1136	64	1200	1.02444e-254	1.95668e-252	1	1	better
mealpy	BaseGCO	10	10000	1080	120	1200	6.56188e-194	1.02365e-191	1	1	better
mealpy	OriginalArchOA	10	10000	980	220	1200	4.27115e-115	5.08267e-113	1	1	better
mealpy	SwarmHC	10	10000	1173	27	1200	5.58515e-307	1.41304e-304	1	1	better
mealpy	ImprovedTLO	10	10000	681	519	1200	1.62492e-06	0.000120244	0.999999	1	better
mealpy	OriginalMSA	10	10000	1174	26	1200	1.28335e-308	3.28537e-306	1	1	better
mealpy	WOA	10	10000	1054	146	1200	2.10491e-170	3.03107e-168	1	1	better
mealpy	OriginalIWO	10	10000	1136	64	1200	1.02444e-254	1.95668e-252	1	1	better
mealpy	BaseGA	10	10000	1119	81	1200	1.76729e-234	3.09277e-232	1	1	better
mealpy	ModifiedEO	10	10000	1180	20	1200	7.93924e-319	2.11184e-316	1	1	better
mealpy	ImprovedNMRA	10	10000	1037	163	1200	2.70847e-156	3.68352e-154	1	1	better
mealpy	BaseCHIO	10	10000	271	929	1200	1	1	5.61488e-85	1.45425e-82	worse
mealpy	OriginalHHO	10	10000	977	223	1200	3.68081e-113	4.26974e-111	1	1	better
mealpy	OriginalGWO	10	10000	1031	169	1200	1.57118e-151	2.08968e-149	1	1	better
mealpy	ImprovedQSA	10	10000	1191	9	1200	0	0	1	1	better
mealpy	OriginalFBIO	10	10000	1192	8	1200	0	0	1	1	better
mealpy	OriginalBeesA	10	10000	1160	40	1200	5.61541e-287	1.29716e-284	1	1	better
mealpy	BaseEFO	10	10000	1157	43	1200	1.18396e-282	2.65206e-280	1	1	better
mealpy	OriginalSA	10	10000	1133	67	1200	5.22672e-251	9.87849e-249	1	1	better
mealpy	OriginalHC	10	10000	198	1002	1200	1	1	5.74418e-130	1.53944e-127	worse
mealpy	OriginalSHO	10	10000	731	469	1200	1.95265e-14	1.56212e-12	1	1	better
mealpy	JADE	10	10000	1175	25	1200	2.83723e-310	7.34842e-308	1	1	better
mealpy	OriginalCA	10	10000	676	524	1200	6.37142e-06	0.000465114	0.999995	1	better
mealpy	EnhancedTWO	10	10000	1143	57	1200	1.27312e-263	2.52078e-261	1	1	better
mealpy	BaseSSA	10	10000	931	269	1200	4.72665e-86	5.10478e-84	1	1	better
mealpy	OriginalAOA	10	10000	113	1087	1200	1	1	1.10972e-200	3.1405e-198	worse
mealpy	OriginalQSA	10	10000	1171	29	1200	9.47285e-304	2.37768e-301	1	1	better
mealpy	OriginalGOA	10	10000	1103	97	1200	5.87757e-217	9.9331e-215	1	1	better
mealpy	EnhancedAEO	10	10000	1039	161	1200	6.61411e-158	9.19361e-156	1	1	better
mealpy	OriginalGSKA	10	10000	1158	42	1200	4.39231e-284	9.88269e-282	1	1	better
mealpy	PPSO	10	10000	948	252	1200	1.58218e-95	1.80368e-93	1	1	better
mealpy	OriginalCGO	10	10000	998	202	1200	3.58311e-127	4.51472e-125	1	1	better
mealpy	OriginalHGSO	10	10000	736	464	1200	1.97637e-15	1.62062e-13	1	1	better
mealpy	OriginalSBO	10	10000	1081	119	1200	7.27584e-195	1.14958e-192	1	1	better
mealpy	OppoTWO	10	10000	1148	52	1200	3.2208e-270	6.4416e-268	1	1	better
mealpy	OriginalASO	10	10000	79	1121	1200	1	1	9.10264e-237	2.62156e-234	worse
mealpy	ModifiedSLO	10	10000	991	209	1200	2.22187e-122	2.71068e-120	1	1	better
mealpy	BaseVCS	10	10000	1185	15	1200	0	0	1	1	better
mealpy	LSHADE	10	10000	1185	15	1200	0	0	1	1	better
mealpy	OriginalEFO	10	10000	628	572	1200	0.0561566	1	0.950081	1	not shown
mealpy	OriginalJA	10	10000	378	822	1200	1	1	1.3336e-38	3.374e-36	worse
mealpy	OriginalGCO	10	10000	1128	72	1200	5.78976e-245	1.05953e-242	1	1	better
mealpy	OriginalPSS	10	10000	1159	41	1200	1.59022e-285	3.60979e-283	1	1	better
mealpy	OriginalEHO	10	10000	987	213	1200	1.07117e-119	1.29612e-117	1	1	better
mealpy	OriginalSSA	10	10000	866	334	1200	3.80213e-55	3.76411e-53	1	1	better
mealpy	OriginalSCA	10	10000	1122	78	1200	6.40261e-238	1.13967e-235	1	1	better
mealpy	OriginalBES	10	10000	796	404	1200	2.33757e-30	2.10381e-28	1	1	better
mealpy	BaseSBO	10	10000	1077	123	1200	4.55567e-191	7.06129e-189	1	1	better
mealpy	BaseJA	10	10000	1127	73	1200	8.95539e-244	1.62988e-241	1	1	better
mealpy	OriginalSARO	10	10000	1176	24	1200	6.02618e-312	1.57283e-309	1	1	better
mealpy	OriginalSRSR	10	10000	1164	36	1200	6.71935e-293	1.60593e-290	1	1	better
mealpy	OriginalTWO	10	10000	1152	48	1200	1.18991e-275	2.4988e-273	1	1	better
mealpy	OriginalWDO	10	10000	296	904	1200	1	1	3.17035e-72	8.14779e-70	worse
mealpy	AugmentedAEO	10	10000	1087	113	1200	1.10972e-200	1.78665e-198	1	1	better
mealpy	OriginalWOA	10	10000	1007	193	1200	1.60853e-133	2.04284e-131	1	1	better
mealpy	SADE	10	10000	1174	26	1200	1.28335e-308	3.28537e-306	1	1	better
mealpy	OriginalBRO	10	10000	247	953	1200	1	1	1.96848e-98	5.13773e-96	worse
mealpy	OriginalSSpiderO	10	10000	773	427	1200	5.66537e-24	4.92887e-22	1	1	better
mealpy	ProbBeesA	10	10000	701	499	1200	3.0196e-09	2.2949e-07	1	1	better
mealpy	OriginalFA	10	10000	1155	45	1200	8.01255e-280	1.74674e-277	1	1	better
mealpy	OriginalCSA	10	10000	419	781	1200	1	1	4.24192e-26	1.03927e-23	worse
mealpy	OriginalALO	10	10000	1156	44	1200	3.11617e-281	6.88673e-279	1	1	better
mealpy	OriginalDO	10	10000	940	260	1200	5.42855e-91	6.07998e-89	1	1	better
mealpy	OriginalCHIO	10	10000	623	577	1200	0.0969548	1	0.912586	1	not shown
mealpy	OriginalBSA	10	10000	1090	110	1200	1.20305e-203	1.973e-201	1	1	better
mealpy	LevyEP	10	10000	1157	43	1200	1.18396e-282	2.65206e-280	1	1	better
mealpy	OriginalICA	10	10000	680	35	715	2.0209e-156	2.76864e-154	1	1	better
mealpy	ImprovedLCO	10	10000	979	221	1200	1.89704e-114	2.23851e-112	1	1	better
mealpy	OriginalMFO	10	10000	191	1009	1200	1	1	5.84353e-135	1.5836e-132	worse
mealpy	ImprovedAEO	10	10000	1063	137	1200	2.91281e-178	4.39835e-176	1	1	better
mealpy	OriginalVCS	10	10000	743	457	1200	6.91836e-17	5.74224e-15	1	1	better
mealpy	AdaptiveBA	10	10000	32	1168	1200	1	1	5.11183e-299	1.48754e-296	worse
mealpy	MultiGA	10	10000	922	278	1200	2.79498e-81	2.87883e-79	1	1	better
mealpy	OriginalES	10	10000	1160	40	1200	5.61541e-287	1.29716e-284	1	1	better
mealpy	LevyES	10	10000	1180	20	1200	7.93924e-319	2.11184e-316	1	1	better
mealpy	OriginalEP	10	10000	279	921	1200	1	1	9.25507e-81	2.38781e-78	worse
mealpy	BaseSMA	10	10000	1168	32	1200	5.11183e-299	1.26262e-296	1	1	better
mealpy	OriginalPSO	10	10000	85	1115	1200	1	1	5.6952e-230	1.63452e-227	worse
mealpy	FBUDGETSHADE	10	10000	1182	18	1200	2.17389e-322	5.89124e-320	1	1	better
mealpy	OriginalFOA	10	10000	240	960	1200	1	1	1.36163e-102	3.58109e-100	worse
mealpy	BaseQSA	10	10000	1188	12	1200	0	0	1	1	better
mealpy	BaseMFO	10	10000	1157	43	1200	1.18396e-282	2.65206e-280	1	1	better
mealpy	BaseDE	10	10000	1161	39	1200	1.9329e-288	4.50366e-286	1	1	better
mealpy	WhaleFOA	10	10000	225	975	1200	1	1	6.98668e-112	1.85846e-109	worse
Baselines	DE	10	10000	1159	41	1200	1.59022e-285	1.11315e-284	1	1	better
Baselines	RCobyla	10	10000	1052	148	1200	1.0765e-168	5.38248e-168	1	1	better
Baselines	PSO	10	10000	35	1165	1200	1	1	2.07448e-294	2.28192e-293	worse
Baselines	DiagonalCMA	10	10000	1169	31	1200	1.39804e-300	1.11843e-299	1	1	better
Baselines	modcma	10	10000	1183	17	1200	0	0	1	1	better
Baselines	modde	10	10000	1140	60	1200	9.26188e-260	5.55713e-259	1	1	better
Baselines	OnePlusOne	10	10000	857	343	1200	1.73062e-51	3.46124e-51	1	1	better
Baselines	Powell	10	10000	962	238	1200	8.41928e-104	2.52579e-103	1	1	better
Baselines	MultiBFGS	10	10000	1014	186	1200	1.31797e-138	5.27187e-138	1	1	better
Baselines	lshade	10	10000	1200	0	1200	0	0	1	1	better
Baselines	bipop	10	10000	1191	9	1200	0	0	1	1	better
EVOLOPY	DE	20	10	893	307	1200	5.28723e-67	-1	1	-1	descriptive
EVOLOPY	JAYA	20	10	935	265	1200	3.16259e-88	-1	1	-1	descriptive
EVOLOPY	PSO	20	10	991	209	1200	2.22187e-122	-1	1	-1	descriptive
EVOLOPY	WOA	20	10	964	236	1200	5.09816e-105	-1	1	-1	descriptive
EVOLOPY	FFA	20	10	887	313	1200	2.98337e-64	-1	1	-1	descriptive
EVOLOPY	BAT	20	10	639	561	1200	0.0130942	-1	0.988732	-1	descriptive
EVOLOPY	MVO	20	10	1036	164	1200	1.71488e-155	-1	1	-1	descriptive
EVOLOPY	HHO	20	10	964	236	1200	5.09816e-105	-1	1	-1	descriptive
EVOLOPY	SCA	20	10	436	764	1200	1	-1	1.05919e-21	-1	descriptive
EVOLOPY	GA	20	10	619	378	997	1.1055e-14	-1	1	-1	descriptive
EVOLOPY	MFO	20	10	637	563	1200	0.0175227	-1	0.98483	-1	descriptive
EVOLOPY	CS	20	10	309	891	1200	1	-1	4.4455e-66	-1	descriptive
EVOLOPY	GWO	20	10	1129	71	1200	3.68862e-246	-1	1	-1	descriptive
EVOLOPY	SSA	20	10	872	328	1200	1.14988e-57	-1	1	-1	descriptive
NIAPY	DynamicFireworksAlgorithm	20	10	752	448	1200	7.22865e-19	-1	1	-1	descriptive
NIAPY	HarmonySearch	20	10	949	251	1200	4.19378e-96	-1	1	-1	descriptive
NIAPY	EvolutionStrategyMp1	20	10	867	333	1200	1.46096e-55	-1	1	-1	descriptive
NIAPY	MonarchButterflyOptimization	20	10	644	556	1200	0.00599564	-1	0.994918	-1	descriptive
NIAPY	CenterParticleSwarmOptimization	20	10	1095	105	1200	1.12642e-208	-1	1	-1	descriptive
NIAPY	DynNpDifferentialEvolution	20	10	592	608	1200	0.688188	-1	0.332512	-1	descriptive
NIAPY	CamelAlgorithm	20	10	987	213	1200	1.07117e-119	-1	1	-1	descriptive
NIAPY	BatAlgorithm	20	10	474	726	1200	1	-1	1.77e-13	-1	descriptive
NIAPY	GlowwormSwarmOptimization	20	10	176	1024	1200	1	-1	4.15137e-146	-1	descriptive
NIAPY	BareBonesFireworksAlgorithm	20	10	1110	90	1200	1.85408e-224	-1	1	-1	descriptive
NIAPY	CuckooSearch	20	10	350	850	1200	1	-1	9.64912e-49	-1	descriptive
NIAPY	GeneticAlgorithm	20	10	556	644	1200	0.994918	-1	0.00599564	-1	descriptive
NIAPY	ParticleSwarmAlgorithm	20	10	725	475	1200	2.72251e-13	-1	1	-1	descriptive
NIAPY	MonkeyKingEvolutionV3	20	10	995	205	1200	4.2018e-125	-1	1	-1	descriptive
NIAPY	MonkeyKingEvolutionV2	20	10	534	666	1200	0.999939	-1	7.68072e-05	-1	descriptive
NIAPY	SineCosineAlgorithm	20	10	127	1073	1200	1	-1	2.46901e-187	-1	descriptive
NIAPY	EvolutionStrategy1p1	20	10	1114	86	1200	7.3916e-229	-1	1	-1	descriptive
NIAPY	HarrisHawksOptimization	20	10	1024	176	1200	4.15137e-146	-1	1	-1	descriptive
NIAPY	ParticleSwarmOptimization	20	10	821	379	1200	2.90182e-38	-1	1	-1	descriptive
NIAPY	ForestOptimizationAlgorithm	20	10	260	940	1200	1	-1	5.42855e-91	-1	descriptive
NIAPY	EnhancedFireworksAlgorithm	20	10	749	451	1200	3.4125e-18	-1	1	-1	descriptive
NIAPY	MultiStrategyDifferentialEvolution	20	10	420	780	1200	1	-1	7.92097e-26	-1	descriptive
NIAPY	MutatedParticleSwarmOptimization	20	10	1104	96	1200	5.15861e-218	-1	1	-1	descriptive
NIAPY	ComprehensiveLearningParticleSwarmOptimizer	20	10	323	877	1200	1	-1	8.15275e-60	-1	descriptive
NIAPY	KrillHerd	20	10	900	300	1200	2.67256e-70	-1	1	-1	descriptive
NIAPY	FishSchoolSearch	20	10	383	817	1200	1	-1	6.26076e-37	-1	descriptive
NIAPY	MutatedCenterUnifiedParticleSwarmOptimization	20	10	1122	78	1200	6.40261e-238	-1	1	-1	descriptive
NIAPY	MutatedCenterParticleSwarmOptimization	20	10	1117	83	1200	3.25527e-232	-1	1	-1	descriptive
NIAPY	GlowwormSwarmOptimizationV2	20	10	149	1051	1200	1	-1	7.61007e-168	-1	descriptive
NIAPY	CatSwarmOptimization	20	10	868	332	1200	5.59048e-56	-1	1	-1	descriptive
NIAPY	DifferentialEvolution	20	10	369	831	1200	1	-1	1.02536e-41	-1	descriptive
NIAPY	FireworksAlgorithm	20	10	687	513	1200	2.83038e-07	-1	1	-1	descriptive
NIAPY	MothFlameOptimizer	20	10	390	810	1200	1	-1	1.1679e-34	-1	descriptive
NIAPY	DynNpMultiStrategyDifferentialEvolution	20	10	397	803	1200	1	-1	1.81078e-32	-1	descriptive
NIAPY	EvolutionStrategyML	20	10	833	367	1200	1.99671e-42	-1	1	-1	descriptive
NIAPY	GreyWolfOptimizer	20	10	1095	105	1200	1.12642e-208	-1	1	-1	descriptive
NIAPY	HarmonySearchV1	20	10	894	306	1200	1.81152e-67	-1	1	-1	descriptive
NIAPY	BeesAlgorithm	20	10	663	537	1200	0.000152237	-1	0.999878	-1	descriptive
NIAPY	GlowwormSwarmOptimizationV1	20	10	178	1022	1200	1	-1	1.38412e-144	-1	descriptive
NIAPY	GlowwormSwarmOptimizationV3	20	10	157	1043	1200	1	-1	3.61887e-161	-1	descriptive
NIAPY	LionOptimizationAlgorithm	20	10	946	254	1200	2.21838e-94	-1	1	-1	descriptive
NIAPY	ArtificialBeeColonyAlgorithm	20	10	647	553	1200	0.0036174	-1	0.996962	-1	descriptive
NIAPY	AgingNpDifferentialEvolution	20	10	388	812	1200	1	-1	2.67204e-35	-1	descriptive
NIAPY	OppositionVelocityClampingParticleSwarmOptimization	20	10	471	729	1200	1	-1	4.76478e-14	-1	descriptive
NIAPY	CoralReefsOptimization	20	10	327	873	1200	1	-1	4.30951e-58	-1	descriptive
NIAPY	BacterialForagingOptimization	20	10	277	923	1200	1	-1	8.4014e-82	-1	descriptive
NIAPY	DynamicFireworksAlgorithmGauss	20	10	744	456	1200	4.22646e-17	-1	1	-1	descriptive
NIAPY	ClonalSelectionAlgorithm	20	10	191	1009	1200	1	-1	5.84353e-135	-1	descriptive
NIAPY	GravitationalSearchAlgorithm	20	10	646	554	1200	0.00429414	-1	0.996383	-1	descriptive
NIAPY	MonkeyKingEvolutionV1	20	10	428	772	1200	1	-1	1.02773e-23	-1	descriptive
NIAPY	EvolutionStrategyMpL	20	10	838	362	1200	3.12026e-44	-1	1	-1	descriptive
NIAPY	FireflyAlgorithm	20	10	272	928	1200	1	-1	1.92148e-84	-1	descriptive
NIAPY	FlowerPollinationAlgorithm	20	10	449	751	1200	1	-1	1.2169e-18	-1	descriptive
OPYTIMIZER	SA	20	10	1003	197	1200	1.13227e-130	-1	1	-1	descriptive
OPYTIMIZER	GOGHS	20	10	1075	125	1200	3.414e-189	-1	1	-1	descriptive
OPYTIMIZER	QSA	20	10	1036	164	1200	1.71488e-155	-1	1	-1	descriptive
OPYTIMIZER	SGHS	20	10	1009	191	1200	5.84353e-135	-1	1	-1	descriptive
OPYTIMIZER	DE	20	10	1026	174	1200	1.21249e-147	-1	1	-1	descriptive
OPYTIMIZER	RFO	20	10	1171	29	1200	9.47285e-304	-1	1	-1	descriptive
OPYTIMIZER	PPA	20	10	963	237	1200	2.07722e-104	-1	1	-1	descriptive
OPYTIMIZER	EHO	20	10	1113	87	1200	9.47456e-228	-1	1	-1	descriptive
OPYTIMIZER	AEO	20	10	1136	64	1200	1.02444e-254	-1	1	-1	descriptive
OPYTIMIZER	ABO	20	10	1016	184	1200	4.38528e-140	-1	1	-1	descriptive
OPYTIMIZER	GHS	20	10	997	203	1200	1.76421e-126	-1	1	-1	descriptive
OPYTIMIZER	PVS	20	10	1076	124	1200	3.96144e-190	-1	1	-1	descriptive
OPYTIMIZER	BWO	20	10	916	104	1020	3.32243e-163	-1	1	-1	descriptive
OPYTIMIZER	PSO	20	10	1155	45	1200	8.01255e-280	-1	1	-1	descriptive
OPYTIMIZER	BSO	20	10	1147	53	1200	6.98302e-269	-1	1	-1	descriptive
OPYTIMIZER	CSA	20	10	862	338	1200	1.67372e-53	-1	1	-1	descriptive
OPYTIMIZER	SSO	20	10	1157	43	1200	1.18396e-282	-1	1	-1	descriptive
OPYTIMIZER	WOA	20	10	1157	43	1200	1.18396e-282	-1	1	-1	descriptive
OPYTIMIZER	BA	20	10	1037	163	1200	2.70847e-156	-1	1	-1	descriptive
OPYTIMIZER	HS	20	10	1002	198	1200	5.74418e-130	-1	1	-1	descriptive
OPYTIMIZER	JS	20	10	1133	67	1200	5.22672e-251	-1	1	-1	descriptive
OPYTIMIZER	SOS	20	10	1167	33	1200	1.81091e-297	-1	1	-1	descriptive
OPYTIMIZER	GS	20	10	130	1070	1200	1	-1	1.42202e-184	-1	descriptive
OPYTIMIZER	EFO	20	10	1012	188	1200	3.86183e-137	-1	1	-1	descriptive
OPYTIMIZER	GSA	20	10	652	548	1200	0.00146505	-1	0.998789	-1	descriptive
OPYTIMIZER	ESA	20	10	988	212	1200	2.30571e-120	-1	1	-1	descriptive
OPYTIMIZER	BOA	20	10	106	193	299	1	-1	2.75798e-07	-1	descriptive
OPYTIMIZER	HC	20	10	250	950	1200	1	-1	1.10605e-96	-1	descriptive
OPYTIMIZER	ABC	20	10	1105	95	1200	4.47688e-219	-1	1	-1	descriptive
OPYTIMIZER	RRA	20	10	1130	70	1200	2.31531e-247	-1	1	-1	descriptive
OPYTIMIZER	NDS	20	10	133	1067	1200	1	-1	7.58052e-182	-1	descriptive
OPYTIMIZER	NBJS	20	10	1136	64	1200	1.02444e-254	-1	1	-1	descriptive
OPYTIMIZER	SSD	20	10	613	587	1200	0.235251	-1	0.782128	-1	descriptive
OPYTIMIZER	CEM	20	10	710	490	1200	1.15404e-10	-1	1	-1	descriptive
OPYTIMIZER	AOA	20	10	1068	132	1200	9.42885e-183	-1	1	-1	descriptive
OPYTIMIZER	MRFO	20	10	1157	43	1200	1.18396e-282	-1	1	-1	descriptive
OPYTIMIZER	ASO	20	10	235	965	1200	1	-1	1.24469e-105	-1	descriptive
OPYTIMIZER	SFO	20	10	943	257	1200	1.12204e-92	-1	1	-1	descriptive
OPYTIMIZER	IHS	20	10	991	209	1200	2.22187e-122	-1	1	-1	descriptive
OPYTIMIZER	COA	20	10	1064	136	1200	3.74597e-179	-1	1	-1	descriptive
OPYTIMIZER	GOA	20	10	1114	86	1200	7.3916e-229	-1	1	-1	descriptive
OPYTIMIZER	STOA	20	10	507	693	1200	1	-1	4.37867e-08	-1	descriptive
OPYTIMIZER	MVPA	20	10	1141	59	1200	4.86568e-261	-1	1	-1	descriptive
OPYTIMIZER	ES	20	10	1042	158	1200	2.39201e-160	-1	1	-1	descriptive
OPYTIMIZER	AIWPSO	20	10	1159	41	1200	1.59022e-285	-1	1	-1	descriptive
OPYTIMIZER	ISA	20	10	388	542	930	1	-1	2.47757e-07	-1	descriptive
OPYTIMIZER	EO	20	10	1184	16	1200	0	-1	1	-1	descriptive
OPYTIMIZER	AF	20	10	88	853	941	1	-1	2.29796e-158	-1	descriptive
OPYTIMIZER	DOA	20	10	1044	156	1200	5.43514e-162	-1	1	-1	descriptive
OPYTIMIZER	PIO	20	10	1135	65	1200	1.79217e-253	-1	1	-1	descriptive
OPYTIMIZER	HHO	20	10	1160	40	1200	5.61541e-287	-1	1	-1	descriptive
OPYTIMIZER	BSA	20	10	993	207	1200	9.77535e-124	-1	1	-1	descriptive
OPYTIMIZER	TEO	20	10	325	310	635	0.289269	-1	0.73725	-1	descriptive
OPYTIMIZER	FA	20	10	588	612	1200	0.764749	-1	0.253369	-1	descriptive
OPYTIMIZER	WWO	20	10	902	178	1080	2.65446e-117	-1	1	-1	descriptive
OPYTIMIZER	IWO	20	10	1011	189	1200	2.07079e-136	-1	1	-1	descriptive
OPYTIMIZER	KH	20	10	1130	70	1200	2.31531e-247	-1	1	-1	descriptive
OPYTIMIZER	FOA	20	10	1019	181	1200	2.53665e-142	-1	1	-1	descriptive
OPYTIMIZER	RPSO	20	10	1154	46	1200	2.01373e-278	-1	1	-1	descriptive
OPYTIMIZER	SCA	20	10	787	413	1200	9.26924e-28	-1	1	-1	descriptive
OPYTIMIZER	OSA	20	10	942	258	1200	4.10868e-92	-1	1	-1	descriptive
OPYTIMIZER	WDO	20	10	757	443	1200	5.0711e-20	-1	1	-1	descriptive
OPYTIMIZER	LSA	20	10	1131	69	1200	1.43156e-248	-1	1	-1	descriptive
OPYTIMIZER	VPSO	20	10	1155	45	1200	8.01255e-280	-1	1	-1	descriptive
OPYTIMIZER	SBO	20	10	1150	50	1200	6.45201e-273	-1	1	-1	descriptive
OPYTIMIZER	GA	20	10	1128	72	1200	5.78976e-245	-1	1	-1	descriptive
OPYTIMIZER	MFO	20	10	995	205	1200	4.2018e-125	-1	1	-1	descriptive
OPYTIMIZER	CS	20	10	1031	169	1200	1.57118e-151	-1	1	-1	descriptive
OPYTIMIZER	FSO	20	10	973	227	1200	1.29755e-110	-1	1	-1	descriptive
OPYTIMIZER	NGHS	20	10	1062	138	1200	2.24644e-177	-1	1	-1	descriptive
OPYTIMIZER	GCO	20	10	1034	166	1200	6.73123e-154	-1	1	-1	descriptive
OPYTIMIZER	TWO	20	10	1170	30	1200	3.70089e-302	-1	1	-1	descriptive
OPYTIMIZER	WEO	20	10	1016	184	1200	4.38528e-140	-1	1	-1	descriptive
OPYTIMIZER	GWO	20	10	1166	34	1200	6.22133e-296	-1	1	-1	descriptive
OPYTIMIZER	SAVPSO	20	10	1175	25	1200	2.83723e-310	-1	1	-1	descriptive
OPYTIMIZER	FFOA	20	10	828	372	1200	1.1589e-40	-1	1	-1	descriptive
OPYTIMIZER	AIG	20	10	1050	150	1200	5.33887e-167	-1	1	-1	descriptive
OPYTIMIZER	BH	20	10	1150	50	1200	6.45201e-273	-1	1	-1	descriptive
OPYTIMIZER	CI	20	10	67	10	77	8.4837e-12	-1	1	-1	descriptive
OPYTIMIZER	SSA	20	10	1115	85	1200	5.6952e-230	-1	1	-1	descriptive
OPYTIMIZER	AO	20	10	1086	114	1200	1.05932e-199	-1	1	-1	descriptive
OPYTIMIZER	MVO	20	10	26	3	29	7.61822e-06	-1	0.999999	-1	descriptive
mealpy	LevyTWO	20	10	336	864	1200	1	-1	2.54349e-54	-1	descriptive
mealpy	OriginalTLO	20	10	904	296	1200	3.17035e-72	-1	1	-1	descriptive
mealpy	GWO	20	10	1104	96	1200	5.15861e-218	-1	1	-1	descriptive
mealpy	OriginalBBO	20	10	922	278	1200	2.79498e-81	-1	1	-1	descriptive
mealpy	ABFO	20	10	548	614	1162	0.975345	-1	0.0282484	-1	descriptive
mealpy	OriginalWHO	20	10	500	700	1200	1	-1	4.26768e-09	-1	descriptive
mealpy	OriginalFFA	20	10	520	680	1200	0.999998	-1	2.14955e-06	-1	descriptive
mealpy	BaseSARO	20	10	809	391	1200	2.42789e-34	-1	1	-1	descriptive
mealpy	OriginalSMA	20	10	601	599	1200	0.488486	-1	0.534504	-1	descriptive
mealpy	SingleGA	20	10	783	417	1200	1.20335e-26	-1	1	-1	descriptive
mealpy	OriginalSSDO	20	10	881	319	1200	1.44166e-61	-1	1	-1	descriptive
mealpy	OriginalFPA	20	10	478	722	1200	1	-1	9.70598e-13	-1	descriptive
mealpy	OriginalSSO	20	10	824	376	1200	2.78438e-39	-1	1	-1	descriptive
mealpy	OriginalMA	20	10	508	692	1200	1	-1	6.02584e-08	-1	descriptive
mealpy	OriginalCEM	20	10	354	846	1200	1	-1	3.27619e-47	-1	descriptive
mealpy	OCRO	20	10	844	356	1200	1.86384e-46	-1	1	-1	descriptive
mealpy	OriginalBA	20	10	211	629	840	1	-1	2.70636e-49	-1	descriptive
mealpy	OriginalAEO	20	10	999	201	1200	7.23426e-128	-1	1	-1	descriptive
mealpy	OriginalBSO	20	10	1041	159	1200	1.56963e-159	-1	1	-1	descriptive
mealpy	OriginalBFO	20	10	267	933	1200	1	-1	3.90363e-87	-1	descriptive
mealpy	ImprovedSLO	20	10	568	632	1200	0.969722	-1	0.0344599	-1	descriptive
mealpy	OriginalLCO	20	10	1094	106	1200	1.1649e-207	-1	1	-1	descriptive
mealpy	OriginalHGS	20	10	1025	175	1200	7.11841e-147	-1	1	-1	descriptive
mealpy	BaseALO	20	10	459	31	490	3.85139e-99	-1	1	-1	descriptive
mealpy	CPSO	20	10	955	245	1200	1.30821e-99	-1	1	-1	descriptive
mealpy	OriginalEO	20	10	1126	74	1200	1.36526e-242	-1	1	-1	descriptive
mealpy	DE	20	10	389	811	1200	1	-1	5.59687e-35	-1	descriptive
mealpy	ModifiedBA	20	10	799	401	1200	2.97706e-31	-1	1	-1	descriptive
mealpy	BaseTLO	20	10	880	320	1200	3.97863e-61	-1	1	-1	descriptive
mealpy	OriginalPFA	20	10	885	315	1200	2.38157e-63	-1	1	-1	descriptive
mealpy	BaseFOA	20	10	600	600	1200	0.511514	-1	0.511514	-1	descriptive
mealpy	OriginalGBO	20	10	972	228	1200	5.54649e-110	-1	1	-1	descriptive
mealpy	TVAC	20	10	1098	102	1200	9.56554e-212	-1	1	-1	descriptive
mealpy	BaseFBIO	20	10	1002	198	1200	5.74418e-130	-1	1	-1	descriptive
mealpy	ImprovedBSO	20	10	1044	156	1200	5.43514e-162	-1	1	-1	descriptive
mealpy	OriginalAO	20	10	367	833	1200	1	-1	1.99671e-42	-1	descriptive
mealpy	BaseGSKA	20	10	991	209	1200	2.22187e-122	-1	1	-1	descriptive
mealpy	BaseLCO	20	10	813	87	900	8.93905e-149	-1	1	-1	descriptive
mealpy	OriginalSSpiderA	20	10	868	332	1200	5.59048e-56	-1	1	-1	descriptive
mealpy	BaseHS	20	10	1071	129	1200	1.72403e-185	-1	1	-1	descriptive
mealpy	AdaptiveEO	20	10	1113	87	1200	9.47456e-228	-1	1	-1	descriptive
mealpy	OriginalWCA	20	10	18	1	19	3.8147e-05	-1	0.999998	-1	descriptive
mealpy	OriginalMRFO	20	10	1090	110	1200	1.20305e-203	-1	1	-1	descriptive
mealpy	OriginalEOA	20	10	742	458	1200	1.12853e-16	-1	1	-1	descriptive
mealpy	OriginalABC	20	10	642	558	1200	0.00826962	-1	0.992948	-1	descriptive
mealpy	ModifiedAEO	20	10	1015	185	1200	2.41176e-139	-1	1	-1	descriptive
mealpy	OriginalSFO	20	10	586	614	1200	0.798743	-1	0.217872	-1	descriptive
mealpy	BaseBBO	20	10	922	278	1200	2.79498e-81	-1	1	-1	descriptive
mealpy	OriginalNMRA	20	10	877	323	1200	8.15275e-60	-1	1	-1	descriptive
mealpy	OriginalACOR	20	10	510	690	1200	1	-1	1.12994e-07	-1	descriptive
mealpy	ImprovedSFO	20	10	586	614	1200	0.798743	-1	0.217872	-1	descriptive
mealpy	OriginalCRO	20	10	891	309	1200	4.4455e-66	-1	1	-1	descriptive
mealpy	LevyJA	20	10	701	499	1200	3.0196e-09	-1	1	-1	descriptive
mealpy	OriginalHS	20	10	888	312	1200	1.04912e-64	-1	1	-1	descriptive
mealpy	OriginalCSO	20	10	494	706	1200	1	-1	5.09234e-10	-1	descriptive
mealpy	OriginalCOA	20	10	821	379	1200	2.90182e-38	-1	1	-1	descriptive
mealpy	LevyQSA	20	10	797	403	1200	1.18046e-30	-1	1	-1	descriptive
mealpy	OppoQSA	20	10	779	421	1200	1.47372e-25	-1	1	-1	descriptive
mealpy	BaseBRO	20	10	990	210	1200	1.05013e-121	-1	1	-1	descriptive
mealpy	OriginalSLO	20	10	869	331	1200	2.13039e-56	-1	1	-1	descriptive
mealpy	OriginalMVO	20	10	1054	146	1200	2.10491e-170	-1	1	-1	descriptive
mealpy	CLPSO	20	10	555	645	1200	0.995706	-1	0.00508185	-1	descriptive
mealpy	OriginalNRO	20	10	710	490	1200	1.15404e-10	-1	1	-1	descriptive
mealpy	BaseSCA	20	10	509	691	1200	1	-1	8.26523e-08	-1	descriptive
mealpy	BaseGCO	20	10	501	699	1200	1	-1	6.01151e-09	-1	descriptive
mealpy	OriginalArchOA	20	10	860	310	1170	1.57315e-60	-1	1	-1	descriptive
mealpy	SwarmHC	20	10	310	890	1200	1	-1	1.28067e-65	-1	descriptive
mealpy	ImprovedTLO	20	10	1021	179	1200	7.91361e-144	-1	1	-1	descriptive
mealpy	OriginalMSA	20	10	995	205	1200	4.2018e-125	-1	1	-1	descriptive
mealpy	WOA	20	10	902	298	1200	2.93685e-71	-1	1	-1	descriptive
mealpy	OriginalIWO	20	10	592	608	1200	0.688188	-1	0.332512	-1	descriptive
mealpy	BaseGA	20	10	1081	119	1200	7.27584e-195	-1	1	-1	descriptive
mealpy	ModifiedEO	20	10	1100	100	1200	8.13378e-214	-1	1	-1	descriptive
mealpy	ImprovedNMRA	20	10	913	287	1200	1.13248e-76	-1	1	-1	descriptive
mealpy	BaseCHIO	20	10	348	852	1200	1	-1	1.61658e-49	-1	descriptive
mealpy	OriginalHHO	20	10	866	334	1200	3.80213e-55	-1	1	-1	descriptive
mealpy	OriginalGWO	20	10	1100	100	1200	8.13378e-214	-1	1	-1	descriptive
mealpy	ImprovedQSA	20	10	797	403	1200	1.18046e-30	-1	1	-1	descriptive
mealpy	OriginalFBIO	20	10	1018	182	1200	1.42224e-141	-1	1	-1	descriptive
mealpy	OriginalBeesA	20	10	329	871	1200	1	-1	3.05539e-57	-1	descriptive
mealpy	BaseEFO	20	10	837	363	1200	7.22475e-44	-1	1	-1	descriptive
mealpy	OriginalSA	20	10	424	776	1200	1	-1	9.28723e-25	-1	descriptive
mealpy	OriginalHC	20	10	375	825	1200	1	-1	1.26495e-39	-1	descriptive
mealpy	OriginalSHO	20	10	761	439	1200	5.67918e-21	-1	1	-1	descriptive
mealpy	JADE	20	10	930	270	1200	1.63298e-85	-1	1	-1	descriptive
mealpy	OriginalCA	20	10	1093	107	1200	1.19235e-206	-1	1	-1	descriptive
mealpy	EnhancedTWO	20	10	757	443	1200	5.0711e-20	-1	1	-1	descriptive
mealpy	BaseSSA	20	10	752	448	1200	7.22865e-19	-1	1	-1	descriptive
mealpy	OriginalAOA	20	10	930	270	1200	1.63298e-85	-1	1	-1	descriptive
mealpy	OriginalQSA	20	10	668	532	1200	4.79037e-05	-1	0.999962	-1	descriptive
mealpy	OriginalGOA	20	10	1069	131	1200	1.16288e-183	-1	1	-1	descriptive
mealpy	EnhancedAEO	20	10	986	214	1200	4.94816e-119	-1	1	-1	descriptive
mealpy	OriginalGSKA	20	10	898	302	1200	2.38936e-69	-1	1	-1	descriptive
mealpy	PPSO	20	10	1100	100	1200	8.13378e-214	-1	1	-1	descriptive
mealpy	OriginalCGO	20	10	895	305	1200	6.1796e-68	-1	1	-1	descriptive
mealpy	OriginalHGSO	20	10	942	258	1200	4.10868e-92	-1	1	-1	descriptive
mealpy	OriginalSBO	20	10	1078	122	1200	5.19199e-192	-1	1	-1	descriptive
mealpy	OppoTWO	20	10	813	387	1200	1.27085e-35	-1	1	-1	descriptive
mealpy	OriginalASO	20	10	318	882	1200	1	-1	5.20166e-62	-1	descriptive
mealpy	ModifiedSLO	20	10	803	397	1200	1.81078e-32	-1	1	-1	descriptive
mealpy	BaseVCS	20	10	983	217	1200	4.71472e-117	-1	1	-1	descriptive
mealpy	LSHADE	20	10	909	291	1200	1.12235e-74	-1	1	-1	descriptive
mealpy	OriginalEFO	20	10	1128	72	1200	5.78976e-245	-1	1	-1	descriptive
mealpy	OriginalJA	20	10	720	480	1200	2.22673e-12	-1	1	-1	descriptive
mealpy	OriginalGCO	20	10	410	790	1200	1	-1	1.30418e-28	-1	descriptive
mealpy	OriginalPSS	20	10	1102	98	1200	6.62242e-216	-1	1	-1	descriptive
mealpy	OriginalEHO	20	10	926	274	1200	2.2185e-83	-1	1	-1	descriptive
mealpy	OriginalSSA	20	10	875	325	1200	5.97745e-59	-1	1	-1	descriptive
mealpy	OriginalSCA	20	10	528	672	1200	0.999986	-1	1.79282e-05	-1	descriptive
mealpy	OriginalBES	20	10	1049	151	1200	3.71717e-166	-1	1	-1	descriptive
mealpy	BaseSBO	20	10	1036	164	1200	1.71488e-155	-1	1	-1	descriptive
mealpy	BaseJA	20	10	614	586	1200	0.217872	-1	0.798743	-1	descriptive
mealpy	OriginalSARO	20	10	712	488	1200	5.38373e-11	-1	1	-1	descriptive
mealpy	OriginalSRSR	20	10	947	253	1200	5.93923e-95	-1	1	-1	descriptive
mealpy	OriginalTWO	20	10	701	499	1200	3.0196e-09	-1	1	-1	descriptive
mealpy	OriginalWDO	20	10	704	496	1200	1.04834e-09	-1	1	-1	descriptive
mealpy	AugmentedAEO	20	10	924	276	1200	2.51358e-82	-1	1	-1	descriptive
mealpy	OriginalWOA	20	10	885	315	1200	2.38157e-63	-1	1	-1	descriptive
mealpy	SADE	20	10	779	421	1200	1.47372e-25	-1	1	-1	descriptive
mealpy	OriginalBRO	20	10	391	809	1200	1	-1	2.42789e-34	-1	descriptive
mealpy	OriginalSSpiderO	20	10	552	648	1200	0.997457	-1	0.00303794	-1	descriptive
mealpy	ProbBeesA	20	10	317	883	1200	1	-1	1.86884e-62	-1	descriptive
mealpy	OriginalFA	20	10	319	881	1200	1	-1	1.44166e-61	-1	descriptive
mealpy	OriginalCSA	20	10	382	818	1200	1	-1	2.92164e-37	-1	descriptive
mealpy	OriginalALO	20	10	227	42	269	3.50774e-32	-1	1	-1	descriptive
mealpy	OriginalDO	20	10	716	484	1200	1.12505e-11	-1	1	-1	descriptive
mealpy	OriginalCHIO	20	10	348	852	1200	1	-1	1.61658e-49	-1	descriptive
mealpy	OriginalBSA	20	10	1043	157	1200	3.61887e-161	-1	1	-1	descriptive
mealpy	LevyEP	20	10	388	812	1200	1	-1	2.67204e-35	-1	descriptive
mealpy	OriginalICA	20	10	692	83	775	9.87408e-121	-1	1	-1	descriptive
mealpy	ImprovedLCO	20	10	1047	153	1200	1.76165e-164	-1	1	-1	descriptive
mealpy	OriginalMFO	20	10	406	794	1200	1	-1	9.06502e-30	-1	descriptive
mealpy	ImprovedAEO	20	10	954	246	1200	5.08757e-99	-1	1	-1	descriptive
mealpy	OriginalVCS	20	10	890	310	1200	1.28067e-65	-1	1	-1	descriptive
mealpy	AdaptiveBA	20	10	435	765	1200	1	-1	6.00862e-22	-1	descriptive
mealpy	MultiGA	20	10	794	406	1200	9.06502e-30	-1	1	-1	descriptive
mealpy	OriginalES	20	10	693	507	1200	4.37867e-08	-1	1	-1	descriptive
mealpy	LevyES	20	10	491	709	1200	1	-1	1.68109e-10	-1	descriptive
mealpy	OriginalEP	20	10	471	729	1200	1	-1	4.76478e-14	-1	descriptive
mealpy	BaseSMA	20	10	689	511	1200	1.53963e-07	-1	1	-1	descriptive
mealpy	OriginalPSO	20	10	590	610	1200	0.727806	-1	0.291689	-1	descriptive
mealpy	FBUDGETSHADE	20	10	880	320	1200	3.97863e-61	-1	1	-1	descriptive
mealpy	OriginalFOA	20	10	84	1116	1200	1	-1	4.33323e-231	-1	descriptive
mealpy	BaseQSA	20	10	779	421	1200	1.47372e-25	-1	1	-1	descriptive
mealpy	BaseMFO	20	10	509	691	1200	1	-1	8.26523e-08	-1	descriptive
mealpy	BaseDE	20	10	512	688	1200	1	-1	2.09097e-07	-1	descriptive
mealpy	WhaleFOA	20	10	360	840	1200	1	-1	5.75169e-45	-1	descriptive
Baselines	DE	20	10	1053	147	1200	1.51112e-169	-1	1	-1	descriptive
Baselines	RCobyla	20	10	1161	39	1200	1.9329e-288	-1	1	-1	descriptive
Baselines	PSO	20	10	351	849	1200	1	-1	2.34324e-48	-1	descriptive
Baselines	DiagonalCMA	20	10	1046	154	1200	1.19923e-163	-1	1	-1	descriptive
Baselines	modcma	20	10	1140	60	1200	9.26188e-260	-1	1	-1	descriptive
Baselines	modde	20	10	586	614	1200	0.798743	-1	0.217872	-1	descriptive
Baselines	OnePlusOne	20	10	1174	26	1200	1.28335e-308	-1	1	-1	descriptive
Baselines	Powell	20	10	876	324	1200	2.2122e-59	-1	1	-1	descriptive
Baselines	MultiBFGS	20	10	847	353	1200	1.36538e-47	-1	1	-1	descriptive
Baselines	lshade	20	10	586	614	1200	0.798743	-1	0.217872	-1	descriptive
Baselines	bipop	20	10	1140	60	1200	9.26188e-260	-1	1	-1	descriptive
EVOLOPY	DE	20	50	1126	74	1200	1.36526e-242	2.96261e-240	1	1	better
EVOLOPY	JAYA	20	50	1056	144	1200	3.98984e-172	6.18425e-170	1	1	better
EVOLOPY	PSO	20	50	1043	157	1200	3.61887e-161	5.28355e-159	1	1	better
EVOLOPY	WOA	20	50	1102	98	1200	6.62242e-216	1.20528e-213	1	1	better
EVOLOPY	FFA	20	50	1060	140	1200	1.30393e-175	2.04717e-173	1	1	better
EVOLOPY	BAT	20	50	501	699	1200	1	1	6.01151e-09	1.49085e-06	worse
EVOLOPY	MVO	20	50	1135	65	1200	1.79217e-253	4.22953e-251	1	1	better
EVOLOPY	HHO	20	50	912	288	1200	3.59763e-76	3.74153e-74	1	1	better
EVOLOPY	SCA	20	50	527	673	1200	0.999989	1	1.39098e-05	0.00336618	worse
EVOLOPY	GA	20	50	900	97	997	5.19782e-164	7.64079e-162	1	1	better
EVOLOPY	MFO	20	50	1133	67	1200	5.22672e-251	1.19169e-248	1	1	better
EVOLOPY	CS	20	50	813	387	1200	1.27085e-35	1.09294e-33	1	1	better
EVOLOPY	GWO	20	50	1134	66	1200	3.08504e-252	7.09559e-250	1	1	better
EVOLOPY	SSA	20	50	782	418	1200	2.26344e-26	1.87865e-24	1	1	better
NIAPY	DynamicFireworksAlgorithm	20	50	1095	105	1200	1.12642e-208	1.92618e-206	1	1	better
NIAPY	HarmonySearch	20	50	1101	99	1200	7.37961e-215	1.32833e-212	1	1	better
NIAPY	EvolutionStrategyMp1	20	50	1134	66	1200	3.08504e-252	7.09559e-250	1	1	better
NIAPY	MonarchButterflyOptimization	20	50	845	355	1200	7.82984e-47	7.20345e-45	1	1	better
NIAPY	CenterParticleSwarmOptimization	20	50	1101	99	1200	7.37961e-215	1.32833e-212	1	1	better
NIAPY	DynNpDifferentialEvolution	20	50	1053	147	1200	1.51112e-169	2.31202e-167	1	1	better
NIAPY	CamelAlgorithm	20	50	1047	153	1200	1.76165e-164	2.66009e-162	1	1	better
NIAPY	BatAlgorithm	20	50	931	269	1200	4.72665e-86	5.15204e-84	1	1	better
NIAPY	GlowwormSwarmOptimization	20	50	95	1105	1200	1	1	4.47688e-219	1.29829e-216	worse
NIAPY	BareBonesFireworksAlgorithm	20	50	1131	69	1200	1.43156e-248	3.2067e-246	1	1	better
NIAPY	CuckooSearch	20	50	843	357	1200	4.41913e-46	4.02141e-44	1	1	better
NIAPY	GeneticAlgorithm	20	50	573	627	1200	0.943843	1	0.0629934	1	not shown
NIAPY	ParticleSwarmAlgorithm	20	50	1136	64	1200	1.02444e-254	2.47915e-252	1	1	better
NIAPY	MonkeyKingEvolutionV3	20	50	1123	77	1200	4.44251e-239	9.37371e-237	1	1	better
NIAPY	MonkeyKingEvolutionV2	20	50	546	654	1200	0.999179	1	0.000998557	0.239654	not shown
NIAPY	SineCosineAlgorithm	20	50	32	1168	1200	1	1	5.11183e-299	1.50288e-296	worse
NIAPY	EvolutionStrategy1p1	20	50	1068	132	1200	9.42885e-183	1.52747e-180	1	1	better
NIAPY	HarrisHawksOptimization	20	50	1136	64	1200	1.02444e-254	2.47915e-252	1	1	better
NIAPY	ParticleSwarmOptimization	20	50	770	430	1200	3.34574e-23	2.71005e-21	1	1	better
NIAPY	ForestOptimizationAlgorithm	20	50	951	249	1200	2.90239e-97	3.30873e-95	1	1	better
NIAPY	EnhancedFireworksAlgorithm	20	50	1140	60	1200	9.26188e-260	2.35252e-257	1	1	better
NIAPY	MultiStrategyDifferentialEvolution	20	50	515	685	1200	1	1	5.13507e-07	0.000125809	worse
NIAPY	MutatedParticleSwarmOptimization	20	50	1108	92	1200	2.73197e-222	5.08146e-220	1	1	better
NIAPY	ComprehensiveLearningParticleSwarmOptimizer	20	50	696	504	1200	1.64689e-08	1.18576e-06	1	1	better
NIAPY	KrillHerd	20	50	746	454	1200	1.5609e-17	1.23311e-15	1	1	better
NIAPY	FishSchoolSearch	20	50	359	841	1200	1	1	2.45487e-45	6.4072e-43	worse
NIAPY	MutatedCenterUnifiedParticleSwarmOptimization	20	50	1136	64	1200	1.02444e-254	2.47915e-252	1	1	better
NIAPY	MutatedCenterParticleSwarmOptimization	20	50	1120	80	1200	1.27682e-235	2.61748e-233	1	1	better
NIAPY	GlowwormSwarmOptimizationV2	20	50	80	1120	1200	1	1	1.27682e-235	3.74108e-233	worse
NIAPY	CatSwarmOptimization	20	50	1111	89	1200	1.50037e-225	2.88072e-223	1	1	better
NIAPY	DifferentialEvolution	20	50	477	723	1200	1	1	6.37531e-13	1.61295e-10	worse
NIAPY	FireworksAlgorithm	20	50	1035	165	1200	1.07816e-154	1.55256e-152	1	1	better
NIAPY	MothFlameOptimizer	20	50	236	964	1200	1	1	5.09816e-105	1.3867e-102	worse
NIAPY	DynNpMultiStrategyDifferentialEvolution	20	50	495	705	1200	1	1	7.31877e-10	1.82969e-07	worse
NIAPY	EvolutionStrategyML	20	50	1121	79	1200	9.10264e-237	1.88425e-234	1	1	better
NIAPY	GreyWolfOptimizer	20	50	1143	57	1200	1.27312e-263	3.28466e-261	1	1	better
NIAPY	HarmonySearchV1	20	50	1064	136	1200	3.74597e-179	5.91863e-177	1	1	better
NIAPY	BeesAlgorithm	20	50	929	271	1200	5.61488e-85	6.06407e-83	1	1	better
NIAPY	GlowwormSwarmOptimizationV1	20	50	92	1108	1200	1	1	2.73197e-222	7.97735e-220	worse
NIAPY	GlowwormSwarmOptimizationV3	20	50	93	1107	1200	1	1	3.25833e-221	9.48174e-219	worse
NIAPY	LionOptimizationAlgorithm	20	50	1114	86	1200	7.3916e-229	1.45615e-226	1	1	better
NIAPY	ArtificialBeeColonyAlgorithm	20	50	1101	99	1200	7.37961e-215	1.32833e-212	1	1	better
NIAPY	AgingNpDifferentialEvolution	20	50	580	620	1200	0.881714	1	0.130114	1	not shown
NIAPY	OppositionVelocityClampingParticleSwarmOptimization	20	50	689	511	1200	1.53963e-07	1.07774e-05	1	1	better
NIAPY	CoralReefsOptimization	20	50	199	1001	1200	1	1	2.8966e-129	8.11048e-127	worse
NIAPY	BacterialForagingOptimization	20	50	159	1041	1200	1	1	1.56963e-159	4.42637e-157	worse
NIAPY	DynamicFireworksAlgorithmGauss	20	50	1101	99	1200	7.37961e-215	1.32833e-212	1	1	better
NIAPY	ClonalSelectionAlgorithm	20	50	123	1077	1200	1	1	4.55567e-191	1.30292e-188	worse
NIAPY	GravitationalSearchAlgorithm	20	50	641	559	1200	0.00966784	0.638078	0.99173	1	not shown
NIAPY	MonkeyKingEvolutionV1	20	50	575	625	1200	0.929538	1	0.078592	1	not shown
NIAPY	EvolutionStrategyMpL	20	50	1111	89	1200	1.50037e-225	2.88072e-223	1	1	better
NIAPY	FireflyAlgorithm	20	50	246	954	1200	1	1	5.08757e-99	1.36856e-96	worse
NIAPY	FlowerPollinationAlgorithm	20	50	870	330	1200	8.08475e-57	7.68052e-55	1	1	better
OPYTIMIZER	SA	20	50	986	214	1200	4.94816e-119	6.1852e-117	1	1	better
OPYTIMIZER	GOGHS	20	50	1103	97	1200	5.87757e-217	1.0756e-214	1	1	better
OPYTIMIZER	QSA	20	50	1047	153	1200	1.76165e-164	2.66009e-162	1	1	better
OPYTIMIZER	SGHS	20	50	1016	184	1200	4.38528e-140	5.92013e-138	1	1	better
OPYTIMIZER	DE	20	50	1135	65	1200	1.79217e-253	4.22953e-251	1	1	better
OPYTIMIZER	RFO	20	50	1186	14	1200	0	0	1	1	better
OPYTIMIZER	PPA	20	50	898	302	1200	2.38936e-69	2.43714e-67	1	1	better
OPYTIMIZER	EHO	20	50	1136	64	1200	1.02444e-254	2.47915e-252	1	1	better
OPYTIMIZER	AEO	20	50	1180	20	1200	7.93924e-319	2.2865e-316	1	1	better
OPYTIMIZER	ABO	20	50	1026	174	1200	1.21249e-147	1.69749e-145	1	1	better
OPYTIMIZER	GHS	20	50	962	238	1200	8.41928e-104	9.85056e-102	1	1	better
OPYTIMIZER	PVS	20	50	1029	171	1200	5.75507e-150	8.22975e-148	1	1	better
OPYTIMIZER	BWO	20	50	942	78	1020	1.95599e-189	3.20783e-187	1	1	better
OPYTIMIZER	PSO	20	50	1175	25	1200	2.83723e-310	8.11447e-308	1	1	better
OPYTIMIZER	BSO	20	50	1135	65	1200	1.79217e-253	4.22953e-251	1	1	better
OPYTIMIZER	CSA	20	50	866	334	1200	3.80213e-55	3.57401e-53	1	1	better
OPYTIMIZER	SSO	20	50	1163	37	1200	2.1158e-291	5.90309e-289	1	1	better
OPYTIMIZER	WOA	20	50	1184	16	1200	0	0	1	1	better
OPYTIMIZER	BA	20	50	1012	188	1200	3.86183e-137	5.13624e-135	1	1	better
OPYTIMIZER	HS	20	50	965	235	1200	1.24469e-105	1.46873e-103	1	1	better
OPYTIMIZER	JS	20	50	1126	74	1200	1.36526e-242	2.96261e-240	1	1	better
OPYTIMIZER	SOS	20	50	1192	8	1200	0	0	1	1	better
OPYTIMIZER	GS	20	50	27	1173	1200	1	1	5.58515e-307	1.6532e-304	worse
OPYTIMIZER	EFO	20	50	1028	172	1200	3.44768e-149	4.8957e-147	1	1	better
OPYTIMIZER	GSA	20	50	505	695	1200	1	1	2.28912e-08	5.65412e-06	worse
OPYTIMIZER	ESA	20	50	878	322	1200	2.99193e-60	2.90217e-58	1	1	better
OPYTIMIZER	BOA	20	50	88	211	299	1	1	4.10315e-13	1.0422e-10	worse
OPYTIMIZER	HC	20	50	147	1053	1200	1	1	1.51112e-169	4.29159e-167	worse
OPYTIMIZER	ABC	20	50	1118	82	1200	2.4142e-233	4.90083e-231	1	1	better
OPYTIMIZER	RRA	20	50	1157	43	1200	1.18396e-282	3.18484e-280	1	1	better
OPYTIMIZER	NDS	20	50	28	1172	1200	1	1	2.34187e-305	6.90851e-303	worse
OPYTIMIZER	NBJS	20	50	1120	80	1200	1.27682e-235	2.61748e-233	1	1	better
OPYTIMIZER	SSD	20	50	517	683	1200	0.999999	1	9.19472e-07	0.000224351	worse
OPYTIMIZER	CEM	20	50	698	502	1200	8.43967e-09	6.16096e-07	1	1	better
OPYTIMIZER	AOA	20	50	969	231	1200	4.19434e-108	5.07515e-106	1	1	better
OPYTIMIZER	MRFO	20	50	1173	27	1200	5.58515e-307	1.5806e-304	1	1	better
OPYTIMIZER	ASO	20	50	151	1049	1200	1	1	3.71717e-166	1.05196e-163	worse
OPYTIMIZER	SFO	20	50	1008	192	1200	3.07535e-134	3.99796e-132	1	1	better
OPYTIMIZER	IHS	20	50	966	234	1200	3.02285e-106	3.59719e-104	1	1	better
OPYTIMIZER	COA	20	50	1161	39	1200	1.9329e-288	5.33481e-286	1	1	better
OPYTIMIZER	GOA	20	50	1162	38	1200	6.48141e-290	1.80183e-287	1	1	better
OPYTIMIZER	STOA	20	50	333	867	1200	1	1	1.46096e-55	3.84231e-53	worse
OPYTIMIZER	MVPA	20	50	1123	77	1200	4.44251e-239	9.37371e-237	1	1	better
OPYTIMIZER	ES	20	50	1148	52	1200	3.2208e-270	8.4707e-268	1	1	better
OPYTIMIZER	AIWPSO	20	50	1178	22	1200	2.39493e-315	6.87346e-313	1	1	better
OPYTIMIZER	ISA	20	50	315	615	930	1	1	2.26696e-23	5.82607e-21	worse
OPYTIMIZER	EO	20	50	1183	17	1200	0	0	1	1	better
OPYTIMIZER	AF	20	50	48	893	941	1	1	7.30326e-203	2.10334e-200	worse
OPYTIMIZER	DOA	20	50	1089	111	1200	1.1827e-202	1.98693e-200	1	1	better
OPYTIMIZER	PIO	20	50	1096	104	1200	1.07796e-209	1.85408e-207	1	1	better
OPYTIMIZER	HHO	20	50	1174	26	1200	1.28335e-308	3.64471e-306	1	1	better
OPYTIMIZER	BSA	20	50	1015	185	1200	2.41176e-139	3.23176e-137	1	1	better
OPYTIMIZER	TEO	20	50	489	146	635	1.85299e-44	1.66769e-42	1	1	better
OPYTIMIZER	FA	20	50	394	806	1200	1	1	2.13247e-33	5.52309e-31	worse
OPYTIMIZER	WWO	20	50	1036	44	1080	3.68839e-247	8.15135e-245	1	1	better
OPYTIMIZER	IWO	20	50	991	209	1200	2.22187e-122	2.84399e-120	1	1	better
OPYTIMIZER	KH	20	50	1126	74	1200	1.36526e-242	2.96261e-240	1	1	better
OPYTIMIZER	FOA	20	50	1100	100	1200	8.13378e-214	1.42341e-211	1	1	better
OPYTIMIZER	RPSO	20	50	1170	30	1200	3.70089e-302	1.03625e-299	1	1	better
OPYTIMIZER	SCA	20	50	689	511	1200	1.53963e-07	1.07774e-05	1	1	better
OPYTIMIZER	OSA	20	50	886	314	1200	8.44732e-64	8.27837e-62	1	1	better
OPYTIMIZER	WDO	20	50	661	539	1200	0.000236413	0.0160761	0.99981	1	better
OPYTIMIZER	LSA	20	50	1187	13	1200	0	0	1	1	better
OPYTIMIZER	VPSO	20	50	1175	25	1200	2.83723e-310	8.11447e-308	1	1	better
OPYTIMIZER	SBO	20	50	1156	44	1200	3.11617e-281	8.35132e-279	1	1	better
OPYTIMIZER	GA	20	50	1186	14	1200	0	0	1	1	better
OPYTIMIZER	MFO	20	50	999	201	1200	7.23426e-128	9.33219e-126	1	1	better
OPYTIMIZER	CS	20	50	1138	62	1200	3.18606e-257	7.86956e-255	1	1	better
OPYTIMIZER	FSO	20	50	873	327	1200	4.30951e-58	4.13713e-56	1	1	better
OPYTIMIZER	NGHS	20	50	1094	106	1200	1.1649e-207	1.98033e-205	1	1	better
OPYTIMIZER	GCO	20	50	1024	176	1200	4.15137e-146	5.72889e-144	1	1	better
OPYTIMIZER	TWO	20	50	1187	13	1200	0	0	1	1	better
OPYTIMIZER	WEO	20	50	1009	191	1200	5.84353e-135	7.65502e-133	1	1	better
OPYTIMIZER	GWO	20	50	1171	29	1200	9.47285e-304	2.67134e-301	1	1	better
OPYTIMIZER	SAVPSO	20	50	1188	12	1200	0	0	1	1	better
OPYTIMIZER	FFOA	20	50	605	595	1200	0.397513	1	0.624577	1	not shown
OPYTIMIZER	AIG	20	50	1114	86	1200	7.3916e-229	1.45615e-226	1	1	better
OPYTIMIZER	BH	20	50	1140	60	1200	9.26188e-260	2.35252e-257	1	1	better
OPYTIMIZER	CI	20	50	71	6	77	1.70916e-15	1.31605e-13	1	1	better
OPYTIMIZER	SSA	20	50	1109	91	1200	2.26397e-223	4.27891e-221	1	1	better
OPYTIMIZER	AO	20	50	951	249	1200	2.90239e-97	3.30873e-95	1	1	better
OPYTIMIZER	MVO	20	50	28	1	29	5.58794e-08	3.96743e-06	1	1	better
mealpy	LevyTWO	20	50	214	986	1200	1	1	4.94816e-119	1.36569e-116	worse
mealpy	OriginalTLO	20	50	1135	65	1200	1.79217e-253	4.22953e-251	1	1	better
mealpy	GWO	20	50	1135	65	1200	1.79217e-253	4.22953e-251	1	1	better
mealpy	OriginalBBO	20	50	1139	61	1200	1.7326e-258	4.33149e-256	1	1	better
mealpy	ABFO	20	50	477	685	1162	1	1	5.70573e-10	1.43214e-07	worse
mealpy	OriginalWHO	20	50	1056	144	1200	3.98984e-172	6.18425e-170	1	1	better
mealpy	OriginalFFA	20	50	499	701	1200	1	1	3.0196e-09	7.51881e-07	worse
mealpy	BaseSARO	20	50	1160	40	1200	5.61541e-287	1.54424e-284	1	1	better
mealpy	OriginalSMA	20	50	523	677	1200	0.999996	1	4.87963e-06	0.00118575	worse
mealpy	SingleGA	20	50	1106	94	1200	3.8413e-220	7.068e-218	1	1	better
mealpy	OriginalSSDO	20	50	852	348	1200	1.61658e-49	1.50342e-47	1	1	better
mealpy	OriginalFPA	20	50	889	311	1200	3.67341e-65	3.67341e-63	1	1	better
mealpy	OriginalSSO	20	50	914	286	1200	3.54865e-77	3.72608e-75	1	1	better
mealpy	OriginalMA	20	50	568	632	1200	0.969722	1	0.0344599	1	not shown
mealpy	OriginalCEM	20	50	242	958	1200	1	1	2.15686e-101	5.82353e-99	worse
mealpy	OCRO	20	50	1097	103	1200	1.02082e-210	1.77623e-208	1	1	better
mealpy	OriginalBA	20	50	66	774	840	1	1	1.99963e-154	5.61896e-152	worse
mealpy	OriginalAEO	20	50	1141	59	1200	4.86568e-261	1.24075e-258	1	1	better
mealpy	OriginalBSO	20	50	1154	46	1200	2.01373e-278	5.37666e-276	1	1	better
mealpy	OriginalBFO	20	50	113	1087	1200	1	1	1.10972e-200	3.18489e-198	worse
mealpy	ImprovedSLO	20	50	967	233	1200	7.30255e-107	8.76306e-105	1	1	better
mealpy	OriginalLCO	20	50	1158	42	1200	4.39231e-284	1.19471e-281	1	1	better
mealpy	OriginalHGS	20	50	1127	73	1200	8.95539e-244	1.95227e-241	1	1	better
mealpy	BaseALO	20	50	487	3	490	6.13406e-141	8.34232e-139	1	1	better
mealpy	CPSO	20	50	972	228	1200	5.54649e-110	6.76671e-108	1	1	better
mealpy	OriginalEO	20	50	1140	60	1200	9.26188e-260	2.35252e-257	1	1	better
mealpy	DE	20	50	288	912	1200	1	1	3.59763e-76	9.56969e-74	worse
mealpy	ModifiedBA	20	50	898	302	1200	2.38936e-69	2.43714e-67	1	1	better
mealpy	BaseTLO	20	50	1138	62	1200	3.18606e-257	7.86956e-255	1	1	better
mealpy	OriginalPFA	20	50	726	474	1200	1.77e-13	1.3275e-11	1	1	better
mealpy	BaseFOA	20	50	478	722	1200	1	1	9.70598e-13	2.44591e-10	worse
mealpy	OriginalGBO	20	50	1124	76	1200	3.04026e-240	6.47576e-238	1	1	better
mealpy	TVAC	20	50	1147	53	1200	6.98302e-269	1.82257e-266	1	1	better
mealpy	BaseFBIO	20	50	1147	53	1200	6.98302e-269	1.82257e-266	1	1	better
mealpy	ImprovedBSO	20	50	1123	77	1200	4.44251e-239	9.37371e-237	1	1	better
mealpy	OriginalAO	20	50	334	866	1200	1	1	3.80213e-55	9.96159e-53	worse
mealpy	BaseGSKA	20	50	1131	69	1200	1.43156e-248	3.2067e-246	1	1	better
mealpy	BaseLCO	20	50	869	31	900	3.375e-214	5.94e-212	1	1	better
mealpy	OriginalSSpiderA	20	50	824	376	1200	2.78438e-39	2.45026e-37	1	1	better
mealpy	BaseHS	20	50	1158	42	1200	4.39231e-284	1.19471e-281	1	1	better
mealpy	AdaptiveEO	20	50	1151	49	1200	2.80013e-274	7.42036e-272	1	1	better
mealpy	OriginalWCA	20	50	17	2	19	0.000364304	0.0244083	0.999962	1	better
mealpy	OriginalMRFO	20	50	1159	41	1200	1.59022e-285	4.3572e-283	1	1	better
mealpy	OriginalEOA	20	50	990	210	1200	1.05013e-121	1.33367e-119	1	1	better
mealpy	OriginalABC	20	50	1047	153	1200	1.76165e-164	2.66009e-162	1	1	better
mealpy	ModifiedAEO	20	50	1129	71	1200	3.68862e-246	8.11496e-244	1	1	better
mealpy	OriginalSFO	20	50	1066	134	1200	6.04339e-181	9.66943e-179	1	1	better
mealpy	BaseBBO	20	50	1139	61	1200	1.7326e-258	4.33149e-256	1	1	better
mealpy	OriginalNMRA	20	50	921	279	1200	9.25507e-81	9.90292e-79	1	1	better
mealpy	OriginalACOR	20	50	905	295	1200	1.03469e-72	1.06573e-70	1	1	better
mealpy	ImprovedSFO	20	50	1088	112	1200	1.15126e-201	1.9226e-199	1	1	better
mealpy	OriginalCRO	20	50	1112	88	1200	1.19957e-226	2.31518e-224	1	1	better
mealpy	LevyJA	20	50	1072	128	1200	2.07217e-186	3.37763e-184	1	1	better
mealpy	OriginalHS	20	50	1116	84	1200	4.33323e-231	8.62312e-229	1	1	better
mealpy	OriginalCSO	20	50	439	761	1200	1	1	5.67918e-21	1.45387e-18	worse
mealpy	OriginalCOA	20	50	981	219	1200	9.56321e-116	1.17627e-113	1	1	better
mealpy	LevyQSA	20	50	1124	76	1200	3.04026e-240	6.47576e-238	1	1	better
mealpy	OppoQSA	20	50	1114	86	1200	7.3916e-229	1.45615e-226	1	1	better
mealpy	BaseBRO	20	50	932	268	1200	1.3616e-86	1.49776e-84	1	1	better
mealpy	OriginalSLO	20	50	1053	147	1200	1.51112e-169	2.31202e-167	1	1	better
mealpy	OriginalMVO	20	50	1135	65	1200	1.79217e-253	4.22953e-251	1	1	better
mealpy	CLPSO	20	50	1086	114	1200	1.05932e-199	1.75848e-197	1	1	better
mealpy	OriginalNRO	20	50	1028	172	1200	3.44768e-149	4.8957e-147	1	1	better
mealpy	BaseSCA	20	50	774	426	1200	3.11182e-24	2.55169e-22	1	1	better
mealpy	BaseGCO	20	50	553	647	1200	0.996962	1	0.0036174	0.860942	not shown
mealpy	OriginalArchOA	20	50	1095	75	1170	3.10699e-233	6.27613e-231	1	1	better
mealpy	SwarmHC	20	50	229	971	1200	1	1	2.35813e-109	6.43769e-107	worse
mealpy	ImprovedTLO	20	50	1065	135	1200	4.7778e-180	7.59671e-178	1	1	better
mealpy	OriginalMSA	20	50	1171	29	1200	9.47285e-304	2.67134e-301	1	1	better
mealpy	WOA	20	50	1078	122	1200	5.19199e-192	8.56678e-190	1	1	better
mealpy	OriginalIWO	20	50	1060	140	1200	1.30393e-175	2.04717e-173	1	1	better
mealpy	BaseGA	20	50	1136	64	1200	1.02444e-254	2.47915e-252	1	1	better
mealpy	ModifiedEO	20	50	1158	42	1200	4.39231e-284	1.19471e-281	1	1	better
mealpy	ImprovedNMRA	20	50	1125	75	1200	2.05178e-241	4.39082e-239	1	1	better
mealpy	BaseCHIO	20	50	271	929	1200	1	1	5.61488e-85	1.50479e-82	worse
mealpy	OriginalHHO	20	50	1012	188	1200	3.86183e-137	5.13624e-135	1	1	better
mealpy	OriginalGWO	20	50	1148	52	1200	3.2208e-270	8.4707e-268	1	1	better
mealpy	ImprovedQSA	20	50	1109	91	1200	2.26397e-223	4.27891e-221	1	1	better
mealpy	OriginalFBIO	20	50	1154	46	1200	2.01373e-278	5.37666e-276	1	1	better
mealpy	OriginalBeesA	20	50	304	896	1200	1	1	2.09882e-68	5.56187e-66	worse
mealpy	BaseEFO	20	50	1113	87	1200	9.47456e-228	1.83806e-225	1	1	better
mealpy	OriginalSA	20	50	540	660	1200	0.999764	1	0.000293209	0.0706633	not shown
mealpy	OriginalHC	20	50	211	989	1200	1	1	4.93479e-121	1.37187e-118	worse
mealpy	OriginalSHO	20	50	739	461	1200	4.7971e-16	3.74174e-14	1	1	better
mealpy	JADE	20	50	1137	63	1200	5.76077e-256	1.39987e-253	1	1	better
mealpy	OriginalCA	20	50	1107	93	1200	3.25833e-221	6.02791e-219	1	1	better
mealpy	EnhancedTWO	20	50	834	366	1200	8.75975e-43	7.79618e-41	1	1	better
mealpy	BaseSSA	20	50	1026	174	1200	1.21249e-147	1.69749e-145	1	1	better
mealpy	OriginalAOA	20	50	715	485	1200	1.67247e-11	1.23763e-09	1	1	better
mealpy	OriginalQSA	20	50	1102	98	1200	6.62242e-216	1.20528e-213	1	1	better
mealpy	OriginalGOA	20	50	1159	41	1200	1.59022e-285	4.3572e-283	1	1	better
mealpy	EnhancedAEO	20	50	1138	62	1200	3.18606e-257	7.86956e-255	1	1	better
mealpy	OriginalGSKA	20	50	1129	71	1200	3.68862e-246	8.11496e-244	1	1	better
mealpy	PPSO	20	50	1162	38	1200	6.48141e-290	1.80183e-287	1	1	better
mealpy	OriginalCGO	20	50	1117	83	1200	3.25527e-232	6.54309e-230	1	1	better
mealpy	OriginalHGSO	20	50	956	244	1200	3.34673e-100	3.84874e-98	1	1	better
mealpy	OriginalSBO	20	50	1117	83	1200	3.25527e-232	6.54309e-230	1	1	better
mealpy	OppoTWO	20	50	786	414	1200	1.76914e-27	1.48608e-25	1	1	better
mealpy	OriginalASO	20	50	123	1077	1200	1	1	4.55567e-191	1.30292e-188	worse
mealpy	ModifiedSLO	20	50	1024	176	1200	4.15137e-146	5.72889e-144	1	1	better
mealpy	BaseVCS	20	50	1142	58	1200	2.51136e-262	6.45419e-260	1	1	better
mealpy	LSHADE	20	50	1144	56	1200	6.33725e-265	1.64135e-262	1	1	better
mealpy	OriginalEFO	20	50	1121	79	1200	9.10264e-237	1.88425e-234	1	1	better
mealpy	OriginalJA	20	50	800	400	1200	1.48674e-31	1.26373e-29	1	1	better
mealpy	OriginalGCO	20	50	404	796	1200	1	1	2.33757e-30	6.03093e-28	worse
mealpy	OriginalPSS	20	50	1130	70	1200	2.31531e-247	5.13998e-245	1	1	better
mealpy	OriginalEHO	20	50	989	211	1200	4.93479e-121	6.21784e-119	1	1	better
mealpy	OriginalSSA	20	50	941	259	1200	1.49713e-91	1.67678e-89	1	1	better
mealpy	OriginalSCA	20	50	758	442	1200	2.94922e-20	2.35938e-18	1	1	better
mealpy	OriginalBES	20	50	1136	64	1200	1.02444e-254	2.47915e-252	1	1	better
mealpy	BaseSBO	20	50	1047	153	1200	1.76165e-164	2.66009e-162	1	1	better
mealpy	BaseJA	20	50	958	242	1200	2.15686e-101	2.50196e-99	1	1	better
mealpy	OriginalSARO	20	50	1142	58	1200	2.51136e-262	6.45419e-260	1	1	better
mealpy	OriginalSRSR	20	50	1138	62	1200	3.18606e-257	7.86956e-255	1	1	better
mealpy	OriginalTWO	20	50	1068	132	1200	9.42885e-183	1.52747e-180	1	1	better
mealpy	OriginalWDO	20	50	916	284	1200	3.43685e-78	3.64306e-76	1	1	better
mealpy	AugmentedAEO	20	50	1139	61	1200	1.7326e-258	4.33149e-256	1	1	better
mealpy	OriginalWOA	20	50	1091	109	1200	1.21162e-204	2.04763e-202	1	1	better
mealpy	SADE	20	50	1122	78	1200	6.40261e-238	1.33174e-235	1	1	better
mealpy	OriginalBRO	20	50	237	963	1200	1	1	2.07722e-104	5.62927e-102	worse
mealpy	OriginalSSpiderO	20	50	630	570	1200	0.0442459	1	0.960896	1	not shown
mealpy	ProbBeesA	20	50	212	988	1200	1	1	2.30571e-120	6.38682e-118	worse
mealpy	OriginalFA	20	50	210	990	1200	1	1	1.05013e-121	2.92986e-119	worse
mealpy	OriginalCSA	20	50	275	925	1200	1	1	7.48509e-83	1.99852e-80	worse
mealpy	OriginalALO	20	50	259	10	269	5.05977e-64	5.00917e-62	1	1	better
mealpy	OriginalDO	20	50	442	758	1200	1	1	2.94922e-20	7.52052e-18	worse
mealpy	OriginalCHIO	20	50	329	871	1200	1	1	3.05539e-57	8.06622e-55	worse
mealpy	OriginalBSA	20	50	1132	68	1200	8.71728e-250	1.97011e-247	1	1	better
mealpy	LevyEP	20	50	933	267	1200	3.90363e-87	4.33303e-85	1	1	better
mealpy	OriginalICA	20	50	764	11	775	7.21501e-210	1.2482e-207	1	1	better
mealpy	ImprovedLCO	20	50	1115	85	1200	5.6952e-230	1.12765e-227	1	1	better
mealpy	OriginalMFO	20	50	223	977	1200	1	1	3.68081e-113	1.01222e-110	worse
mealpy	ImprovedAEO	20	50	1110	90	1200	1.85408e-224	3.52276e-222	1	1	better
mealpy	OriginalVCS	20	50	1043	157	1200	3.61887e-161	5.28355e-159	1	1	better
mealpy	AdaptiveBA	20	50	227	973	1200	1	1	1.29755e-110	3.55529e-108	worse
mealpy	MultiGA	20	50	1109	91	1200	2.26397e-223	4.27891e-221	1	1	better
mealpy	OriginalES	20	50	1140	60	1200	9.26188e-260	2.35252e-257	1	1	better
mealpy	LevyES	20	50	1151	49	1200	2.80013e-274	7.42036e-272	1	1	better
mealpy	OriginalEP	20	50	546	654	1200	0.999179	1	0.000998557	0.239654	not shown
mealpy	BaseSMA	20	50	733	467	1200	7.89263e-15	5.9984e-13	1	1	better
mealpy	OriginalPSO	20	50	379	821	1200	1	1	2.90182e-38	7.54474e-36	worse
mealpy	FBUDGETSHADE	20	50	1133	67	1200	5.22672e-251	1.19169e-248	1	1	better
mealpy	OriginalFOA	20	50	109	1091	1200	1	1	1.21162e-204	3.50157e-202	worse
mealpy	BaseQSA	20	50	1132	68	1200	8.71728e-250	1.97011e-247	1	1	better
mealpy	BaseMFO	20	50	823	377	1200	6.10537e-39	5.31167e-37	1	1	better
mealpy	BaseDE	20	50	984	216	1200	1.03809e-117	1.28723e-115	1	1	better
mealpy	WhaleFOA	20	50	510	690	1200	1	1	1.12994e-07	2.77964e-05	worse
Baselines	DE	20	50	1126	74	1200	1.36526e-242	8.19155e-242	1	1	better
Baselines	RCobyla	20	50	1151	49	1200	2.80013e-274	2.24011e-273	1	1	better
Baselines	PSO	20	50	134	1066	1200	1	1	6.04339e-181	6.64773e-180	worse
Baselines	DiagonalCMA	20	50	1163	37	1200	2.1158e-291	2.32738e-290	1	1	better
Baselines	modcma	20	50	1154	46	1200	2.01373e-278	2.01373e-277	1	1	better
Baselines	modde	20	50	691	509	1200	8.26523e-08	1.65305e-07	1	1	better
Baselines	OnePlusOne	20	50	1140	60	1200	9.26188e-260	6.48332e-259	1	1	better
Baselines	Powell	20	50	1120	80	1200	1.27682e-235	6.38409e-235	1	1	better
Baselines	MultiBFGS	20	50	926	274	1200	2.2185e-83	8.874e-83	1	1	better
Baselines	lshade	20	50	912	288	1200	3.59763e-76	1.07929e-75	1	1	better
Baselines	bipop	20	50	1154	46	1200	2.01373e-278	2.01373e-277	1	1	better
EVOLOPY	DE	20	100	1127	73	1200	8.95539e-244	1.70152e-241	1	1	better
EVOLOPY	JAYA	20	100	1078	122	1200	5.19199e-192	7.47646e-190	1	1	better
EVOLOPY	PSO	20	100	1071	129	1200	1.72403e-185	2.3964e-183	1	1	better
EVOLOPY	WOA	20	100	1121	79	1200	9.10264e-237	1.66578e-234	1	1	better
EVOLOPY	FFA	20	100	1093	107	1200	1.19235e-206	1.86007e-204	1	1	better
EVOLOPY	BAT	20	100	494	706	1200	1	1	5.09234e-10	1.27818e-07	worse
EVOLOPY	MVO	20	100	1139	61	1200	1.7326e-258	3.6731e-256	1	1	better
EVOLOPY	HHO	20	100	886	314	1200	8.44732e-64	7.856e-62	1	1	better
EVOLOPY	SCA	20	100	661	539	1200	0.000236413	0.0141848	0.99981	1	better
EVOLOPY	GA	20	100	925	72	997	7.69568e-190	1.08509e-187	1	1	better
EVOLOPY	MFO	20	100	1150	50	1200	6.45201e-273	1.56139e-270	1	1	better
EVOLOPY	CS	20	100	1084	116	1200	9.37822e-198	1.38798e-195	1	1	better
EVOLOPY	GWO	20	100	1150	50	1200	6.45201e-273	1.56139e-270	1	1	better
EVOLOPY	SSA	20	100	806	394	1200	2.13247e-33	1.66332e-31	1	1	better
NIAPY	DynamicFireworksAlgorithm	20	100	1139	61	1200	1.7326e-258	3.6731e-256	1	1	better
NIAPY	HarmonySearch	20	100	1115	85	1200	5.6952e-230	9.73878e-228	1	1	better
NIAPY	EvolutionStrategyMp1	20	100	1149	51	1200	1.45624e-271	3.46586e-269	1	1	better
NIAPY	MonarchButterflyOptimization	20	100	855	345	1200	1.07556e-50	9.03468e-49	1	1	better
NIAPY	CenterParticleSwarmOptimization	20	100	1117	83	1200	3.25527e-232	5.69672e-230	1	1	better
NIAPY	DynNpDifferentialEvolution	20	100	1104	96	1200	5.15861e-218	8.20219e-216	1	1	better
NIAPY	CamelAlgorithm	20	100	1077	123	1200	4.55567e-191	6.51461e-189	1	1	better
NIAPY	BatAlgorithm	20	100	962	238	1200	8.41928e-104	8.67186e-102	1	1	better
NIAPY	GlowwormSwarmOptimization	20	100	106	1094	1200	1	1	1.1649e-207	3.35492e-205	worse
NIAPY	BareBonesFireworksAlgorithm	20	100	1120	80	1200	1.27682e-235	2.32381e-233	1	1	better
NIAPY	CuckooSearch	20	100	1124	76	1200	3.04026e-240	5.65489e-238	1	1	better
NIAPY	GeneticAlgorithm	20	100	592	608	1200	0.688188	1	0.332512	1	not shown
NIAPY	ParticleSwarmAlgorithm	20	100	1158	42	1200	4.39231e-284	1.12004e-281	1	1	better
NIAPY	MonkeyKingEvolutionV3	20	100	1135	65	1200	1.79217e-253	3.62019e-251	1	1	better
NIAPY	MonkeyKingEvolutionV2	20	100	832	368	1200	4.53358e-42	3.62687e-40	1	1	better
NIAPY	SineCosineAlgorithm	20	100	13	1187	1200	1	1	0	0	worse
NIAPY	EvolutionStrategy1p1	20	100	1049	151	1200	3.71717e-166	4.94383e-164	1	1	better
NIAPY	HarrisHawksOptimization	20	100	1161	39	1200	1.9329e-288	5.08353e-286	1	1	better
NIAPY	ParticleSwarmOptimization	20	100	746	454	1200	1.5609e-17	1.15506e-15	1	1	better
NIAPY	ForestOptimizationAlgorithm	20	100	1112	88	1200	1.19957e-226	1.99129e-224	1	1	better
NIAPY	EnhancedFireworksAlgorithm	20	100	1155	45	1200	8.01255e-280	2.00314e-277	1	1	better
NIAPY	MultiStrategyDifferentialEvolution	20	100	706	494	1200	5.09234e-10	3.46279e-08	1	1	better
NIAPY	MutatedParticleSwarmOptimization	20	100	1115	85	1200	5.6952e-230	9.73878e-228	1	1	better
NIAPY	ComprehensiveLearningParticleSwarmOptimizer	20	100	1038	162	1200	4.24759e-157	5.35196e-155	1	1	better
NIAPY	KrillHerd	20	100	673	527	1200	1.39098e-05	0.0008485	0.999989	1	better
NIAPY	FishSchoolSearch	20	100	538	662	1200	0.999848	1	0.000190015	0.0467437	worse
NIAPY	MutatedCenterUnifiedParticleSwarmOptimization	20	100	1155	45	1200	8.01255e-280	2.00314e-277	1	1	better
NIAPY	MutatedCenterParticleSwarmOptimization	20	100	1124	76	1200	3.04026e-240	5.65489e-238	1	1	better
NIAPY	GlowwormSwarmOptimizationV2	20	100	80	1120	1200	1	1	1.27682e-235	3.74108e-233	worse
NIAPY	CatSwarmOptimization	20	100	1140	60	1200	9.26188e-260	1.99131e-257	1	1	better
NIAPY	DifferentialEvolution	20	100	681	519	1200	1.62492e-06	0.00010237	0.999999	1	better
NIAPY	FireworksAlgorithm	20	100	1127	73	1200	8.95539e-244	1.70152e-241	1	1	better
NIAPY	MothFlameOptimizer	20	100	222	978	1200	1	1	8.37928e-114	2.3043e-111	worse
NIAPY	DynNpMultiStrategyDifferentialEvolution	20	100	711	489	1200	7.89561e-11	5.52693e-09	1	1	better
NIAPY	EvolutionStrategyML	20	100	1125	75	1200	2.05178e-241	3.83683e-239	1	1	better
NIAPY	GreyWolfOptimizer	20	100	1153	47	1200	4.94899e-277	1.2125e-274	1	1	better
NIAPY	HarmonySearchV1	20	100	1091	109	1200	1.21162e-204	1.85377e-202	1	1	better
NIAPY	BeesAlgorithm	20	100	1040	160	1200	1.02258e-158	1.29867e-156	1	1	better
NIAPY	GlowwormSwarmOptimizationV1	20	100	118	1082	1200	1	1	7.99289e-196	2.28597e-193	worse
NIAPY	GlowwormSwarmOptimizationV3	20	100	91	1109	1200	1	1	2.26397e-223	6.56552e-221	worse
NIAPY	LionOptimizationAlgorithm	20	100	1148	52	1200	3.2208e-270	7.60109e-268	1	1	better
NIAPY	ArtificialBeeColonyAlgorithm	20	100	1130	70	1200	2.31531e-247	4.46854e-245	1	1	better
NIAPY	AgingNpDifferentialEvolution	20	100	707	493	1200	3.53132e-10	2.43661e-08	1	1	better
NIAPY	OppositionVelocityClampingParticleSwarmOptimization	20	100	691	509	1200	8.26523e-08	5.5377e-06	1	1	better
NIAPY	CoralReefsOptimization	20	100	192	1008	1200	1	1	3.07535e-134	8.58023e-132	worse
NIAPY	BacterialForagingOptimization	20	100	161	1039	1200	1	1	6.61411e-158	1.85195e-155	worse
NIAPY	DynamicFireworksAlgorithmGauss	20	100	1130	70	1200	2.31531e-247	4.46854e-245	1	1	better
NIAPY	ClonalSelectionAlgorithm	20	100	115	1085	1200	1	1	1.00151e-198	2.87433e-196	worse
NIAPY	GravitationalSearchAlgorithm	20	100	606	594	1200	0.375423	1	0.646265	1	not shown
NIAPY	MonkeyKingEvolutionV1	20	100	764	436	1200	1.05919e-21	8.04984e-20	1	1	better
NIAPY	EvolutionStrategyMpL	20	100	1126	74	1200	1.36526e-242	2.56669e-240	1	1	better
NIAPY	FireflyAlgorithm	20	100	271	929	1200	1	1	5.61488e-85	1.52163e-82	worse
NIAPY	FlowerPollinationAlgorithm	20	100	1089	111	1200	1.1827e-202	1.77405e-200	1	1	better
OPYTIMIZER	SA	20	100	991	209	1200	2.22187e-122	2.51071e-120	1	1	better
OPYTIMIZER	GOGHS	20	100	1112	88	1200	1.19957e-226	1.99129e-224	1	1	better
OPYTIMIZER	QSA	20	100	1092	108	1200	1.20805e-205	1.86039e-203	1	1	better
OPYTIMIZER	SGHS	20	100	1046	154	1200	1.19923e-163	1.57099e-161	1	1	better
OPYTIMIZER	DE	20	100	1174	26	1200	1.28335e-308	3.56771e-306	1	1	better
OPYTIMIZER	RFO	20	100	1188	12	1200	0	0	1	1	better
OPYTIMIZER	PPA	20	100	890	310	1200	1.28067e-65	1.20383e-63	1	1	better
OPYTIMIZER	EHO	20	100	1151	49	1200	2.80013e-274	6.83233e-272	1	1	better
OPYTIMIZER	AEO	20	100	1191	9	1200	0	0	1	1	better
OPYTIMIZER	ABO	20	100	1091	109	1200	1.21162e-204	1.85377e-202	1	1	better
OPYTIMIZER	GHS	20	100	965	235	1200	1.24469e-105	1.29448e-103	1	1	better
OPYTIMIZER	PVS	20	100	985	215	1200	2.27282e-118	2.5001e-116	1	1	better
OPYTIMIZER	BWO	20	100	948	72	1020	5.02566e-196	7.28721e-194	1	1	better
OPYTIMIZER	PSO	20	100	1183	17	1200	0	0	1	1	better
OPYTIMIZER	BSO	20	100	1117	83	1200	3.25527e-232	5.69672e-230	1	1	better
OPYTIMIZER	CSA	20	100	891	309	1200	4.4455e-66	4.22323e-64	1	1	better
OPYTIMIZER	SSO	20	100	1160	40	1200	5.61541e-287	1.46001e-284	1	1	better
OPYTIMIZER	WOA	20	100	1182	18	1200	2.17389e-322	6.23906e-320	1	1	better
OPYTIMIZER	BA	20	100	1023	177	1200	2.40501e-145	2.88601e-143	1	1	better
OPYTIMIZER	HS	20	100	971	229	1200	2.35813e-109	2.5232e-107	1	1	better
OPYTIMIZER	JS	20	100	1114	86	1200	7.3916e-229	1.24179e-226	1	1	better
OPYTIMIZER	SOS	20	100	1192	8	1200	0	0	1	1	better
OPYTIMIZER	GS	20	100	12	1188	1200	1	1	0	0	worse
OPYTIMIZER	EFO	20	100	1084	116	1200	9.37822e-198	1.38798e-195	1	1	better
OPYTIMIZER	GSA	20	100	455	745	1200	1	1	2.57297e-17	6.61253e-15	worse
OPYTIMIZER	ESA	20	100	838	362	1200	3.12026e-44	2.58981e-42	1	1	better
OPYTIMIZER	BOA	20	100	87	212	299	1	1	1.68466e-13	4.29587e-11	worse
OPYTIMIZER	HC	20	100	137	1063	1200	1	1	2.91281e-178	8.27238e-176	worse
OPYTIMIZER	ABC	20	100	1102	98	1200	6.62242e-216	1.04634e-213	1	1	better
OPYTIMIZER	RRA	20	100	1148	52	1200	3.2208e-270	7.60109e-268	1	1	better
OPYTIMIZER	NDS	20	100	12	1188	1200	1	1	0	0	worse
OPYTIMIZER	NBJS	20	100	1105	95	1200	4.47688e-219	7.163e-217	1	1	better
OPYTIMIZER	SSD	20	100	488	712	1200	1	1	5.38373e-11	1.3567e-08	worse
OPYTIMIZER	CEM	20	100	857	343	1200	1.73062e-51	1.47103e-49	1	1	better
OPYTIMIZER	AOA	20	100	914	286	1200	3.54865e-77	3.4067e-75	1	1	better
OPYTIMIZER	MRFO	20	100	1176	24	1200	6.02618e-312	1.68733e-309	1	1	better
OPYTIMIZER	ASO	20	100	137	1063	1200	1	1	2.91281e-178	8.27238e-176	worse
OPYTIMIZER	SFO	20	100	971	229	1200	2.35813e-109	2.5232e-107	1	1	better
OPYTIMIZER	IHS	20	100	969	231	1200	4.19434e-108	4.40405e-106	1	1	better
OPYTIMIZER	COA	20	100	1182	18	1200	2.17389e-322	6.23906e-320	1	1	better
OPYTIMIZER	GOA	20	100	1157	43	1200	1.18396e-282	2.99541e-280	1	1	better
OPYTIMIZER	STOA	20	100	278	922	1200	1	1	2.79498e-81	7.5185e-79	worse
OPYTIMIZER	MVPA	20	100	1088	112	1200	1.15126e-201	1.71537e-199	1	1	better
OPYTIMIZER	ES	20	100	1168	32	1200	5.11183e-299	1.38019e-296	1	1	better
OPYTIMIZER	AIWPSO	20	100	1172	28	1200	2.34187e-305	6.46356e-303	1	1	better
OPYTIMIZER	ISA	20	100	291	639	930	1	1	5.43909e-31	1.40873e-28	worse
OPYTIMIZER	EO	20	100	1190	10	1200	0	0	1	1	better
OPYTIMIZER	AF	20	100	42	899	941	1	1	1.23379e-210	3.56567e-208	worse
OPYTIMIZER	DOA	20	100	1114	86	1200	7.3916e-229	1.24179e-226	1	1	better
OPYTIMIZER	PIO	20	100	1036	164	1200	1.71488e-155	2.1436e-153	1	1	better
OPYTIMIZER	HHO	20	100	1178	22	1200	2.39493e-315	6.75372e-313	1	1	better
OPYTIMIZER	BSA	20	100	1013	187	1200	7.15683e-138	8.23035e-136	1	1	better
OPYTIMIZER	TEO	20	100	567	68	635	3.01319e-99	3.07346e-97	1	1	better
OPYTIMIZER	FA	20	100	344	856	1200	1	1	4.32313e-51	1.13698e-48	worse
OPYTIMIZER	WWO	20	100	1062	18	1080	4.25051e-287	1.10938e-284	1	1	better
OPYTIMIZER	IWO	20	100	992	208	1200	4.67395e-123	5.3283e-121	1	1	better
OPYTIMIZER	KH	20	100	1133	67	1200	5.22672e-251	1.04012e-248	1	1	better
OPYTIMIZER	FOA	20	100	1160	40	1200	5.61541e-287	1.46001e-284	1	1	better
OPYTIMIZER	RPSO	20	100	1169	31	1200	1.39804e-300	3.84462e-298	1	1	better
OPYTIMIZER	SCA	20	100	735	465	1200	3.14645e-15	2.29691e-13	1	1	better
OPYTIMIZER	OSA	20	100	866	334	1200	3.80213e-55	3.34588e-53	1	1	better
OPYTIMIZER	WDO	20	100	603	597	1200	0.442621	1	0.580065	1	not shown
OPYTIMIZER	LSA	20	100	1186	14	1200	0	0	1	1	better
OPYTIMIZER	VPSO	20	100	1182	18	1200	2.17389e-322	6.23906e-320	1	1	better
OPYTIMIZER	SBO	20	100	1169	31	1200	1.39804e-300	3.84462e-298	1	1	better
OPYTIMIZER	GA	20	100	1194	6	1200	0	0	1	1	better
OPYTIMIZER	MFO	20	100	1017	183	1200	7.92284e-141	9.26972e-139	1	1	better
OPYTIMIZER	CS	20	100	1178	22	1200	2.39493e-315	6.75372e-313	1	1	better
OPYTIMIZER	FSO	20	100	821	379	1200	2.90182e-38	2.29244e-36	1	1	better
OPYTIMIZER	NGHS	20	100	1090	110	1200	1.20305e-203	1.8166e-201	1	1	better
OPYTIMIZER	GCO	20	100	1044	156	1200	5.43514e-162	7.06568e-160	1	1	better
OPYTIMIZER	TWO	20	100	1189	11	1200	0	0	1	1	better
OPYTIMIZER	WEO	20	100	1034	166	1200	6.73123e-154	8.34673e-152	1	1	better
OPYTIMIZER	GWO	20	100	1166	34	1200	6.22133e-296	1.66732e-293	1	1	better
OPYTIMIZER	SAVPSO	20	100	1188	12	1200	0	0	1	1	better
OPYTIMIZER	FFOA	20	100	537	663	1200	0.999878	1	0.000152237	0.0376026	worse
OPYTIMIZER	AIG	20	100	1169	31	1200	1.39804e-300	3.84462e-298	1	1	better
OPYTIMIZER	BH	20	100	1122	78	1200	6.40261e-238	1.17808e-235	1	1	better
OPYTIMIZER	CI	20	100	70	7	77	1.76228e-14	1.26884e-12	1	1	better
OPYTIMIZER	SSA	20	100	1110	90	1200	1.85408e-224	3.02216e-222	1	1	better
OPYTIMIZER	AO	20	100	884	316	1200	6.68571e-63	6.15085e-61	1	1	better
OPYTIMIZER	MVO	20	100	27	2	29	8.12113e-07	5.19753e-05	1	1	better
mealpy	LevyTWO	20	100	342	858	1200	1	1	6.89987e-52	1.82156e-49	worse
mealpy	OriginalTLO	20	100	1143	57	1200	1.27312e-263	2.86453e-261	1	1	better
mealpy	GWO	20	100	1147	53	1200	6.98302e-269	1.62704e-266	1	1	better
mealpy	OriginalBBO	20	100	1142	58	1200	2.51136e-262	5.5501e-260	1	1	better
mealpy	ABFO	20	100	489	673	1162	1	1	3.7399e-08	9.34976e-06	worse
mealpy	OriginalWHO	20	100	1154	46	1200	2.01373e-278	4.95378e-276	1	1	better
mealpy	OriginalFFA	20	100	520	680	1200	0.999998	1	2.14955e-06	0.000533089	worse
mealpy	BaseSARO	20	100	1175	25	1200	2.83723e-310	7.91586e-308	1	1	better
mealpy	OriginalSMA	20	100	538	662	1200	0.999848	1	0.000190015	0.0467437	worse
mealpy	SingleGA	20	100	1131	69	1200	1.43156e-248	2.79155e-246	1	1	better
mealpy	OriginalSSDO	20	100	869	331	1200	2.13039e-56	1.89605e-54	1	1	better
mealpy	OriginalFPA	20	100	1118	82	1200	2.4142e-233	4.29728e-231	1	1	better
mealpy	OriginalSSO	20	100	861	339	1200	4.26712e-53	3.66972e-51	1	1	better
mealpy	OriginalMA	20	100	676	524	1200	6.37142e-06	0.000395028	0.999995	1	better
mealpy	OriginalCEM	20	100	260	940	1200	1	1	5.42855e-91	1.482e-88	worse
mealpy	OCRO	20	100	1119	81	1200	1.76729e-234	3.16346e-232	1	1	better
mealpy	OriginalBA	20	100	40	800	840	1	1	6.40913e-185	1.8266e-182	worse
mealpy	OriginalAEO	20	100	1168	32	1200	5.11183e-299	1.38019e-296	1	1	better
mealpy	OriginalBSO	20	100	1160	40	1200	5.61541e-287	1.46001e-284	1	1	better
mealpy	OriginalBFO	20	100	86	1114	1200	1	1	7.3916e-229	2.15835e-226	worse
mealpy	ImprovedSLO	20	100	1067	133	1200	7.58052e-182	1.04611e-179	1	1	better
mealpy	OriginalLCO	20	100	1156	44	1200	3.11617e-281	7.82158e-279	1	1	better
mealpy	OriginalHGS	20	100	1136	64	1200	1.02444e-254	2.08986e-252	1	1	better
mealpy	BaseALO	20	100	486	4	490	7.48374e-139	8.68114e-137	1	1	better
mealpy	CPSO	20	100	927	273	1200	6.54447e-84	6.54447e-82	1	1	better
mealpy	OriginalEO	20	100	1148	52	1200	3.2208e-270	7.60109e-268	1	1	better
mealpy	DE	20	100	330	870	1200	1	1	8.08475e-57	2.14246e-54	worse
mealpy	ModifiedBA	20	100	991	209	1200	2.22187e-122	2.51071e-120	1	1	better
mealpy	BaseTLO	20	100	1138	62	1200	3.18606e-257	6.627e-255	1	1	better
mealpy	OriginalPFA	20	100	690	510	1200	1.12994e-07	7.45758e-06	1	1	better
mealpy	BaseFOA	20	100	451	749	1200	1	1	3.4125e-18	8.80426e-16	worse
mealpy	OriginalGBO	20	100	1136	64	1200	1.02444e-254	2.08986e-252	1	1	better
mealpy	TVAC	20	100	1161	39	1200	1.9329e-288	5.08353e-286	1	1	better
mealpy	BaseFBIO	20	100	1169	31	1200	1.39804e-300	3.84462e-298	1	1	better
mealpy	ImprovedBSO	20	100	1133	67	1200	5.22672e-251	1.04012e-248	1	1	better
mealpy	OriginalAO	20	100	353	847	1200	1	1	1.36538e-47	3.5773e-45	worse
mealpy	BaseGSKA	20	100	1141	59	1200	4.86568e-261	1.05585e-258	1	1	better
mealpy	BaseLCO	20	100	866	34	900	6.17026e-210	9.68731e-208	1	1	better
mealpy	OriginalSSpiderA	20	100	792	408	1200	3.46381e-29	2.66714e-27	1	1	better
mealpy	BaseHS	20	100	1159	41	1200	1.59022e-285	4.07096e-283	1	1	better
mealpy	AdaptiveEO	20	100	1150	50	1200	6.45201e-273	1.56139e-270	1	1	better
mealpy	OriginalWCA	20	100	17	2	19	0.000364304	0.0214939	0.999962	1	better
mealpy	OriginalMRFO	20	100	1173	27	1200	5.58515e-307	1.54709e-304	1	1	better
mealpy	OriginalEOA	20	100	1032	168	1200	2.56951e-152	3.13481e-150	1	1	better
mealpy	OriginalABC	20	100	1116	84	1200	4.33323e-231	7.45315e-229	1	1	better
mealpy	ModifiedAEO	20	100	1147	53	1200	6.98302e-269	1.62704e-266	1	1	better
mealpy	OriginalSFO	20	100	1033	167	1200	4.17329e-153	5.13314e-151	1	1	better
mealpy	BaseBBO	20	100	1144	56	1200	6.33725e-265	1.43222e-262	1	1	better
mealpy	OriginalNMRA	20	100	1050	150	1200	5.33887e-167	7.15408e-165	1	1	better
mealpy	OriginalACOR	20	100	1041	159	1200	1.56963e-159	2.00913e-157	1	1	better
mealpy	ImprovedSFO	20	100	1076	124	1200	3.96144e-190	5.62524e-188	1	1	better
mealpy	OriginalCRO	20	100	1118	82	1200	2.4142e-233	4.29728e-231	1	1	better
mealpy	LevyJA	20	100	1142	58	1200	2.51136e-262	5.5501e-260	1	1	better
mealpy	OriginalHS	20	100	1131	69	1200	1.43156e-248	2.79155e-246	1	1	better
mealpy	OriginalCSO	20	100	474	726	1200	1	1	1.77e-13	4.4958e-11	worse
mealpy	OriginalCOA	20	100	1032	168	1200	2.56951e-152	3.13481e-150	1	1	better
mealpy	LevyQSA	20	100	1143	57	1200	1.27312e-263	2.86453e-261	1	1	better
mealpy	OppoQSA	20	100	1143	57	1200	1.27312e-263	2.86453e-261	1	1	better
mealpy	BaseBRO	20	100	871	329	1200	3.05539e-57	2.74985e-55	1	1	better
mealpy	OriginalSLO	20	100	1056	144	1200	3.98984e-172	5.38628e-170	1	1	better
mealpy	OriginalMVO	20	100	1138	62	1200	3.18606e-257	6.627e-255	1	1	better
mealpy	CLPSO	20	100	1162	38	1200	6.48141e-290	1.72405e-287	1	1	better
mealpy	OriginalNRO	20	100	1133	67	1200	5.22672e-251	1.04012e-248	1	1	better
mealpy	BaseSCA	20	100	926	274	1200	2.2185e-83	2.19631e-81	1	1	better
mealpy	BaseGCO	20	100	686	514	1200	3.81865e-07	2.48212e-05	1	1	better
mealpy	OriginalArchOA	20	100	1106	64	1170	2.08439e-246	3.98119e-244	1	1	better
mealpy	SwarmHC	20	100	310	890	1200	1	1	1.28067e-65	3.43219e-63	worse
mealpy	ImprovedTLO	20	100	1049	151	1200	3.71717e-166	4.94383e-164	1	1	better
mealpy	OriginalMSA	20	100	1180	20	1200	7.93924e-319	2.2468e-316	1	1	better
mealpy	WOA	20	100	1118	82	1200	2.4142e-233	4.29728e-231	1	1	better
mealpy	OriginalIWO	20	100	1137	63	1200	5.76077e-256	1.18096e-253	1	1	better
mealpy	BaseGA	20	100	1139	61	1200	1.7326e-258	3.6731e-256	1	1	better
mealpy	ModifiedEO	20	100	1169	31	1200	1.39804e-300	3.84462e-298	1	1	better
mealpy	ImprovedNMRA	20	100	1135	65	1200	1.79217e-253	3.62019e-251	1	1	better
mealpy	BaseCHIO	20	100	265	935	1200	1	1	3.16259e-88	8.60223e-86	worse
mealpy	OriginalHHO	20	100	1018	182	1200	1.42224e-141	1.67824e-139	1	1	better
mealpy	OriginalGWO	20	100	1158	42	1200	4.39231e-284	1.12004e-281	1	1	better
mealpy	ImprovedQSA	20	100	1138	62	1200	3.18606e-257	6.627e-255	1	1	better
mealpy	OriginalFBIO	20	100	1163	37	1200	2.1158e-291	5.6492e-289	1	1	better
mealpy	OriginalBeesA	20	100	368	832	1200	1	1	4.53358e-42	1.17873e-39	worse
mealpy	BaseEFO	20	100	1147	53	1200	6.98302e-269	1.62704e-266	1	1	better
mealpy	OriginalSA	20	100	926	274	1200	2.2185e-83	2.19631e-81	1	1	better
mealpy	OriginalHC	20	100	212	988	1200	1	1	2.30571e-120	6.36376e-118	worse
mealpy	OriginalSHO	20	100	717	483	1200	7.54242e-12	5.35512e-10	1	1	better
mealpy	JADE	20	100	1140	60	1200	9.26188e-260	1.99131e-257	1	1	better
mealpy	OriginalCA	20	100	1075	125	1200	3.414e-189	4.7796e-187	1	1	better
mealpy	EnhancedTWO	20	100	977	223	1200	3.68081e-113	4.01208e-111	1	1	better
mealpy	BaseSSA	20	100	1064	136	1200	3.74597e-179	5.09452e-177	1	1	better
mealpy	OriginalAOA	20	100	619	581	1200	0.142736	1	0.869886	1	not shown
mealpy	OriginalQSA	20	100	1145	55	1200	3.09647e-266	7.09091e-264	1	1	better
mealpy	OriginalGOA	20	100	1162	38	1200	6.48141e-290	1.72405e-287	1	1	better
mealpy	EnhancedAEO	20	100	1142	58	1200	2.51136e-262	5.5501e-260	1	1	better
mealpy	OriginalGSKA	20	100	1139	61	1200	1.7326e-258	3.6731e-256	1	1	better
mealpy	PPSO	20	100	1157	43	1200	1.18396e-282	2.99541e-280	1	1	better
mealpy	OriginalCGO	20	100	1160	40	1200	5.61541e-287	1.46001e-284	1	1	better
mealpy	OriginalHGSO	20	100	942	258	1200	4.10868e-92	4.14976e-90	1	1	better
mealpy	OriginalSBO	20	100	1141	59	1200	4.86568e-261	1.05585e-258	1	1	better
mealpy	OppoTWO	20	100	837	363	1200	7.22475e-44	5.92429e-42	1	1	better
mealpy	OriginalASO	20	100	88	1112	1200	1	1	1.19957e-226	3.49076e-224	worse
mealpy	ModifiedSLO	20	100	1093	107	1200	1.19235e-206	1.86007e-204	1	1	better
mealpy	BaseVCS	20	100	1155	45	1200	8.01255e-280	2.00314e-277	1	1	better
mealpy	LSHADE	20	100	1150	50	1200	6.45201e-273	1.56139e-270	1	1	better
mealpy	OriginalEFO	20	100	1115	85	1200	5.6952e-230	9.73878e-228	1	1	better
mealpy	OriginalJA	20	100	837	363	1200	7.22475e-44	5.92429e-42	1	1	better
mealpy	OriginalGCO	20	100	563	637	1200	0.98483	1	0.0175227	1	not shown
mealpy	OriginalPSS	20	100	1143	57	1200	1.27312e-263	2.86453e-261	1	1	better
mealpy	OriginalEHO	20	100	973	227	1200	1.29755e-110	1.40135e-108	1	1	better
mealpy	OriginalSSA	20	100	989	211	1200	4.93479e-121	5.47762e-119	1	1	better
mealpy	OriginalSCA	20	100	919	281	1200	1.00074e-79	9.70718e-78	1	1	better
mealpy	OriginalBES	20	100	1132	68	1200	8.71728e-250	1.70859e-247	1	1	better
mealpy	BaseSBO	20	100	1083	117	1200	8.69881e-197	1.27003e-194	1	1	better
mealpy	BaseJA	20	100	1067	133	1200	7.58052e-182	1.04611e-179	1	1	better
mealpy	OriginalSARO	20	100	1162	38	1200	6.48141e-290	1.72405e-287	1	1	better
mealpy	OriginalSRSR	20	100	1149	51	1200	1.45624e-271	3.46586e-269	1	1	better
mealpy	OriginalTWO	20	100	1112	88	1200	1.19957e-226	1.99129e-224	1	1	better
mealpy	OriginalWDO	20	100	880	320	1200	3.97863e-61	3.62055e-59	1	1	better
mealpy	AugmentedAEO	20	100	1151	49	1200	2.80013e-274	6.83233e-272	1	1	better
mealpy	OriginalWOA	20	100	1117	83	1200	3.25527e-232	5.69672e-230	1	1	better
mealpy	SADE	20	100	1145	55	1200	3.09647e-266	7.09091e-264	1	1	better
mealpy	OriginalBRO	20	100	222	978	1200	1	1	8.37928e-114	2.3043e-111	worse
mealpy	OriginalSSpiderO	20	100	644	556	1200	0.00599564	0.347747	0.994918	1	not shown
mealpy	ProbBeesA	20	100	194	1006	1200	1	1	8.36166e-133	2.32454e-130	worse
mealpy	OriginalFA	20	100	271	929	1200	1	1	5.61488e-85	1.52163e-82	worse
mealpy	OriginalCSA	20	100	319	881	1200	1	1	1.44166e-61	3.8348e-59	worse
mealpy	OriginalALO	20	100	251	18	269	5.39029e-54	4.68955e-52	1	1	better
mealpy	OriginalDO	20	100	361	839	1200	1	1	1.3423e-44	3.5034e-42	worse
mealpy	OriginalCHIO	20	100	455	745	1200	1	1	2.57297e-17	6.61253e-15	worse
mealpy	OriginalBSA	20	100	1155	45	1200	8.01255e-280	2.00314e-277	1	1	better
mealpy	LevyEP	20	100	1135	65	1200	1.79217e-253	3.62019e-251	1	1	better
mealpy	OriginalICA	20	100	771	4	775	7.54457e-224	1.22222e-221	1	1	better
mealpy	ImprovedLCO	20	100	1120	80	1200	1.27682e-235	2.32381e-233	1	1	better
mealpy	OriginalMFO	20	100	210	990	1200	1	1	1.05013e-121	2.90886e-119	worse
mealpy	ImprovedAEO	20	100	1120	80	1200	1.27682e-235	2.32381e-233	1	1	better
mealpy	OriginalVCS	20	100	1043	157	1200	3.61887e-161	4.66834e-159	1	1	better
mealpy	AdaptiveBA	20	100	145	1055	1200	1	1	2.90932e-171	8.17519e-169	worse
mealpy	MultiGA	20	100	1146	54	1200	1.48466e-267	3.41473e-265	1	1	better
mealpy	OriginalES	20	100	1142	58	1200	2.51136e-262	5.5501e-260	1	1	better
mealpy	LevyES	20	100	1181	19	1200	1.34336e-320	3.81516e-318	1	1	better
mealpy	OriginalEP	20	100	517	683	1200	0.999999	1	9.19472e-07	0.000228948	worse
mealpy	BaseSMA	20	100	748	452	1200	5.68454e-18	4.2634e-16	1	1	better
mealpy	OriginalPSO	20	100	315	885	1200	1	1	2.38157e-63	6.35881e-61	worse
mealpy	FBUDGETSHADE	20	100	1145	55	1200	3.09647e-266	7.09091e-264	1	1	better
mealpy	OriginalFOA	20	100	142	1058	1200	1	1	7.32854e-174	2.06665e-171	worse
mealpy	BaseQSA	20	100	1140	60	1200	9.26188e-260	1.99131e-257	1	1	better
mealpy	BaseMFO	20	100	1019	181	1200	2.53665e-142	3.01862e-140	1	1	better
mealpy	BaseDE	20	100	1109	91	1200	2.26397e-223	3.64499e-221	1	1	better
mealpy	WhaleFOA	20	100	483	717	1200	1	1	7.54242e-12	1.90823e-09	worse
Baselines	DE	20	100	1133	67	1200	5.22672e-251	3.6587e-250	1	1	better
Baselines	RCobyla	20	100	1146	54	1200	1.48466e-267	1.18773e-266	1	1	better
Baselines	PSO	20	100	102	1098	1200	1	1	9.56554e-212	1.05221e-210	worse
Baselines	DiagonalCMA	20	100	1161	39	1200	1.9329e-288	2.12619e-287	1	1	better
Baselines	modcma	20	100	1153	47	1200	4.94899e-277	4.94899e-276	1	1	better
Baselines	modde	20	100	971	229	1200	2.35813e-109	7.07438e-109	1	1	better
Baselines	OnePlusOne	20	100	1129	71	1200	3.68862e-246	2.21317e-245	1	1	better
Baselines	Powell	20	100	1122	78	1200	6.40261e-238	3.20131e-237	1	1	better
Baselines	MultiBFGS	20	100	935	265	1200	3.16259e-88	6.32517e-88	1	1	better
Baselines	lshade	20	100	1090	110	1200	1.20305e-203	4.81219e-203	1	1	better
Baselines	bipop	20	100	1153	47	1200	4.94899e-277	4.94899e-276	1	1	better
EVOLOPY	DE	20	500	1120	80	1200	1.27682e-235	2.10675e-233	1	1	better
EVOLOPY	JAYA	20	500	1084	116	1200	9.37822e-198	1.25668e-195	1	1	better
EVOLOPY	PSO	20	500	1132	68	1200	8.71728e-250	1.55168e-247	1	1	better
EVOLOPY	WOA	20	500	1138	62	1200	3.18606e-257	5.92606e-255	1	1	better
EVOLOPY	FFA	20	500	1150	50	1200	6.45201e-273	1.31621e-270	1	1	better
EVOLOPY	BAT	20	500	597	603	1200	0.580065	1	0.442621	1	not shown
EVOLOPY	MVO	20	500	1172	28	1200	2.34187e-305	5.85467e-303	1	1	better
EVOLOPY	HHO	20	500	888	312	1200	1.04912e-64	8.91753e-63	1	1	better
EVOLOPY	SCA	20	500	1111	89	1200	1.50037e-225	2.29557e-223	1	1	better
EVOLOPY	GA	20	500	960	37	997	2.56681e-233	4.05556e-231	1	1	better
EVOLOPY	MFO	20	500	1137	63	1200	5.76077e-256	1.06574e-253	1	1	better
EVOLOPY	CS	20	500	1156	44	1200	3.11617e-281	6.85556e-279	1	1	better
EVOLOPY	GWO	20	500	1167	33	1200	1.81091e-297	4.29187e-295	1	1	better
EVOLOPY	SSA	20	500	1048	152	1200	2.5686e-165	2.9282e-163	1	1	better
NIAPY	DynamicFireworksAlgorithm	20	500	1168	32	1200	5.11183e-299	1.22684e-296	1	1	better
NIAPY	HarmonySearch	20	500	1119	81	1200	1.76729e-234	2.84534e-232	1	1	better
NIAPY	EvolutionStrategyMp1	20	500	1179	21	1200	4.465e-317	1.19662e-314	1	1	better
NIAPY	MonarchButterflyOptimization	20	500	737	463	1200	1.23712e-15	8.53611e-14	1	1	better
NIAPY	CenterParticleSwarmOptimization	20	500	1147	53	1200	6.98302e-269	1.3966e-266	1	1	better
NIAPY	DynNpDifferentialEvolution	20	500	1084	116	1200	9.37822e-198	1.25668e-195	1	1	better
NIAPY	CamelAlgorithm	20	500	1082	118	1200	7.99289e-196	1.04707e-193	1	1	better
NIAPY	BatAlgorithm	20	500	947	253	1200	5.93923e-95	5.34531e-93	1	1	better
NIAPY	GlowwormSwarmOptimization	20	500	361	839	1200	1	1	1.3423e-44	3.58394e-42	worse
NIAPY	BareBonesFireworksAlgorithm	20	500	1083	117	1200	8.69881e-197	1.14824e-194	1	1	better
NIAPY	CuckooSearch	20	500	1168	32	1200	5.11183e-299	1.22684e-296	1	1	better
NIAPY	GeneticAlgorithm	20	500	569	631	1200	0.96554	1	0.0391044	1	not shown
NIAPY	ParticleSwarmAlgorithm	20	500	1185	15	1200	0	0	1	1	better
NIAPY	MonkeyKingEvolutionV3	20	500	1113	87	1200	9.47456e-228	1.47803e-225	1	1	better
NIAPY	MonkeyKingEvolutionV2	20	500	1143	57	1200	1.27312e-263	2.45713e-261	1	1	better
NIAPY	SineCosineAlgorithm	20	500	4	1196	1200	1	1	0	0	worse
NIAPY	EvolutionStrategy1p1	20	500	1001	199	1200	2.8966e-129	2.92556e-127	1	1	better
NIAPY	HarrisHawksOptimization	20	500	1179	21	1200	4.465e-317	1.19662e-314	1	1	better
NIAPY	ParticleSwarmOptimization	20	500	689	511	1200	1.53963e-07	9.39177e-06	1	1	better
NIAPY	ForestOptimizationAlgorithm	20	500	1145	55	1200	3.09647e-266	6.06907e-264	1	1	better
NIAPY	EnhancedFireworksAlgorithm	20	500	1172	28	1200	2.34187e-305	5.85467e-303	1	1	better
NIAPY	MultiStrategyDifferentialEvolution	20	500	1092	108	1200	1.20805e-205	1.67919e-203	1	1	better
NIAPY	MutatedParticleSwarmOptimization	20	500	1146	54	1200	1.48466e-267	2.93964e-265	1	1	better
NIAPY	ComprehensiveLearningParticleSwarmOptimizer	20	500	1183	17	1200	0	0	1	1	better
NIAPY	KrillHerd	20	500	510	690	1200	1	1	1.12994e-07	2.84744e-05	worse
NIAPY	FishSchoolSearch	20	500	1121	79	1200	9.10264e-237	1.52014e-234	1	1	better
NIAPY	MutatedCenterUnifiedParticleSwarmOptimization	20	500	1166	34	1200	6.22133e-296	1.46823e-293	1	1	better
NIAPY	MutatedCenterParticleSwarmOptimization	20	500	1142	58	1200	2.51136e-262	4.77158e-260	1	1	better
NIAPY	GlowwormSwarmOptimizationV2	20	500	343	857	1200	1	1	1.73062e-51	4.67268e-49	worse
NIAPY	CatSwarmOptimization	20	500	1164	36	1200	6.71935e-293	1.56561e-290	1	1	better
NIAPY	DifferentialEvolution	20	500	1056	144	1200	3.98984e-172	4.70801e-170	1	1	better
NIAPY	FireworksAlgorithm	20	500	1180	20	1200	7.93924e-319	2.15947e-316	1	1	better
NIAPY	MothFlameOptimizer	20	500	205	995	1200	1	1	4.2018e-125	1.18071e-122	worse
NIAPY	DynNpMultiStrategyDifferentialEvolution	20	500	1087	113	1200	1.10972e-200	1.49812e-198	1	1	better
NIAPY	EvolutionStrategyML	20	500	1136	64	1200	1.02444e-254	1.87473e-252	1	1	better
NIAPY	GreyWolfOptimizer	20	500	1159	41	1200	1.59022e-285	3.56209e-283	1	1	better
NIAPY	HarmonySearchV1	20	500	1108	92	1200	2.73197e-222	4.01599e-220	1	1	better
NIAPY	BeesAlgorithm	20	500	1000	200	1200	1.45191e-128	1.45191e-126	1	1	better
NIAPY	GlowwormSwarmOptimizationV1	20	500	353	847	1200	1	1	1.36538e-47	3.67287e-45	worse
NIAPY	GlowwormSwarmOptimizationV3	20	500	355	845	1200	1	1	7.82984e-47	2.0984e-44	worse
NIAPY	LionOptimizationAlgorithm	20	500	1152	48	1200	1.18991e-275	2.48691e-273	1	1	better
NIAPY	ArtificialBeeColonyAlgorithm	20	500	1170	30	1200	3.70089e-302	9.03016e-300	1	1	better
NIAPY	AgingNpDifferentialEvolution	20	500	759	441	1200	1.70913e-20	1.23057e-18	1	1	better
NIAPY	OppositionVelocityClampingParticleSwarmOptimization	20	500	530	670	1200	0.999977	1	2.94953e-05	0.00737382	worse
NIAPY	CoralReefsOptimization	20	500	144	1056	1200	1	1	3.98984e-172	1.1371e-169	worse
NIAPY	BacterialForagingOptimization	20	500	313	887	1200	1	1	2.98337e-64	8.1446e-62	worse
NIAPY	DynamicFireworksAlgorithmGauss	20	500	1174	26	1200	1.28335e-308	3.24687e-306	1	1	better
NIAPY	ClonalSelectionAlgorithm	20	500	102	1098	1200	1	1	9.56554e-212	2.76444e-209	worse
NIAPY	GravitationalSearchAlgorithm	20	500	453	747	1200	1	1	9.43616e-18	2.41566e-15	worse
NIAPY	MonkeyKingEvolutionV1	20	500	1113	87	1200	9.47456e-228	1.47803e-225	1	1	better
NIAPY	EvolutionStrategyMpL	20	500	1180	20	1200	7.93924e-319	2.15947e-316	1	1	better
NIAPY	FireflyAlgorithm	20	500	1128	72	1200	5.78976e-245	1.00742e-242	1	1	better
NIAPY	FlowerPollinationAlgorithm	20	500	1176	24	1200	6.02618e-312	1.59694e-309	1	1	better
OPYTIMIZER	SA	20	500	1045	155	1200	8.10326e-163	9.07565e-161	1	1	better
OPYTIMIZER	GOGHS	20	500	1124	76	1200	3.04026e-240	5.13805e-238	1	1	better
OPYTIMIZER	QSA	20	500	1180	20	1200	7.93924e-319	2.15947e-316	1	1	better
OPYTIMIZER	SGHS	20	500	1109	91	1200	2.26397e-223	3.35068e-221	1	1	better
OPYTIMIZER	DE	20	500	1175	25	1200	2.83723e-310	7.29167e-308	1	1	better
OPYTIMIZER	RFO	20	500	1190	10	1200	0	0	1	1	better
OPYTIMIZER	PPA	20	500	987	213	1200	1.07117e-119	1.03904e-117	1	1	better
OPYTIMIZER	EHO	20	500	1153	47	1200	4.94899e-277	1.04919e-274	1	1	better
OPYTIMIZER	AEO	20	500	1194	6	1200	0	0	1	1	better
OPYTIMIZER	ABO	20	500	1180	20	1200	7.93924e-319	2.15947e-316	1	1	better
OPYTIMIZER	GHS	20	500	1040	160	1200	1.02258e-158	1.13506e-156	1	1	better
OPYTIMIZER	PVS	20	500	844	356	1200	1.86384e-46	1.49107e-44	1	1	better
OPYTIMIZER	BWO	20	500	974	46	1020	1.50669e-227	2.3203e-225	1	1	better
OPYTIMIZER	PSO	20	500	1176	24	1200	6.02618e-312	1.59694e-309	1	1	better
OPYTIMIZER	BSO	20	500	1080	120	1200	6.56188e-194	8.53044e-192	1	1	better
OPYTIMIZER	CSA	20	500	866	334	1200	3.80213e-55	3.15577e-53	1	1	better
OPYTIMIZER	SSO	20	500	1137	63	1200	5.76077e-256	1.06574e-253	1	1	better
OPYTIMIZER	WOA	20	500	1176	24	1200	6.02618e-312	1.59694e-309	1	1	better
OPYTIMIZER	BA	20	500	964	236	1200	5.09816e-105	4.74129e-103	1	1	better
OPYTIMIZER	HS	20	500	1047	153	1200	1.76165e-164	1.99067e-162	1	1	better
OPYTIMIZER	JS	20	500	1055	145	1200	2.90932e-171	3.4039e-169	1	1	better
OPYTIMIZER	SOS	20	500	1196	4	1200	0	0	1	1	better
OPYTIMIZER	GS	20	500	0	1200	1200	1	1	0	0	worse
OPYTIMIZER	EFO	20	500	1133	67	1200	5.22672e-251	9.35582e-249	1	1	better
OPYTIMIZER	GSA	20	500	319	881	1200	1	1	1.44166e-61	3.9213e-59	worse
OPYTIMIZER	ESA	20	500	724	476	1200	4.17329e-13	2.83784e-11	1	1	better
OPYTIMIZER	BOA	20	500	52	247	299	1	1	7.49151e-32	1.94779e-29	worse
OPYTIMIZER	HC	20	500	117	1083	1200	1	1	8.69881e-197	2.48786e-194	worse
OPYTIMIZER	ABC	20	500	1032	168	1200	2.56951e-152	2.74938e-150	1	1	better
OPYTIMIZER	RRA	20	500	1115	85	1200	5.6952e-230	8.94146e-228	1	1	better
OPYTIMIZER	NDS	20	500	0	1200	1200	1	1	0	0	worse
OPYTIMIZER	NBJS	20	500	1038	162	1200	4.24759e-157	4.67235e-155	1	1	better
OPYTIMIZER	SSD	20	500	395	805	1200	1	1	4.36687e-33	1.14412e-30	worse
OPYTIMIZER	CEM	20	500	800	400	1200	1.48674e-31	1.12992e-29	1	1	better
OPYTIMIZER	AOA	20	500	784	416	1200	6.37434e-27	4.71701e-25	1	1	better
OPYTIMIZER	MRFO	20	500	1194	6	1200	0	0	1	1	better
OPYTIMIZER	ASO	20	500	111	1089	1200	1	1	1.1827e-202	3.39434e-200	worse
OPYTIMIZER	SFO	20	500	800	400	1200	1.48674e-31	1.12992e-29	1	1	better
OPYTIMIZER	IHS	20	500	1022	178	1200	1.38412e-144	1.45333e-142	1	1	better
OPYTIMIZER	COA	20	500	1185	15	1200	0	0	1	1	better
OPYTIMIZER	GOA	20	500	1149	51	1200	1.45624e-271	2.95618e-269	1	1	better
OPYTIMIZER	STOA	20	500	210	990	1200	1	1	1.05013e-121	2.94036e-119	worse
OPYTIMIZER	MVPA	20	500	951	249	1200	2.90239e-97	2.64118e-95	1	1	better
OPYTIMIZER	ES	20	500	1152	48	1200	1.18991e-275	2.48691e-273	1	1	better
OPYTIMIZER	AIWPSO	20	500	1131	69	1200	1.43156e-248	2.53387e-246	1	1	better
OPYTIMIZER	ISA	20	500	203	727	930	1	1	4.13093e-70	1.13187e-67	worse
OPYTIMIZER	EO	20	500	1198	2	1200	0	0	1	1	better
OPYTIMIZER	AF	20	500	32	909	941	1	1	1.77617e-224	5.15089e-222	worse
OPYTIMIZER	DOA	20	500	1168	32	1200	5.11183e-299	1.22684e-296	1	1	better
OPYTIMIZER	PIO	20	500	858	342	1200	6.89987e-52	5.65789e-50	1	1	better
OPYTIMIZER	HHO	20	500	1181	19	1200	1.34336e-320	3.72112e-318	1	1	better
OPYTIMIZER	BSA	20	500	1103	97	1200	5.87757e-217	8.4637e-215	1	1	better
OPYTIMIZER	TEO	20	500	582	53	635	6.81999e-114	6.41079e-112	1	1	better
OPYTIMIZER	FA	20	500	237	963	1200	1	1	2.07722e-104	5.7539e-102	worse
OPYTIMIZER	WWO	20	500	1065	15	1080	1.72265e-292	3.99654e-290	1	1	better
OPYTIMIZER	IWO	20	500	991	209	1200	2.22187e-122	2.17743e-120	1	1	better
OPYTIMIZER	KH	20	500	1130	70	1200	2.31531e-247	4.07494e-245	1	1	better
OPYTIMIZER	FOA	20	500	1176	24	1200	6.02618e-312	1.59694e-309	1	1	better
OPYTIMIZER	RPSO	20	500	1162	38	1200	6.48141e-290	1.48424e-287	1	1	better
OPYTIMIZER	SCA	20	500	657	543	1200	0.00054883	0.0296368	0.999553	1	better
OPYTIMIZER	OSA	20	500	818	382	1200	2.92164e-37	2.24966e-35	1	1	better
OPYTIMIZER	WDO	20	500	442	758	1200	1	1	2.94922e-20	7.5795e-18	worse
OPYTIMIZER	LSA	20	500	1185	15	1200	0	0	1	1	better
OPYTIMIZER	VPSO	20	500	1181	19	1200	1.34336e-320	3.72112e-318	1	1	better
OPYTIMIZER	SBO	20	500	1181	19	1200	1.34336e-320	3.72112e-318	1	1	better
OPYTIMIZER	GA	20	500	1193	7	1200	0	0	1	1	better
OPYTIMIZER	MFO	20	500	964	236	1200	5.09816e-105	4.74129e-103	1	1	better
OPYTIMIZER	CS	20	500	1192	8	1200	0	0	1	1	better
OPYTIMIZER	FSO	20	500	697	503	1200	1.18092e-08	7.55786e-07	1	1	better
OPYTIMIZER	NGHS	20	500	1061	139	1200	1.71844e-176	2.04495e-174	1	1	better
OPYTIMIZER	GCO	20	500	1110	90	1200	1.85408e-224	2.76259e-222	1	1	better
OPYTIMIZER	TWO	20	500	1176	24	1200	6.02618e-312	1.59694e-309	1	1	better
OPYTIMIZER	WEO	20	500	1189	11	1200	0	0	1	1	better
OPYTIMIZER	GWO	20	500	1147	53	1200	6.98302e-269	1.3966e-266	1	1	better
OPYTIMIZER	SAVPSO	20	500	1193	7	1200	0	0	1	1	better
OPYTIMIZER	FFOA	20	500	379	821	1200	1	1	2.90182e-38	7.63179e-36	worse
OPYTIMIZER	AIG	20	500	1196	4	1200	0	0	1	1	better
OPYTIMIZER	BH	20	500	1070	130	1200	1.42202e-184	1.74909e-182	1	1	better
OPYTIMIZER	CI	20	500	58	19	77	4.88754e-06	0.00027859	0.999998	1	better
OPYTIMIZER	SSA	20	500	1166	34	1200	6.22133e-296	1.46823e-293	1	1	better
OPYTIMIZER	AO	20	500	688	512	1200	2.09097e-07	1.21276e-05	1	1	better
OPYTIMIZER	MVO	20	500	28	1	29	5.58794e-08	3.46452e-06	1	1	better
mealpy	LevyTWO	20	500	1051	149	1200	7.61007e-168	8.82768e-166	1	1	better
mealpy	OriginalTLO	20	500	1144	56	1200	6.33725e-265	1.23576e-262	1	1	better
mealpy	GWO	20	500	1096	104	1200	1.07796e-209	1.51992e-207	1	1	better
mealpy	OriginalBBO	20	500	1136	64	1200	1.02444e-254	1.87473e-252	1	1	better
mealpy	ABFO	20	500	497	665	1162	1	1	4.61907e-07	0.000115939	worse
mealpy	OriginalWHO	20	500	1175	25	1200	2.83723e-310	7.29167e-308	1	1	better
mealpy	OriginalFFA	20	500	547	653	1200	0.999001	1	0.00121141	0.301642	not shown
mealpy	BaseSARO	20	500	1181	19	1200	1.34336e-320	3.72112e-318	1	1	better
mealpy	OriginalSMA	20	500	701	499	1200	3.0196e-09	1.96274e-07	1	1	better
mealpy	SingleGA	20	500	1146	54	1200	1.48466e-267	2.93964e-265	1	1	better
mealpy	OriginalSSDO	20	500	831	369	1200	1.02536e-41	7.9978e-40	1	1	better
mealpy	OriginalFPA	20	500	1163	37	1200	2.1158e-291	4.88751e-289	1	1	better
mealpy	OriginalSSO	20	500	674	526	1200	1.07573e-05	0.000602407	0.999992	1	better
mealpy	OriginalMA	20	500	697	503	1200	1.18092e-08	7.55786e-07	1	1	better
mealpy	OriginalCEM	20	500	466	734	1200	1	1	4.99197e-15	1.27295e-12	worse
mealpy	OCRO	20	500	1125	75	1200	2.05178e-241	3.48803e-239	1	1	better
mealpy	OriginalBA	20	500	10	830	840	1	1	6.30566e-231	1.83495e-228	worse
mealpy	OriginalAEO	20	500	1162	38	1200	6.48141e-290	1.48424e-287	1	1	better
mealpy	OriginalBSO	20	500	1162	38	1200	6.48141e-290	1.48424e-287	1	1	better
mealpy	OriginalBFO	20	500	58	1142	1200	1	1	2.51136e-262	7.33316e-260	worse
mealpy	ImprovedSLO	20	500	1089	111	1200	1.1827e-202	1.63212e-200	1	1	better
mealpy	OriginalLCO	20	500	1074	126	1200	2.91616e-188	3.70352e-186	1	1	better
mealpy	OriginalHGS	20	500	1100	100	1200	8.13378e-214	1.16313e-211	1	1	better
mealpy	BaseALO	20	500	483	7	490	4.09131e-133	4.21405e-131	1	1	better
mealpy	CPSO	20	500	753	447	1200	4.27888e-19	3.038e-17	1	1	better
mealpy	OriginalEO	20	500	1156	44	1200	3.11617e-281	6.85556e-279	1	1	better
mealpy	DE	20	500	506	694	1200	1	1	3.17122e-08	8.02318e-06	worse
mealpy	ModifiedBA	20	500	1071	129	1200	1.72403e-185	2.13779e-183	1	1	better
mealpy	BaseTLO	20	500	1154	46	1200	2.01373e-278	4.30938e-276	1	1	better
mealpy	OriginalPFA	20	500	576	624	1200	0.921408	1	0.0874141	1	not shown
mealpy	BaseFOA	20	500	370	830	1200	1	1	2.31004e-41	6.0985e-39	worse
mealpy	OriginalGBO	20	500	1161	39	1200	1.9329e-288	4.36836e-286	1	1	better
mealpy	TVAC	20	500	1176	24	1200	6.02618e-312	1.59694e-309	1	1	better
mealpy	BaseFBIO	20	500	1182	18	1200	2.17389e-322	6.04341e-320	1	1	better
mealpy	ImprovedBSO	20	500	1127	73	1200	8.95539e-244	1.53137e-241	1	1	better
mealpy	OriginalAO	20	500	367	833	1200	1	1	1.99671e-42	5.31124e-40	worse
mealpy	BaseGSKA	20	500	1142	58	1200	2.51136e-262	4.77158e-260	1	1	better
mealpy	BaseLCO	20	500	830	70	900	4.297e-166	4.94155e-164	1	1	better
mealpy	OriginalSSpiderA	20	500	618	582	1200	0.15616	1	0.857264	1	not shown
mealpy	BaseHS	20	500	1151	49	1200	2.80013e-274	5.74028e-272	1	1	better
mealpy	AdaptiveEO	20	500	1157	43	1200	1.18396e-282	2.61654e-280	1	1	better
mealpy	OriginalWCA	20	500	17	2	19	0.000364304	0.0200367	0.999962	1	better
mealpy	OriginalMRFO	20	500	1172	28	1200	2.34187e-305	5.85467e-303	1	1	better
mealpy	OriginalEOA	20	500	1096	104	1200	1.07796e-209	1.51992e-207	1	1	better
mealpy	OriginalABC	20	500	1120	80	1200	1.27682e-235	2.10675e-233	1	1	better
mealpy	ModifiedAEO	20	500	1143	57	1200	1.27312e-263	2.45713e-261	1	1	better
mealpy	OriginalSFO	20	500	833	367	1200	1.99671e-42	1.5774e-40	1	1	better
mealpy	BaseBBO	20	500	1136	64	1200	1.02444e-254	1.87473e-252	1	1	better
mealpy	OriginalNMRA	20	500	1155	45	1200	8.01255e-280	1.74674e-277	1	1	better
mealpy	OriginalACOR	20	500	1073	127	1200	2.46901e-187	3.11095e-185	1	1	better
mealpy	ImprovedSFO	20	500	931	269	1200	4.72665e-86	4.20672e-84	1	1	better
mealpy	OriginalCRO	20	500	1111	89	1200	1.50037e-225	2.29557e-223	1	1	better
mealpy	LevyJA	20	500	1153	47	1200	4.94899e-277	1.04919e-274	1	1	better
mealpy	OriginalHS	20	500	1128	72	1200	5.78976e-245	1.00742e-242	1	1	better
mealpy	OriginalCSO	20	500	483	717	1200	1	1	7.54242e-12	1.91578e-09	worse
mealpy	OriginalCOA	20	500	1144	56	1200	6.33725e-265	1.23576e-262	1	1	better
mealpy	LevyQSA	20	500	1181	19	1200	1.34336e-320	3.72112e-318	1	1	better
mealpy	OppoQSA	20	500	1169	31	1200	1.39804e-300	3.38326e-298	1	1	better
mealpy	BaseBRO	20	500	720	480	1200	2.22673e-12	1.49191e-10	1	1	better
mealpy	OriginalSLO	20	500	1003	197	1200	1.13227e-130	1.15491e-128	1	1	better
mealpy	OriginalMVO	20	500	1154	46	1200	2.01373e-278	4.30938e-276	1	1	better
mealpy	CLPSO	20	500	1171	29	1200	9.47285e-304	2.33032e-301	1	1	better
mealpy	OriginalNRO	20	500	1177	23	1200	1.2277e-313	3.26569e-311	1	1	better
mealpy	BaseSCA	20	500	1063	137	1200	2.91281e-178	3.49537e-176	1	1	better
mealpy	BaseGCO	20	500	1034	166	1200	6.73123e-154	7.26973e-152	1	1	better
mealpy	OriginalArchOA	20	500	1088	82	1170	3.02474e-225	4.53711e-223	1	1	better
mealpy	SwarmHC	20	500	1077	123	1200	4.55567e-191	5.83126e-189	1	1	better
mealpy	ImprovedTLO	20	500	913	287	1200	1.13248e-76	9.85258e-75	1	1	better
mealpy	OriginalMSA	20	500	1189	11	1200	0	0	1	1	better
mealpy	WOA	20	500	1121	79	1200	9.10264e-237	1.52014e-234	1	1	better
mealpy	OriginalIWO	20	500	1129	71	1200	3.68862e-246	6.45508e-244	1	1	better
mealpy	BaseGA	20	500	1143	57	1200	1.27312e-263	2.45713e-261	1	1	better
mealpy	ModifiedEO	20	500	1188	12	1200	0	0	1	1	better
mealpy	ImprovedNMRA	20	500	1128	72	1200	5.78976e-245	1.00742e-242	1	1	better
mealpy	BaseCHIO	20	500	249	951	1200	1	1	2.90239e-97	7.98158e-95	worse
mealpy	OriginalHHO	20	500	1072	128	1200	2.07217e-186	2.59021e-184	1	1	better
mealpy	OriginalGWO	20	500	1161	39	1200	1.9329e-288	4.36836e-286	1	1	better
mealpy	ImprovedQSA	20	500	1174	26	1200	1.28335e-308	3.24687e-306	1	1	better
mealpy	OriginalFBIO	20	500	1184	16	1200	0	0	1	1	better
mealpy	OriginalBeesA	20	500	689	511	1200	1.53963e-07	9.39177e-06	1	1	better
mealpy	BaseEFO	20	500	1166	34	1200	6.22133e-296	1.46823e-293	1	1	better
mealpy	OriginalSA	20	500	1155	45	1200	8.01255e-280	1.74674e-277	1	1	better
mealpy	OriginalHC	20	500	188	1012	1200	1	1	3.86183e-137	1.09676e-134	worse
mealpy	OriginalSHO	20	500	689	511	1200	1.53963e-07	9.39177e-06	1	1	better
mealpy	JADE	20	500	1158	42	1200	4.39231e-284	9.75092e-282	1	1	better
mealpy	OriginalCA	20	500	987	213	1200	1.07117e-119	1.03904e-117	1	1	better
mealpy	EnhancedTWO	20	500	1120	80	1200	1.27682e-235	2.10675e-233	1	1	better
mealpy	BaseSSA	20	500	1088	112	1200	1.15126e-201	1.57722e-199	1	1	better
mealpy	OriginalAOA	20	500	404	796	1200	1	1	2.33757e-30	6.05431e-28	worse
mealpy	OriginalQSA	20	500	1169	31	1200	1.39804e-300	3.38326e-298	1	1	better
mealpy	OriginalGOA	20	500	1142	58	1200	2.51136e-262	4.77158e-260	1	1	better
mealpy	EnhancedAEO	20	500	1134	66	1200	3.08504e-252	5.55307e-250	1	1	better
mealpy	OriginalGSKA	20	500	1149	51	1200	1.45624e-271	2.95618e-269	1	1	better
mealpy	PPSO	20	500	1118	82	1200	2.4142e-233	3.83858e-231	1	1	better
mealpy	OriginalCGO	20	500	1163	37	1200	2.1158e-291	4.88751e-289	1	1	better
mealpy	OriginalHGSO	20	500	881	319	1200	1.44166e-61	1.21099e-59	1	1	better
mealpy	OriginalSBO	20	500	1175	25	1200	2.83723e-310	7.29167e-308	1	1	better
mealpy	OppoTWO	20	500	996	204	1200	8.63517e-126	8.54882e-124	1	1	better
mealpy	OriginalASO	20	500	102	1098	1200	1	1	9.56554e-212	2.76444e-209	worse
mealpy	ModifiedSLO	20	500	1088	112	1200	1.15126e-201	1.57722e-199	1	1	better
mealpy	BaseVCS	20	500	1176	24	1200	6.02618e-312	1.59694e-309	1	1	better
mealpy	LSHADE	20	500	1175	25	1200	2.83723e-310	7.29167e-308	1	1	better
mealpy	OriginalEFO	20	500	1079	121	1200	5.86366e-193	7.56412e-191	1	1	better
mealpy	OriginalJA	20	500	777	423	1200	5.04625e-25	3.68376e-23	1	1	better
mealpy	OriginalGCO	20	500	894	306	1200	1.81152e-67	1.55791e-65	1	1	better
mealpy	OriginalPSS	20	500	1152	48	1200	1.18991e-275	2.48691e-273	1	1	better
mealpy	OriginalEHO	20	500	987	213	1200	1.07117e-119	1.03904e-117	1	1	better
mealpy	OriginalSSA	20	500	1026	174	1200	1.21249e-147	1.28524e-145	1	1	better
mealpy	OriginalSCA	20	500	1064	136	1200	3.74597e-179	4.53262e-177	1	1	better
mealpy	OriginalBES	20	500	1070	130	1200	1.42202e-184	1.74909e-182	1	1	better
mealpy	BaseSBO	20	500	1155	45	1200	8.01255e-280	1.74674e-277	1	1	better
mealpy	BaseJA	20	500	1120	80	1200	1.27682e-235	2.10675e-233	1	1	better
mealpy	OriginalSARO	20	500	1171	29	1200	9.47285e-304	2.33032e-301	1	1	better
mealpy	OriginalSRSR	20	500	1172	28	1200	2.34187e-305	5.85467e-303	1	1	better
mealpy	OriginalTWO	20	500	1170	30	1200	3.70089e-302	9.03016e-300	1	1	better
mealpy	OriginalWDO	20	500	702	498	1200	2.12939e-09	1.40539e-07	1	1	better
mealpy	AugmentedAEO	20	500	1153	47	1200	4.94899e-277	1.04919e-274	1	1	better
mealpy	OriginalWOA	20	500	1099	101	1200	8.86823e-213	1.25929e-210	1	1	better
mealpy	SADE	20	500	1155	45	1200	8.01255e-280	1.74674e-277	1	1	better
mealpy	OriginalBRO	20	500	231	969	1200	1	1	4.19434e-108	1.16603e-105	worse
mealpy	OriginalSSpiderO	20	500	748	452	1200	5.68454e-18	3.97918e-16	1	1	better
mealpy	ProbBeesA	20	500	239	961	1200	1	1	3.39467e-103	9.3693e-101	worse
mealpy	OriginalFA	20	500	922	278	1200	2.79498e-81	2.45958e-79	1	1	better
mealpy	OriginalCSA	20	500	319	881	1200	1	1	1.44166e-61	3.9213e-59	worse
mealpy	OriginalALO	20	500	247	22	269	1.21216e-49	9.8185e-48	1	1	better
mealpy	OriginalDO	20	500	423	777	1200	1	1	5.04625e-25	1.30193e-22	worse
mealpy	OriginalCHIO	20	500	581	619	1200	0.869886	1	0.142736	1	not shown
mealpy	OriginalBSA	20	500	1159	41	1200	1.59022e-285	3.56209e-283	1	1	better
mealpy	LevyEP	20	500	1152	48	1200	1.18991e-275	2.48691e-273	1	1	better
mealpy	OriginalICA	20	500	770	5	775	1.1649e-221	1.70075e-219	1	1	better
mealpy	ImprovedLCO	20	500	1111	89	1200	1.50037e-225	2.29557e-223	1	1	better
mealpy	OriginalMFO	20	500	193	1007	1200	1	1	1.60853e-133	4.55215e-131	worse
mealpy	ImprovedAEO	20	500	1119	81	1200	1.76729e-234	2.84534e-232	1	1	better
mealpy	OriginalVCS	20	500	1008	192	1200	3.07535e-134	3.19837e-132	1	1	better
mealpy	AdaptiveBA	20	500	54	1146	1200	1	1	1.48466e-267	4.35007e-265	worse
mealpy	MultiGA	20	500	1149	51	1200	1.45624e-271	2.95618e-269	1	1	better
mealpy	OriginalES	20	500	1142	58	1200	2.51136e-262	4.77158e-260	1	1	better
mealpy	LevyES	20	500	1189	11	1200	0	0	1	1	better
mealpy	OriginalEP	20	500	397	803	1200	1	1	1.81078e-32	4.72613e-30	worse
mealpy	BaseSMA	20	500	1036	164	1200	1.71488e-155	1.86922e-153	1	1	better
mealpy	OriginalPSO	20	500	196	1004	1200	1	1	2.21841e-131	6.2559e-129	worse
mealpy	FBUDGETSHADE	20	500	1176	24	1200	6.02618e-312	1.59694e-309	1	1	better
mealpy	OriginalFOA	20	500	229	971	1200	1	1	2.35813e-109	6.57917e-107	worse
mealpy	BaseQSA	20	500	1173	27	1200	5.58515e-307	1.40187e-304	1	1	better
mealpy	BaseMFO	20	500	1104	96	1200	5.15861e-218	7.47999e-216	1	1	better
mealpy	BaseDE	20	500	1123	77	1200	4.44251e-239	7.46342e-237	1	1	better
mealpy	WhaleFOA	20	500	369	831	1200	1	1	1.02536e-41	2.7172e-39	worse
Baselines	DE	20	500	1135	65	1200	1.79217e-253	1.25452e-252	1	1	better
Baselines	RCobyla	20	500	1132	68	1200	8.71728e-250	5.23037e-249	1	1	better
Baselines	PSO	20	500	56	1144	1200	1	1	6.33725e-265	6.97098e-264	worse
Baselines	DiagonalCMA	20	500	1171	29	1200	9.47285e-304	8.52556e-303	1	1	better
Baselines	modcma	20	500	1183	17	1200	0	0	1	1	better
Baselines	modde	20	500	1108	92	1200	2.73197e-222	1.36598e-221	1	1	better
Baselines	OnePlusOne	20	500	1087	113	1200	1.10972e-200	3.32915e-200	1	1	better
Baselines	Powell	20	500	1107	93	1200	3.25833e-221	1.30333e-220	1	1	better
Baselines	MultiBFGS	20	500	1027	173	1200	2.05147e-148	4.10294e-148	1	1	better
Baselines	lshade	20	500	1147	53	1200	6.98302e-269	5.58642e-268	1	1	better
Baselines	bipop	20	500	1175	25	1200	2.83723e-310	2.83723e-309	1	1	better
EVOLOPY	DE	20	1000	1130	70	1200	2.31531e-247	4.02864e-245	1	1	better
EVOLOPY	JAYA	20	1000	1090	110	1200	1.20305e-203	1.60005e-201	1	1	better
EVOLOPY	PSO	20	1000	1142	58	1200	2.51136e-262	4.69624e-260	1	1	better
EVOLOPY	WOA	20	1000	1123	77	1200	4.44251e-239	7.19687e-237	1	1	better
EVOLOPY	FFA	20	1000	1170	30	1200	3.70089e-302	8.7711e-300	1	1	better
EVOLOPY	BAT	20	1000	788	412	1200	4.83877e-28	3.62908e-26	1	1	better
EVOLOPY	MVO	20	1000	1199	1	1200	0	0	1	1	better
EVOLOPY	HHO	20	1000	990	210	1200	1.05013e-121	1.05013e-119	1	1	better
EVOLOPY	SCA	20	1000	1146	54	1200	1.48466e-267	2.88025e-265	1	1	better
EVOLOPY	GA	20	1000	967	30	997	1.70829e-243	2.81869e-241	1	1	better
EVOLOPY	MFO	20	1000	1130	70	1200	2.31531e-247	4.02864e-245	1	1	better
EVOLOPY	CS	20	1000	1165	35	1200	2.07448e-294	4.75055e-292	1	1	better
EVOLOPY	GWO	20	1000	1168	32	1200	5.11183e-299	1.18594e-296	1	1	better
EVOLOPY	SSA	20	1000	1160	40	1200	5.61541e-287	1.24662e-284	1	1	better
NIAPY	DynamicFireworksAlgorithm	20	1000	1176	24	1200	6.02618e-312	1.53065e-309	1	1	better
NIAPY	HarmonySearch	20	1000	1122	78	1200	6.40261e-238	1.03082e-235	1	1	better
NIAPY	EvolutionStrategyMp1	20	1000	1186	14	1200	0	0	1	1	better
NIAPY	MonarchButterflyOptimization	20	1000	678	522	1200	3.72498e-06	0.000230948	0.999997	1	better
NIAPY	CenterParticleSwarmOptimization	20	1000	1155	45	1200	8.01255e-280	1.69866e-277	1	1	better
NIAPY	DynNpDifferentialEvolution	20	1000	1057	143	1200	5.42881e-173	6.3517e-171	1	1	better
NIAPY	CamelAlgorithm	20	1000	1071	129	1200	1.72403e-185	2.10331e-183	1	1	better
NIAPY	BatAlgorithm	20	1000	918	282	1200	3.26793e-79	2.87578e-77	1	1	better
NIAPY	GlowwormSwarmOptimization	20	1000	343	857	1200	1	1	1.73062e-51	4.56884e-49	worse
NIAPY	BareBonesFireworksAlgorithm	20	1000	1071	129	1200	1.72403e-185	2.10331e-183	1	1	better
NIAPY	CuckooSearch	20	1000	1169	31	1200	1.39804e-300	3.2854e-298	1	1	better
NIAPY	GeneticAlgorithm	20	1000	582	618	1200	0.857264	1	0.15616	1	not shown
NIAPY	ParticleSwarmAlgorithm	20	1000	1187	13	1200	0	0	1	1	better
NIAPY	MonkeyKingEvolutionV3	20	1000	1090	110	1200	1.20305e-203	1.60005e-201	1	1	better
NIAPY	MonkeyKingEvolutionV2	20	1000	1147	53	1200	6.98302e-269	1.36867e-266	1	1	better
NIAPY	SineCosineAlgorithm	20	1000	2	1198	1200	1	1	0	0	worse
NIAPY	EvolutionStrategy1p1	20	1000	983	217	1200	4.71472e-117	4.52613e-115	1	1	better
NIAPY	HarrisHawksOptimization	20	1000	1181	19	1200	1.34336e-320	3.50618e-318	1	1	better
NIAPY	ParticleSwarmOptimization	20	1000	660	540	1200	0.000293209	0.0175925	0.999764	1	better
NIAPY	ForestOptimizationAlgorithm	20	1000	1160	40	1200	5.61541e-287	1.24662e-284	1	1	better
NIAPY	EnhancedFireworksAlgorithm	20	1000	1189	11	1200	0	0	1	1	better
NIAPY	MultiStrategyDifferentialEvolution	20	1000	1102	98	1200	6.62242e-216	9.33761e-214	1	1	better
NIAPY	MutatedParticleSwarmOptimization	20	1000	1152	48	1200	1.18991e-275	2.46311e-273	1	1	better
NIAPY	ComprehensiveLearningParticleSwarmOptimizer	20	1000	1182	18	1200	2.17389e-322	5.80428e-320	1	1	better
NIAPY	KrillHerd	20	1000	465	735	1200	1	1	3.14645e-15	8.05491e-13	worse
NIAPY	FishSchoolSearch	20	1000	1124	76	1200	3.04026e-240	4.98603e-238	1	1	better
NIAPY	MutatedCenterUnifiedParticleSwarmOptimization	20	1000	1175	25	1200	2.83723e-310	7.12144e-308	1	1	better
NIAPY	MutatedCenterParticleSwarmOptimization	20	1000	1159	41	1200	1.59022e-285	3.49848e-283	1	1	better
NIAPY	GlowwormSwarmOptimizationV2	20	1000	333	867	1200	1	1	1.46096e-55	3.92997e-53	worse
NIAPY	CatSwarmOptimization	20	1000	1165	35	1200	2.07448e-294	4.75055e-292	1	1	better
NIAPY	DifferentialEvolution	20	1000	1084	116	1200	9.37822e-198	1.19103e-195	1	1	better
NIAPY	FireworksAlgorithm	20	1000	1182	18	1200	2.17389e-322	5.80428e-320	1	1	better
NIAPY	MothFlameOptimizer	20	1000	195	1005	1200	1	1	4.32009e-132	1.20962e-129	worse
NIAPY	DynNpMultiStrategyDifferentialEvolution	20	1000	1107	93	1200	3.25833e-221	4.65941e-219	1	1	better
NIAPY	EvolutionStrategyML	20	1000	1132	68	1200	8.71728e-250	1.54296e-247	1	1	better
NIAPY	GreyWolfOptimizer	20	1000	1159	41	1200	1.59022e-285	3.49848e-283	1	1	better
NIAPY	HarmonySearchV1	20	1000	1120	80	1200	1.27682e-235	1.99184e-233	1	1	better
NIAPY	BeesAlgorithm	20	1000	912	288	1200	3.59763e-76	3.12994e-74	1	1	better
NIAPY	GlowwormSwarmOptimizationV1	20	1000	336	864	1200	1	1	2.54349e-54	6.79111e-52	worse
NIAPY	GlowwormSwarmOptimizationV3	20	1000	337	863	1200	1	1	6.53804e-54	1.73258e-51	worse
NIAPY	LionOptimizationAlgorithm	20	1000	1148	52	1200	3.2208e-270	6.37718e-268	1	1	better
NIAPY	ArtificialBeeColonyAlgorithm	20	1000	1172	28	1200	2.34187e-305	5.69074e-303	1	1	better
NIAPY	AgingNpDifferentialEvolution	20	1000	770	430	1200	3.34574e-23	2.47584e-21	1	1	better
NIAPY	OppositionVelocityClampingParticleSwarmOptimization	20	1000	467	733	1200	1	1	7.89263e-15	2.01262e-12	worse
NIAPY	CoralReefsOptimization	20	1000	140	1060	1200	1	1	1.30393e-175	3.7162e-173	worse
NIAPY	BacterialForagingOptimization	20	1000	684	516	1200	6.88265e-07	4.40489e-05	0.999999	1	better
NIAPY	DynamicFireworksAlgorithmGauss	20	1000	1182	18	1200	2.17389e-322	5.80428e-320	1	1	better
NIAPY	ClonalSelectionAlgorithm	20	1000	95	1105	1200	1	1	4.47688e-219	1.29382e-216	worse
NIAPY	GravitationalSearchAlgorithm	20	1000	402	798	1200	1	1	5.93917e-31	1.53231e-28	worse
NIAPY	MonkeyKingEvolutionV1	20	1000	1134	66	1200	3.08504e-252	5.55307e-250	1	1	better
NIAPY	EvolutionStrategyMpL	20	1000	1192	8	1200	0	0	1	1	better
NIAPY	FireflyAlgorithm	20	1000	1153	47	1200	4.94899e-277	1.03434e-274	1	1	better
NIAPY	FlowerPollinationAlgorithm	20	1000	1170	30	1200	3.70089e-302	8.7711e-300	1	1	better
OPYTIMIZER	SA	20	1000	1053	147	1200	1.51112e-169	1.7529e-167	1	1	better
OPYTIMIZER	GOGHS	20	1000	1122	78	1200	6.40261e-238	1.03082e-235	1	1	better
OPYTIMIZER	QSA	20	1000	1186	14	1200	0	0	1	1	better
OPYTIMIZER	SGHS	20	1000	1114	86	1200	7.3916e-229	1.09396e-226	1	1	better
OPYTIMIZER	DE	20	1000	1178	22	1200	2.39493e-315	6.13103e-313	1	1	better
OPYTIMIZER	RFO	20	1000	1192	8	1200	0	0	1	1	better
OPYTIMIZER	PPA	20	1000	1050	150	1200	5.33887e-167	6.1397e-165	1	1	better
OPYTIMIZER	EHO	20	1000	1151	49	1200	2.80013e-274	5.74028e-272	1	1	better
OPYTIMIZER	AEO	20	1000	1192	8	1200	0	0	1	1	better
OPYTIMIZER	ABO	20	1000	1171	29	1200	9.47285e-304	2.26401e-301	1	1	better
OPYTIMIZER	GHS	20	1000	1048	152	1200	2.5686e-165	2.90252e-163	1	1	better
OPYTIMIZER	PVS	20	1000	754	446	1200	2.5239e-19	1.81721e-17	1	1	better
OPYTIMIZER	BWO	20	1000	978	42	1020	6.46076e-233	9.75575e-231	1	1	better
OPYTIMIZER	PSO	20	1000	1174	26	1200	1.28335e-308	3.19553e-306	1	1	better
OPYTIMIZER	BSO	20	1000	1060	140	1200	1.30393e-175	1.53864e-173	1	1	better
OPYTIMIZER	CSA	20	1000	853	347	1200	6.57703e-50	5.3274e-48	1	1	better
OPYTIMIZER	SSO	20	1000	1127	73	1200	8.95539e-244	1.51346e-241	1	1	better
OPYTIMIZER	WOA	20	1000	1172	28	1200	2.34187e-305	5.69074e-303	1	1	better
OPYTIMIZER	BA	20	1000	934	266	1200	1.11378e-87	1.01354e-85	1	1	better
OPYTIMIZER	HS	20	1000	1069	131	1200	1.16288e-183	1.39546e-181	1	1	better
OPYTIMIZER	JS	20	1000	1025	175	1200	7.11841e-147	7.68789e-145	1	1	better
OPYTIMIZER	SOS	20	1000	1196	4	1200	0	0	1	1	better
OPYTIMIZER	GS	20	1000	0	1200	1200	1	1	0	0	worse
OPYTIMIZER	EFO	20	1000	1120	80	1200	1.27682e-235	1.99184e-233	1	1	better
OPYTIMIZER	GSA	20	1000	284	916	1200	1	1	3.43685e-78	9.41698e-76	worse
OPYTIMIZER	ESA	20	1000	657	543	1200	0.00054883	0.0307345	0.999553	1	better
OPYTIMIZER	BOA	20	1000	46	253	299	1	1	4.29139e-36	1.12005e-33	worse
OPYTIMIZER	HC	20	1000	115	1085	1200	1	1	1.00151e-198	2.86431e-196	worse
OPYTIMIZER	ABC	20	1000	974	226	1200	3.0191e-111	2.80776e-109	1	1	better
OPYTIMIZER	RRA	20	1000	1104	96	1200	5.15861e-218	7.32523e-216	1	1	better
OPYTIMIZER	NDS	20	1000	0	1200	1200	1	1	0	0	worse
OPYTIMIZER	NBJS	20	1000	1004	196	1200	2.21841e-131	2.28496e-129	1	1	better
OPYTIMIZER	SSD	20	1000	354	846	1200	1	1	3.27619e-47	8.58362e-45	worse
OPYTIMIZER	CEM	20	1000	714	486	1200	2.47782e-11	1.68492e-09	1	1	better
OPYTIMIZER	AOA	20	1000	732	468	1200	1.24358e-14	8.70504e-13	1	1	better
OPYTIMIZER	MRFO	20	1000	1194	6	1200	0	0	1	1	better
OPYTIMIZER	ASO	20	1000	114	1086	1200	1	1	1.05932e-199	3.04026e-197	worse
OPYTIMIZER	SFO	20	1000	735	465	1200	3.14645e-15	2.23398e-13	1	1	better
OPYTIMIZER	IHS	20	1000	1030	170	1200	9.54162e-151	1.04004e-148	1	1	better
OPYTIMIZER	COA	20	1000	1186	14	1200	0	0	1	1	better
OPYTIMIZER	GOA	20	1000	1144	56	1200	6.33725e-265	1.21042e-262	1	1	better
OPYTIMIZER	STOA	20	1000	190	1010	1200	1	1	1.10347e-135	3.10074e-133	worse
OPYTIMIZER	MVPA	20	1000	871	329	1200	3.05539e-57	2.59708e-55	1	1	better
OPYTIMIZER	ES	20	1000	1135	65	1200	1.79217e-253	3.27968e-251	1	1	better
OPYTIMIZER	AIWPSO	20	1000	1115	85	1200	5.6952e-230	8.48584e-228	1	1	better
OPYTIMIZER	ISA	20	1000	188	742	930	1	1	9.74782e-79	2.68065e-76	worse
OPYTIMIZER	EO	20	1000	1197	3	1200	0	0	1	1	better
OPYTIMIZER	AF	20	1000	25	916	941	1	1	5.65177e-235	1.63901e-232	worse
OPYTIMIZER	DOA	20	1000	1178	22	1200	2.39493e-315	6.13103e-313	1	1	better
OPYTIMIZER	PIO	20	1000	764	436	1200	1.05919e-21	7.73208e-20	1	1	better
OPYTIMIZER	HHO	20	1000	1183	17	1200	0	0	1	1	better
OPYTIMIZER	BSA	20	1000	1156	44	1200	3.11617e-281	6.66859e-279	1	1	better
OPYTIMIZER	TEO	20	1000	548	87	635	5.68586e-83	5.11728e-81	1	1	better
OPYTIMIZER	FA	20	1000	215	985	1200	1	1	2.27282e-118	6.34117e-116	worse
OPYTIMIZER	WWO	20	1000	1064	16	1080	1.14775e-290	2.58243e-288	1	1	better
OPYTIMIZER	IWO	20	1000	990	210	1200	1.05013e-121	1.05013e-119	1	1	better
OPYTIMIZER	KH	20	1000	1133	67	1200	5.22672e-251	9.30355e-249	1	1	better
OPYTIMIZER	FOA	20	1000	1182	18	1200	2.17389e-322	5.80428e-320	1	1	better
OPYTIMIZER	RPSO	20	1000	1169	31	1200	1.39804e-300	3.2854e-298	1	1	better
OPYTIMIZER	SCA	20	1000	611	589	1200	0.272194	1	0.746631	1	not shown
OPYTIMIZER	OSA	20	1000	792	408	1200	3.46381e-29	2.6325e-27	1	1	better
OPYTIMIZER	WDO	20	1000	386	814	1200	1	1	6.02148e-36	1.56559e-33	worse
OPYTIMIZER	LSA	20	1000	1184	16	1200	0	0	1	1	better
OPYTIMIZER	VPSO	20	1000	1179	21	1200	4.465e-317	1.1475e-314	1	1	better
OPYTIMIZER	SBO	20	1000	1173	27	1200	5.58515e-307	1.37395e-304	1	1	better
OPYTIMIZER	GA	20	1000	1190	10	1200	0	0	1	1	better
OPYTIMIZER	MFO	20	1000	922	278	1200	2.79498e-81	2.48753e-79	1	1	better
OPYTIMIZER	CS	20	1000	1194	6	1200	0	0	1	1	better
OPYTIMIZER	FSO	20	1000	640	560	1200	0.0112683	0.619757	0.990332	1	not shown
OPYTIMIZER	NGHS	20	1000	1043	157	1200	3.61887e-161	4.01694e-159	1	1	better
OPYTIMIZER	GCO	20	1000	1139	61	1200	1.7326e-258	3.2053e-256	1	1	better
OPYTIMIZER	TWO	20	1000	1167	33	1200	1.81091e-297	4.1651e-295	1	1	better
OPYTIMIZER	WEO	20	1000	1188	12	1200	0	0	1	1	better
OPYTIMIZER	GWO	20	1000	1122	78	1200	6.40261e-238	1.03082e-235	1	1	better
OPYTIMIZER	SAVPSO	20	1000	1196	4	1200	0	0	1	1	better
OPYTIMIZER	FFOA	20	1000	331	869	1200	1	1	2.13039e-56	5.75206e-54	worse
OPYTIMIZER	AIG	20	1000	1194	6	1200	0	0	1	1	better
OPYTIMIZER	BH	20	1000	1045	155	1200	8.10326e-163	9.07565e-161	1	1	better
OPYTIMIZER	CI	20	1000	57	20	77	1.46316e-05	0.000892525	0.999995	1	better
OPYTIMIZER	SSA	20	1000	1180	20	1200	7.93924e-319	2.05626e-316	1	1	better
OPYTIMIZER	AO	20	1000	610	590	1200	0.291689	1	0.727806	1	not shown
OPYTIMIZER	MVO	20	1000	27	2	29	8.12113e-07	5.11631e-05	1	1	better
mealpy	LevyTWO	20	1000	1120	80	1200	1.27682e-235	1.99184e-233	1	1	better
mealpy	OriginalTLO	20	1000	1147	53	1200	6.98302e-269	1.36867e-266	1	1	better
mealpy	GWO	20	1000	1049	151	1200	3.71717e-166	4.23757e-164	1	1	better
mealpy	OriginalBBO	20	1000	1134	66	1200	3.08504e-252	5.55307e-250	1	1	better
mealpy	ABFO	20	1000	495	667	1162	1	1	2.5149e-07	6.36271e-05	worse
mealpy	OriginalWHO	20	1000	1184	16	1200	0	0	1	1	better
mealpy	OriginalFFA	20	1000	554	646	1200	0.996383	1	0.00429414	1	not shown
mealpy	BaseSARO	20	1000	1182	18	1200	2.17389e-322	5.80428e-320	1	1	better
mealpy	OriginalSMA	20	1000	869	331	1200	2.13039e-56	1.76823e-54	1	1	better
mealpy	SingleGA	20	1000	1156	44	1200	3.11617e-281	6.66859e-279	1	1	better
mealpy	OriginalSSDO	20	1000	799	401	1200	2.97706e-31	2.29234e-29	1	1	better
mealpy	OriginalFPA	20	1000	1169	31	1200	1.39804e-300	3.2854e-298	1	1	better
mealpy	OriginalSSO	20	1000	629	571	1200	0.0499186	1	0.955754	1	not shown
mealpy	OriginalMA	20	1000	697	503	1200	1.18092e-08	7.79404e-07	1	1	better
mealpy	OriginalCEM	20	1000	624	576	1200	0.0874141	1	0.921408	1	not shown
mealpy	OCRO	20	1000	1120	80	1200	1.27682e-235	1.99184e-233	1	1	better
mealpy	OriginalBA	20	1000	7	833	840	1	1	7.85414e-237	2.28556e-234	worse
mealpy	OriginalAEO	20	1000	1157	43	1200	1.18396e-282	2.55735e-280	1	1	better
mealpy	OriginalBSO	20	1000	1150	50	1200	6.45201e-273	1.31621e-270	1	1	better
mealpy	OriginalBFO	20	1000	60	1140	1200	1	1	9.26188e-260	2.70447e-257	worse
mealpy	ImprovedSLO	20	1000	1085	115	1200	1.00151e-198	1.29194e-196	1	1	better
mealpy	OriginalLCO	20	1000	1013	187	1200	7.15683e-138	7.51467e-136	1	1	better
mealpy	OriginalHGS	20	1000	1088	112	1200	1.15126e-201	1.49663e-199	1	1	better
mealpy	BaseALO	20	1000	482	8	490	2.47539e-131	2.5249e-129	1	1	better
mealpy	CPSO	20	1000	688	512	1200	2.09097e-07	1.35913e-05	1	1	better
mealpy	OriginalEO	20	1000	1158	42	1200	4.39231e-284	9.53131e-282	1	1	better
mealpy	DE	20	1000	455	745	1200	1	1	2.57297e-17	6.61253e-15	worse
mealpy	ModifiedBA	20	1000	1068	132	1200	9.42885e-183	1.12203e-180	1	1	better
mealpy	BaseTLO	20	1000	1145	55	1200	3.09647e-266	5.97618e-264	1	1	better
mealpy	OriginalPFA	20	1000	584	616	1200	0.829609	1	0.185425	1	not shown
mealpy	BaseFOA	20	1000	336	864	1200	1	1	2.54349e-54	6.79111e-52	worse
mealpy	OriginalGBO	20	1000	1176	24	1200	6.02618e-312	1.53065e-309	1	1	better
mealpy	TVAC	20	1000	1183	17	1200	0	0	1	1	better
mealpy	BaseFBIO	20	1000	1189	11	1200	0	0	1	1	better
mealpy	ImprovedBSO	20	1000	1129	71	1200	3.68862e-246	6.34442e-244	1	1	better
mealpy	OriginalAO	20	1000	343	857	1200	1	1	1.73062e-51	4.56884e-49	worse
mealpy	BaseGSKA	20	1000	1148	52	1200	3.2208e-270	6.37718e-268	1	1	better
mealpy	BaseLCO	20	1000	807	93	900	4.65996e-143	4.98616e-141	1	1	better
mealpy	OriginalSSpiderA	20	1000	566	634	1200	0.976829	1	0.0265263	1	not shown
mealpy	BaseHS	20	1000	1154	46	1200	2.01373e-278	4.22883e-276	1	1	better
mealpy	AdaptiveEO	20	1000	1153	47	1200	4.94899e-277	1.03434e-274	1	1	better
mealpy	OriginalWCA	20	1000	17	2	19	0.000364304	0.0210248	0.999962	1	better
mealpy	OriginalMRFO	20	1000	1173	27	1200	5.58515e-307	1.37395e-304	1	1	better
mealpy	OriginalEOA	20	1000	1097	103	1200	1.02082e-210	1.40874e-208	1	1	better
mealpy	OriginalABC	20	1000	1110	90	1200	1.85408e-224	2.70696e-222	1	1	better
mealpy	ModifiedAEO	20	1000	1145	55	1200	3.09647e-266	5.97618e-264	1	1	better
mealpy	OriginalSFO	20	1000	730	470	1200	3.0555e-14	2.10829e-12	1	1	better
mealpy	BaseBBO	20	1000	1135	65	1200	1.79217e-253	3.27968e-251	1	1	better
mealpy	OriginalNMRA	20	1000	1171	29	1200	9.47285e-304	2.26401e-301	1	1	better
mealpy	OriginalACOR	20	1000	1089	111	1200	1.1827e-202	1.54933e-200	1	1	better
mealpy	ImprovedSFO	20	1000	841	359	1200	2.45487e-45	1.9148e-43	1	1	better
mealpy	OriginalCRO	20	1000	1122	78	1200	6.40261e-238	1.03082e-235	1	1	better
mealpy	LevyJA	20	1000	1157	43	1200	1.18396e-282	2.55735e-280	1	1	better
mealpy	OriginalHS	20	1000	1127	73	1200	8.95539e-244	1.51346e-241	1	1	better
mealpy	OriginalCSO	20	1000	472	728	1200	1	1	7.40476e-14	1.88081e-11	worse
mealpy	OriginalCOA	20	1000	1150	50	1200	6.45201e-273	1.31621e-270	1	1	better
mealpy	LevyQSA	20	1000	1189	11	1200	0	0	1	1	better
mealpy	OppoQSA	20	1000	1168	32	1200	5.11183e-299	1.18594e-296	1	1	better
mealpy	BaseBRO	20	1000	659	541	1200	0.000362497	0.0210248	0.999707	1	better
mealpy	OriginalSLO	20	1000	979	221	1200	1.89704e-114	1.80219e-112	1	1	better
mealpy	OriginalMVO	20	1000	1155	45	1200	8.01255e-280	1.69866e-277	1	1	better
mealpy	CLPSO	20	1000	1176	24	1200	6.02618e-312	1.53065e-309	1	1	better
mealpy	OriginalNRO	20	1000	1175	25	1200	2.83723e-310	7.12144e-308	1	1	better
mealpy	BaseSCA	20	1000	1083	117	1200	8.69881e-197	1.09605e-194	1	1	better
mealpy	BaseGCO	20	1000	1085	115	1200	1.00151e-198	1.29194e-196	1	1	better
mealpy	OriginalArchOA	20	1000	1068	102	1170	6.92799e-204	9.2835e-202	1	1	better
mealpy	SwarmHC	20	1000	1117	83	1200	3.25527e-232	4.8829e-230	1	1	better
mealpy	ImprovedTLO	20	1000	845	355	1200	7.82984e-47	6.26387e-45	1	1	better
mealpy	OriginalMSA	20	1000	1192	8	1200	0	0	1	1	better
mealpy	WOA	20	1000	1122	78	1200	6.40261e-238	1.03082e-235	1	1	better
mealpy	OriginalIWO	20	1000	1128	72	1200	5.78976e-245	9.9005e-243	1	1	better
mealpy	BaseGA	20	1000	1142	58	1200	2.51136e-262	4.69624e-260	1	1	better
mealpy	ModifiedEO	20	1000	1192	8	1200	0	0	1	1	better
mealpy	ImprovedNMRA	20	1000	1124	76	1200	3.04026e-240	4.98603e-238	1	1	better
mealpy	BaseCHIO	20	1000	250	950	1200	1	1	1.10605e-96	3.0527e-94	worse
mealpy	OriginalHHO	20	1000	1080	120	1200	6.56188e-194	8.20235e-192	1	1	better
mealpy	OriginalGWO	20	1000	1150	50	1200	6.45201e-273	1.31621e-270	1	1	better
mealpy	ImprovedQSA	20	1000	1183	17	1200	0	0	1	1	better
mealpy	OriginalFBIO	20	1000	1190	10	1200	0	0	1	1	better
mealpy	OriginalBeesA	20	1000	988	212	1200	2.30571e-120	2.23654e-118	1	1	better
mealpy	BaseEFO	20	1000	1162	38	1200	6.48141e-290	1.45183e-287	1	1	better
mealpy	OriginalSA	20	1000	1144	56	1200	6.33725e-265	1.21042e-262	1	1	better
mealpy	OriginalHC	20	1000	178	1022	1200	1	1	1.38412e-144	3.91706e-142	worse
mealpy	OriginalSHO	20	1000	660	540	1200	0.000293209	0.0175925	0.999764	1	better
mealpy	JADE	20	1000	1165	35	1200	2.07448e-294	4.75055e-292	1	1	better
mealpy	OriginalCA	20	1000	941	259	1200	1.49713e-91	1.37736e-89	1	1	better
mealpy	EnhancedTWO	20	1000	1135	65	1200	1.79217e-253	3.27968e-251	1	1	better
mealpy	BaseSSA	20	1000	1077	123	1200	4.55567e-191	5.64903e-189	1	1	better
mealpy	OriginalAOA	20	1000	329	871	1200	1	1	3.05539e-57	8.28009e-55	worse
mealpy	OriginalQSA	20	1000	1174	26	1200	1.28335e-308	3.19553e-306	1	1	better
mealpy	OriginalGOA	20	1000	1127	73	1200	8.95539e-244	1.51346e-241	1	1	better
mealpy	EnhancedAEO	20	1000	1128	72	1200	5.78976e-245	9.9005e-243	1	1	better
mealpy	OriginalGSKA	20	1000	1150	50	1200	6.45201e-273	1.31621e-270	1	1	better
mealpy	PPSO	20	1000	1100	100	1200	8.13378e-214	1.1306e-211	1	1	better
mealpy	OriginalCGO	20	1000	1143	57	1200	1.27312e-263	2.4062e-261	1	1	better
mealpy	OriginalHGSO	20	1000	868	332	1200	5.59048e-56	4.58419e-54	1	1	better
mealpy	OriginalSBO	20	1000	1172	28	1200	2.34187e-305	5.69074e-303	1	1	better
mealpy	OppoTWO	20	1000	1097	103	1200	1.02082e-210	1.40874e-208	1	1	better
mealpy	OriginalASO	20	1000	100	1100	1200	1	1	8.13378e-214	2.34253e-211	worse
mealpy	ModifiedSLO	20	1000	1094	106	1200	1.1649e-207	1.57262e-205	1	1	better
mealpy	BaseVCS	20	1000	1182	18	1200	2.17389e-322	5.80428e-320	1	1	better
mealpy	LSHADE	20	1000	1180	20	1200	7.93924e-319	2.05626e-316	1	1	better
mealpy	OriginalEFO	20	1000	1034	166	1200	6.73123e-154	7.40436e-152	1	1	better
mealpy	OriginalJA	20	1000	710	490	1200	1.15404e-10	7.73207e-09	1	1	better
mealpy	OriginalGCO	20	1000	990	210	1200	1.05013e-121	1.05013e-119	1	1	better
mealpy	OriginalPSS	20	1000	1152	48	1200	1.18991e-275	2.46311e-273	1	1	better
mealpy	OriginalEHO	20	1000	996	204	1200	8.63517e-126	8.72152e-124	1	1	better
mealpy	OriginalSSA	20	1000	1012	188	1200	3.86183e-137	4.01631e-135	1	1	better
mealpy	OriginalSCA	20	1000	1075	125	1200	3.414e-189	4.19922e-187	1	1	better
mealpy	OriginalBES	20	1000	1018	182	1200	1.42224e-141	1.50758e-139	1	1	better
mealpy	BaseSBO	20	1000	1163	37	1200	2.1158e-291	4.78172e-289	1	1	better
mealpy	BaseJA	20	1000	1127	73	1200	8.95539e-244	1.51346e-241	1	1	better
mealpy	OriginalSARO	20	1000	1173	27	1200	5.58515e-307	1.37395e-304	1	1	better
mealpy	OriginalSRSR	20	1000	1184	16	1200	0	0	1	1	better
mealpy	OriginalTWO	20	1000	1172	28	1200	2.34187e-305	5.69074e-303	1	1	better
mealpy	OriginalWDO	20	1000	625	575	1200	0.078592	1	0.929538	1	not shown
mealpy	AugmentedAEO	20	1000	1149	51	1200	1.45624e-271	2.91249e-269	1	1	better
mealpy	OriginalWOA	20	1000	1097	103	1200	1.02082e-210	1.40874e-208	1	1	better
mealpy	SADE	20	1000	1162	38	1200	6.48141e-290	1.45183e-287	1	1	better
mealpy	OriginalBRO	20	1000	227	973	1200	1	1	1.29755e-110	3.60719e-108	worse
mealpy	OriginalSSpiderO	20	1000	871	329	1200	3.05539e-57	2.59708e-55	1	1	better
mealpy	ProbBeesA	20	1000	312	888	1200	1	1	1.04912e-64	2.8641e-62	worse
mealpy	OriginalFA	20	1000	1118	82	1200	2.4142e-233	3.66959e-231	1	1	better
mealpy	OriginalCSA	20	1000	401	799	1200	1	1	2.97706e-31	7.71059e-29	worse
mealpy	OriginalALO	20	1000	243	26	269	1.25149e-45	9.88678e-44	1	1	better
mealpy	OriginalDO	20	1000	902	298	1200	2.93685e-71	2.52569e-69	1	1	better
mealpy	OriginalCHIO	20	1000	585	615	1200	0.814575	1	0.201257	1	not shown
mealpy	OriginalBSA	20	1000	1159	41	1200	1.59022e-285	3.49848e-283	1	1	better
mealpy	LevyEP	20	1000	1149	51	1200	1.45624e-271	2.91249e-269	1	1	better
mealpy	OriginalICA	20	1000	771	4	775	7.54457e-224	1.08642e-221	1	1	better
mealpy	ImprovedLCO	20	1000	1110	90	1200	1.85408e-224	2.70696e-222	1	1	better
mealpy	OriginalMFO	20	1000	180	1020	1200	1	1	4.49503e-143	1.2676e-140	worse
mealpy	ImprovedAEO	20	1000	1132	68	1200	8.71728e-250	1.54296e-247	1	1	better
mealpy	OriginalVCS	20	1000	978	222	1200	8.37928e-114	7.87652e-112	1	1	better
mealpy	AdaptiveBA	20	1000	27	1173	1200	1	1	5.58515e-307	1.63645e-304	worse
mealpy	MultiGA	20	1000	1143	57	1200	1.27312e-263	2.4062e-261	1	1	better
mealpy	OriginalES	20	1000	1136	64	1200	1.02444e-254	1.88497e-252	1	1	better
mealpy	LevyES	20	1000	1194	6	1200	0	0	1	1	better
mealpy	OriginalEP	20	1000	320	880	1200	1	1	3.97863e-61	1.08219e-58	worse
mealpy	BaseSMA	20	1000	1114	86	1200	7.3916e-229	1.09396e-226	1	1	better
mealpy	OriginalPSO	20	1000	155	1045	1200	1	1	8.10326e-163	2.30132e-160	worse
mealpy	FBUDGETSHADE	20	1000	1181	19	1200	1.34336e-320	3.50618e-318	1	1	better
mealpy	OriginalFOA	20	1000	233	967	1200	1	1	7.30255e-107	2.02281e-104	worse
mealpy	BaseQSA	20	1000	1174	26	1200	1.28335e-308	3.19553e-306	1	1	better
mealpy	BaseMFO	20	1000	1101	99	1200	7.37961e-215	1.03315e-212	1	1	better
mealpy	BaseDE	20	1000	1132	68	1200	8.71728e-250	1.54296e-247	1	1	better
mealpy	WhaleFOA	20	1000	334	866	1200	1	1	3.80213e-55	1.01897e-52	worse
Baselines	DE	20	1000	1134	66	1200	3.08504e-252	2.15953e-251	1	1	better
Baselines	RCobyla	20	1000	1126	74	1200	1.36526e-242	8.19155e-242	1	1	better
Baselines	PSO	20	1000	52	1148	1200	1	1	3.2208e-270	3.54288e-269	worse
Baselines	DiagonalCMA	20	1000	1177	23	1200	1.2277e-313	1.2277e-312	1	1	better
Baselines	modcma	20	1000	1191	9	1200	0	0	1	1	better
Baselines	modde	20	1000	1094	106	1200	1.1649e-207	4.65961e-207	1	1	better
Baselines	OnePlusOne	20	1000	1066	134	1200	6.04339e-181	1.81302e-180	1	1	better
Baselines	Powell	20	1000	1098	102	1200	9.56554e-212	4.78277e-211	1	1	better
Baselines	MultiBFGS	20	1000	1033	167	1200	4.17329e-153	8.34657e-153	1	1	better
Baselines	lshade	20	1000	1142	58	1200	2.51136e-262	2.00909e-261	1	1	better
Baselines	bipop	20	1000	1174	26	1200	1.28335e-308	1.15501e-307	1	1	better
EVOLOPY	DE	20	5000	1096	104	1200	1.07796e-209	1.49836e-207	1	1	better
EVOLOPY	JAYA	20	5000	1031	169	1200	1.57118e-151	1.77544e-149	1	1	better
EVOLOPY	PSO	20	5000	1101	99	1200	7.37961e-215	1.05528e-212	1	1	better
EVOLOPY	WOA	20	5000	1066	134	1200	6.04339e-181	7.55424e-179	1	1	better
EVOLOPY	FFA	20	5000	1166	34	1200	6.22133e-296	1.37491e-293	1	1	better
EVOLOPY	BAT	20	5000	654	546	1200	0.000998557	0.0679019	0.999179	1	not shown
EVOLOPY	MVO	20	5000	1198	2	1200	0	0	1	1	better
EVOLOPY	HHO	20	5000	1047	153	1200	1.76165e-164	2.07875e-162	1	1	better
EVOLOPY	SCA	20	5000	1093	107	1200	1.19235e-206	1.60968e-204	1	1	better
EVOLOPY	GA	20	5000	941	56	997	1.95482e-208	2.65856e-206	1	1	better
EVOLOPY	MFO	20	5000	1103	97	1200	5.87757e-217	8.58125e-215	1	1	better
EVOLOPY	CS	20	5000	1160	40	1200	5.61541e-287	1.17362e-284	1	1	better
EVOLOPY	GWO	20	5000	1145	55	1200	3.09647e-266	5.72846e-264	1	1	better
EVOLOPY	SSA	20	5000	1199	1	1200	0	0	1	1	better
NIAPY	DynamicFireworksAlgorithm	20	5000	1195	5	1200	0	0	1	1	better
NIAPY	HarmonySearch	20	5000	1148	52	1200	3.2208e-270	6.08731e-268	1	1	better
NIAPY	EvolutionStrategyMp1	20	5000	1185	15	1200	0	0	1	1	better
NIAPY	MonarchButterflyOptimization	20	5000	521	679	1200	0.999998	1	2.83429e-06	0.000708573	worse
NIAPY	CenterParticleSwarmOptimization	20	5000	1170	30	1200	3.70089e-302	8.43802e-300	1	1	better
NIAPY	DynNpDifferentialEvolution	20	5000	1029	171	1200	5.75507e-150	6.44568e-148	1	1	better
NIAPY	CamelAlgorithm	20	5000	1049	151	1200	3.71717e-166	4.42343e-164	1	1	better
NIAPY	BatAlgorithm	20	5000	851	349	1200	3.95746e-49	3.36384e-47	1	1	better
NIAPY	GlowwormSwarmOptimization	20	5000	250	950	1200	1	1	1.10605e-96	2.95315e-94	worse
NIAPY	BareBonesFireworksAlgorithm	20	5000	1027	173	1200	2.05147e-148	2.25661e-146	1	1	better
NIAPY	CuckooSearch	20	5000	1192	8	1200	0	0	1	1	better
NIAPY	GeneticAlgorithm	20	5000	587	613	1200	0.782128	1	0.235251	1	not shown
NIAPY	ParticleSwarmAlgorithm	20	5000	1187	13	1200	0	0	1	1	better
NIAPY	MonkeyKingEvolutionV3	20	5000	1029	171	1200	5.75507e-150	6.44568e-148	1	1	better
NIAPY	MonkeyKingEvolutionV2	20	5000	1151	49	1200	2.80013e-274	5.43226e-272	1	1	better
NIAPY	SineCosineAlgorithm	20	5000	0	1200	1200	1	1	0	0	worse
NIAPY	EvolutionStrategy1p1	20	5000	966	234	1200	3.02285e-106	2.93217e-104	1	1	better
NIAPY	HarrisHawksOptimization	20	5000	1186	14	1200	0	0	1	1	better
NIAPY	ParticleSwarmOptimization	20	5000	603	597	1200	0.442621	1	0.580065	1	not shown
NIAPY	ForestOptimizationAlgorithm	20	5000	1183	17	1200	0	0	1	1	better
NIAPY	EnhancedFireworksAlgorithm	20	5000	1192	8	1200	0	0	1	1	better
NIAPY	MultiStrategyDifferentialEvolution	20	5000	1147	53	1200	6.98302e-269	1.30583e-266	1	1	better
NIAPY	MutatedParticleSwarmOptimization	20	5000	1176	24	1200	6.02618e-312	1.45834e-309	1	1	better
NIAPY	ComprehensiveLearningParticleSwarmOptimizer	20	5000	1199	1	1200	0	0	1	1	better
NIAPY	KrillHerd	20	5000	362	838	1200	1	1	3.12026e-44	8.05026e-42	worse
NIAPY	FishSchoolSearch	20	5000	1144	56	1200	6.33725e-265	1.16605e-262	1	1	better
NIAPY	MutatedCenterUnifiedParticleSwarmOptimization	20	5000	1193	7	1200	0	0	1	1	better
NIAPY	MutatedCenterParticleSwarmOptimization	20	5000	1178	22	1200	2.39493e-315	5.81969e-313	1	1	better
NIAPY	GlowwormSwarmOptimizationV2	20	5000	236	964	1200	1	1	5.09816e-105	1.3969e-102	worse
NIAPY	CatSwarmOptimization	20	5000	1163	37	1200	2.1158e-291	4.57014e-289	1	1	better
NIAPY	DifferentialEvolution	20	5000	1101	99	1200	7.37961e-215	1.05528e-212	1	1	better
NIAPY	FireworksAlgorithm	20	5000	1188	12	1200	0	0	1	1	better
NIAPY	MothFlameOptimizer	20	5000	189	1011	1200	1	1	2.07079e-136	5.81892e-134	worse
NIAPY	DynNpMultiStrategyDifferentialEvolution	20	5000	1096	104	1200	1.07796e-209	1.49836e-207	1	1	better
NIAPY	EvolutionStrategyML	20	5000	1137	63	1200	5.76077e-256	1.0139e-253	1	1	better
NIAPY	GreyWolfOptimizer	20	5000	1173	27	1200	5.58515e-307	1.30134e-304	1	1	better
NIAPY	HarmonySearchV1	20	5000	1136	64	1200	1.02444e-254	1.76204e-252	1	1	better
NIAPY	BeesAlgorithm	20	5000	768	432	1200	1.07367e-22	8.26723e-21	1	1	better
NIAPY	GlowwormSwarmOptimizationV1	20	5000	245	955	1200	1	1	1.30821e-99	3.51907e-97	worse
NIAPY	GlowwormSwarmOptimizationV3	20	5000	240	960	1200	1	1	1.36163e-102	3.69002e-100	worse
NIAPY	LionOptimizationAlgorithm	20	5000	1162	38	1200	6.48141e-290	1.38702e-287	1	1	better
NIAPY	ArtificialBeeColonyAlgorithm	20	5000	1184	16	1200	0	0	1	1	better
NIAPY	AgingNpDifferentialEvolution	20	5000	769	431	1200	6.00425e-23	4.68332e-21	1	1	better
NIAPY	OppositionVelocityClampingParticleSwarmOptimization	20	5000	367	833	1200	1	1	1.99671e-42	5.13154e-40	worse
NIAPY	CoralReefsOptimization	20	5000	132	1068	1200	1	1	9.42885e-183	2.67779e-180	worse
NIAPY	BacterialForagingOptimization	20	5000	1110	90	1200	1.85408e-224	2.74404e-222	1	1	better
NIAPY	DynamicFireworksAlgorithmGauss	20	5000	1192	8	1200	0	0	1	1	better
NIAPY	ClonalSelectionAlgorithm	20	5000	96	1104	1200	1	1	5.15861e-218	1.48052e-215	worse
NIAPY	GravitationalSearchAlgorithm	20	5000	291	909	1200	1	1	1.12235e-74	2.94056e-72	worse
NIAPY	MonkeyKingEvolutionV1	20	5000	1151	49	1200	2.80013e-274	5.43226e-272	1	1	better
NIAPY	EvolutionStrategyMpL	20	5000	1193	7	1200	0	0	1	1	better
NIAPY	FireflyAlgorithm	20	5000	1162	38	1200	6.48141e-290	1.38702e-287	1	1	better
NIAPY	FlowerPollinationAlgorithm	20	5000	1183	17	1200	0	0	1	1	better
OPYTIMIZER	SA	20	5000	1093	107	1200	1.19235e-206	1.60968e-204	1	1	better
OPYTIMIZER	GOGHS	20	5000	1098	102	1200	9.56554e-212	1.33918e-209	1	1	better
OPYTIMIZER	QSA	20	5000	1194	6	1200	0	0	1	1	better
OPYTIMIZER	SGHS	20	5000	1111	89	1200	1.50037e-225	2.23556e-223	1	1	better
OPYTIMIZER	DE	20	5000	1165	35	1200	2.07448e-294	4.56385e-292	1	1	better
OPYTIMIZER	RFO	20	5000	1196	4	1200	0	0	1	1	better
OPYTIMIZER	PPA	20	5000	1128	72	1200	5.78976e-245	9.66891e-243	1	1	better
OPYTIMIZER	EHO	20	5000	1137	63	1200	5.76077e-256	1.0139e-253	1	1	better
OPYTIMIZER	AEO	20	5000	1193	7	1200	0	0	1	1	better
OPYTIMIZER	ABO	20	5000	1161	39	1200	1.9329e-288	4.05909e-286	1	1	better
OPYTIMIZER	GHS	20	5000	1022	178	1200	1.38412e-144	1.46717e-142	1	1	better
OPYTIMIZER	PVS	20	5000	614	586	1200	0.217872	1	0.798743	1	not shown
OPYTIMIZER	BWO	20	5000	959	61	1020	1.00446e-208	1.37611e-206	1	1	better
OPYTIMIZER	PSO	20	5000	1153	47	1200	4.94899e-277	9.70002e-275	1	1	better
OPYTIMIZER	BSO	20	5000	1024	176	1200	4.15137e-146	4.48348e-144	1	1	better
OPYTIMIZER	CSA	20	5000	846	354	1200	3.27619e-47	2.752e-45	1	1	better
OPYTIMIZER	SSO	20	5000	1087	113	1200	1.10972e-200	1.44263e-198	1	1	better
OPYTIMIZER	WOA	20	5000	1159	41	1200	1.59022e-285	3.27585e-283	1	1	better
OPYTIMIZER	BA	20	5000	841	359	1200	2.45487e-45	2.01299e-43	1	1	better
OPYTIMIZER	HS	20	5000	1058	142	1200	7.32854e-174	9.08739e-172	1	1	better
OPYTIMIZER	JS	20	5000	1012	188	1200	3.86183e-137	3.93907e-135	1	1	better
OPYTIMIZER	SOS	20	5000	1197	3	1200	0	0	1	1	better
OPYTIMIZER	GS	20	5000	0	1200	1200	1	1	0	0	worse
OPYTIMIZER	EFO	20	5000	1102	98	1200	6.62242e-216	9.53628e-214	1	1	better
OPYTIMIZER	GSA	20	5000	218	982	1200	1	1	2.12933e-116	5.91954e-114	worse
OPYTIMIZER	ESA	20	5000	527	673	1200	0.999989	1	1.39098e-05	0.00344964	worse
OPYTIMIZER	BOA	20	5000	34	265	299	1	1	8.06621e-46	2.08915e-43	worse
OPYTIMIZER	HC	20	5000	116	1084	1200	1	1	9.37822e-198	2.67279e-195	worse
OPYTIMIZER	ABC	20	5000	844	356	1200	1.86384e-46	1.54698e-44	1	1	better
OPYTIMIZER	RRA	20	5000	1088	112	1200	1.15126e-201	1.50815e-199	1	1	better
OPYTIMIZER	NDS	20	5000	0	1200	1200	1	1	0	0	worse
OPYTIMIZER	NBJS	20	5000	966	234	1200	3.02285e-106	2.93217e-104	1	1	better
OPYTIMIZER	SSD	20	5000	265	935	1200	1	1	3.16259e-88	8.41248e-86	worse
OPYTIMIZER	CEM	20	5000	522	678	1200	0.999997	1	3.72498e-06	0.000927519	worse
OPYTIMIZER	AOA	20	5000	635	565	1200	0.0231708	1	0.97982	1	not shown
OPYTIMIZER	MRFO	20	5000	1195	5	1200	0	0	1	1	better
OPYTIMIZER	ASO	20	5000	86	1114	1200	1	1	7.3916e-229	2.13617e-226	worse
OPYTIMIZER	SFO	20	5000	544	656	1200	0.999451	1	0.000672123	0.16467	not shown
OPYTIMIZER	IHS	20	5000	1023	177	1200	2.40501e-145	2.57336e-143	1	1	better
OPYTIMIZER	COA	20	5000	1185	15	1200	0	0	1	1	better
OPYTIMIZER	GOA	20	5000	1119	81	1200	1.76729e-234	2.75698e-232	1	1	better
OPYTIMIZER	STOA	20	5000	174	1026	1200	1	1	1.21249e-147	3.43135e-145	worse
OPYTIMIZER	MVPA	20	5000	696	504	1200	1.64689e-08	1.18576e-06	1	1	better
OPYTIMIZER	ES	20	5000	1085	115	1200	1.00151e-198	1.29194e-196	1	1	better
OPYTIMIZER	AIWPSO	20	5000	1052	148	1200	1.0765e-168	1.29179e-166	1	1	better
OPYTIMIZER	ISA	20	5000	155	775	930	1	1	4.59906e-100	1.24175e-97	worse
OPYTIMIZER	EO	20	5000	1195	5	1200	0	0	1	1	better
OPYTIMIZER	AF	20	5000	12	929	941	1	1	5.11165e-257	1.48749e-254	worse
OPYTIMIZER	DOA	20	5000	1176	24	1200	6.02618e-312	1.45834e-309	1	1	better
OPYTIMIZER	PIO	20	5000	573	627	1200	0.943843	1	0.0629934	1	not shown
OPYTIMIZER	HHO	20	5000	1179	21	1200	4.465e-317	1.10285e-314	1	1	better
OPYTIMIZER	BSA	20	5000	1154	46	1200	2.01373e-278	3.98719e-276	1	1	better
OPYTIMIZER	TEO	20	5000	480	155	635	6.98914e-40	5.6612e-38	1	1	better
OPYTIMIZER	FA	20	5000	174	1026	1200	1	1	1.21249e-147	3.43135e-145	worse
OPYTIMIZER	WWO	20	5000	1060	20	1080	1.26283e-283	2.56354e-281	1	1	better
OPYTIMIZER	IWO	20	5000	1000	200	1200	1.45191e-128	1.46643e-126	1	1	better
OPYTIMIZER	KH	20	5000	1129	71	1200	3.68862e-246	6.27065e-244	1	1	better
OPYTIMIZER	FOA	20	5000	1183	17	1200	0	0	1	1	better
OPYTIMIZER	RPSO	20	5000	1167	33	1200	1.81091e-297	4.05645e-295	1	1	better
OPYTIMIZER	SCA	20	5000	544	656	1200	0.999451	1	0.000672123	0.16467	not shown
OPYTIMIZER	OSA	20	5000	714	486	1200	2.47782e-11	1.83359e-09	1	1	better
OPYTIMIZER	WDO	20	5000	292	908	1200	1	1	3.50133e-74	9.13846e-72	worse
OPYTIMIZER	LSA	20	5000	1183	17	1200	0	0	1	1	better
OPYTIMIZER	VPSO	20	5000	1176	24	1200	6.02618e-312	1.45834e-309	1	1	better
OPYTIMIZER	SBO	20	5000	1148	52	1200	3.2208e-270	6.08731e-268	1	1	better
OPYTIMIZER	GA	20	5000	1195	5	1200	0	0	1	1	better
OPYTIMIZER	MFO	20	5000	760	440	1200	9.86963e-21	7.50092e-19	1	1	better
OPYTIMIZER	CS	20	5000	1196	4	1200	0	0	1	1	better
OPYTIMIZER	FSO	20	5000	558	642	1200	0.992948	1	0.00826962	1	not shown
OPYTIMIZER	NGHS	20	5000	1017	183	1200	7.92284e-141	8.23975e-139	1	1	better
OPYTIMIZER	GCO	20	5000	1155	45	1200	8.01255e-280	1.61854e-277	1	1	better
OPYTIMIZER	TWO	20	5000	1126	74	1200	1.36526e-242	2.19807e-240	1	1	better
OPYTIMIZER	WEO	20	5000	1189	11	1200	0	0	1	1	better
OPYTIMIZER	GWO	20	5000	1036	164	1200	1.71488e-155	1.98926e-153	1	1	better
OPYTIMIZER	SAVPSO	20	5000	1190	10	1200	0	0	1	1	better
OPYTIMIZER	FFOA	20	5000	237	963	1200	1	1	2.07722e-104	5.67081e-102	worse
OPYTIMIZER	AIG	20	5000	1197	3	1200	0	0	1	1	better
OPYTIMIZER	BH	20	5000	991	209	1200	2.22187e-122	2.22187e-120	1	1	better
OPYTIMIZER	CI	20	5000	42	35	77	0.247191	1	0.818984	1	not shown
OPYTIMIZER	SSA	20	5000	1195	5	1200	0	0	1	1	better
OPYTIMIZER	AO	20	5000	443	757	1200	1	1	5.0711e-20	1.2982e-17	worse
OPYTIMIZER	MVO	20	5000	27	2	29	8.12113e-07	5.766e-05	1	1	better
mealpy	LevyTWO	20	5000	1127	73	1200	8.95539e-244	1.47764e-241	1	1	better
mealpy	OriginalTLO	20	5000	1154	46	1200	2.01373e-278	3.98719e-276	1	1	better
mealpy	GWO	20	5000	986	214	1200	4.94816e-119	4.89868e-117	1	1	better
mealpy	OriginalBBO	20	5000	1142	58	1200	2.51136e-262	4.52044e-260	1	1	better
mealpy	ABFO	20	5000	514	648	1162	0.999963	1	4.6986e-05	0.0116055	worse
mealpy	OriginalWHO	20	5000	1190	10	1200	0	0	1	1	better
mealpy	OriginalFFA	20	5000	533	667	1200	0.999952	1	6.07551e-05	0.0149457	worse
mealpy	BaseSARO	20	5000	1190	10	1200	0	0	1	1	better
mealpy	OriginalSMA	20	5000	1167	33	1200	1.81091e-297	4.05645e-295	1	1	better
mealpy	SingleGA	20	5000	1116	84	1200	4.33323e-231	6.67317e-229	1	1	better
mealpy	OriginalSSDO	20	5000	753	447	1200	4.27888e-19	3.20916e-17	1	1	better
mealpy	OriginalFPA	20	5000	1182	18	1200	2.17389e-322	5.39124e-320	1	1	better
mealpy	OriginalSSO	20	5000	870	330	1200	8.08475e-57	7.35713e-55	1	1	better
mealpy	OriginalMA	20	5000	706	494	1200	5.09234e-10	3.71741e-08	1	1	better
mealpy	OriginalCEM	20	5000	819	381	1200	1.35822e-37	1.08657e-35	1	1	better
mealpy	OCRO	20	5000	1135	65	1200	1.79217e-253	3.06462e-251	1	1	better
mealpy	OriginalBA	20	5000	0	840	840	1	1	1.36397e-253	3.9555e-251	worse
mealpy	OriginalAEO	20	5000	1140	60	1200	9.26188e-260	1.64862e-257	1	1	better
mealpy	OriginalBSO	20	5000	1163	37	1200	2.1158e-291	4.57014e-289	1	1	better
mealpy	OriginalBFO	20	5000	61	1139	1200	1	1	1.7326e-258	5.05918e-256	worse
mealpy	ImprovedSLO	20	5000	1055	145	1200	2.90932e-171	3.57846e-169	1	1	better
mealpy	OriginalLCO	20	5000	857	343	1200	1.73062e-51	1.55756e-49	1	1	better
mealpy	OriginalHGS	20	5000	1036	164	1200	1.71488e-155	1.98926e-153	1	1	better
mealpy	BaseALO	20	5000	490	0	490	3.12825e-148	3.4098e-146	1	1	better
mealpy	CPSO	20	5000	570	630	1200	0.960896	1	0.0442459	1	not shown
mealpy	OriginalEO	20	5000	1173	27	1200	5.58515e-307	1.30134e-304	1	1	better
mealpy	DE	20	5000	318	882	1200	1	1	5.20166e-62	1.35243e-59	worse
mealpy	ModifiedBA	20	5000	1093	107	1200	1.19235e-206	1.60968e-204	1	1	better
mealpy	BaseTLO	20	5000	1162	38	1200	6.48141e-290	1.38702e-287	1	1	better
mealpy	OriginalPFA	20	5000	795	405	1200	4.6118e-30	3.64332e-28	1	1	better
mealpy	BaseFOA	20	5000	279	921	1200	1	1	9.25507e-81	2.45259e-78	worse
mealpy	OriginalGBO	20	5000	1184	16	1200	0	0	1	1	better
mealpy	TVAC	20	5000	1194	6	1200	0	0	1	1	better
mealpy	BaseFBIO	20	5000	1197	3	1200	0	0	1	1	better
mealpy	ImprovedBSO	20	5000	1127	73	1200	8.95539e-244	1.47764e-241	1	1	better
mealpy	OriginalAO	20	5000	281	919	1200	1	1	1.00074e-79	2.64195e-77	worse
mealpy	BaseGSKA	20	5000	1164	36	1200	6.71935e-293	1.4581e-290	1	1	better
mealpy	BaseLCO	20	5000	737	163	900	4.23883e-88	4.02689e-86	1	1	better
mealpy	OriginalSSpiderA	20	5000	453	747	1200	1	1	9.43616e-18	2.40622e-15	worse
mealpy	BaseHS	20	5000	1169	31	1200	1.39804e-300	3.17356e-298	1	1	better
mealpy	AdaptiveEO	20	5000	1171	29	1200	9.47285e-304	2.17875e-301	1	1	better
mealpy	OriginalWCA	20	5000	17	2	19	0.000364304	0.0251369	0.999962	1	better
mealpy	OriginalMRFO	20	5000	1173	27	1200	5.58515e-307	1.30134e-304	1	1	better
mealpy	OriginalEOA	20	5000	1118	82	1200	2.4142e-233	3.74201e-231	1	1	better
mealpy	OriginalABC	20	5000	1121	79	1200	9.10264e-237	1.43822e-234	1	1	better
mealpy	ModifiedAEO	20	5000	1146	54	1200	1.48466e-267	2.76148e-265	1	1	better
mealpy	OriginalSFO	20	5000	518	682	1200	0.999999	1	1.22433e-06	0.000307306	worse
mealpy	BaseBBO	20	5000	1137	63	1200	5.76077e-256	1.0139e-253	1	1	better
mealpy	OriginalNMRA	20	5000	1183	17	1200	0	0	1	1	better
mealpy	OriginalACOR	20	5000	1114	86	1200	7.3916e-229	1.11613e-226	1	1	better
mealpy	ImprovedSFO	20	5000	630	570	1200	0.0442459	1	0.960896	1	not shown
mealpy	OriginalCRO	20	5000	1160	40	1200	5.61541e-287	1.17362e-284	1	1	better
mealpy	LevyJA	20	5000	1160	40	1200	5.61541e-287	1.17362e-284	1	1	better
mealpy	OriginalHS	20	5000	1155	45	1200	8.01255e-280	1.61854e-277	1	1	better
mealpy	OriginalCSO	20	5000	505	695	1200	1	1	2.28912e-08	5.79146e-06	worse
mealpy	OriginalCOA	20	5000	1169	31	1200	1.39804e-300	3.17356e-298	1	1	better
mealpy	LevyQSA	20	5000	1199	1	1200	0	0	1	1	better
mealpy	OppoQSA	20	5000	1176	24	1200	6.02618e-312	1.45834e-309	1	1	better
mealpy	BaseBRO	20	5000	587	613	1200	0.782128	1	0.235251	1	not shown
mealpy	OriginalSLO	20	5000	894	306	1200	1.81152e-67	1.6666e-65	1	1	better
mealpy	OriginalMVO	20	5000	1155	45	1200	8.01255e-280	1.61854e-277	1	1	better
mealpy	CLPSO	20	5000	1193	7	1200	0	0	1	1	better
mealpy	OriginalNRO	20	5000	1179	21	1200	4.465e-317	1.10285e-314	1	1	better
mealpy	BaseSCA	20	5000	1122	78	1200	6.40261e-238	1.01802e-235	1	1	better
mealpy	BaseGCO	20	5000	1115	85	1200	5.6952e-230	8.6567e-228	1	1	better
mealpy	OriginalArchOA	20	5000	1000	170	1170	9.91552e-144	1.04113e-141	1	1	better
mealpy	SwarmHC	20	5000	1165	35	1200	2.07448e-294	4.56385e-292	1	1	better
mealpy	ImprovedTLO	20	5000	674	526	1200	1.07573e-05	0.000753009	0.999992	1	better
mealpy	OriginalMSA	20	5000	1198	2	1200	0	0	1	1	better
mealpy	WOA	20	5000	1112	88	1200	1.19957e-226	1.79936e-224	1	1	better
mealpy	OriginalIWO	20	5000	1127	73	1200	8.95539e-244	1.47764e-241	1	1	better
mealpy	BaseGA	20	5000	1165	35	1200	2.07448e-294	4.56385e-292	1	1	better
mealpy	ModifiedEO	20	5000	1195	5	1200	0	0	1	1	better
mealpy	ImprovedNMRA	20	5000	1129	71	1200	3.68862e-246	6.27065e-244	1	1	better
mealpy	BaseCHIO	20	5000	235	965	1200	1	1	1.24469e-105	3.4229e-103	worse
mealpy	OriginalHHO	20	5000	1079	121	1200	5.86366e-193	7.38821e-191	1	1	better
mealpy	OriginalGWO	20	5000	1129	71	1200	3.68862e-246	6.27065e-244	1	1	better
mealpy	ImprovedQSA	20	5000	1198	2	1200	0	0	1	1	better
mealpy	OriginalFBIO	20	5000	1200	0	1200	0	0	1	1	better
mealpy	OriginalBeesA	20	5000	1149	51	1200	1.45624e-271	2.78143e-269	1	1	better
mealpy	BaseEFO	20	5000	1175	25	1200	2.83723e-310	6.72423e-308	1	1	better
mealpy	OriginalSA	20	5000	1138	62	1200	3.18606e-257	5.63932e-255	1	1	better
mealpy	OriginalHC	20	5000	225	975	1200	1	1	6.98668e-112	1.92832e-109	worse
mealpy	OriginalSHO	20	5000	645	555	1200	0.00508185	0.340484	0.995706	1	not shown
mealpy	JADE	20	5000	1179	21	1200	4.465e-317	1.10285e-314	1	1	better
mealpy	OriginalCA	20	5000	852	348	1200	1.61658e-49	1.39026e-47	1	1	better
mealpy	EnhancedTWO	20	5000	1143	57	1200	1.27312e-263	2.31709e-261	1	1	better
mealpy	BaseSSA	20	5000	1034	166	1200	6.73123e-154	7.67361e-152	1	1	better
mealpy	OriginalAOA	20	5000	223	977	1200	1	1	3.68081e-113	1.01958e-110	worse
mealpy	OriginalQSA	20	5000	1175	25	1200	2.83723e-310	6.72423e-308	1	1	better
mealpy	OriginalGOA	20	5000	1085	115	1200	1.00151e-198	1.29194e-196	1	1	better
mealpy	EnhancedAEO	20	5000	1116	84	1200	4.33323e-231	6.67317e-229	1	1	better
mealpy	OriginalGSKA	20	5000	1149	51	1200	1.45624e-271	2.78143e-269	1	1	better
mealpy	PPSO	20	5000	1043	157	1200	3.61887e-161	4.23407e-159	1	1	better
mealpy	OriginalCGO	20	5000	1125	75	1200	2.05178e-241	3.28285e-239	1	1	better
mealpy	OriginalHGSO	20	5000	856	344	1200	4.32313e-51	3.84759e-49	1	1	better
mealpy	OriginalSBO	20	5000	1169	31	1200	1.39804e-300	3.17356e-298	1	1	better
mealpy	OppoTWO	20	5000	1162	38	1200	6.48141e-290	1.38702e-287	1	1	better
mealpy	OriginalASO	20	5000	94	1106	1200	1	1	3.8413e-220	1.1063e-217	worse
mealpy	ModifiedSLO	20	5000	1091	109	1200	1.21162e-204	1.59933e-202	1	1	better
mealpy	BaseVCS	20	5000	1197	3	1200	0	0	1	1	better
mealpy	LSHADE	20	5000	1179	21	1200	4.465e-317	1.10285e-314	1	1	better
mealpy	OriginalEFO	20	5000	897	303	1200	7.09714e-69	6.60034e-67	1	1	better
mealpy	OriginalJA	20	5000	514	686	1200	1	1	3.81865e-07	9.623e-05	worse
mealpy	OriginalGCO	20	5000	1099	101	1200	8.86823e-213	1.25042e-210	1	1	better
mealpy	OriginalPSS	20	5000	1153	47	1200	4.94899e-277	9.70002e-275	1	1	better
mealpy	OriginalEHO	20	5000	1013	187	1200	7.15683e-138	7.37153e-136	1	1	better
mealpy	OriginalSSA	20	5000	968	232	1200	1.75479e-107	1.7197e-105	1	1	better
mealpy	OriginalSCA	20	5000	1127	73	1200	8.95539e-244	1.47764e-241	1	1	better
mealpy	OriginalBES	20	5000	854	346	1200	2.66508e-50	2.31862e-48	1	1	better
mealpy	BaseSBO	20	5000	1176	24	1200	6.02618e-312	1.45834e-309	1	1	better
mealpy	BaseJA	20	5000	1128	72	1200	5.78976e-245	9.66891e-243	1	1	better
mealpy	OriginalSARO	20	5000	1174	26	1200	1.28335e-308	3.00303e-306	1	1	better
mealpy	OriginalSRSR	20	5000	1195	5	1200	0	0	1	1	better
mealpy	OriginalTWO	20	5000	1155	45	1200	8.01255e-280	1.61854e-277	1	1	better
mealpy	OriginalWDO	20	5000	471	729	1200	1	1	4.76478e-14	1.21026e-11	worse
mealpy	AugmentedAEO	20	5000	1143	57	1200	1.27312e-263	2.31709e-261	1	1	better
mealpy	OriginalWOA	20	5000	1080	120	1200	6.56188e-194	8.33358e-192	1	1	better
mealpy	SADE	20	5000	1175	25	1200	2.83723e-310	6.72423e-308	1	1	better
mealpy	OriginalBRO	20	5000	193	1007	1200	1	1	1.60853e-133	4.48781e-131	worse
mealpy	OriginalSSpiderO	20	5000	1055	145	1200	2.90932e-171	3.57846e-169	1	1	better
mealpy	ProbBeesA	20	5000	608	592	1200	0.332512	1	0.688188	1	not shown
mealpy	OriginalFA	20	5000	1167	33	1200	1.81091e-297	4.05645e-295	1	1	better
mealpy	OriginalCSA	20	5000	582	618	1200	0.857264	1	0.15616	1	not shown
mealpy	OriginalALO	20	5000	268	1	269	2.84639e-79	2.67561e-77	1	1	better
mealpy	OriginalDO	20	5000	1055	145	1200	2.90932e-171	3.57846e-169	1	1	better
mealpy	OriginalCHIO	20	5000	588	612	1200	0.764749	1	0.253369	1	not shown
mealpy	OriginalBSA	20	5000	1151	49	1200	2.80013e-274	5.43226e-272	1	1	better
mealpy	LevyEP	20	5000	1158	42	1200	4.39231e-284	9.00423e-282	1	1	better
mealpy	OriginalICA	20	5000	770	5	775	1.1649e-221	1.7124e-219	1	1	better
mealpy	ImprovedLCO	20	5000	1103	97	1200	5.87757e-217	8.58125e-215	1	1	better
mealpy	OriginalMFO	20	5000	190	1010	1200	1	1	1.10347e-135	3.08971e-133	worse
mealpy	ImprovedAEO	20	5000	1137	63	1200	5.76077e-256	1.0139e-253	1	1	better
mealpy	OriginalVCS	20	5000	855	345	1200	1.07556e-50	9.4649e-49	1	1	better
mealpy	AdaptiveBA	20	5000	6	1194	1200	1	1	0	0	worse
mealpy	MultiGA	20	5000	1120	80	1200	1.27682e-235	2.0046e-233	1	1	better
mealpy	OriginalES	20	5000	1158	42	1200	4.39231e-284	9.00423e-282	1	1	better
mealpy	LevyES	20	5000	1199	1	1200	0	0	1	1	better
mealpy	OriginalEP	20	5000	238	962	1200	1	1	8.41928e-104	2.29005e-101	worse
mealpy	BaseSMA	20	5000	1171	29	1200	9.47285e-304	2.17875e-301	1	1	better
mealpy	OriginalPSO	20	5000	114	1086	1200	1	1	1.05932e-199	3.02967e-197	worse
mealpy	FBUDGETSHADE	20	5000	1183	17	1200	0	0	1	1	better
mealpy	OriginalFOA	20	5000	247	953	1200	1	1	1.96848e-98	5.27552e-96	worse
mealpy	BaseQSA	20	5000	1186	14	1200	0	0	1	1	better
mealpy	BaseMFO	20	5000	1141	59	1200	4.86568e-261	8.70956e-259	1	1	better
mealpy	BaseDE	20	5000	1144	56	1200	6.33725e-265	1.16605e-262	1	1	better
mealpy	WhaleFOA	20	5000	282	918	1200	1	1	3.26793e-79	8.59465e-77	worse
Baselines	DE	20	5000	1150	50	1200	6.45201e-273	4.51641e-272	1	1	better
Baselines	RCobyla	20	5000	1117	83	1200	3.25527e-232	1.95316e-231	1	1	better
Baselines	PSO	20	5000	46	1154	1200	1	1	2.01373e-278	2.2151e-277	worse
Baselines	DiagonalCMA	20	5000	1176	24	1200	6.02618e-312	4.82095e-311	1	1	better
Baselines	modcma	20	5000	1186	14	1200	0	0	1	1	better
Baselines	modde	20	5000	1115	85	1200	5.6952e-230	2.8476e-229	1	1	better
Baselines	OnePlusOne	20	5000	1018	182	1200	1.42224e-141	2.84448e-141	1	1	better
Baselines	Powell	20	5000	1054	146	1200	2.10491e-170	6.31472e-170	1	1	better
Baselines	MultiBFGS	20	5000	1056	144	1200	3.98984e-172	1.59594e-171	1	1	better
Baselines	lshade	20	5000	1181	19	1200	1.34336e-320	1.20903e-319	1	1	better
Baselines	bipop	20	5000	1186	14	1200	0	0	1	1	better
EVOLOPY	DE	20	10000	1075	125	1200	3.414e-189	4.4382e-187	1	1	better
EVOLOPY	JAYA	20	10000	1013	187	1200	7.15683e-138	7.80094e-136	1	1	better
EVOLOPY	PSO	20	10000	1073	127	1200	2.46901e-187	3.18502e-185	1	1	better
EVOLOPY	WOA	20	10000	1031	169	1200	1.57118e-151	1.82257e-149	1	1	better
EVOLOPY	FFA	20	10000	1162	38	1200	6.48141e-290	1.38054e-287	1	1	better
EVOLOPY	BAT	20	10000	589	611	1200	0.746631	1	0.272194	1	not shown
EVOLOPY	MVO	20	10000	1195	5	1200	0	0	1	1	better
EVOLOPY	HHO	20	10000	1018	182	1200	1.42224e-141	1.57869e-139	1	1	better
EVOLOPY	SCA	20	10000	1070	130	1200	1.42202e-184	1.79175e-182	1	1	better
EVOLOPY	GA	20	10000	927	70	997	4.57147e-192	6.08006e-190	1	1	better
EVOLOPY	MFO	20	10000	1078	122	1200	5.19199e-192	6.85342e-190	1	1	better
EVOLOPY	CS	20	10000	1143	57	1200	1.27312e-263	2.34255e-261	1	1	better
EVOLOPY	GWO	20	10000	1142	58	1200	2.51136e-262	4.52044e-260	1	1	better
EVOLOPY	SSA	20	10000	1198	2	1200	0	0	1	1	better
NIAPY	DynamicFireworksAlgorithm	20	10000	1197	3	1200	0	0	1	1	better
NIAPY	HarmonySearch	20	10000	1143	57	1200	1.27312e-263	2.34255e-261	1	1	better
NIAPY	EvolutionStrategyMp1	20	10000	1181	19	1200	1.34336e-320	3.34498e-318	1	1	better
NIAPY	MonarchButterflyOptimization	20	10000	444	756	1200	1	1	8.68881e-20	2.18958e-17	worse
NIAPY	CenterParticleSwarmOptimization	20	10000	1174	26	1200	1.28335e-308	3.01587e-306	1	1	better
NIAPY	DynNpDifferentialEvolution	20	10000	1011	189	1200	2.07079e-136	2.19504e-134	1	1	better
NIAPY	CamelAlgorithm	20	10000	1034	166	1200	6.73123e-154	7.87554e-152	1	1	better
NIAPY	BatAlgorithm	20	10000	827	373	1200	2.58068e-40	2.19358e-38	1	1	better
NIAPY	GlowwormSwarmOptimization	20	10000	221	979	1200	1	1	1.89704e-114	5.15995e-112	worse
NIAPY	BareBonesFireworksAlgorithm	20	10000	1013	187	1200	7.15683e-138	7.80094e-136	1	1	better
NIAPY	CuckooSearch	20	10000	1196	4	1200	0	0	1	1	better
NIAPY	GeneticAlgorithm	20	10000	586	614	1200	0.798743	1	0.217872	1	not shown
NIAPY	ParticleSwarmAlgorithm	20	10000	1185	15	1200	0	0	1	1	better
NIAPY	MonkeyKingEvolutionV3	20	10000	988	212	1200	2.30571e-120	2.30571e-118	1	1	better
NIAPY	MonkeyKingEvolutionV2	20	10000	1155	45	1200	8.01255e-280	1.61854e-277	1	1	better
NIAPY	SineCosineAlgorithm	20	10000	0	1200	1200	1	1	0	0	worse
NIAPY	EvolutionStrategy1p1	20	10000	980	220	1200	4.27115e-115	4.10031e-113	1	1	better
NIAPY	HarrisHawksOptimization	20	10000	1189	11	1200	0	0	1	1	better
NIAPY	ParticleSwarmOptimization	20	10000	577	623	1200	0.912586	1	0.0969548	1	not shown
NIAPY	ForestOptimizationAlgorithm	20	10000	1185	15	1200	0	0	1	1	better
NIAPY	EnhancedFireworksAlgorithm	20	10000	1191	9	1200	0	0	1	1	better
NIAPY	MultiStrategyDifferentialEvolution	20	10000	1155	45	1200	8.01255e-280	1.61854e-277	1	1	better
NIAPY	MutatedParticleSwarmOptimization	20	10000	1180	20	1200	7.93924e-319	1.95305e-316	1	1	better
NIAPY	ComprehensiveLearningParticleSwarmOptimizer	20	10000	1200	0	1200	0	0	1	1	better
NIAPY	KrillHerd	20	10000	323	877	1200	1	1	8.15275e-60	2.12787e-57	worse
NIAPY	FishSchoolSearch	20	10000	1158	42	1200	4.39231e-284	9.136e-282	1	1	better
NIAPY	MutatedCenterUnifiedParticleSwarmOptimization	20	10000	1194	6	1200	0	0	1	1	better
NIAPY	MutatedCenterParticleSwarmOptimization	20	10000	1178	22	1200	2.39493e-315	5.79574e-313	1	1	better
NIAPY	GlowwormSwarmOptimizationV2	20	10000	215	985	1200	1	1	2.27282e-118	6.25026e-116	worse
NIAPY	CatSwarmOptimization	20	10000	1163	37	1200	2.1158e-291	4.63361e-289	1	1	better
NIAPY	DifferentialEvolution	20	10000	1117	83	1200	3.25527e-232	5.01311e-230	1	1	better
NIAPY	FireworksAlgorithm	20	10000	1191	9	1200	0	0	1	1	better
NIAPY	MothFlameOptimizer	20	10000	176	1024	1200	1	1	4.15137e-146	1.17069e-143	worse
NIAPY	DynNpMultiStrategyDifferentialEvolution	20	10000	1073	127	1200	2.46901e-187	3.18502e-185	1	1	better
NIAPY	EvolutionStrategyML	20	10000	1132	68	1200	8.71728e-250	1.43835e-247	1	1	better
NIAPY	GreyWolfOptimizer	20	10000	1171	29	1200	9.47285e-304	2.14086e-301	1	1	better
NIAPY	HarmonySearchV1	20	10000	1138	62	1200	3.18606e-257	5.5756e-255	1	1	better
NIAPY	BeesAlgorithm	20	10000	718	482	1200	5.03935e-12	3.72912e-10	1	1	better
NIAPY	GlowwormSwarmOptimizationV1	20	10000	215	985	1200	1	1	2.27282e-118	6.25026e-116	worse
NIAPY	GlowwormSwarmOptimizationV3	20	10000	214	986	1200	1	1	4.94816e-119	1.36569e-116	worse
NIAPY	LionOptimizationAlgorithm	20	10000	1157	43	1200	1.18396e-282	2.45079e-280	1	1	better
NIAPY	ArtificialBeeColonyAlgorithm	20	10000	1187	13	1200	0	0	1	1	better
NIAPY	AgingNpDifferentialEvolution	20	10000	769	431	1200	6.00425e-23	4.68332e-21	1	1	better
NIAPY	OppositionVelocityClampingParticleSwarmOptimization	20	10000	334	866	1200	1	1	3.80213e-55	9.88555e-53	worse
NIAPY	CoralReefsOptimization	20	10000	106	1094	1200	1	1	1.1649e-207	3.33162e-205	worse
NIAPY	BacterialForagingOptimization	20	10000	1154	46	1200	2.01373e-278	4.00732e-276	1	1	better
NIAPY	DynamicFireworksAlgorithmGauss	20	10000	1197	3	1200	0	0	1	1	better
NIAPY	ClonalSelectionAlgorithm	20	10000	89	1111	1200	1	1	1.50037e-225	4.30607e-223	worse
NIAPY	GravitationalSearchAlgorithm	20	10000	260	940	1200	1	1	5.42855e-91	1.43314e-88	worse
NIAPY	MonkeyKingEvolutionV1	20	10000	1170	30	1200	3.70089e-302	8.28998e-300	1	1	better
NIAPY	EvolutionStrategyMpL	20	10000	1193	7	1200	0	0	1	1	better
NIAPY	FireflyAlgorithm	20	10000	1157	43	1200	1.18396e-282	2.45079e-280	1	1	better
NIAPY	FlowerPollinationAlgorithm	20	10000	1184	16	1200	0	0	1	1	better
OPYTIMIZER	SA	20	10000	1134	66	1200	3.08504e-252	5.21372e-250	1	1	better
OPYTIMIZER	GOGHS	20	10000	1096	104	1200	1.07796e-209	1.48758e-207	1	1	better
OPYTIMIZER	QSA	20	10000	1194	6	1200	0	0	1	1	better
OPYTIMIZER	SGHS	20	10000	1110	90	1200	1.85408e-224	2.78113e-222	1	1	better
OPYTIMIZER	DE	20	10000	1157	43	1200	1.18396e-282	2.45079e-280	1	1	better
OPYTIMIZER	RFO	20	10000	1194	6	1200	0	0	1	1	better
OPYTIMIZER	PPA	20	10000	1143	57	1200	1.27312e-263	2.34255e-261	1	1	better
OPYTIMIZER	EHO	20	10000	1124	76	1200	3.04026e-240	4.77321e-238	1	1	better
OPYTIMIZER	AEO	20	10000	1188	12	1200	0	0	1	1	better
OPYTIMIZER	ABO	20	10000	1150	50	1200	6.45201e-273	1.25169e-270	1	1	better
OPYTIMIZER	GHS	20	10000	1004	196	1200	2.21841e-131	2.30714e-129	1	1	better
OPYTIMIZER	PVS	20	10000	552	648	1200	0.997457	1	0.00303794	0.735181	not shown
OPYTIMIZER	BWO	20	10000	944	76	1020	1.3164e-191	1.72448e-189	1	1	better
OPYTIMIZER	PSO	20	10000	1141	59	1200	4.86568e-261	8.70956e-259	1	1	better
OPYTIMIZER	BSO	20	10000	1012	188	1200	3.86183e-137	4.13216e-135	1	1	better
OPYTIMIZER	CSA	20	10000	832	368	1200	4.53358e-42	3.94422e-40	1	1	better
OPYTIMIZER	SSO	20	10000	1051	149	1200	7.61007e-168	9.36039e-166	1	1	better
OPYTIMIZER	WOA	20	10000	1144	56	1200	6.33725e-265	1.18507e-262	1	1	better
OPYTIMIZER	BA	20	10000	807	393	1200	1.03744e-33	8.71452e-32	1	1	better
OPYTIMIZER	HS	20	10000	1049	151	1200	3.71717e-166	4.49777e-164	1	1	better
OPYTIMIZER	JS	20	10000	984	216	1200	1.03809e-117	1.01732e-115	1	1	better
OPYTIMIZER	SOS	20	10000	1199	1	1200	0	0	1	1	better
OPYTIMIZER	GS	20	10000	0	1200	1200	1	1	0	0	worse
OPYTIMIZER	EFO	20	10000	1097	103	1200	1.02082e-210	1.42915e-208	1	1	better
OPYTIMIZER	GSA	20	10000	203	997	1200	1	1	1.76421e-126	4.93977e-124	worse
OPYTIMIZER	ESA	20	10000	475	725	1200	1	1	2.72251e-13	6.80627e-11	worse
OPYTIMIZER	BOA	20	10000	31	268	299	1	1	1.50006e-48	3.88516e-46	worse
OPYTIMIZER	HC	20	10000	136	1064	1200	1	1	3.74597e-179	1.06386e-176	worse
OPYTIMIZER	ABC	20	10000	784	416	1200	6.37434e-27	5.16321e-25	1	1	better
OPYTIMIZER	RRA	20	10000	1095	105	1200	1.12642e-208	1.53193e-206	1	1	better
OPYTIMIZER	NDS	20	10000	0	1200	1200	1	1	0	0	worse
OPYTIMIZER	NBJS	20	10000	951	249	1200	2.90239e-97	2.72825e-95	1	1	better
OPYTIMIZER	SSD	20	10000	232	968	1200	1	1	1.75479e-107	4.75549e-105	worse
OPYTIMIZER	CEM	20	10000	430	770	1200	1	1	3.34574e-23	8.46471e-21	worse
OPYTIMIZER	AOA	20	10000	675	525	1200	8.29229e-06	0.000572168	0.999994	1	better
OPYTIMIZER	MRFO	20	10000	1195	5	1200	0	0	1	1	better
OPYTIMIZER	ASO	20	10000	78	1122	1200	1	1	6.40261e-238	1.85036e-235	worse
OPYTIMIZER	SFO	20	10000	755	445	1200	1.48348e-19	1.12745e-17	1	1	better
OPYTIMIZER	IHS	20	10000	1031	169	1200	1.57118e-151	1.82257e-149	1	1	better
OPYTIMIZER	COA	20	10000	1183	17	1200	0	0	1	1	better
OPYTIMIZER	GOA	20	10000	1113	87	1200	9.47456e-228	1.44013e-225	1	1	better
OPYTIMIZER	STOA	20	10000	307	893	1200	1	1	5.28723e-67	1.38526e-64	worse
OPYTIMIZER	MVPA	20	10000	621	579	1200	0.118286	1	0.892762	1	not shown
OPYTIMIZER	ES	20	10000	1056	144	1200	3.98984e-172	4.9474e-170	1	1	better
OPYTIMIZER	AIWPSO	20	10000	1014	186	1200	1.31797e-138	1.44976e-136	1	1	better
OPYTIMIZER	ISA	20	10000	132	798	930	1	1	4.66696e-117	1.27408e-114	worse
OPYTIMIZER	EO	20	10000	1200	0	1200	0	0	1	1	better
OPYTIMIZER	AF	20	10000	3	938	941	1	1	7.47127e-276	2.18161e-273	worse
OPYTIMIZER	DOA	20	10000	1172	28	1200	2.34187e-305	5.31604e-303	1	1	better
OPYTIMIZER	PIO	20	10000	492	708	1200	1	1	2.44059e-10	6.05267e-08	worse
OPYTIMIZER	HHO	20	10000	1178	22	1200	2.39493e-315	5.79574e-313	1	1	better
OPYTIMIZER	BSA	20	10000	1156	44	1200	3.11617e-281	6.35698e-279	1	1	better
OPYTIMIZER	TEO	20	10000	435	200	635	2.85194e-21	2.19599e-19	1	1	better
OPYTIMIZER	FA	20	10000	165	1035	1200	1	1	1.07816e-154	3.0512e-152	worse
OPYTIMIZER	WWO	20	10000	1064	16	1080	1.14775e-290	2.45617e-288	1	1	better
OPYTIMIZER	IWO	20	10000	1130	70	1200	2.31531e-247	3.72765e-245	1	1	better
OPYTIMIZER	KH	20	10000	1130	70	1200	2.31531e-247	3.72765e-245	1	1	better
OPYTIMIZER	FOA	20	10000	1180	20	1200	7.93924e-319	1.95305e-316	1	1	better
OPYTIMIZER	RPSO	20	10000	1161	39	1200	1.9329e-288	4.09775e-286	1	1	better
OPYTIMIZER	SCA	20	10000	498	702	1200	1	1	2.12939e-09	5.25958e-07	worse
OPYTIMIZER	OSA	20	10000	652	548	1200	0.00146505	0.0966934	0.998789	1	not shown
OPYTIMIZER	WDO	20	10000	259	941	1200	1	1	1.49713e-91	3.98236e-89	worse
OPYTIMIZER	LSA	20	10000	1177	23	1200	1.2277e-313	2.93421e-311	1	1	better
OPYTIMIZER	VPSO	20	10000	1154	46	1200	2.01373e-278	4.00732e-276	1	1	better
OPYTIMIZER	SBO	20	10000	1134	66	1200	3.08504e-252	5.21372e-250	1	1	better
OPYTIMIZER	GA	20	10000	1197	3	1200	0	0	1	1	better
OPYTIMIZER	MFO	20	10000	675	525	1200	8.29229e-06	0.000572168	0.999994	1	better
OPYTIMIZER	CS	20	10000	1195	5	1200	0	0	1	1	better
OPYTIMIZER	FSO	20	10000	525	675	1200	0.999994	1	8.29229e-06	0.0020399	worse
OPYTIMIZER	NGHS	20	10000	997	203	1200	1.76421e-126	1.78185e-124	1	1	better
OPYTIMIZER	GCO	20	10000	1150	50	1200	6.45201e-273	1.25169e-270	1	1	better
OPYTIMIZER	TWO	20	10000	1102	98	1200	6.62242e-216	9.53628e-214	1	1	better
OPYTIMIZER	WEO	20	10000	1192	8	1200	0	0	1	1	better
OPYTIMIZER	GWO	20	10000	984	216	1200	1.03809e-117	1.01732e-115	1	1	better
OPYTIMIZER	SAVPSO	20	10000	1189	11	1200	0	0	1	1	better
OPYTIMIZER	FFOA	20	10000	204	996	1200	1	1	8.63517e-126	2.40058e-123	worse
OPYTIMIZER	AIG	20	10000	1198	2	1200	0	0	1	1	better
OPYTIMIZER	BH	20	10000	972	228	1200	5.54649e-110	5.26916e-108	1	1	better
OPYTIMIZER	CI	20	10000	35	42	77	0.818984	1	0.247191	1	not shown
OPYTIMIZER	SSA	20	10000	1195	5	1200	0	0	1	1	better
OPYTIMIZER	AO	20	10000	393	807	1200	1	1	1.03744e-33	2.6766e-31	worse
OPYTIMIZER	MVO	20	10000	27	2	29	8.12113e-07	5.766e-05	1	1	better
mealpy	LevyTWO	20	10000	1132	68	1200	8.71728e-250	1.43835e-247	1	1	better
mealpy	OriginalTLO	20	10000	1152	48	1200	1.18991e-275	2.33222e-273	1	1	better
mealpy	GWO	20	10000	985	215	1200	2.27282e-118	2.25009e-116	1	1	better
mealpy	OriginalBBO	20	10000	1152	48	1200	1.18991e-275	2.33222e-273	1	1	better
mealpy	ABFO	20	10000	540	622	1162	0.992569	1	0.00872734	1	not shown
mealpy	OriginalWHO	20	10000	1190	10	1200	0	0	1	1	better
mealpy	OriginalFFA	20	10000	536	664	1200	0.999903	1	0.000121582	0.029666	worse
mealpy	BaseSARO	20	10000	1189	11	1200	0	0	1	1	better
mealpy	OriginalSMA	20	10000	1175	25	1200	2.83723e-310	6.69586e-308	1	1	better
mealpy	SingleGA	20	10000	1100	100	1200	8.13378e-214	1.155e-211	1	1	better
mealpy	OriginalSSDO	20	10000	715	485	1200	1.67247e-11	1.2209e-09	1	1	better
mealpy	OriginalFPA	20	10000	1196	4	1200	0	0	1	1	better
mealpy	OriginalSSO	20	10000	1144	56	1200	6.33725e-265	1.18507e-262	1	1	better
mealpy	OriginalMA	20	10000	682	518	1200	1.22433e-06	8.57028e-05	0.999999	1	better
mealpy	OriginalCEM	20	10000	900	300	1200	2.67256e-70	2.43203e-68	1	1	better
mealpy	OCRO	20	10000	1140	60	1200	9.26188e-260	1.63935e-257	1	1	better
mealpy	OriginalBA	20	10000	0	840	840	1	1	1.36397e-253	3.9555e-251	worse
mealpy	OriginalAEO	20	10000	1133	67	1200	5.22672e-251	8.67635e-249	1	1	better
mealpy	OriginalBSO	20	10000	1160	40	1200	5.61541e-287	1.18485e-284	1	1	better
mealpy	OriginalBFO	20	10000	62	1138	1200	1	1	3.18606e-257	9.27142e-255	worse
mealpy	ImprovedSLO	20	10000	1037	163	1200	2.70847e-156	3.196e-154	1	1	better
mealpy	OriginalLCO	20	10000	778	422	1200	2.73199e-25	2.15827e-23	1	1	better
mealpy	OriginalHGS	20	10000	1010	190	1200	1.10347e-135	1.15864e-133	1	1	better
mealpy	BaseALO	20	10000	490	0	490	3.12825e-148	3.53493e-146	1	1	better
mealpy	CPSO	20	10000	529	671	1200	0.999982	1	2.30327e-05	0.00564301	worse
mealpy	OriginalEO	20	10000	1178	22	1200	2.39493e-315	5.79574e-313	1	1	better
mealpy	DE	20	10000	271	929	1200	1	1	5.61488e-85	1.47671e-82	worse
mealpy	ModifiedBA	20	10000	1109	91	1200	2.26397e-223	3.37332e-221	1	1	better
mealpy	BaseTLO	20	10000	1156	44	1200	3.11617e-281	6.35698e-279	1	1	better
mealpy	OriginalPFA	20	10000	998	202	1200	3.58311e-127	3.65477e-125	1	1	better
mealpy	BaseFOA	20	10000	259	941	1200	1	1	1.49713e-91	3.98236e-89	worse
mealpy	OriginalGBO	20	10000	1181	19	1200	1.34336e-320	3.34498e-318	1	1	better
mealpy	TVAC	20	10000	1198	2	1200	0	0	1	1	better
mealpy	BaseFBIO	20	10000	1200	0	1200	0	0	1	1	better
mealpy	ImprovedBSO	20	10000	1123	77	1200	4.44251e-239	6.8859e-237	1	1	better
mealpy	OriginalAO	20	10000	250	950	1200	1	1	1.10605e-96	2.96421e-94	worse
mealpy	BaseGSKA	20	10000	1154	46	1200	2.01373e-278	4.00732e-276	1	1	better
mealpy	BaseLCO	20	10000	694	206	900	9.62873e-63	8.66585e-61	1	1	better
mealpy	OriginalSSpiderA	20	10000	406	794	1200	1	1	9.06502e-30	2.32971e-27	worse
mealpy	BaseHS	20	10000	1169	31	1200	1.39804e-300	3.10365e-298	1	1	better
mealpy	AdaptiveEO	20	10000	1173	27	1200	5.58515e-307	1.30134e-304	1	1	better
mealpy	OriginalWCA	20	10000	17	2	19	0.000364304	0.0244083	0.999962	1	better
mealpy	OriginalMRFO	20	10000	1173	27	1200	5.58515e-307	1.30134e-304	1	1	better
mealpy	OriginalEOA	20	10000	1126	74	1200	1.36526e-242	2.17076e-240	1	1	better
mealpy	OriginalABC	20	10000	1116	84	1200	4.33323e-231	6.62984e-229	1	1	better
mealpy	ModifiedAEO	20	10000	1139	61	1200	1.7326e-258	3.04937e-256	1	1	better
mealpy	OriginalSFO	20	10000	445	755	1200	1	1	1.48348e-19	3.72355e-17	worse
mealpy	BaseBBO	20	10000	1141	59	1200	4.86568e-261	8.70956e-259	1	1	better
mealpy	OriginalNMRA	20	10000	1185	15	1200	0	0	1	1	better
mealpy	OriginalACOR	20	10000	1135	65	1200	1.79217e-253	3.04669e-251	1	1	better
mealpy	ImprovedSFO	20	10000	540	660	1200	0.999764	1	0.000293209	0.0712497	not shown
mealpy	OriginalCRO	20	10000	1171	29	1200	9.47285e-304	2.14086e-301	1	1	better
mealpy	LevyJA	20	10000	1159	41	1200	1.59022e-285	3.32355e-283	1	1	better
mealpy	OriginalHS	20	10000	1144	56	1200	6.33725e-265	1.18507e-262	1	1	better
mealpy	OriginalCSO	20	10000	479	721	1200	1	1	1.47263e-12	3.66685e-10	worse
mealpy	OriginalCOA	20	10000	1173	27	1200	5.58515e-307	1.30134e-304	1	1	better
mealpy	LevyQSA	20	10000	1199	1	1200	0	0	1	1	better
mealpy	OppoQSA	20	10000	1189	11	1200	0	0	1	1	better
mealpy	BaseBRO	20	10000	570	630	1200	0.960896	1	0.0442459	1	not shown
mealpy	OriginalSLO	20	10000	856	344	1200	4.32313e-51	3.84759e-49	1	1	better
mealpy	OriginalMVO	20	10000	1163	37	1200	2.1158e-291	4.63361e-289	1	1	better
mealpy	CLPSO	20	10000	1199	1	1200	0	0	1	1	better
mealpy	OriginalNRO	20	10000	1193	7	1200	0	0	1	1	better
mealpy	BaseSCA	20	10000	1138	62	1200	3.18606e-257	5.5756e-255	1	1	better
mealpy	BaseGCO	20	10000	1131	69	1200	1.43156e-248	2.33345e-246	1	1	better
mealpy	OriginalArchOA	20	10000	1025	145	1170	6.26359e-164	7.51631e-162	1	1	better
mealpy	SwarmHC	20	10000	1180	20	1200	7.93924e-319	1.95305e-316	1	1	better
mealpy	ImprovedTLO	20	10000	593	607	1200	0.667488	1	0.353735	1	not shown
mealpy	OriginalMSA	20	10000	1195	5	1200	0	0	1	1	better
mealpy	WOA	20	10000	1096	104	1200	1.07796e-209	1.48758e-207	1	1	better
mealpy	OriginalIWO	20	10000	1125	75	1200	2.05178e-241	3.24182e-239	1	1	better
mealpy	BaseGA	20	10000	1181	19	1200	1.34336e-320	3.34498e-318	1	1	better
mealpy	ModifiedEO	20	10000	1194	6	1200	0	0	1	1	better
mealpy	ImprovedNMRA	20	10000	1131	69	1200	1.43156e-248	2.33345e-246	1	1	better
mealpy	BaseCHIO	20	10000	246	954	1200	1	1	5.08757e-99	1.36856e-96	worse
mealpy	OriginalHHO	20	10000	1083	117	1200	8.69881e-197	1.16564e-194	1	1	better
mealpy	OriginalGWO	20	10000	1106	94	1200	3.8413e-220	5.64672e-218	1	1	better
mealpy	ImprovedQSA	20	10000	1200	0	1200	0	0	1	1	better
mealpy	OriginalFBIO	20	10000	1200	0	1200	0	0	1	1	better
mealpy	OriginalBeesA	20	10000	1163	37	1200	2.1158e-291	4.63361e-289	1	1	better
mealpy	BaseEFO	20	10000	1173	27	1200	5.58515e-307	1.30134e-304	1	1	better
mealpy	OriginalSA	20	10000	1136	64	1200	1.02444e-254	1.7518e-252	1	1	better
mealpy	OriginalHC	20	10000	410	790	1200	1	1	1.30418e-28	3.3387e-26	worse
mealpy	OriginalSHO	20	10000	585	615	1200	0.814575	1	0.201257	1	not shown
mealpy	JADE	20	10000	1176	24	1200	6.02618e-312	1.43423e-309	1	1	better
mealpy	OriginalCA	20	10000	807	393	1200	1.03744e-33	8.71452e-32	1	1	better
mealpy	EnhancedTWO	20	10000	1138	62	1200	3.18606e-257	5.5756e-255	1	1	better
mealpy	BaseSSA	20	10000	1001	199	1200	2.8966e-129	2.9835e-127	1	1	better
mealpy	OriginalAOA	20	10000	203	997	1200	1	1	1.76421e-126	4.93977e-124	worse
mealpy	OriginalQSA	20	10000	1176	24	1200	6.02618e-312	1.43423e-309	1	1	better
mealpy	OriginalGOA	20	10000	1046	154	1200	1.19923e-163	1.42708e-161	1	1	better
mealpy	EnhancedAEO	20	10000	1108	92	1200	2.73197e-222	4.04331e-220	1	1	better
mealpy	OriginalGSKA	20	10000	1150	50	1200	6.45201e-273	1.25169e-270	1	1	better
mealpy	PPSO	20	10000	1022	178	1200	1.38412e-144	1.55021e-142	1	1	better
mealpy	OriginalCGO	20	10000	1093	107	1200	1.19235e-206	1.60968e-204	1	1	better
mealpy	OriginalHGSO	20	10000	830	370	1200	2.31004e-41	1.98663e-39	1	1	better
mealpy	OriginalSBO	20	10000	1163	37	1200	2.1158e-291	4.63361e-289	1	1	better
mealpy	OppoTWO	20	10000	1155	45	1200	8.01255e-280	1.61854e-277	1	1	better
mealpy	OriginalASO	20	10000	83	1117	1200	1	1	3.25527e-232	9.37517e-230	worse
mealpy	ModifiedSLO	20	10000	1071	129	1200	1.72403e-185	2.18952e-183	1	1	better
mealpy	BaseVCS	20	10000	1200	0	1200	0	0	1	1	better
mealpy	LSHADE	20	10000	1170	30	1200	3.70089e-302	8.28998e-300	1	1	better
mealpy	OriginalEFO	20	10000	838	362	1200	3.12026e-44	2.74583e-42	1	1	better
mealpy	OriginalJA	20	10000	416	784	1200	1	1	6.37434e-27	1.62546e-24	worse
mealpy	OriginalGCO	20	10000	1097	103	1200	1.02082e-210	1.42915e-208	1	1	better
mealpy	OriginalPSS	20	10000	1150	50	1200	6.45201e-273	1.25169e-270	1	1	better
mealpy	OriginalEHO	20	10000	1031	169	1200	1.57118e-151	1.82257e-149	1	1	better
mealpy	OriginalSSA	20	10000	941	259	1200	1.49713e-91	1.39233e-89	1	1	better
mealpy	OriginalSCA	20	10000	1145	55	1200	3.09647e-266	5.82136e-264	1	1	better
mealpy	OriginalBES	20	10000	783	417	1200	1.20335e-26	9.62683e-25	1	1	better
mealpy	BaseSBO	20	10000	1173	27	1200	5.58515e-307	1.30134e-304	1	1	better
mealpy	BaseJA	20	10000	1134	66	1200	3.08504e-252	5.21372e-250	1	1	better
mealpy	OriginalSARO	20	10000	1168	32	1200	5.11183e-299	1.12971e-296	1	1	better
mealpy	OriginalSRSR	20	10000	1193	7	1200	0	0	1	1	better
mealpy	OriginalTWO	20	10000	1147	53	1200	6.98302e-269	1.31979e-266	1	1	better
mealpy	OriginalWDO	20	10000	419	781	1200	1	1	4.24192e-26	1.07745e-23	worse
mealpy	AugmentedAEO	20	10000	1138	62	1200	3.18606e-257	5.5756e-255	1	1	better
mealpy	OriginalWOA	20	10000	1051	149	1200	7.61007e-168	9.36039e-166	1	1	better
mealpy	SADE	20	10000	1182	18	1200	2.17389e-322	5.43472e-320	1	1	better
mealpy	OriginalBRO	20	10000	1103	97	1200	5.87757e-217	8.52248e-215	1	1	better
mealpy	OriginalSSpiderO	20	10000	1113	87	1200	9.47456e-228	1.44013e-225	1	1	better
mealpy	ProbBeesA	20	10000	701	499	1200	3.0196e-09	2.17411e-07	1	1	better
mealpy	OriginalFA	20	10000	1173	27	1200	5.58515e-307	1.30134e-304	1	1	better
mealpy	OriginalCSA	20	10000	719	481	1200	3.35552e-12	2.51664e-10	1	1	better
mealpy	OriginalALO	20	10000	269	0	269	1.05422e-81	9.69882e-80	1	1	better
mealpy	OriginalDO	20	10000	1069	131	1200	1.16288e-183	1.4536e-181	1	1	better
mealpy	OriginalCHIO	20	10000	582	618	1200	0.857264	1	0.15616	1	not shown
mealpy	OriginalBSA	20	10000	1149	51	1200	1.45624e-271	2.76686e-269	1	1	better
mealpy	LevyEP	20	10000	1167	33	1200	1.81091e-297	3.98401e-295	1	1	better
mealpy	OriginalICA	20	10000	768	7	775	1.64664e-217	2.4041e-215	1	1	better
mealpy	ImprovedLCO	20	10000	1098	102	1200	9.56554e-212	1.34874e-209	1	1	better
mealpy	OriginalMFO	20	10000	183	1017	1200	1	1	7.92284e-141	2.22632e-138	worse
mealpy	ImprovedAEO	20	10000	1124	76	1200	3.04026e-240	4.77321e-238	1	1	better
mealpy	OriginalVCS	20	10000	805	395	1200	4.36687e-33	3.58083e-31	1	1	better
mealpy	AdaptiveBA	20	10000	4	1196	1200	1	1	0	0	worse
mealpy	MultiGA	20	10000	1101	99	1200	7.37961e-215	1.05528e-212	1	1	better
mealpy	OriginalES	20	10000	1160	40	1200	5.61541e-287	1.18485e-284	1	1	better
mealpy	LevyES	20	10000	1197	3	1200	0	0	1	1	better
mealpy	OriginalEP	20	10000	204	996	1200	1	1	8.63517e-126	2.40058e-123	worse
mealpy	BaseSMA	20	10000	1174	26	1200	1.28335e-308	3.01587e-306	1	1	better
mealpy	OriginalPSO	20	10000	122	1078	1200	1	1	5.19199e-192	1.47972e-189	worse
mealpy	FBUDGETSHADE	20	10000	1180	20	1200	7.93924e-319	1.95305e-316	1	1	better
mealpy	OriginalFOA	20	10000	240	960	1200	1	1	1.36163e-102	3.6764e-100	worse
mealpy	BaseQSA	20	10000	1192	8	1200	0	0	1	1	better
mealpy	BaseMFO	20	10000	1163	37	1200	2.1158e-291	4.63361e-289	1	1	better
mealpy	BaseDE	20	10000	1143	57	1200	1.27312e-263	2.34255e-261	1	1	better
mealpy	WhaleFOA	20	10000	254	946	1200	1	1	2.21838e-94	5.92308e-92	worse
Baselines	DE	20	10000	1152	48	1200	1.18991e-275	8.32935e-275	1	1	better
Baselines	RCobyla	20	10000	1123	77	1200	4.44251e-239	2.66551e-238	1	1	better
Baselines	PSO	20	10000	45	1155	1200	1	1	8.01255e-280	8.81381e-279	worse
Baselines	DiagonalCMA	20	10000	1178	22	1200	2.39493e-315	1.91595e-314	1	1	better
Baselines	modcma	20	10000	1188	12	1200	0	0	1	1	better
Baselines	modde	20	10000	1114	86	1200	7.3916e-229	3.6958e-228	1	1	better
Baselines	OnePlusOne	20	10000	1006	194	1200	8.36166e-133	1.67233e-132	1	1	better
Baselines	Powell	20	10000	1034	166	1200	6.73123e-154	2.01937e-153	1	1	better
Baselines	MultiBFGS	20	10000	1066	134	1200	6.04339e-181	2.41736e-180	1	1	better
Baselines	lshade	20	10000	1200	0	1200	0	0	1	1	better
Baselines	bipop	20	10000	1188	12	1200	0	0	1	1	better
