lib	alg	dim	budget_factor	wins	losses	pairs	p_better	holm_better	p_worse	holm_worse	verdict
EVOLOPY	DE	2	10	670	529	1200	2.5887e-05	-1	0.99998	-1	descriptive
EVOLOPY	JAYA	2	10	630	567	1200	0.0365422	-1	0.967854	-1	descriptive
EVOLOPY	PSO	2	10	630	567	1200	0.0365422	-1	0.967854	-1	descriptive
EVOLOPY	WOA	2	10	630	567	1200	0.0365422	-1	0.967854	-1	descriptive
EVOLOPY	FFA	2	10	630	567	1200	0.0365422	-1	0.967854	-1	descriptive
EVOLOPY	BAT	2	10	630	567	1200	0.0365422	-1	0.967854	-1	descriptive
EVOLOPY	MVO	2	10	630	567	1200	0.0365422	-1	0.967854	-1	descriptive
EVOLOPY	HHO	2	10	613	584	1200	0.209176	-1	0.807055	-1	descriptive
EVOLOPY	SCA	2	10	630	567	1200	0.0365422	-1	0.967854	-1	descriptive
EVOLOPY	GA	2	10	521	473	995	0.0679936	-1	0.939952	-1	descriptive
EVOLOPY	MFO	2	10	630	567	1200	0.0365422	-1	0.967854	-1	descriptive
EVOLOPY	CS	2	10	630	567	1200	0.0365422	-1	0.967854	-1	descriptive
EVOLOPY	GWO	2	10	630	567	1200	0.0365422	-1	0.967854	-1	descriptive
EVOLOPY	SSA	2	10	635	563	1200	0.0200964	-1	0.982553	-1	descriptive
NIAPY	DynamicFireworksAlgorithm	2	10	303	896	1200	1	-1	1.06162e-68	-1	descriptive
NIAPY	HarmonySearch	2	10	659	539	1200	0.000290109	-1	0.999766	-1	descriptive
NIAPY	EvolutionStrategyMp1	2	10	346	853	1200	1	-1	3.79628e-50	-1	descriptive
NIAPY	MonarchButterflyOptimization	2	10	610	588	1200	0.272026	-1	0.746809	-1	descriptive
NIAPY	CenterParticleSwarmOptimization	2	10	641	558	1200	0.00892096	-1	0.992382	-1	descriptive
NIAPY	DynNpDifferentialEvolution	2	10	596	600	1200	0.557474	-1	0.465439	-1	descriptive
NIAPY	CamelAlgorithm	2	10	626	571	1200	0.0592673	-1	0.947254	-1	descriptive
NIAPY	BatAlgorithm	2	10	642	557	1200	0.00761828	-1	0.993514	-1	descriptive
NIAPY	GlowwormSwarmOptimization	2	10	628	570	1200	0.0497772	-1	0.955887	-1	descriptive
NIAPY	BareBonesFireworksAlgorithm	2	10	428	772	1200	1	-1	1.02773e-23	-1	descriptive
NIAPY	CuckooSearch	2	10	645	554	1200	0.00465846	-1	0.99607	-1	descriptive
NIAPY	GeneticAlgorithm	2	10	649	551	1200	0.00254342	-1	0.997877	-1	descriptive
NIAPY	ParticleSwarmAlgorithm	2	10	628	568	1200	0.0439802	-1	0.961144	-1	descriptive
NIAPY	MonkeyKingEvolutionV3	2	10	605	592	1200	0.364362	-1	0.657124	-1	descriptive
NIAPY	MonkeyKingEvolutionV2	2	10	643	556	1200	0.00648604	-1	0.994495	-1	descriptive
NIAPY	SineCosineAlgorithm	2	10	640	557	1200	0.00887329	-1	0.992424	-1	descriptive
NIAPY	EvolutionStrategy1p1	2	10	733	462	1200	2.18527e-15	-1	1	-1	descriptive
NIAPY	HarrisHawksOptimization	2	10	635	562	1200	0.0186919	-1	0.983799	-1	descriptive
NIAPY	ParticleSwarmOptimization	2	10	638	561	1200	0.0140664	-1	0.987878	-1	descriptive
NIAPY	ForestOptimizationAlgorithm	2	10	426	774	1200	1	-1	3.11182e-24	-1	descriptive
NIAPY	EnhancedFireworksAlgorithm	2	10	334	866	1200	1	-1	3.80213e-55	-1	descriptive
NIAPY	MultiStrategyDifferentialEvolution	2	10	643	555	1200	0.00596005	-1	0.99495	-1	descriptive
NIAPY	MutatedParticleSwarmOptimization	2	10	650	549	1200	0.00192969	-1	0.998397	-1	descriptive
NIAPY	ComprehensiveLearningParticleSwarmOptimizer	2	10	625	574	1200	0.0743573	-1	0.933434	-1	descriptive
NIAPY	KrillHerd	2	10	631	565	1200	0.0300639	-1	0.973672	-1	descriptive
NIAPY	FishSchoolSearch	2	10	627	572	1200	0.0594212	-1	0.947108	-1	descriptive
NIAPY	MutatedCenterUnifiedParticleSwarmOptimization	2	10	645	555	1200	0.00508185	-1	0.995706	-1	descriptive
NIAPY	MutatedCenterParticleSwarmOptimization	2	10	653	544	1200	0.000893564	-1	0.999267	-1	descriptive
NIAPY	GlowwormSwarmOptimizationV2	2	10	640	559	1200	0.0104147	-1	0.991079	-1	descriptive
NIAPY	CatSwarmOptimization	2	10	625	573	1200	0.0702958	-1	0.937164	-1	descriptive
NIAPY	DifferentialEvolution	2	10	644	554	1200	0.00505042	-1	0.995734	-1	descriptive
NIAPY	FireworksAlgorithm	2	10	348	851	1200	1	-1	2.29739e-49	-1	descriptive
NIAPY	MothFlameOptimizer	2	10	647	553	1200	0.0036174	-1	0.996962	-1	descriptive
NIAPY	DynNpMultiStrategyDifferentialEvolution	2	10	636	564	1200	0.0201798	-1	0.982477	-1	descriptive
NIAPY	EvolutionStrategyML	2	10	357	842	1200	1	-1	6.21422e-46	-1	descriptive
NIAPY	GreyWolfOptimizer	2	10	633	566	1200	0.0282992	-1	0.975247	-1	descriptive
NIAPY	HarmonySearchV1	2	10	636	560	1200	0.0150322	-1	0.987031	-1	descriptive
NIAPY	BeesAlgorithm	2	10	644	552	1200	0.00423893	-1	0.996431	-1	descriptive
NIAPY	GlowwormSwarmOptimizationV1	2	10	649	550	1200	0.00231595	-1	0.99807	-1	descriptive
NIAPY	GlowwormSwarmOptimizationV3	2	10	632	565	1200	0.0281961	-1	0.975342	-1	descriptive
NIAPY	LionOptimizationAlgorithm	2	10	631	569	1200	0.0391044	-1	0.96554	-1	descriptive
NIAPY	ArtificialBeeColonyAlgorithm	2	10	593	606	1200	0.657	-1	0.364471	-1	descriptive
NIAPY	AgingNpDifferentialEvolution	2	10	628	568	1200	0.0439802	-1	0.961144	-1	descriptive
NIAPY	OppositionVelocityClampingParticleSwarmOptimization	2	10	631	566	1200	0.0321462	-1	0.971804	-1	descriptive
NIAPY	CoralReefsOptimization	2	10	633	564	1200	0.0246585	-1	0.978499	-1	descriptive
NIAPY	BacterialForagingOptimization	2	10	639	559	1200	0.0112121	-1	0.990383	-1	descriptive
NIAPY	DynamicFireworksAlgorithmGauss	2	10	358	842	1200	1	-1	1.04362e-45	-1	descriptive
NIAPY	ClonalSelectionAlgorithm	2	10	580	617	1200	0.863975	-1	0.149045	-1	descriptive
NIAPY	GravitationalSearchAlgorithm	2	10	636	563	1200	0.0187716	-1	0.983726	-1	descriptive
NIAPY	MonkeyKingEvolutionV1	2	10	675	523	1200	6.26559e-06	-1	0.999995	-1	descriptive
NIAPY	EvolutionStrategyMpL	2	10	356	844	1200	1	-1	1.86384e-46	-1	descriptive
NIAPY	FireflyAlgorithm	2	10	613	585	1200	0.21768	-1	0.798939	-1	descriptive
NIAPY	FlowerPollinationAlgorithm	2	10	643	553	1200	0.00501909	-1	0.995761	-1	descriptive
OPYTIMIZER	SA	2	10	946	249	1200	2.90243e-96	-1	1	-1	descriptive
OPYTIMIZER	GOGHS	2	10	1094	106	1200	1.1649e-207	-1	1	-1	descriptive
OPYTIMIZER	QSA	2	10	1087	112	1200	2.08783e-201	-1	1	-1	descriptive
OPYTIMIZER	SGHS	2	10	1059	139	1200	5.37451e-176	-1	1	-1	descriptive
OPYTIMIZER	DE	2	10	1098	102	1200	9.56554e-212	-1	1	-1	descriptive
OPYTIMIZER	RFO	2	10	1091	108	1200	2.19887e-205	-1	1	-1	descriptive
OPYTIMIZER	PPA	2	10	445	754	1200	1	-1	1.87017e-19	-1	descriptive
OPYTIMIZER	EHO	2	10	1093	107	1200	1.19235e-206	-1	1	-1	descriptive
OPYTIMIZER	AEO	2	10	1089	111	1200	1.1827e-202	-1	1	-1	descriptive
OPYTIMIZER	ABO	2	10	1096	104	1200	1.07796e-209	-1	1	-1	descriptive
OPYTIMIZER	GHS	2	10	1078	122	1200	5.19199e-192	-1	1	-1	descriptive
OPYTIMIZER	PVS	2	10	1099	100	1200	1.49133e-213	-1	1	-1	descriptive
OPYTIMIZER	BWO	2	10	1067	133	1200	7.58052e-182	-1	1	-1	descriptive
OPYTIMIZER	PSO	2	10	1066	133	1200	1.34825e-181	-1	1	-1	descriptive
OPYTIMIZER	BSO	2	10	1092	108	1200	1.20805e-205	-1	1	-1	descriptive
OPYTIMIZER	CSA	2	10	619	581	1200	0.142736	-1	0.869886	-1	descriptive
OPYTIMIZER	SSO	2	10	939	260	1200	8.50817e-91	-1	1	-1	descriptive
OPYTIMIZER	WOA	2	10	1088	111	1200	2.14682e-202	-1	1	-1	descriptive
OPYTIMIZER	BA	2	10	1056	141	1200	5.397e-174	-1	1	-1	descriptive
OPYTIMIZER	HS	2	10	1084	116	1200	9.37822e-198	-1	1	-1	descriptive
OPYTIMIZER	JS	2	10	378	822	1200	1	-1	1.3336e-38	-1	descriptive
OPYTIMIZER	SOS	2	10	1093	107	1200	1.19235e-206	-1	1	-1	descriptive
OPYTIMIZER	GS	2	10	677	519	1200	2.73357e-06	-1	0.999998	-1	descriptive
OPYTIMIZER	EFO	2	10	1091	108	1200	2.19887e-205	-1	1	-1	descriptive
OPYTIMIZER	GSA	2	10	292	907	1200	1	-1	5.30142e-74	-1	descriptive
OPYTIMIZER	ESA	2	10	1043	156	1200	9.45873e-162	-1	1	-1	descriptive
OPYTIMIZER	BOA	2	10	148	331	480	1	-1	1.88354e-17	-1	descriptive
OPYTIMIZER	HC	2	10	642	554	1200	0.00592457	-1	0.994981	-1	descriptive
OPYTIMIZER	ABC	2	10	1065	106	1172	4.15138e-200	-1	1	-1	descriptive
OPYTIMIZER	RRA	2	10	1093	105	1200	3.75211e-208	-1	1	-1	descriptive
OPYTIMIZER	NDS	2	10	674	522	1200	6.16117e-06	-1	0.999995	-1	descriptive
OPYTIMIZER	NBJS	2	10	378	822	1200	1	-1	1.3336e-38	-1	descriptive
OPYTIMIZER	SSD	2	10	282	918	1200	1	-1	3.26793e-79	-1	descriptive
OPYTIMIZER	CEM	2	10	914	281	1200	8.43473e-79	-1	1	-1	descriptive
OPYTIMIZER	AOA	2	10	1016	181	1200	1.24283e-141	-1	1	-1	descriptive
OPYTIMIZER	MRFO	2	10	979	220	1200	6.97827e-115	-1	1	-1	descriptive
OPYTIMIZER	ASO	2	10	195	1004	1200	1	-1	7.23787e-132	-1	descriptive
OPYTIMIZER	SFO	2	10	767	431	1200	9.89043e-23	-1	1	-1	descriptive
OPYTIMIZER	IHS	2	10	1100	100	1200	8.13378e-214	-1	1	-1	descriptive
OPYTIMIZER	COA	2	10	1087	113	1200	1.10972e-200	-1	1	-1	descriptive
OPYTIMIZER	GOA	2	10	1085	114	1200	1.91758e-199	-1	1	-1	descriptive
OPYTIMIZER	STOA	2	10	278	921	1200	1	-1	4.29695e-81	-1	descriptive
OPYTIMIZER	MVPA	2	10	1090	110	1200	1.20305e-203	-1	1	-1	descriptive
OPYTIMIZER	ES	2	10	1079	121	1200	5.86366e-193	-1	1	-1	descriptive
OPYTIMIZER	AIWPSO	2	10	988	211	1200	8.1364e-121	-1	1	-1	descriptive
OPYTIMIZER	ISA	2	10	167	1033	1200	1	-1	4.17329e-153	-1	descriptive
OPYTIMIZER	EO	2	10	1100	99	1200	1.35428e-214	-1	1	-1	descriptive
OPYTIMIZER	AF	2	10	137	912	1050	1	-1	2.51292e-141	-1	descriptive
OPYTIMIZER	DOA	2	10	1085	115	1200	1.00151e-198	-1	1	-1	descriptive
OPYTIMIZER	PIO	2	10	259	941	1200	1	-1	1.49713e-91	-1	descriptive
OPYTIMIZER	HHO	2	10	1085	115	1200	1.00151e-198	-1	1	-1	descriptive
OPYTIMIZER	BSA	2	10	1088	112	1200	1.15126e-201	-1	1	-1	descriptive
OPYTIMIZER	TEO	2	10	514	663	1180	0.999994	-1	7.8247e-06	-1	descriptive
OPYTIMIZER	FA	2	10	613	584	1200	0.209176	-1	0.807055	-1	descriptive
OPYTIMIZER	WWO	2	10	1099	101	1200	8.86823e-213	-1	1	-1	descriptive
OPYTIMIZER	IWO	2	10	1088	112	1200	1.15126e-201	-1	1	-1	descriptive
OPYTIMIZER	KH	2	10	1012	188	1200	3.86183e-137	-1	1	-1	descriptive
OPYTIMIZER	FOA	2	10	1100	100	1200	8.13378e-214	-1	1	-1	descriptive
OPYTIMIZER	RPSO	2	10	1016	184	1200	4.38528e-140	-1	1	-1	descriptive
OPYTIMIZER	SCA	2	10	433	767	1200	1	-1	1.91304e-22	-1	descriptive
OPYTIMIZER	OSA	2	10	682	516	1200	9.01362e-07	-1	0.999999	-1	descriptive
OPYTIMIZER	WDO	2	10	550	649	1200	0.99807	-1	0.00231595	-1	descriptive
OPYTIMIZER	LSA	2	10	1087	113	1200	1.10972e-200	-1	1	-1	descriptive
OPYTIMIZER	VPSO	2	10	945	255	1200	8.24481e-94	-1	1	-1	descriptive
OPYTIMIZER	SBO	2	10	1082	117	1200	1.57031e-196	-1	1	-1	descriptive
OPYTIMIZER	GA	2	10	1095	104	1200	1.96925e-209	-1	1	-1	descriptive
OPYTIMIZER	MFO	2	10	1082	118	1200	7.99289e-196	-1	1	-1	descriptive
OPYTIMIZER	CS	2	10	1102	98	1200	6.62242e-216	-1	1	-1	descriptive
OPYTIMIZER	FSO	2	10	1089	111	1200	1.1827e-202	-1	1	-1	descriptive
OPYTIMIZER	NGHS	2	10	1095	102	1200	5.8625e-211	-1	1	-1	descriptive
OPYTIMIZER	GCO	2	10	1096	103	1200	1.86658e-210	-1	1	-1	descriptive
OPYTIMIZER	TWO	2	10	1095	105	1200	1.12642e-208	-1	1	-1	descriptive
OPYTIMIZER	WEO	2	10	1092	108	1200	1.20805e-205	-1	1	-1	descriptive
OPYTIMIZER	GWO	2	10	1078	121	1200	1.0546e-192	-1	1	-1	descriptive
OPYTIMIZER	SAVPSO	2	10	1022	177	1200	4.10138e-145	-1	1	-1	descriptive
OPYTIMIZER	FFOA	2	10	893	307	1200	5.28723e-67	-1	1	-1	descriptive
OPYTIMIZER	AIG	2	10	1088	112	1200	1.15126e-201	-1	1	-1	descriptive
OPYTIMIZER	BH	2	10	1063	137	1200	2.91281e-178	-1	1	-1	descriptive
OPYTIMIZER	CI	2	10	543	77	621	1.38117e-87	-1	1	-1	descriptive
OPYTIMIZER	SSA	2	10	1082	117	1200	1.57031e-196	-1	1	-1	descriptive
OPYTIMIZER	AO	2	10	1064	135	1200	8.48175e-180	-1	1	-1	descriptive
OPYTIMIZER	MVO	2	10	358	48	406	5.04227e-60	-1	1	-1	descriptive
mealpy	LevyTWO	2	10	613	584	1200	0.209176	-1	0.807055	-1	descriptive
mealpy	OriginalTLO	2	10	613	584	1200	0.209176	-1	0.807055	-1	descriptive
mealpy	GWO	2	10	613	584	1200	0.209176	-1	0.807055	-1	descriptive
mealpy	OriginalBBO	2	10	613	584	1200	0.209176	-1	0.807055	-1	descriptive
mealpy	ABFO	2	10	605	578	1186	0.224853	-1	0.792194	-1	descriptive
mealpy	OriginalWHO	2	10	613	584	1200	0.209176	-1	0.807055	-1	descriptive
mealpy	OriginalFFA	2	10	613	584	1200	0.209176	-1	0.807055	-1	descriptive
mealpy	BaseSARO	2	10	613	584	1200	0.209176	-1	0.807055	-1	descriptive
mealpy	OriginalSMA	2	10	613	584	1200	0.209176	-1	0.807055	-1	descriptive
mealpy	SingleGA	2	10	613	584	1200	0.209176	-1	0.807055	-1	descriptive
mealpy	OriginalSSDO	2	10	599	598	1200	0.5	-1	0.523047	-1	descriptive
mealpy	OriginalFPA	2	10	613	584	1200	0.209176	-1	0.807055	-1	descriptive
mealpy	OriginalSSO	2	10	613	584	1200	0.209176	-1	0.807055	-1	descriptive
mealpy	OriginalMA	2	10	658	539	1200	0.000321064	-1	0.999741	-1	descriptive
mealpy	OriginalCEM	2	10	612	584	1200	0.217488	-1	0.799136	-1	descriptive
mealpy	OCRO	2	10	613	584	1200	0.209176	-1	0.807055	-1	descriptive
mealpy	OriginalBA	2	10	633	564	1200	0.0246585	-1	0.978499	-1	descriptive
mealpy	OriginalAEO	2	10	613	584	1200	0.209176	-1	0.807055	-1	descriptive
mealpy	OriginalBSO	2	10	613	584	1200	0.209176	-1	0.807055	-1	descriptive
mealpy	OriginalBFO	2	10	613	584	1200	0.209176	-1	0.807055	-1	descriptive
mealpy	ImprovedSLO	2	10	636	561	1200	0.0162015	-1	0.985999	-1	descriptive
mealpy	OriginalLCO	2	10	613	584	1200	0.209176	-1	0.807055	-1	descriptive
mealpy	OriginalHGS	2	10	613	584	1200	0.209176	-1	0.807055	-1	descriptive
mealpy	BaseALO	2	10	613	584	1200	0.209176	-1	0.807055	-1	descriptive
mealpy	CPSO	2	10	599	598	1200	0.5	-1	0.523047	-1	descriptive
mealpy	OriginalEO	2	10	613	584	1200	0.209176	-1	0.807055	-1	descriptive
mealpy	DE	2	10	639	558	1200	0.0103615	-1	0.991127	-1	descriptive
mealpy	ModifiedBA	2	10	613	584	1200	0.209176	-1	0.807055	-1	descriptive
mealpy	BaseTLO	2	10	613	584	1200	0.209176	-1	0.807055	-1	descriptive
mealpy	OriginalPFA	2	10	613	584	1200	0.209176	-1	0.807055	-1	descriptive
mealpy	BaseFOA	2	10	381	816	1200	1	-1	3.46122e-37	-1	descriptive
mealpy	OriginalGBO	2	10	613	584	1200	0.209176	-1	0.807055	-1	descriptive
mealpy	TVAC	2	10	629	569	1200	0.044113	-1	0.96102	-1	descriptive
mealpy	BaseFBIO	2	10	613	584	1200	0.209176	-1	0.807055	-1	descriptive
mealpy	ImprovedBSO	2	10	613	584	1200	0.209176	-1	0.807055	-1	descriptive
mealpy	OriginalAO	2	10	613	584	1200	0.209176	-1	0.807055	-1	descriptive
mealpy	BaseGSKA	2	10	613	584	1200	0.209176	-1	0.807055	-1	descriptive
mealpy	BaseLCO	2	10	613	584	1200	0.209176	-1	0.807055	-1	descriptive
mealpy	OriginalSSpiderA	2	10	613	584	1200	0.209176	-1	0.807055	-1	descriptive
mealpy	BaseHS	2	10	613	584	1200	0.209176	-1	0.807055	-1	descriptive
mealpy	AdaptiveEO	2	10	613	584	1200	0.209176	-1	0.807055	-1	descriptive
mealpy	OriginalWCA	2	10	402	373	778	0.157258	-1	0.859405	-1	descriptive
mealpy	OriginalMRFO	2	10	613	584	1200	0.209176	-1	0.807055	-1	descriptive
mealpy	OriginalEOA	2	10	613	584	1200	0.209176	-1	0.807055	-1	descriptive
mealpy	OriginalABC	2	10	613	584	1200	0.209176	-1	0.807055	-1	descriptive
mealpy	ModifiedAEO	2	10	613	584	1200	0.209176	-1	0.807055	-1	descriptive
mealpy	OriginalSFO	2	10	613	584	1200	0.209176	-1	0.807055	-1	descriptive
mealpy	BaseBBO	2	10	613	584	1200	0.209176	-1	0.807055	-1	descriptive
mealpy	OriginalNMRA	2	10	613	584	1200	0.209176	-1	0.807055	-1	descriptive
mealpy	OriginalACOR	2	10	613	584	1200	0.209176	-1	0.807055	-1	descriptive
mealpy	ImprovedSFO	2	10	613	584	1200	0.209176	-1	0.807055	-1	descriptive
mealpy	OriginalCRO	2	10	613	584	1200	0.209176	-1	0.807055	-1	descriptive
mealpy	LevyJA	2	10	613	584	1200	0.209176	-1	0.807055	-1	descriptive
mealpy	OriginalHS	2	10	613	584	1200	0.209176	-1	0.807055	-1	descriptive
mealpy	OriginalCSO	2	10	633	564	1200	0.0246585	-1	0.978499	-1	descriptive
mealpy	OriginalCOA	2	10	613	584	1200	0.209176	-1	0.807055	-1	descriptive
mealpy	LevyQSA	2	10	613	584	1200	0.209176	-1	0.807055	-1	descriptive
mealpy	OppoQSA	2	10	613	584	1200	0.209176	-1	0.807055	-1	descriptive
mealpy	BaseBRO	2	10	613	584	1200	0.209176	-1	0.807055	-1	descriptive
mealpy	OriginalSLO	2	10	613	584	1200	0.209176	-1	0.807055	-1	descriptive
mealpy	OriginalMVO	2	10	613	584	1200	0.209176	-1	0.807055	-1	descriptive
mealpy	CLPSO	2	10	599	598	1200	0.5	-1	0.523047	-1	descriptive
mealpy	OriginalNRO	2	10	613	584	1200	0.209176	-1	0.807055	-1	descriptive
mealpy	BaseSCA	2	10	613	584	1200	0.209176	-1	0.807055	-1	descriptive
mealpy	BaseGCO	2	10	613	584	1200	0.209176	-1	0.807055	-1	descriptive
mealpy	OriginalArchOA	2	10	609	589	1200	0.291532	-1	0.727974	-1	descriptive
mealpy	SwarmHC	2	10	613	584	1200	0.209176	-1	0.807055	-1	descriptive
mealpy	ImprovedTLO	2	10	613	584	1200	0.209176	-1	0.807055	-1	descriptive
mealpy	OriginalMSA	2	10	613	584	1200	0.209176	-1	0.807055	-1	descriptive
mealpy	WOA	2	10	613	584	1200	0.209176	-1	0.807055	-1	descriptive
mealpy	OriginalIWO	2	10	613	584	1200	0.209176	-1	0.807055	-1	descriptive
mealpy	BaseGA	2	10	613	584	1200	0.209176	-1	0.807055	-1	descriptive
mealpy	ModifiedEO	2	10	613	584	1200	0.209176	-1	0.807055	-1	descriptive
mealpy	ImprovedNMRA	2	10	613	584	1200	0.209176	-1	0.807055	-1	descriptive
mealpy	BaseCHIO	2	10	642	556	1200	0.00701202	-1	0.99404	-1	descriptive
mealpy	OriginalHHO	2	10	613	584	1200	0.209176	-1	0.807055	-1	descriptive
mealpy	OriginalGWO	2	10	613	584	1200	0.209176	-1	0.807055	-1	descriptive
mealpy	ImprovedQSA	2	10	613	584	1200	0.209176	-1	0.807055	-1	descriptive
mealpy	OriginalFBIO	2	10	613	584	1200	0.209176	-1	0.807055	-1	descriptive
mealpy	OriginalBeesA	2	10	613	584	1200	0.209176	-1	0.807055	-1	descriptive
mealpy	BaseEFO	2	10	613	584	1200	0.209176	-1	0.807055	-1	descriptive
mealpy	OriginalSA	2	10	613	584	1200	0.209176	-1	0.807055	-1	descriptive
mealpy	OriginalHC	2	10	613	584	1200	0.209176	-1	0.807055	-1	descriptive
mealpy	OriginalSHO	2	10	613	584	1200	0.209176	-1	0.807055	-1	descriptive
mealpy	JADE	2	10	613	584	1200	0.209176	-1	0.807055	-1	descriptive
mealpy	OriginalCA	2	10	613	584	1200	0.209176	-1	0.807055	-1	descriptive
mealpy	EnhancedTWO	2	10	613	584	1200	0.209176	-1	0.807055	-1	descriptive
mealpy	BaseSSA	2	10	613	584	1200	0.209176	-1	0.807055	-1	descriptive
mealpy	OriginalAOA	2	10	613	584	1200	0.209176	-1	0.807055	-1	descriptive
mealpy	OriginalQSA	2	10	613	584	1200	0.209176	-1	0.807055	-1	descriptive
mealpy	OriginalGOA	2	10	613	584	1200	0.209176	-1	0.807055	-1	descriptive
mealpy	EnhancedAEO	2	10	613	584	1200	0.209176	-1	0.807055	-1	descriptive
mealpy	OriginalGSKA	2	10	613	584	1200	0.209176	-1	0.807055	-1	descriptive
mealpy	PPSO	2	10	629	569	1200	0.044113	-1	0.96102	-1	descriptive
mealpy	OriginalCGO	2	10	613	584	1200	0.209176	-1	0.807055	-1	descriptive
mealpy	OriginalHGSO	2	10	664	535	1200	0.000107864	-1	0.999914	-1	descriptive
mealpy	OriginalSBO	2	10	613	584	1200	0.209176	-1	0.807055	-1	descriptive
mealpy	OppoTWO	2	10	613	584	1200	0.209176	-1	0.807055	-1	descriptive
mealpy	OriginalASO	2	10	599	598	1200	0.5	-1	0.523047	-1	descriptive
mealpy	ModifiedSLO	2	10	636	561	1200	0.0162015	-1	0.985999	-1	descriptive
mealpy	BaseVCS	2	10	613	584	1200	0.209176	-1	0.807055	-1	descriptive
mealpy	LSHADE	2	10	613	584	1200	0.209176	-1	0.807055	-1	descriptive
mealpy	OriginalEFO	2	10	613	586	1200	0.226373	-1	0.79063	-1	descriptive
mealpy	OriginalJA	2	10	613	584	1200	0.209176	-1	0.807055	-1	descriptive
mealpy	OriginalGCO	2	10	613	584	1200	0.209176	-1	0.807055	-1	descriptive
mealpy	OriginalPSS	2	10	648	549	1200	0.00229884	-1	0.998085	-1	descriptive
mealpy	OriginalEHO	2	10	613	584	1200	0.209176	-1	0.807055	-1	descriptive
mealpy	OriginalSSA	2	10	613	584	1200	0.209176	-1	0.807055	-1	descriptive
mealpy	OriginalSCA	2	10	613	584	1200	0.209176	-1	0.807055	-1	descriptive
mealpy	OriginalBES	2	10	613	584	1200	0.209176	-1	0.807055	-1	descriptive
mealpy	BaseSBO	2	10	613	584	1200	0.209176	-1	0.807055	-1	descriptive
mealpy	BaseJA	2	10	613	584	1200	0.209176	-1	0.807055	-1	descriptive
mealpy	OriginalSARO	2	10	613	584	1200	0.209176	-1	0.807055	-1	descriptive
mealpy	OriginalSRSR	2	10	613	584	1200	0.209176	-1	0.807055	-1	descriptive
mealpy	OriginalTWO	2	10	613	584	1200	0.209176	-1	0.807055	-1	descriptive
mealpy	OriginalWDO	2	10	635	562	1200	0.0186919	-1	0.983799	-1	descriptive
mealpy	AugmentedAEO	2	10	613	584	1200	0.209176	-1	0.807055	-1	descriptive
mealpy	OriginalWOA	2	10	613	584	1200	0.209176	-1	0.807055	-1	descriptive
mealpy	SADE	2	10	613	584	1200	0.209176	-1	0.807055	-1	descriptive
mealpy	OriginalBRO	2	10	613	584	1200	0.209176	-1	0.807055	-1	descriptive
mealpy	OriginalSSpiderO	2	10	621	576	1200	0.101719	-1	0.908181	-1	descriptive
mealpy	ProbBeesA	2	10	613	584	1200	0.209176	-1	0.807055	-1	descriptive
mealpy	OriginalFA	2	10	613	584	1200	0.209176	-1	0.807055	-1	descriptive
mealpy	OriginalCSA	2	10	613	584	1200	0.209176	-1	0.807055	-1	descriptive
mealpy	OriginalALO	2	10	613	584	1200	0.209176	-1	0.807055	-1	descriptive
mealpy	OriginalDO	2	10	613	584	1200	0.209176	-1	0.807055	-1	descriptive
mealpy	OriginalCHIO	2	10	642	556	1200	0.00701202	-1	0.99404	-1	descriptive
mealpy	OriginalBSA	2	10	613	584	1200	0.209176	-1	0.807055	-1	descriptive
mealpy	LevyEP	2	10	599	598	1200	0.5	-1	0.523047	-1	descriptive
mealpy	OriginalICA	2	10	368	335	706	0.113722	-1	0.900154	-1	descriptive
mealpy	ImprovedLCO	2	10	613	584	1200	0.209176	-1	0.807055	-1	descriptive
mealpy	OriginalMFO	2	10	613	584	1200	0.209176	-1	0.807055	-1	descriptive
mealpy	ImprovedAEO	2	10	613	584	1200	0.209176	-1	0.807055	-1	descriptive
mealpy	OriginalVCS	2	10	613	584	1200	0.209176	-1	0.807055	-1	descriptive
mealpy	AdaptiveBA	2	10	639	559	1200	0.0112121	-1	0.990383	-1	descriptive
mealpy	MultiGA	2	10	613	584	1200	0.209176	-1	0.807055	-1	descriptive
mealpy	OriginalES	2	10	599	598	1200	0.5	-1	0.523047	-1	descriptive
mealpy	LevyES	2	10	599	598	1200	0.5	-1	0.523047	-1	descriptive
mealpy	OriginalEP	2	10	599	598	1200	0.5	-1	0.523047	-1	descriptive
mealpy	BaseSMA	2	10	613	584	1200	0.209176	-1	0.807055	-1	descriptive
mealpy	OriginalPSO	2	10	599	598	1200	0.5	-1	0.523047	-1	descriptive
mealpy	FBUDGETSHADE	2	10	613	584	1200	0.209176	-1	0.807055	-1	descriptive
mealpy	OriginalFOA	2	10	381	816	1200	1	-1	3.46122e-37	-1	descriptive
mealpy	BaseQSA	2	10	613	584	1200	0.209176	-1	0.807055	-1	descriptive
mealpy	BaseMFO	2	10	613	584	1200	0.209176	-1	0.807055	-1	descriptive
mealpy	BaseDE	2	10	613	584	1200	0.209176	-1	0.807055	-1	descriptive
mealpy	WhaleFOA	2	10	381	816	1200	1	-1	3.46122e-37	-1	descriptive
Baselines	DE	2	10	0	0	1200	1	-1	1	-1	descriptive
Baselines	RCobyla	2	10	940	258	1200	1.01332e-91	-1	1	-1	descriptive
Baselines	PSO	2	10	421	375	1200	0.0553292	-1	0.952161	-1	descriptive
Baselines	DiagonalCMA	2	10	485	715	1200	1	-1	1.67247e-11	-1	descriptive
Baselines	modcma	2	10	780	417	1200	2.68231e-26	-1	1	-1	descriptive
Baselines	modde	2	10	613	584	1200	0.209176	-1	0.807055	-1	descriptive
Baselines	OnePlusOne	2	10	778	418	1200	6.55149e-26	-1	1	-1	descriptive
Baselines	Powell	2	10	529	668	1200	0.999974	-1	3.26397e-05	-1	descriptive
Baselines	MultiBFGS	2	10	663	537	1200	0.000152237	-1	0.999878	-1	descriptive
Baselines	lshade	2	10	613	584	1200	0.209176	-1	0.807055	-1	descriptive
Baselines	bipop	2	10	780	417	1200	2.68231e-26	-1	1	-1	descriptive
EVOLOPY	DE	2	50	632	563	1200	0.0245635	1	0.978586	1	not shown
EVOLOPY	JAYA	2	50	728	467	1200	2.1614e-14	3.93375e-12	1	1	better
EVOLOPY	PSO	2	50	798	398	1200	1.17327e-31	2.58119e-29	1	1	better
EVOLOPY	WOA	2	50	814	382	1200	1.01126e-36	2.32589e-34	1	1	better
EVOLOPY	FFA	2	50	729	464	1200	8.29931e-15	1.51877e-12	1	1	better
EVOLOPY	BAT	2	50	628	569	1200	0.046808	1	0.958582	1	not shown
EVOLOPY	MVO	2	50	555	637	1200	0.99191	1	0.00946664	1	not shown
EVOLOPY	HHO	2	50	804	391	1200	1.0838e-33	2.40603e-31	1	1	better
EVOLOPY	SCA	2	50	620	575	1200	0.10153	1	0.908365	1	not shown
EVOLOPY	GA	2	50	394	596	995	1	1	7.27928e-11	1.84166e-08	worse
EVOLOPY	MFO	2	50	687	509	1200	1.47085e-07	2.51516e-05	1	1	better
EVOLOPY	CS	2	50	457	739	1200	1	1	1.63553e-16	4.26872e-14	worse
EVOLOPY	GWO	2	50	893	303	1200	3.54729e-68	8.54896e-66	1	1	better
EVOLOPY	SSA	2	50	654	538	1200	0.000429198	0.0643797	0.999652	1	not shown
NIAPY	DynamicFireworksAlgorithm	2	50	353	843	1200	1	1	5.42913e-47	1.51473e-44	worse
NIAPY	HarmonySearch	2	50	702	495	1200	1.19656e-09	2.08201e-07	1	1	better
NIAPY	EvolutionStrategyMp1	2	50	613	583	1200	0.200864	1	0.814974	1	not shown
NIAPY	MonarchButterflyOptimization	2	50	353	841	1200	1	1	1.08035e-46	3.00338e-44	worse
NIAPY	CenterParticleSwarmOptimization	2	50	848	348	1200	6.58052e-49	1.553e-46	1	1	better
NIAPY	DynNpDifferentialEvolution	2	50	683	514	1200	5.7663e-07	9.68738e-05	1	1	better
NIAPY	CamelAlgorithm	2	50	588	607	1200	0.718547	1	0.301297	1	not shown
NIAPY	BatAlgorithm	2	50	529	666	1200	0.999968	1	4.10515e-05	0.0100987	worse
NIAPY	GlowwormSwarmOptimization	2	50	366	830	1200	1	1	3.275e-42	8.94074e-40	worse
NIAPY	BareBonesFireworksAlgorithm	2	50	726	468	1200	4.12575e-14	7.46761e-12	1	1	better
NIAPY	CuckooSearch	2	50	430	768	1200	1	1	5.52541e-23	1.48633e-20	worse
NIAPY	GeneticAlgorithm	2	50	605	592	1200	0.364362	1	0.657124	1	not shown
NIAPY	ParticleSwarmAlgorithm	2	50	778	417	1200	4.56701e-26	9.54504e-24	1	1	better
NIAPY	MonkeyKingEvolutionV3	2	50	635	560	1200	0.0161291	1	0.986065	1	not shown
NIAPY	MonkeyKingEvolutionV2	2	50	555	642	1200	0.994528	1	0.00644828	1	not shown
NIAPY	SineCosineAlgorithm	2	50	261	935	1200	1	1	1.17529e-89	3.4201e-87	worse
NIAPY	EvolutionStrategy1p1	2	50	864	330	1200	7.50989e-56	1.78735e-53	1	1	better
NIAPY	HarrisHawksOptimization	2	50	782	413	1200	3.608e-27	7.61288e-25	1	1	better
NIAPY	ParticleSwarmOptimization	2	50	787	406	1200	6.44358e-29	1.39826e-26	1	1	better
NIAPY	ForestOptimizationAlgorithm	2	50	445	750	1200	1	1	4.7008e-19	1.23161e-16	worse
NIAPY	EnhancedFireworksAlgorithm	2	50	350	848	1200	1	1	1.93902e-48	5.44864e-46	worse
NIAPY	MultiStrategyDifferentialEvolution	2	50	599	595	1200	0.46541	1	0.557522	1	not shown
NIAPY	MutatedParticleSwarmOptimization	2	50	812	385	1200	7.1381e-36	1.62035e-33	1	1	better
NIAPY	ComprehensiveLearningParticleSwarmOptimizer	2	50	353	844	1200	1	1	3.84668e-47	1.07707e-44	worse
NIAPY	KrillHerd	2	50	770	429	1200	2.39088e-23	4.7948e-21	1	1	better
NIAPY	FishSchoolSearch	2	50	592	605	1200	0.657124	1	0.364362	1	not shown
NIAPY	MutatedCenterUnifiedParticleSwarmOptimization	2	50	835	358	1200	1.11708e-44	2.61398e-42	1	1	better
NIAPY	MutatedCenterParticleSwarmOptimization	2	50	804	392	1200	1.6573e-33	3.66264e-31	1	1	better
NIAPY	GlowwormSwarmOptimizationV2	2	50	368	830	1200	1	1	8.73059e-42	2.37472e-39	worse
NIAPY	CatSwarmOptimization	2	50	583	614	1200	0.822493	1	0.192945	1	not shown
NIAPY	DifferentialEvolution	2	50	573	622	1200	0.925982	1	0.0824732	1	not shown
NIAPY	FireworksAlgorithm	2	50	234	965	1200	1	1	4.86839e-106	1.42644e-103	worse
NIAPY	MothFlameOptimizer	2	50	603	592	1200	0.386191	1	0.635747	1	not shown
NIAPY	DynNpMultiStrategyDifferentialEvolution	2	50	553	643	1200	0.995761	1	0.00501909	1	not shown
NIAPY	EvolutionStrategyML	2	50	554	645	1200	0.99607	1	0.00465846	1	not shown
NIAPY	GreyWolfOptimizer	2	50	765	429	1200	8.38563e-23	1.66874e-20	1	1	better
NIAPY	HarmonySearchV1	2	50	695	498	1200	6.46083e-09	1.11772e-06	1	1	better
NIAPY	BeesAlgorithm	2	50	817	381	1200	2.53499e-37	5.85583e-35	1	1	better
NIAPY	GlowwormSwarmOptimizationV1	2	50	367	827	1200	1	1	1.42997e-41	3.87522e-39	worse
NIAPY	GlowwormSwarmOptimizationV3	2	50	354	841	1200	1	1	1.82718e-46	5.0613e-44	worse
NIAPY	LionOptimizationAlgorithm	2	50	593	603	1200	0.624778	1	0.397345	1	not shown
NIAPY	ArtificialBeeColonyAlgorithm	2	50	786	410	1200	3.93054e-28	8.45066e-26	1	1	better
NIAPY	AgingNpDifferentialEvolution	2	50	609	588	1200	0.281616	1	0.737564	1	not shown
NIAPY	OppositionVelocityClampingParticleSwarmOptimization	2	50	669	525	1200	1.71325e-05	0.00279259	0.999987	1	better
NIAPY	CoralReefsOptimization	2	50	467	728	1200	1	1	2.1614e-14	5.5548e-12	worse
NIAPY	BacterialForagingOptimization	2	50	568	630	1200	0.965656	1	0.0389801	1	not shown
NIAPY	DynamicFireworksAlgorithmGauss	2	50	355	842	1200	1	1	2.19038e-46	6.04545e-44	worse
NIAPY	ClonalSelectionAlgorithm	2	50	266	930	1200	1	1	6.54187e-87	1.89714e-84	worse
NIAPY	GravitationalSearchAlgorithm	2	50	629	570	1200	0.0469451	1	0.958453	1	not shown
NIAPY	MonkeyKingEvolutionV1	2	50	578	616	1200	0.870484	1	0.142132	1	not shown
NIAPY	EvolutionStrategyMpL	2	50	534	662	1200	0.999906	1	0.000118688	0.0290787	worse
NIAPY	FireflyAlgorithm	2	50	642	551	1200	0.0045704	0.648996	0.996147	1	not shown
NIAPY	FlowerPollinationAlgorithm	2	50	539	659	1200	0.999766	1	0.000290109	0.0707865	not shown
OPYTIMIZER	SA	2	50	806	390	1200	3.88744e-34	8.66898e-32	1	1	better
OPYTIMIZER	GOGHS	2	50	1009	190	1200	1.85793e-135	4.71913e-133	1	1	better
OPYTIMIZER	QSA	2	50	1086	111	1200	7.07177e-202	1.99424e-199	1	1	better
OPYTIMIZER	SGHS	2	50	913	284	1200	1.22375e-77	2.96147e-75	1	1	better
OPYTIMIZER	DE	2	50	1056	142	1200	2.27911e-173	6.06243e-171	1	1	better
OPYTIMIZER	RFO	2	50	1088	111	1200	2.14682e-202	6.07549e-200	1	1	better
OPYTIMIZER	PPA	2	50	505	692	1200	1	1	3.58981e-08	9.01042e-06	worse
OPYTIMIZER	EHO	2	50	1070	129	1200	3.07778e-185	8.43312e-183	1	1	better
OPYTIMIZER	AEO	2	50	1105	94	1200	7.08139e-220	2.04652e-217	1	1	better
OPYTIMIZER	ABO	2	50	1056	141	1200	5.397e-174	1.441e-171	1	1	better
OPYTIMIZER	GHS	2	50	977	222	1200	1.36623e-113	3.34726e-111	1	1	better
OPYTIMIZER	PVS	2	50	1095	103	1200	3.41279e-210	9.7947e-208	1	1	better
OPYTIMIZER	BWO	2	50	991	207	1200	2.67844e-123	6.64253e-121	1	1	better
OPYTIMIZER	PSO	2	50	1103	97	1200	5.87757e-217	1.69274e-214	1	1	better
OPYTIMIZER	BSO	2	50	1094	105	1200	2.05592e-208	5.87993e-206	1	1	better
OPYTIMIZER	CSA	2	50	611	587	1200	0.253191	1	0.764934	1	not shown
OPYTIMIZER	SSO	2	50	690	506	1200	5.73891e-08	9.87093e-06	1	1	better
OPYTIMIZER	WOA	2	50	1121	77	1200	1.55639e-238	4.59134e-236	1	1	better
OPYTIMIZER	BA	2	50	956	238	1200	1.42876e-102	3.4719e-100	1	1	better
OPYTIMIZER	HS	2	50	1005	194	1200	1.4023e-132	3.5338e-130	1	1	better
OPYTIMIZER	JS	2	50	784	413	1200	2.0977e-27	4.44712e-25	1	1	better
OPYTIMIZER	SOS	2	50	1109	90	1200	3.43033e-224	1.00166e-221	1	1	better
OPYTIMIZER	GS	2	50	345	850	1200	1	1	6.32342e-50	1.78321e-47	worse
OPYTIMIZER	EFO	2	50	996	202	1200	9.91666e-127	2.46925e-124	1	1	better
OPYTIMIZER	GSA	2	50	440	755	1200	1	1	3.23125e-20	8.49818e-18	worse
OPYTIMIZER	ESA	2	50	1050	149	1200	1.33324e-167	3.50642e-165	1	1	better
OPYTIMIZER	BOA	2	50	83	396	480	1	1	3.16397e-50	8.95403e-48	worse
OPYTIMIZER	HC	2	50	468	727	1200	1	1	3.38273e-14	8.65979e-12	worse
OPYTIMIZER	ABC	2	50	1048	124	1172	4.85113e-183	1.32436e-180	1	1	better
OPYTIMIZER	RRA	2	50	1109	86	1200	1.63039e-227	4.77704e-225	1	1	better
OPYTIMIZER	NDS	2	50	334	861	1200	1	1	2.38247e-54	6.81387e-52	worse
OPYTIMIZER	NBJS	2	50	788	409	1200	1.54702e-28	3.34156e-26	1	1	better
OPYTIMIZER	SSD	2	50	275	922	1200	1	1	2.74434e-82	7.90371e-80	worse
OPYTIMIZER	CEM	2	50	739	456	1200	1.2456e-16	2.32927e-14	1	1	better
OPYTIMIZER	AOA	2	50	855	338	1200	2.11082e-52	5.00265e-50	1	1	better
OPYTIMIZER	MRFO	2	50	1016	183	1200	1.34321e-140	3.42518e-138	1	1	better
OPYTIMIZER	ASO	2	50	130	1069	1200	1	1	2.53627e-184	7.50735e-182	worse
OPYTIMIZER	SFO	2	50	681	512	1200	5.53201e-07	9.34909e-05	1	1	better
OPYTIMIZER	IHS	2	50	1002	198	1200	5.74418e-130	1.43605e-127	1	1	better
OPYTIMIZER	COA	2	50	1058	140	1200	4.07043e-175	1.09088e-172	1	1	better
OPYTIMIZER	GOA	2	50	1105	92	1200	1.72051e-221	4.98948e-219	1	1	better
OPYTIMIZER	STOA	2	50	206	994	1200	1	1	2.0326e-124	5.97585e-122	worse
OPYTIMIZER	MVPA	2	50	1091	108	1200	2.19887e-205	6.24478e-203	1	1	better
OPYTIMIZER	ES	2	50	1037	162	1200	7.34963e-157	1.90355e-154	1	1	better
OPYTIMIZER	AIWPSO	2	50	1075	125	1200	3.414e-189	9.42263e-187	1	1	better
OPYTIMIZER	ISA	2	50	152	1046	1200	1	1	7.83797e-165	2.3122e-162	worse
OPYTIMIZER	EO	2	50	1123	77	1200	4.44251e-239	1.31498e-236	1	1	better
OPYTIMIZER	AF	2	50	187	862	1050	1	1	2.42465e-104	7.07999e-102	worse
OPYTIMIZER	DOA	2	50	1062	138	1200	2.24644e-177	6.06539e-175	1	1	better
OPYTIMIZER	PIO	2	50	964	234	1200	7.83912e-106	1.91274e-103	1	1	better
OPYTIMIZER	HHO	2	50	1114	84	1200	1.49925e-230	4.40779e-228	1	1	better
OPYTIMIZER	BSA	2	50	1018	182	1200	1.42224e-141	3.64094e-139	1	1	better
OPYTIMIZER	TEO	2	50	335	843	1180	1	1	2.90361e-51	8.24624e-49	worse
OPYTIMIZER	FA	2	50	429	770	1200	1	1	2.39088e-23	6.45539e-21	worse
OPYTIMIZER	WWO	2	50	1073	125	1200	1.09608e-188	3.01421e-186	1	1	better
OPYTIMIZER	IWO	2	50	1048	150	1200	1.63535e-166	4.26826e-164	1	1	better
OPYTIMIZER	KH	2	50	980	218	1200	5.70604e-116	1.40939e-113	1	1	better
OPYTIMIZER	FOA	2	50	1063	136	1200	6.64376e-179	1.80046e-176	1	1	better
OPYTIMIZER	RPSO	2	50	1081	115	1200	1.07085e-197	2.98766e-195	1	1	better
OPYTIMIZER	SCA	2	50	322	876	1200	1	1	6.41318e-60	1.84058e-57	worse
OPYTIMIZER	OSA	2	50	573	625	1200	0.937164	1	0.0702958	1	not shown
OPYTIMIZER	WDO	2	50	356	843	1200	1	1	2.62404e-46	7.2161e-44	worse
OPYTIMIZER	LSA	2	50	1109	90	1200	3.43033e-224	1.00166e-221	1	1	better
OPYTIMIZER	VPSO	2	50	1003	195	1200	1.21244e-131	3.04321e-129	1	1	better
OPYTIMIZER	SBO	2	50	1066	131	1200	6.57737e-183	1.78904e-180	1	1	better
OPYTIMIZER	GA	2	50	1048	151	1200	6.49988e-166	1.68997e-163	1	1	better
OPYTIMIZER	MFO	2	50	1049	149	1200	2.33548e-167	6.11896e-165	1	1	better
OPYTIMIZER	CS	2	50	1080	119	1200	1.31101e-194	3.64462e-192	1	1	better
OPYTIMIZER	FSO	2	50	1008	191	1200	9.82913e-135	2.48677e-132	1	1	better
OPYTIMIZER	NGHS	2	50	978	222	1200	8.37928e-114	2.0613e-111	1	1	better
OPYTIMIZER	GCO	2	50	1054	145	1200	5.11632e-171	1.35583e-168	1	1	better
OPYTIMIZER	TWO	2	50	1084	114	1200	3.4709e-199	9.75322e-197	1	1	better
OPYTIMIZER	WEO	2	50	1032	168	1200	2.56951e-152	6.62934e-150	1	1	better
OPYTIMIZER	GWO	2	50	1076	124	1200	3.96144e-190	1.09732e-187	1	1	better
OPYTIMIZER	SAVPSO	2	50	1093	106	1200	2.12421e-207	6.05401e-205	1	1	better
OPYTIMIZER	FFOA	2	50	647	550	1200	0.0027512	0.396172	0.997701	1	not shown
OPYTIMIZER	AIG	2	50	1062	138	1200	2.24644e-177	6.06539e-175	1	1	better
OPYTIMIZER	BH	2	50	1026	172	1200	1.01232e-148	2.60167e-146	1	1	better
OPYTIMIZER	CI	2	50	514	106	621	1.79953e-65	4.30087e-63	1	1	better
OPYTIMIZER	SSA	2	50	1084	116	1200	9.37822e-198	2.6259e-195	1	1	better
OPYTIMIZER	AO	2	50	1053	146	1200	3.69818e-170	9.7632e-168	1	1	better
OPYTIMIZER	MVO	2	50	339	66	406	1.25031e-45	2.93823e-43	1	1	better
mealpy	LevyTWO	2	50	430	765	1200	1	1	1.16862e-22	3.12022e-20	worse
mealpy	OriginalTLO	2	50	660	532	1200	0.000115846	0.0179561	0.999908	1	better
mealpy	GWO	2	50	792	403	1200	4.89224e-30	1.0714e-27	1	1	better
mealpy	OriginalBBO	2	50	542	652	1200	0.999346	1	0.000798562	0.193252	not shown
mealpy	ABFO	2	50	560	623	1186	0.968633	1	0.0357031	1	not shown
mealpy	OriginalWHO	2	50	568	629	1200	0.963458	1	0.041418	1	not shown
mealpy	OriginalFFA	2	50	622	574	1200	0.0870542	1	0.921754	1	not shown
mealpy	BaseSARO	2	50	623	574	1200	0.08265	1	0.925812	1	not shown
mealpy	OriginalSMA	2	50	601	592	1200	0.408424	1	0.613901	1	not shown
mealpy	SingleGA	2	50	611	586	1200	0.243947	1	0.773816	1	not shown
mealpy	OriginalSSDO	2	50	628	568	1200	0.0439802	1	0.961144	1	not shown
mealpy	OriginalFPA	2	50	595	600	1200	0.568893	1	0.453944	1	not shown
mealpy	OriginalSSO	2	50	607	590	1200	0.321885	1	0.698552	1	not shown
mealpy	OriginalMA	2	50	582	610	1200	0.79953	1	0.217104	1	not shown
mealpy	OriginalCEM	2	50	541	654	1200	0.999517	1	0.000593323	0.144177	not shown
mealpy	OCRO	2	50	611	585	1200	0.23488	1	0.782512	1	not shown
mealpy	OriginalBA	2	50	465	730	1200	1	1	8.73297e-15	2.26184e-12	worse
mealpy	OriginalAEO	2	50	671	524	1200	1.17653e-05	0.00195304	0.999991	1	better
mealpy	OriginalBSO	2	50	752	442	1200	1.20329e-19	2.33438e-17	1	1	better
mealpy	OriginalBFO	2	50	430	765	1200	1	1	1.16862e-22	3.12022e-20	worse
mealpy	ImprovedSLO	2	50	594	601	1200	0.591501	1	0.431107	1	not shown
mealpy	OriginalLCO	2	50	781	415	1200	9.88693e-27	2.07626e-24	1	1	better
mealpy	OriginalHGS	2	50	791	404	1200	9.62748e-30	2.09879e-27	1	1	better
mealpy	BaseALO	2	50	664	532	1200	7.48697e-05	0.0118294	0.999941	1	better
mealpy	CPSO	2	50	756	440	1200	2.55136e-20	4.97514e-18	1	1	better
mealpy	OriginalEO	2	50	783	411	1200	1.30348e-27	2.78945e-25	1	1	better
mealpy	DE	2	50	597	599	1200	0.534561	1	0.488467	1	not shown
mealpy	ModifiedBA	2	50	616	577	1200	0.135624	1	0.876591	1	not shown
mealpy	BaseTLO	2	50	638	558	1200	0.0111559	1	0.990433	1	not shown
mealpy	OriginalPFA	2	50	642	554	1200	0.00592457	0.82944	0.994981	1	not shown
mealpy	BaseFOA	2	50	362	836	1200	1	1	6.09535e-44	1.67013e-41	worse
mealpy	OriginalGBO	2	50	631	565	1200	0.0300639	1	0.973672	1	not shown
mealpy	TVAC	2	50	724	472	1200	1.61541e-13	2.90774e-11	1	1	better
mealpy	BaseFBIO	2	50	581	613	1200	0.830214	1	0.184826	1	not shown
mealpy	ImprovedBSO	2	50	705	491	1200	3.30633e-10	5.78607e-08	1	1	better
mealpy	OriginalAO	2	50	526	668	1200	0.999983	1	2.20371e-05	0.00544317	worse
mealpy	BaseGSKA	2	50	766	426	1200	2.38547e-23	4.7948e-21	1	1	better
mealpy	BaseLCO	2	50	779	418	1200	5.02614e-26	1.04544e-23	1	1	better
mealpy	OriginalSSpiderA	2	50	638	557	1200	0.0103083	1	0.991174	1	not shown
mealpy	BaseHS	2	50	516	678	1200	0.999999	1	1.53476e-06	0.000382156	worse
mealpy	AdaptiveEO	2	50	759	436	1200	3.559e-21	7.01122e-19	1	1	better
mealpy	OriginalWCA	2	50	515	259	778	1.11103e-20	2.17762e-18	1	1	better
mealpy	OriginalMRFO	2	50	731	465	1200	7.12762e-15	1.31148e-12	1	1	better
mealpy	OriginalEOA	2	50	626	570	1200	0.0558571	1	0.950364	1	not shown
mealpy	OriginalABC	2	50	643	554	1200	0.00547183	0.771528	0.995371	1	not shown
mealpy	ModifiedAEO	2	50	679	515	1200	1.15479e-06	0.00019285	0.999999	1	better
mealpy	OriginalSFO	2	50	623	574	1200	0.08265	1	0.925812	1	not shown
mealpy	BaseBBO	2	50	514	682	1200	1	1	6.60751e-07	0.000165188	worse
mealpy	OriginalNMRA	2	50	594	602	1200	0.602655	1	0.419803	1	not shown
mealpy	OriginalACOR	2	50	599	596	1200	0.476933	1	0.546056	1	not shown
mealpy	ImprovedSFO	2	50	623	574	1200	0.08265	1	0.925812	1	not shown
mealpy	OriginalCRO	2	50	580	616	1200	0.857666	1	0.155756	1	not shown
mealpy	LevyJA	2	50	648	547	1200	0.00190018	0.275526	0.998423	1	not shown
mealpy	OriginalHS	2	50	611	583	1200	0.217296	1	0.799333	1	not shown
mealpy	OriginalCSO	2	50	586	609	1200	0.756235	1	0.262262	1	not shown
mealpy	OriginalCOA	2	50	661	533	1200	0.000117261	0.0180582	0.999907	1	better
mealpy	LevyQSA	2	50	774	418	1200	1.88293e-25	3.89766e-23	1	1	better
mealpy	OppoQSA	2	50	774	418	1200	1.88293e-25	3.89766e-23	1	1	better
mealpy	BaseBRO	2	50	746	449	1200	3.75613e-18	7.09909e-16	1	1	better
mealpy	OriginalSLO	2	50	732	462	1200	2.68687e-15	4.99758e-13	1	1	better
mealpy	OriginalMVO	2	50	652	544	1200	0.000981287	0.144249	0.999194	1	not shown
mealpy	CLPSO	2	50	431	767	1200	1	1	9.89043e-23	2.65064e-20	worse
mealpy	OriginalNRO	2	50	590	606	1200	0.688478	1	0.332249	1	not shown
mealpy	BaseSCA	2	50	639	557	1200	0.00956703	1	0.99182	1	not shown
mealpy	BaseGCO	2	50	588	606	1200	0.708783	1	0.311376	1	not shown
mealpy	OriginalArchOA	2	50	609	587	1200	0.271858	1	0.746986	1	not shown
mealpy	SwarmHC	2	50	463	732	1200	1	1	3.47989e-15	9.04772e-13	worse
mealpy	ImprovedTLO	2	50	654	542	1200	0.000659681	0.0976328	0.999462	1	not shown
mealpy	OriginalMSA	2	50	656	537	1200	0.000314373	0.0477847	0.999746	1	better
mealpy	WOA	2	50	745	450	1200	6.2597e-18	1.17682e-15	1	1	better
mealpy	OriginalIWO	2	50	826	368	1200	3.22355e-41	7.47865e-39	1	1	better
mealpy	BaseGA	2	50	607	586	1200	0.28129	1	0.737911	1	not shown
mealpy	ModifiedEO	2	50	783	411	1200	1.30348e-27	2.78945e-25	1	1	better
mealpy	ImprovedNMRA	2	50	577	619	1200	0.893144	1	0.117894	1	not shown
mealpy	BaseCHIO	2	50	477	720	1200	1	1	1.12231e-12	2.86189e-10	worse
mealpy	OriginalHHO	2	50	773	423	1200	1.42394e-24	2.87636e-22	1	1	better
mealpy	OriginalGWO	2	50	814	382	1200	1.01126e-36	2.32589e-34	1	1	better
mealpy	ImprovedQSA	2	50	774	418	1200	1.88293e-25	3.89766e-23	1	1	better
mealpy	OriginalFBIO	2	50	622	571	1200	0.0738484	1	0.93392	1	not shown
mealpy	OriginalBeesA	2	50	684	508	1200	1.91159e-07	3.2497e-05	1	1	better
mealpy	BaseEFO	2	50	655	537	1200	0.000347801	0.052518	0.999719	1	not shown
mealpy	OriginalSA	2	50	811	386	1200	1.50672e-35	3.40519e-33	1	1	better
mealpy	OriginalHC	2	50	525	670	1200	0.999988	1	1.52043e-05	0.00377067	worse
mealpy	OriginalSHO	2	50	753	443	1200	1.29056e-19	2.49078e-17	1	1	better
mealpy	JADE	2	50	665	529	1200	4.59952e-05	0.00735924	0.999964	1	better
mealpy	OriginalCA	2	50	623	574	1200	0.08265	1	0.925812	1	not shown
mealpy	EnhancedTWO	2	50	594	601	1200	0.591501	1	0.431107	1	not shown
mealpy	BaseSSA	2	50	587	610	1200	0.756053	1	0.262436	1	not shown
mealpy	OriginalAOA	2	50	492	702	1200	1	1	6.65372e-10	1.67674e-07	worse
mealpy	OriginalQSA	2	50	774	418	1200	1.88293e-25	3.89766e-23	1	1	better
mealpy	OriginalGOA	2	50	836	361	1200	3.67599e-44	8.56507e-42	1	1	better
mealpy	EnhancedAEO	2	50	642	554	1200	0.00592457	0.82944	0.994981	1	not shown
mealpy	OriginalGSKA	2	50	669	524	1200	1.49718e-05	0.00245537	0.999988	1	better
mealpy	PPSO	2	50	808	390	1200	2.13246e-34	4.77671e-32	1	1	better
mealpy	OriginalCGO	2	50	625	570	1200	0.0591133	1	0.947399	1	not shown
mealpy	OriginalHGSO	2	50	714	481	1200	8.35832e-12	1.48778e-09	1	1	better
mealpy	OriginalSBO	2	50	813	385	1200	5.25346e-36	1.19779e-33	1	1	better
mealpy	OppoTWO	2	50	633	560	1200	0.018533	1	0.983943	1	not shown
mealpy	OriginalASO	2	50	434	764	1200	1	1	5.55168e-22	1.47119e-19	worse
mealpy	ModifiedSLO	2	50	594	601	1200	0.591501	1	0.431107	1	not shown
mealpy	BaseVCS	2	50	732	464	1200	4.50108e-15	8.327e-13	1	1	better
mealpy	LSHADE	2	50	663	532	1200	8.35814e-05	0.0130387	0.999934	1	better
mealpy	OriginalEFO	2	50	716	482	1200	7.25179e-12	1.29807e-09	1	1	better
mealpy	OriginalJA	2	50	669	526	1200	1.95848e-05	0.00317274	0.999985	1	better
mealpy	OriginalGCO	2	50	606	588	1200	0.311376	1	0.708783	1	not shown
mealpy	OriginalPSS	2	50	888	309	1200	1.45712e-65	3.49708e-63	1	1	better
mealpy	OriginalEHO	2	50	637	560	1200	0.0140008	1	0.987937	1	not shown
mealpy	OriginalSSA	2	50	706	490	1200	2.28227e-10	4.0168e-08	1	1	better
mealpy	OriginalSCA	2	50	634	562	1200	0.0200131	1	0.982629	1	not shown
mealpy	OriginalBES	2	50	763	433	1200	5.12808e-22	1.01536e-19	1	1	better
mealpy	BaseSBO	2	50	711	485	1200	3.39959e-11	6.01727e-09	1	1	better
mealpy	BaseJA	2	50	620	575	1200	0.10153	1	0.908365	1	not shown
mealpy	OriginalSARO	2	50	623	574	1200	0.08265	1	0.925812	1	not shown
mealpy	OriginalSRSR	2	50	667	529	1200	3.66162e-05	0.0058952	0.999971	1	better
mealpy	OriginalTWO	2	50	634	561	1200	0.0186124	1	0.983871	1	not shown
mealpy	OriginalWDO	2	50	634	561	1200	0.0186124	1	0.983871	1	not shown
mealpy	AugmentedAEO	2	50	554	641	1200	0.994561	1	0.00641062	1	not shown
mealpy	OriginalWOA	2	50	748	448	1200	1.79207e-18	3.40494e-16	1	1	better
mealpy	SADE	2	50	626	571	1200	0.0592673	1	0.947254	1	not shown
mealpy	OriginalBRO	2	50	617	578	1200	0.135824	1	0.876393	1	not shown
mealpy	OriginalSSpiderO	2	50	544	653	1200	0.999267	1	0.000893564	0.215349	not shown
mealpy	ProbBeesA	2	50	660	535	1200	0.000165318	0.0252937	0.999868	1	better
mealpy	OriginalFA	2	50	465	730	1200	1	1	8.73297e-15	2.26184e-12	worse
mealpy	OriginalCSA	2	50	438	757	1200	1	1	1.08005e-20	2.85134e-18	worse
mealpy	OriginalALO	2	50	664	532	1200	7.48697e-05	0.0118294	0.999941	1	better
mealpy	OriginalDO	2	50	623	574	1200	0.08265	1	0.925812	1	not shown
mealpy	OriginalCHIO	2	50	477	720	1200	1	1	1.12231e-12	2.86189e-10	worse
mealpy	OriginalBSA	2	50	612	582	1200	0.200667	1	0.815174	1	not shown
mealpy	LevyEP	2	50	563	634	1200	0.981308	1	0.0215009	1	not shown
mealpy	OriginalICA	2	50	469	235	706	3.86163e-19	7.41432e-17	1	1	better
mealpy	ImprovedLCO	2	50	811	386	1200	1.50672e-35	3.40519e-33	1	1	better
mealpy	OriginalMFO	2	50	605	590	1200	0.342751	1	0.678253	1	not shown
mealpy	ImprovedAEO	2	50	671	524	1200	1.17653e-05	0.00195304	0.999991	1	better
mealpy	OriginalVCS	2	50	748	445	1200	7.43103e-19	1.41933e-16	1	1	better
mealpy	AdaptiveBA	2	50	647	550	1200	0.0027512	0.396172	0.997701	1	not shown
mealpy	MultiGA	2	50	587	609	1200	0.746986	1	0.271858	1	not shown
mealpy	OriginalES	2	50	655	539	1200	0.00043354	0.0645974	0.999649	1	not shown
mealpy	LevyES	2	50	555	642	1200	0.994528	1	0.00644828	1	not shown
mealpy	OriginalEP	2	50	563	634	1200	0.981308	1	0.0215009	1	not shown
mealpy	BaseSMA	2	50	601	592	1200	0.408424	1	0.613901	1	not shown
mealpy	OriginalPSO	2	50	623	572	1200	0.0740182	1	0.933758	1	not shown
mealpy	FBUDGETSHADE	2	50	666	530	1200	4.66249e-05	0.00741335	0.999963	1	better
mealpy	OriginalFOA	2	50	268	931	1200	1	1	2.11593e-86	6.11505e-84	worse
mealpy	BaseQSA	2	50	774	418	1200	1.88293e-25	3.89766e-23	1	1	better
mealpy	BaseMFO	2	50	605	590	1200	0.342751	1	0.678253	1	not shown
mealpy	BaseDE	2	50	647	546	1200	0.00188552	0.275286	0.998435	1	not shown
mealpy	WhaleFOA	2	50	341	857	1200	1	1	5.62225e-52	1.60234e-49	worse
Baselines	DE	2	50	705	371	1200	6.92189e-25	3.46095e-24	1	1	better
Baselines	RCobyla	2	50	798	398	1200	1.17327e-31	8.21286e-31	1	1	better
Baselines	PSO	2	50	412	465	1200	0.965913	0.965913	0.0395218	0.434739	not shown
Baselines	DiagonalCMA	2	50	796	398	1200	2.09356e-31	1.25613e-30	1	1	better
Baselines	modcma	2	50	962	236	1200	1.31664e-104	1.44831e-103	1	1	better
Baselines	modde	2	50	693	500	1200	1.2699e-08	3.80971e-08	1	1	better
Baselines	OnePlusOne	2	50	945	250	1200	1.10026e-95	9.90237e-95	1	1	better
Baselines	Powell	2	50	800	391	1200	3.56107e-33	2.84885e-32	1	1	better
Baselines	MultiBFGS	2	50	680	520	1200	2.14955e-06	4.29911e-06	0.999998	1	better
Baselines	lshade	2	50	714	481	1200	8.35832e-12	3.34333e-11	1	1	better
Baselines	bipop	2	50	959	239	1200	8.71265e-103	8.71265e-102	1	1	better
EVOLOPY	DE	2	100	829	366	1200	4.54983e-42	8.96316e-40	1	1	better
EVOLOPY	JAYA	2	100	808	388	1200	8.9817e-35	1.68856e-32	1	1	better
EVOLOPY	PSO	2	100	834	362	1200	1.18901e-43	2.35424e-41	1	1	better
EVOLOPY	WOA	2	100	886	311	1200	1.19598e-64	2.64312e-62	1	1	better
EVOLOPY	FFA	2	100	759	437	1200	4.885e-21	7.76715e-19	1	1	better
EVOLOPY	BAT	2	100	586	610	1200	0.76512	1	0.253014	1	not shown
EVOLOPY	MVO	2	100	590	605	1200	0.678253	1	0.342751	1	not shown
EVOLOPY	HHO	2	100	859	337	1200	2.80103e-53	5.74211e-51	1	1	better
EVOLOPY	SCA	2	100	652	539	1200	0.000582065	0.0704299	0.999526	1	not shown
EVOLOPY	GA	2	100	406	585	995	1	1	7.1709e-09	1.77121e-06	worse
EVOLOPY	MFO	2	100	868	328	1200	5.13441e-57	1.09363e-54	1	1	better
EVOLOPY	CS	2	100	460	738	1200	1	1	4.53739e-16	1.1525e-13	worse
EVOLOPY	GWO	2	100	955	243	1200	2.16808e-100	5.26844e-98	1	1	better
EVOLOPY	SSA	2	100	606	588	1200	0.311376	1	0.708783	1	not shown
NIAPY	DynamicFireworksAlgorithm	2	100	417	778	1200	1	1	4.56701e-26	1.18285e-23	worse
NIAPY	HarmonySearch	2	100	801	397	1200	3.24979e-32	6.04462e-30	1	1	better
NIAPY	EvolutionStrategyMp1	2	100	813	382	1200	1.378e-36	2.6182e-34	1	1	better
NIAPY	MonarchButterflyOptimization	2	100	385	810	1200	1	1	1.31627e-35	3.47495e-33	worse
NIAPY	CenterParticleSwarmOptimization	2	100	902	293	1200	8.58272e-73	1.93969e-70	1	1	better
NIAPY	DynNpDifferentialEvolution	2	100	827	366	1200	8.77175e-42	1.71926e-39	1	1	better
NIAPY	CamelAlgorithm	2	100	655	538	1200	0.0003885	0.0477855	0.999686	1	better
NIAPY	BatAlgorithm	2	100	728	466	1200	1.68309e-14	2.45731e-12	1	1	better
NIAPY	GlowwormSwarmOptimization	2	100	308	890	1200	1	1	3.39885e-66	9.44879e-64	worse
NIAPY	BareBonesFireworksAlgorithm	2	100	916	281	1200	3.59835e-79	8.38415e-77	1	1	better
NIAPY	CuckooSearch	2	100	449	747	1200	1	1	3.00104e-18	7.65264e-16	worse
NIAPY	GeneticAlgorithm	2	100	618	573	1200	0.101152	1	0.908732	1	not shown
NIAPY	ParticleSwarmAlgorithm	2	100	885	311	1200	1.77156e-64	3.89744e-62	1	1	better
NIAPY	MonkeyKingEvolutionV3	2	100	533	664	1200	0.999933	1	8.46438e-05	0.0204838	worse
NIAPY	MonkeyKingEvolutionV2	2	100	515	681	1200	0.999999	1	8.83551e-07	0.000215587	worse
NIAPY	SineCosineAlgorithm	2	100	150	1047	1200	1	1	2.86163e-166	8.38459e-164	worse
NIAPY	EvolutionStrategy1p1	2	100	815	380	1200	3.00297e-37	5.7657e-35	1	1	better
NIAPY	HarrisHawksOptimization	2	100	866	332	1200	1.17128e-55	2.43627e-53	1	1	better
NIAPY	ParticleSwarmOptimization	2	100	783	411	1200	1.30348e-27	2.30716e-25	1	1	better
NIAPY	ForestOptimizationAlgorithm	2	100	577	618	1200	0.887819	1	0.123607	1	not shown
NIAPY	EnhancedFireworksAlgorithm	2	100	494	703	1200	1	1	8.36011e-10	2.08167e-07	worse
NIAPY	MultiStrategyDifferentialEvolution	2	100	542	653	1200	0.999407	1	0.00072604	0.172797	not shown
NIAPY	MutatedParticleSwarmOptimization	2	100	861	338	1200	2.40635e-53	4.95708e-51	1	1	better
NIAPY	ComprehensiveLearningParticleSwarmOptimizer	2	100	296	897	1200	1	1	5.57654e-71	1.56143e-68	worse
NIAPY	KrillHerd	2	100	806	390	1200	3.88744e-34	7.26951e-32	1	1	better
NIAPY	FishSchoolSearch	2	100	549	647	1200	0.997909	1	0.00250669	0.581553	not shown
NIAPY	MutatedCenterUnifiedParticleSwarmOptimization	2	100	931	262	1200	1.60195e-88	3.82867e-86	1	1	better
NIAPY	MutatedCenterParticleSwarmOptimization	2	100	855	338	1200	2.11082e-52	4.28497e-50	1	1	better
NIAPY	GlowwormSwarmOptimizationV2	2	100	299	900	1200	1	1	1.33407e-70	3.72206e-68	worse
NIAPY	CatSwarmOptimization	2	100	620	576	1200	0.106856	1	0.903417	1	not shown
NIAPY	DifferentialEvolution	2	100	581	618	1200	0.863775	1	0.149247	1	not shown
NIAPY	FireworksAlgorithm	2	100	288	909	1200	1	1	1.26433e-75	3.57805e-73	worse
NIAPY	MothFlameOptimizer	2	100	594	599	1200	0.56895	1	0.453905	1	not shown
NIAPY	DynNpMultiStrategyDifferentialEvolution	2	100	548	646	1200	0.997925	1	0.00248844	0.579806	not shown
NIAPY	EvolutionStrategyML	2	100	800	397	1200	4.35096e-32	8.04928e-30	1	1	better
NIAPY	GreyWolfOptimizer	2	100	915	282	1200	1.17122e-78	2.71723e-76	1	1	better
NIAPY	HarmonySearchV1	2	100	766	432	1200	1.76404e-22	2.91066e-20	1	1	better
NIAPY	BeesAlgorithm	2	100	890	309	1200	6.60547e-66	1.46641e-63	1	1	better
NIAPY	GlowwormSwarmOptimizationV1	2	100	331	865	1200	1	1	9.3827e-56	2.55209e-53	worse
NIAPY	GlowwormSwarmOptimizationV3	2	100	286	906	1200	1	1	1.02558e-75	2.91265e-73	worse
NIAPY	LionOptimizationAlgorithm	2	100	659	534	1200	0.000163414	0.0205138	0.999869	1	better
NIAPY	ArtificialBeeColonyAlgorithm	2	100	871	325	1200	2.70584e-58	5.81755e-56	1	1	better
NIAPY	AgingNpDifferentialEvolution	2	100	587	610	1200	0.756053	1	0.262436	1	not shown
NIAPY	OppositionVelocityClampingParticleSwarmOptimization	2	100	734	460	1200	1.05138e-15	1.55604e-13	1	1	better
NIAPY	CoralReefsOptimization	2	100	466	728	1200	1	1	1.68309e-14	4.25822e-12	worse
NIAPY	BacterialForagingOptimization	2	100	544	655	1200	0.999395	1	0.000739523	0.175267	not shown
NIAPY	DynamicFireworksAlgorithmGauss	2	100	420	778	1200	1	1	1.34197e-25	3.44887e-23	worse
NIAPY	ClonalSelectionAlgorithm	2	100	204	994	1200	1	1	2.38033e-125	6.95055e-123	worse
NIAPY	GravitationalSearchAlgorithm	2	100	632	566	1200	0.0301711	1	0.973573	1	not shown
NIAPY	MonkeyKingEvolutionV1	2	100	614	579	1200	0.162467	1	0.851359	1	not shown
NIAPY	EvolutionStrategyMpL	2	100	792	405	1200	1.07558e-29	1.93604e-27	1	1	better
NIAPY	FireflyAlgorithm	2	100	634	561	1200	0.0186124	1	0.983871	1	not shown
NIAPY	FlowerPollinationAlgorithm	2	100	559	636	1200	0.987996	1	0.0139352	1	not shown
OPYTIMIZER	SA	2	100	743	454	1200	3.01384e-17	4.55089e-15	1	1	better
OPYTIMIZER	GOGHS	2	100	968	231	1200	6.77603e-108	1.68723e-105	1	1	better
OPYTIMIZER	QSA	2	100	1116	81	1200	1.14646e-233	3.35912e-231	1	1	better
OPYTIMIZER	SGHS	2	100	817	380	1200	1.60876e-37	3.10491e-35	1	1	better
OPYTIMIZER	DE	2	100	1056	144	1200	3.98984e-172	1.06928e-169	1	1	better
OPYTIMIZER	RFO	2	100	1095	102	1200	5.8625e-211	1.66495e-208	1	1	better
OPYTIMIZER	PPA	2	100	468	729	1200	1	1	2.27045e-14	5.72153e-12	worse
OPYTIMIZER	EHO	2	100	1065	134	1200	1.07385e-180	2.94236e-178	1	1	better
OPYTIMIZER	AEO	2	100	1105	95	1200	4.47688e-219	1.29382e-216	1	1	better
OPYTIMIZER	ABO	2	100	1057	143	1200	5.42881e-173	1.46578e-170	1	1	better
OPYTIMIZER	GHS	2	100	907	291	1200	2.57801e-74	5.90364e-72	1	1	better
OPYTIMIZER	PVS	2	100	1082	118	1200	7.99289e-196	2.23002e-193	1	1	better
OPYTIMIZER	BWO	2	100	967	228	1200	6.18622e-109	1.54656e-106	1	1	better
OPYTIMIZER	PSO	2	100	1094	105	1200	2.05592e-208	5.81825e-206	1	1	better
OPYTIMIZER	BSO	2	100	1100	99	1200	1.35428e-214	3.88678e-212	1	1	better
OPYTIMIZER	CSA	2	100	629	570	1200	0.0469451	1	0.958453	1	not shown
OPYTIMIZER	SSO	2	100	540	652	1200	0.999472	1	0.000647391	0.154727	not shown
OPYTIMIZER	WOA	2	100	1120	76	1200	3.744e-239	1.10074e-236	1	1	better
OPYTIMIZER	BA	2	100	897	300	1200	9.02731e-70	2.01309e-67	1	1	better
OPYTIMIZER	HS	2	100	960	239	1200	5.439e-103	1.32712e-100	1	1	better
OPYTIMIZER	JS	2	100	923	275	1200	1.78019e-82	4.18344e-80	1	1	better
OPYTIMIZER	SOS	2	100	1108	89	1200	9.52583e-225	2.76249e-222	1	1	better
OPYTIMIZER	GS	2	100	217	981	1200	1	1	1.26599e-116	3.67137e-114	worse
OPYTIMIZER	EFO	2	100	964	235	1200	2.00254e-105	4.90622e-103	1	1	better
OPYTIMIZER	GSA	2	100	400	797	1200	1	1	3.53275e-31	9.22049e-29	worse
OPYTIMIZER	ESA	2	100	1027	171	1200	1.69311e-149	4.41903e-147	1	1	better
OPYTIMIZER	BOA	2	100	64	414	480	1	1	4.38003e-64	1.20451e-61	worse
OPYTIMIZER	HC	2	100	424	772	1200	1	1	2.60731e-24	6.6747e-22	worse
OPYTIMIZER	ABC	2	100	1064	107	1172	4.13672e-199	1.15828e-196	1	1	better
OPYTIMIZER	RRA	2	100	1098	96	1200	2.00074e-216	5.76214e-214	1	1	better
OPYTIMIZER	NDS	2	100	206	992	1200	1	1	5.58053e-124	1.62393e-121	worse
OPYTIMIZER	NBJS	2	100	926	271	1200	2.08541e-84	4.94242e-82	1	1	better
OPYTIMIZER	SSD	2	100	234	962	1200	1	1	2.03127e-105	5.85005e-103	worse
OPYTIMIZER	CEM	2	100	660	534	1200	0.000146984	0.018814	0.999883	1	better
OPYTIMIZER	AOA	2	100	770	426	1200	8.64724e-24	1.46138e-21	1	1	better
OPYTIMIZER	MRFO	2	100	1039	159	1200	4.72598e-159	1.24293e-156	1	1	better
OPYTIMIZER	ASO	2	100	99	1101	1200	1	1	7.37961e-215	2.18436e-212	worse
OPYTIMIZER	SFO	2	100	658	533	1200	0.000161526	0.0205138	0.999871	1	better
OPYTIMIZER	IHS	2	100	952	248	1200	7.57781e-98	1.83383e-95	1	1	better
OPYTIMIZER	COA	2	100	1062	136	1200	1.1782e-178	3.21648e-176	1	1	better
OPYTIMIZER	GOA	2	100	1091	107	1200	3.95725e-206	1.11199e-203	1	1	better
OPYTIMIZER	STOA	2	100	150	1050	1200	1	1	5.33887e-167	1.56963e-164	worse
OPYTIMIZER	MVPA	2	100	1098	100	1200	2.73414e-213	7.79231e-211	1	1	better
OPYTIMIZER	ES	2	100	1037	161	1200	1.98379e-157	5.19754e-155	1	1	better
OPYTIMIZER	AIWPSO	2	100	1073	126	1200	5.22056e-188	1.45132e-185	1	1	better
OPYTIMIZER	ISA	2	100	135	1065	1200	1	1	4.7778e-180	1.40945e-177	worse
OPYTIMIZER	EO	2	100	1135	64	1200	1.93971e-254	5.74155e-252	1	1	better
OPYTIMIZER	AF	2	100	175	874	1050	1	1	1.64401e-112	4.7512e-110	worse
OPYTIMIZER	DOA	2	100	1067	133	1200	7.58052e-182	2.08464e-179	1	1	better
OPYTIMIZER	PIO	2	100	1019	175	1200	1.76772e-145	4.54303e-143	1	1	better
OPYTIMIZER	HHO	2	100	1113	86	1200	1.37248e-228	4.00763e-226	1	1	better
OPYTIMIZER	BSA	2	100	987	211	1200	1.34128e-120	3.39343e-118	1	1	better
OPYTIMIZER	TEO	2	100	348	829	1180	1	1	4.80335e-46	1.2921e-43	worse
OPYTIMIZER	FA	2	100	313	887	1200	1	1	2.98337e-64	8.2341e-62	worse
OPYTIMIZER	WWO	2	100	1056	143	1200	9.56516e-173	2.57303e-170	1	1	better
OPYTIMIZER	IWO	2	100	1021	178	1200	2.3581e-144	6.03674e-142	1	1	better
OPYTIMIZER	KH	2	100	965	235	1200	1.24469e-105	3.06194e-103	1	1	better
OPYTIMIZER	FOA	2	100	1043	156	1200	9.45873e-162	2.4971e-159	1	1	better
OPYTIMIZER	RPSO	2	100	1099	99	1200	2.48514e-214	7.1075e-212	1	1	better
OPYTIMIZER	SCA	2	100	256	943	1200	1	1	4.7991e-93	1.37734e-90	worse
OPYTIMIZER	OSA	2	100	558	640	1200	0.991775	1	0.00961739	1	not shown
OPYTIMIZER	WDO	2	100	293	906	1200	1	1	1.6446e-73	4.63778e-71	worse
OPYTIMIZER	LSA	2	100	1125	75	1200	2.05178e-241	6.05276e-239	1	1	better
OPYTIMIZER	VPSO	2	100	1027	172	1200	5.90817e-149	1.53612e-146	1	1	better
OPYTIMIZER	SBO	2	100	1042	154	1200	1.10762e-162	2.94626e-160	1	1	better
OPYTIMIZER	GA	2	100	1052	147	1200	2.65243e-169	7.08199e-167	1	1	better
OPYTIMIZER	MFO	2	100	1042	155	1200	4.28164e-162	1.13463e-159	1	1	better
OPYTIMIZER	CS	2	100	1068	131	1200	2.07214e-183	5.71911e-181	1	1	better
OPYTIMIZER	FSO	2	100	986	214	1200	4.94816e-119	1.24694e-116	1	1	better
OPYTIMIZER	NGHS	2	100	884	315	1200	3.515e-63	7.69784e-61	1	1	better
OPYTIMIZER	GCO	2	100	1023	176	1200	7.08643e-146	1.8283e-143	1	1	better
OPYTIMIZER	TWO	2	100	1093	107	1200	1.19235e-206	3.36243e-204	1	1	better
OPYTIMIZER	WEO	2	100	1010	190	1200	1.10347e-135	2.81384e-133	1	1	better
OPYTIMIZER	GWO	2	100	1058	140	1200	4.07043e-175	1.10309e-172	1	1	better
OPYTIMIZER	SAVPSO	2	100	1113	86	1200	1.37248e-228	4.00763e-226	1	1	better
OPYTIMIZER	FFOA	2	100	531	666	1200	0.999958	1	5.29015e-05	0.0128551	worse
OPYTIMIZER	AIG	2	100	1060	139	1200	3.03921e-176	8.26665e-174	1	1	better
OPYTIMIZER	BH	2	100	994	202	1200	2.7427e-126	6.96645e-124	1	1	better
OPYTIMIZER	CI	2	100	501	120	621	1.49844e-56	3.1767e-54	1	1	better
OPYTIMIZER	SSA	2	100	1069	130	1200	2.53627e-184	7.02545e-182	1	1	better
OPYTIMIZER	AO	2	100	1023	175	1200	2.07798e-146	5.38196e-144	1	1	better
OPYTIMIZER	MVO	2	100	324	81	406	8.25447e-36	1.56009e-33	1	1	better
mealpy	LevyTWO	2	100	391	805	1200	1	1	8.04178e-34	2.10695e-31	worse
mealpy	OriginalTLO	2	100	735	453	1200	1.29693e-16	1.94539e-14	1	1	better
mealpy	GWO	2	100	905	293	1200	2.48672e-73	5.66972e-71	1	1	better
mealpy	OriginalBBO	2	100	585	609	1200	0.765306	1	0.252836	1	not shown
mealpy	ABFO	2	100	493	689	1186	1	1	6.56159e-09	1.62727e-06	worse
mealpy	OriginalWHO	2	100	534	660	1200	0.999883	1	0.000146984	0.0354232	worse
mealpy	OriginalFFA	2	100	617	577	1200	0.129516	1	0.882302	1	not shown
mealpy	BaseSARO	2	100	819	377	1200	2.16509e-38	4.22193e-36	1	1	better
mealpy	OriginalSMA	2	100	623	571	1200	0.069964	1	0.937481	1	not shown
mealpy	SingleGA	2	100	555	639	1200	0.993068	1	0.00813466	1	not shown
mealpy	OriginalSSDO	2	100	640	557	1200	0.00887329	0.993808	0.992424	1	not shown
mealpy	OriginalFPA	2	100	629	564	1200	0.0319234	1	0.97201	1	not shown
mealpy	OriginalSSO	2	100	596	600	1200	0.557474	1	0.465439	1	not shown
mealpy	OriginalMA	2	100	510	686	1200	1	1	1.99956e-07	4.89893e-05	worse
mealpy	OriginalCEM	2	100	483	709	1200	1	1	3.15737e-11	7.89341e-09	worse
mealpy	OCRO	2	100	655	541	1200	0.000538328	0.065676	0.999562	1	not shown
mealpy	OriginalBA	2	100	320	877	1200	1	1	1.25653e-60	3.44289e-58	worse
mealpy	OriginalAEO	2	100	865	329	1200	2.85772e-56	6.0298e-54	1	1	better
mealpy	OriginalBSO	2	100	876	319	1200	9.84157e-61	2.12578e-58	1	1	better
mealpy	OriginalBFO	2	100	259	935	1200	1	1	2.22557e-90	6.36512e-88	worse
mealpy	ImprovedSLO	2	100	663	532	1200	8.35814e-05	0.010782	0.999934	1	better
mealpy	OriginalLCO	2	100	935	264	1200	1.39474e-88	3.34737e-86	1	1	better
mealpy	OriginalHGS	2	100	927	268	1200	1.23103e-85	2.92985e-83	1	1	better
mealpy	BaseALO	2	100	774	420	1200	3.8314e-25	6.55169e-23	1	1	better
mealpy	CPSO	2	100	761	436	1200	2.19482e-21	3.53366e-19	1	1	better
mealpy	OriginalEO	2	100	926	273	1200	1.01157e-83	2.38731e-81	1	1	better
mealpy	DE	2	100	564	631	1200	0.975436	1	0.028093	1	not shown
mealpy	ModifiedBA	2	100	642	550	1200	0.00418409	0.472802	0.996479	1	not shown
mealpy	BaseTLO	2	100	744	450	1200	7.82049e-18	1.20436e-15	1	1	better
mealpy	OriginalPFA	2	100	635	561	1200	0.0173708	1	0.984968	1	not shown
mealpy	BaseFOA	2	100	339	860	1200	1	1	6.12789e-53	1.66066e-50	worse
mealpy	OriginalGBO	2	100	682	512	1200	4.82282e-07	6.6555e-05	1	1	better
mealpy	TVAC	2	100	868	331	1200	3.08768e-56	6.48414e-54	1	1	better
mealpy	BaseFBIO	2	100	747	447	1200	1.67851e-18	2.6017e-16	1	1	better
mealpy	ImprovedBSO	2	100	778	417	1200	4.56701e-26	7.99226e-24	1	1	better
mealpy	OriginalAO	2	100	419	777	1200	1	1	1.2216e-25	3.15173e-23	worse
mealpy	BaseGSKA	2	100	905	294	1200	5.07896e-73	1.15292e-70	1	1	better
mealpy	BaseLCO	2	100	941	254	1200	2.16074e-93	5.20739e-91	1	1	better
mealpy	OriginalSSpiderA	2	100	648	545	1200	0.00156482	0.186214	0.998705	1	not shown
mealpy	BaseHS	2	100	478	717	1200	1	1	2.46757e-12	6.19361e-10	worse
mealpy	AdaptiveEO	2	100	913	285	1200	2.57609e-77	5.95077e-75	1	1	better
mealpy	OriginalWCA	2	100	599	177	778	1.11601e-54	2.31014e-52	1	1	better
mealpy	OriginalMRFO	2	100	880	320	1200	3.97863e-61	8.63363e-59	1	1	better
mealpy	OriginalEOA	2	100	557	637	1200	0.990483	1	0.0110999	1	not shown
mealpy	OriginalABC	2	100	688	505	1200	6.48696e-08	9.01688e-06	1	1	better
mealpy	ModifiedAEO	2	100	793	398	1200	4.97472e-31	9.10373e-29	1	1	better
mealpy	OriginalSFO	2	100	622	573	1200	0.0824732	1	0.925982	1	not shown
mealpy	BaseBBO	2	100	500	695	1200	1	1	9.32654e-09	2.29433e-06	worse
mealpy	OriginalNMRA	2	100	608	586	1200	0.271689	1	0.747164	1	not shown
mealpy	OriginalACOR	2	100	667	528	1200	3.21809e-05	0.0042157	0.999975	1	better
mealpy	ImprovedSFO	2	100	622	573	1200	0.0824732	1	0.925982	1	not shown
mealpy	OriginalCRO	2	100	591	602	1200	0.635856	1	0.386099	1	not shown
mealpy	LevyJA	2	100	711	486	1200	4.20434e-11	5.97017e-09	1	1	better
mealpy	OriginalHS	2	100	644	548	1200	0.00295379	0.339685	0.99753	1	not shown
mealpy	OriginalCSO	2	100	563	634	1200	0.981308	1	0.0215009	1	not shown
mealpy	OriginalCOA	2	100	680	512	1200	6.34166e-07	8.62465e-05	1	1	better
mealpy	LevyQSA	2	100	742	453	1200	2.83677e-17	4.34025e-15	1	1	better
mealpy	OppoQSA	2	100	778	419	1200	9.38376e-26	1.62339e-23	1	1	better
mealpy	BaseBRO	2	100	818	377	1200	2.96828e-38	5.75847e-36	1	1	better
mealpy	OriginalSLO	2	100	857	338	1200	1.02484e-52	2.09067e-50	1	1	better
mealpy	OriginalMVO	2	100	680	515	1200	1.01041e-06	0.000136406	0.999999	1	better
mealpy	CLPSO	2	100	360	837	1200	1	1	1.58076e-44	4.23644e-42	worse
mealpy	OriginalNRO	2	100	629	565	1200	0.0341129	1	0.970043	1	not shown
mealpy	BaseSCA	2	100	678	518	1200	2.0713e-06	0.000277555	0.999998	1	better
mealpy	BaseGCO	2	100	567	627	1200	0.961268	1	0.0438473	1	not shown
mealpy	OriginalArchOA	2	100	704	495	1200	8.6268e-10	1.21638e-07	1	1	better
mealpy	SwarmHC	2	100	389	805	1200	1	1	3.41578e-34	8.98349e-32	worse
mealpy	ImprovedTLO	2	100	785	411	1200	7.54683e-28	1.34333e-25	1	1	better
mealpy	OriginalMSA	2	100	786	407	1200	1.25086e-28	2.23905e-26	1	1	better
mealpy	WOA	2	100	882	315	1200	7.65e-63	1.6677e-60	1	1	better
mealpy	OriginalIWO	2	100	790	401	1200	3.90557e-30	7.06908e-28	1	1	better
mealpy	BaseGA	2	100	542	650	1200	0.999209	1	0.000964206	0.227553	not shown
mealpy	ModifiedEO	2	100	918	277	1200	7.23638e-81	1.69331e-78	1	1	better
mealpy	ImprovedNMRA	2	100	605	589	1200	0.332117	1	0.688624	1	not shown
mealpy	BaseCHIO	2	100	372	823	1200	1	1	5.80677e-40	1.55041e-37	worse
mealpy	OriginalHHO	2	100	844	352	1200	2.26424e-47	4.52848e-45	1	1	better
mealpy	OriginalGWO	2	100	909	286	1200	2.91059e-76	6.69435e-74	1	1	better
mealpy	ImprovedQSA	2	100	742	453	1200	2.83677e-17	4.34025e-15	1	1	better
mealpy	OriginalFBIO	2	100	750	444	1200	3.48985e-19	5.44417e-17	1	1	better
mealpy	OriginalBeesA	2	100	565	628	1200	0.968077	1	0.0363023	1	not shown
mealpy	BaseEFO	2	100	764	430	1200	1.49868e-22	2.48781e-20	1	1	better
mealpy	OriginalSA	2	100	657	537	1200	0.000283976	0.0352131	0.999771	1	better
mealpy	OriginalHC	2	100	412	780	1200	1	1	4.2777e-27	1.1122e-24	worse
mealpy	OriginalSHO	2	100	770	427	1200	1.2155e-23	2.04203e-21	1	1	better
mealpy	JADE	2	100	758	436	1200	4.52881e-21	7.24609e-19	1	1	better
mealpy	OriginalCA	2	100	901	296	1200	1.08518e-71	2.44164e-69	1	1	better
mealpy	EnhancedTWO	2	100	603	594	1200	0.408574	1	0.613716	1	not shown
mealpy	BaseSSA	2	100	761	435	1200	1.5941e-21	2.58244e-19	1	1	better
mealpy	OriginalAOA	2	100	309	884	1200	1	1	7.06594e-65	1.95726e-62	worse
mealpy	OriginalQSA	2	100	718	479	1200	2.57138e-12	3.70279e-10	1	1	better
mealpy	OriginalGOA	2	100	966	233	1200	1.17731e-106	2.91973e-104	1	1	better
mealpy	EnhancedAEO	2	100	724	472	1200	1.61541e-13	2.34234e-11	1	1	better
mealpy	OriginalGSKA	2	100	764	432	1200	2.89295e-22	4.74444e-20	1	1	better
mealpy	PPSO	2	100	974	224	1200	4.2567e-112	1.06843e-109	1	1	better
mealpy	OriginalCGO	2	100	638	560	1200	0.0130317	1	0.988788	1	not shown
mealpy	OriginalHGSO	2	100	737	458	1200	3.28207e-16	4.89029e-14	1	1	better
mealpy	OriginalSBO	2	100	865	331	1200	9.3827e-56	1.96098e-53	1	1	better
mealpy	OppoTWO	2	100	649	547	1200	0.00173881	0.203441	0.998559	1	not shown
mealpy	OriginalASO	2	100	293	904	1200	1	1	3.75904e-73	1.05629e-70	worse
mealpy	ModifiedSLO	2	100	650	547	1200	0.00159012	0.187634	0.998684	1	not shown
mealpy	BaseVCS	2	100	753	443	1200	1.29056e-19	2.02618e-17	1	1	better
mealpy	LSHADE	2	100	752	440	1200	6.54512e-20	1.03413e-17	1	1	better
mealpy	OriginalEFO	2	100	778	415	1200	2.20898e-26	3.8878e-24	1	1	better
mealpy	OriginalJA	2	100	631	563	1200	0.0262293	1	0.977102	1	not shown
mealpy	OriginalGCO	2	100	569	624	1200	0.947545	1	0.0589593	1	not shown
mealpy	OriginalPSS	2	100	966	233	1200	1.17731e-106	2.91973e-104	1	1	better
mealpy	OriginalEHO	2	100	644	549	1200	0.00323738	0.369062	0.997288	1	not shown
mealpy	OriginalSSA	2	100	869	326	1200	1.05512e-57	2.25796e-55	1	1	better
mealpy	OriginalSCA	2	100	658	533	1200	0.000161526	0.0205138	0.999871	1	better
mealpy	OriginalBES	2	100	815	382	1200	7.4183e-37	1.4169e-34	1	1	better
mealpy	BaseSBO	2	100	799	397	1200	5.82286e-32	1.07141e-29	1	1	better
mealpy	BaseJA	2	100	619	577	1200	0.117894	1	0.893144	1	not shown
mealpy	OriginalSARO	2	100	713	481	1200	1.00156e-11	1.43224e-09	1	1	better
mealpy	OriginalSRSR	2	100	763	433	1200	5.12808e-22	8.35878e-20	1	1	better
mealpy	OriginalTWO	2	100	665	529	1200	4.59952e-05	0.00597938	0.999964	1	better
mealpy	OriginalWDO	2	100	650	544	1200	0.00118114	0.141737	0.999027	1	not shown
mealpy	AugmentedAEO	2	100	765	429	1200	8.38563e-23	1.4004e-20	1	1	better
mealpy	OriginalWOA	2	100	842	353	1200	7.6599e-47	1.52432e-44	1	1	better
mealpy	SADE	2	100	732	466	1200	7.50103e-15	1.10265e-12	1	1	better
mealpy	OriginalBRO	2	100	546	648	1200	0.99857	1	0.00172517	0.40369	not shown
mealpy	OriginalSSpiderO	2	100	600	597	1200	0.476953	1	0.546018	1	not shown
mealpy	ProbBeesA	2	100	580	615	1200	0.851157	1	0.16267	1	not shown
mealpy	OriginalFA	2	100	327	867	1200	1	1	4.08646e-57	1.1156e-54	worse
mealpy	OriginalCSA	2	100	383	811	1200	1	1	3.99295e-36	1.05813e-33	worse
mealpy	OriginalALO	2	100	774	420	1200	3.8314e-25	6.55169e-23	1	1	better
mealpy	OriginalDO	2	100	602	593	1200	0.408499	1	0.613809	1	not shown
mealpy	OriginalCHIO	2	100	372	823	1200	1	1	5.80677e-40	1.55041e-37	worse
mealpy	OriginalBSA	2	100	857	340	1200	3.19451e-52	6.45291e-50	1	1	better
mealpy	LevyEP	2	100	538	657	1200	0.999744	1	0.000317706	0.0762495	not shown
mealpy	OriginalICA	2	100	541	161	706	3.57433e-49	7.1844e-47	1	1	better
mealpy	ImprovedLCO	2	100	900	299	1200	1.33407e-70	2.98832e-68	1	1	better
mealpy	OriginalMFO	2	100	568	625	1200	0.953466	1	0.0524551	1	not shown
mealpy	ImprovedAEO	2	100	693	499	1200	1.05928e-08	1.48299e-06	1	1	better
mealpy	OriginalVCS	2	100	673	522	1200	6.97642e-06	0.000927863	0.999995	1	better
mealpy	AdaptiveBA	2	100	616	582	1200	0.170189	1	0.844041	1	not shown
mealpy	MultiGA	2	100	561	632	1200	0.981467	1	0.0213268	1	not shown
mealpy	OriginalES	2	100	793	400	1200	1.11369e-30	2.02691e-28	1	1	better
mealpy	LevyES	2	100	596	598	1200	0.53459	1	0.488457	1	not shown
mealpy	OriginalEP	2	100	647	550	1200	0.0027512	0.319139	0.997701	1	not shown
mealpy	BaseSMA	2	100	623	573	1200	0.0782457	1	0.92987	1	not shown
mealpy	OriginalPSO	2	100	544	652	1200	0.999194	1	0.000981287	0.230602	not shown
mealpy	FBUDGETSHADE	2	100	779	418	1200	5.02614e-26	8.74549e-24	1	1	better
mealpy	OriginalFOA	2	100	262	937	1200	1	1	1.1e-89	3.135e-87	worse
mealpy	BaseQSA	2	100	778	419	1200	9.38376e-26	1.62339e-23	1	1	better
mealpy	BaseMFO	2	100	671	522	1200	8.9283e-06	0.00117854	0.999993	1	better
mealpy	BaseDE	2	100	683	514	1200	5.7663e-07	7.89983e-05	1	1	better
mealpy	WhaleFOA	2	100	340	859	1200	1	1	1.55412e-52	4.19612e-50	worse
Baselines	DE	2	100	896	270	1200	4.27329e-79	3.84596e-78	1	1	better
Baselines	RCobyla	2	100	777	420	1200	1.74557e-25	5.23672e-25	1	1	better
Baselines	PSO	2	100	505	550	1200	0.921661	0.921661	0.0877506	0.965257	not shown
Baselines	DiagonalCMA	2	100	847	347	1200	5.42859e-49	3.25716e-48	1	1	better
Baselines	modcma	2	100	1010	187	1200	3.44496e-137	3.44496e-136	1	1	better
Baselines	modde	2	100	873	325	1200	1.27256e-58	8.90789e-58	1	1	better
Baselines	OnePlusOne	2	100	889	306	1200	1.33043e-66	1.06434e-65	1	1	better
Baselines	Powell	2	100	801	393	1200	6.14732e-33	2.45893e-32	1	1	better
Baselines	MultiBFGS	2	100	714	485	1200	1.99864e-11	3.99727e-11	1	1	better
Baselines	lshade	2	100	804	390	1200	7.0754e-34	3.5377e-33	1	1	better
Baselines	bipop	2	100	1012	186	1200	3.76533e-138	4.14187e-137	1	1	better
EVOLOPY	DE	2	500	1122	77	1200	8.31545e-239	2.36159e-236	1	1	better
EVOLOPY	JAYA	2	500	913	285	1200	2.57609e-77	4.22479e-75	1	1	better
EVOLOPY	PSO	2	500	918	280	1200	7.17682e-80	1.22006e-77	1	1	better
EVOLOPY	WOA	2	500	935	262	1200	2.68875e-89	4.83975e-87	1	1	better
EVOLOPY	FFA	2	500	838	360	1200	1.12892e-44	1.49018e-42	1	1	better
EVOLOPY	BAT	2	500	512	687	1200	1	1	2.40706e-07	5.72881e-05	worse
EVOLOPY	MVO	2	500	745	449	1200	4.6989e-18	5.02782e-16	1	1	better
EVOLOPY	HHO	2	500	897	300	1200	9.02731e-70	1.42632e-67	1	1	better
EVOLOPY	SCA	2	500	693	507	1200	4.37867e-08	4.2911e-06	1	1	better
EVOLOPY	GA	2	500	467	527	995	0.97352	1	0.03062	1	not shown
EVOLOPY	MFO	2	500	1041	158	1200	4.15483e-160	9.43147e-158	1	1	better
EVOLOPY	CS	2	500	874	320	1200	3.95757e-60	6.05509e-58	1	1	better
EVOLOPY	GWO	2	500	1000	199	1200	4.83368e-129	1.02957e-126	1	1	better
EVOLOPY	SSA	2	500	593	605	1200	0.646381	1	0.375323	1	not shown
NIAPY	DynamicFireworksAlgorithm	2	500	542	655	1200	0.999512	1	0.000599005	0.140766	not shown
NIAPY	HarmonySearch	2	500	976	222	1200	2.2272e-113	4.56576e-111	1	1	better
NIAPY	EvolutionStrategyMp1	2	500	962	236	1200	1.31664e-104	2.55428e-102	1	1	better
NIAPY	MonarchButterflyOptimization	2	500	520	677	1200	0.999998	1	3.16468e-06	0.000746865	worse
NIAPY	CenterParticleSwarmOptimization	2	500	1024	175	1200	1.21631e-146	2.72452e-144	1	1	better
NIAPY	DynNpDifferentialEvolution	2	500	781	417	1200	2.05429e-26	2.28026e-24	1	1	better
NIAPY	CamelAlgorithm	2	500	782	416	1200	1.09094e-26	1.23276e-24	1	1	better
NIAPY	BatAlgorithm	2	500	812	385	1200	7.1381e-36	8.85124e-34	1	1	better
NIAPY	GlowwormSwarmOptimization	2	500	303	894	1200	1	1	2.37343e-68	6.38452e-66	worse
NIAPY	BareBonesFireworksAlgorithm	2	500	738	458	1200	2.65376e-16	2.75991e-14	1	1	better
NIAPY	CuckooSearch	2	500	842	353	1200	7.6599e-47	1.04175e-44	1	1	better
NIAPY	GeneticAlgorithm	2	500	572	622	1200	0.930036	1	0.0780724	1	not shown
NIAPY	ParticleSwarmAlgorithm	2	500	1079	120	1200	1.18127e-193	2.98862e-191	1	1	better
NIAPY	MonkeyKingEvolutionV3	2	500	347	851	1200	1	1	1.33097e-49	3.44722e-47	worse
NIAPY	MonkeyKingEvolutionV2	2	500	543	654	1200	0.999401	1	0.000732761	0.171466	not shown
NIAPY	SineCosineAlgorithm	2	500	20	1179	1200	1	1	1.56141e-318	4.62176e-316	worse
NIAPY	EvolutionStrategy1p1	2	500	692	507	1200	5.07597e-08	4.92369e-06	1	1	better
NIAPY	HarrisHawksOptimization	2	500	938	258	1200	2.49688e-91	4.54433e-89	1	1	better
NIAPY	ParticleSwarmOptimization	2	500	748	452	1200	5.68454e-18	6.02561e-16	1	1	better
NIAPY	ForestOptimizationAlgorithm	2	500	873	325	1200	1.27256e-58	1.93429e-56	1	1	better
NIAPY	EnhancedFireworksAlgorithm	2	500	778	418	1200	6.55149e-26	7.20664e-24	1	1	better
NIAPY	MultiStrategyDifferentialEvolution	2	500	920	276	1200	1.41424e-81	2.4325e-79	1	1	better
NIAPY	MutatedParticleSwarmOptimization	2	500	992	207	1200	1.61825e-123	3.39832e-121	1	1	better
NIAPY	ComprehensiveLearningParticleSwarmOptimizer	2	500	503	694	1200	1	1	1.86747e-08	4.46326e-06	worse
NIAPY	KrillHerd	2	500	520	678	1200	0.999998	1	2.78356e-06	0.000659703	worse
NIAPY	FishSchoolSearch	2	500	545	653	1200	0.999187	1	0.000989898	0.230646	not shown
NIAPY	MutatedCenterUnifiedParticleSwarmOptimization	2	500	1072	127	1200	4.41596e-187	1.08633e-184	1	1	better
NIAPY	MutatedCenterParticleSwarmOptimization	2	500	1003	197	1200	1.13227e-130	2.42305e-128	1	1	better
NIAPY	GlowwormSwarmOptimizationV2	2	500	320	878	1200	1	1	8.56691e-61	2.24453e-58	worse
NIAPY	CatSwarmOptimization	2	500	840	359	1200	3.44391e-45	4.58041e-43	1	1	better
NIAPY	DifferentialEvolution	2	500	938	261	1200	3.06673e-90	5.55077e-88	1	1	better
NIAPY	FireworksAlgorithm	2	500	485	710	1200	1	1	4.05362e-11	9.80976e-09	worse
NIAPY	MothFlameOptimizer	2	500	447	751	1200	1	1	6.76151e-19	1.65657e-16	worse
NIAPY	DynNpMultiStrategyDifferentialEvolution	2	500	907	290	1200	1.2504e-74	2.00065e-72	1	1	better
NIAPY	EvolutionStrategyML	2	500	967	230	1200	4.21502e-108	8.34573e-106	1	1	better
NIAPY	GreyWolfOptimizer	2	500	1013	186	1200	2.22786e-138	4.87901e-136	1	1	better
NIAPY	HarmonySearchV1	2	500	800	397	1200	4.35096e-32	5.13413e-30	1	1	better
NIAPY	BeesAlgorithm	2	500	1049	150	1200	9.34449e-167	2.17727e-164	1	1	better
NIAPY	GlowwormSwarmOptimizationV1	2	500	312	887	1200	1	1	1.55364e-64	4.13268e-62	worse
NIAPY	GlowwormSwarmOptimizationV3	2	500	314	885	1200	1	1	1.24815e-63	3.29512e-61	worse
NIAPY	LionOptimizationAlgorithm	2	500	823	375	1200	2.39541e-39	3.01822e-37	1	1	better
NIAPY	ArtificialBeeColonyAlgorithm	2	500	950	245	1200	1.33595e-98	2.52494e-96	1	1	better
NIAPY	AgingNpDifferentialEvolution	2	500	878	321	1200	1.60281e-60	2.46832e-58	1	1	better
NIAPY	OppositionVelocityClampingParticleSwarmOptimization	2	500	805	391	1200	8.04178e-34	9.81097e-32	1	1	better
NIAPY	CoralReefsOptimization	2	500	499	701	1200	1	1	3.0196e-09	7.24704e-07	worse
NIAPY	BacterialForagingOptimization	2	500	686	512	1200	2.7693e-07	2.65853e-05	1	1	better
NIAPY	DynamicFireworksAlgorithmGauss	2	500	598	599	1200	0.523047	1	0.5	1	not shown
NIAPY	ClonalSelectionAlgorithm	2	500	120	1079	1200	1	1	1.18127e-193	3.40207e-191	worse
NIAPY	GravitationalSearchAlgorithm	2	500	358	840	1200	1	1	2.05809e-45	5.2893e-43	worse
NIAPY	MonkeyKingEvolutionV1	2	500	1021	177	1200	6.99327e-145	1.5595e-142	1	1	better
NIAPY	EvolutionStrategyMpL	2	500	970	228	1200	1.45625e-109	2.9125e-107	1	1	better
NIAPY	FireflyAlgorithm	2	500	643	555	1200	0.00596005	0.518525	0.99495	1	not shown
NIAPY	FlowerPollinationAlgorithm	2	500	866	331	1200	6.47988e-56	9.65502e-54	1	1	better
OPYTIMIZER	SA	2	500	680	517	1200	1.37097e-06	0.000128871	0.999999	1	better
OPYTIMIZER	GOGHS	2	500	845	352	1200	1.60239e-47	2.21129e-45	1	1	better
OPYTIMIZER	QSA	2	500	1162	37	1200	4.10125e-291	1.20987e-288	1	1	better
OPYTIMIZER	SGHS	2	500	567	629	1200	0.965771	1	0.0388559	1	not shown
OPYTIMIZER	DE	2	500	1123	75	1200	7.21381e-241	2.06315e-238	1	1	better
OPYTIMIZER	RFO	2	500	1120	79	1200	1.70079e-236	4.79623e-234	1	1	better
OPYTIMIZER	PPA	2	500	381	817	1200	1	1	2.53499e-37	6.48958e-35	worse
OPYTIMIZER	EHO	2	500	1093	106	1200	2.12421e-207	5.67165e-205	1	1	better
OPYTIMIZER	AEO	2	500	1153	45	1200	2.96926e-279	8.72963e-277	1	1	better
OPYTIMIZER	ABO	2	500	1092	107	1200	2.17228e-206	5.75655e-204	1	1	better
OPYTIMIZER	GHS	2	500	669	526	1200	1.95848e-05	0.0018018	0.999985	1	better
OPYTIMIZER	PVS	2	500	1127	72	1200	1.08854e-244	3.14588e-242	1	1	better
OPYTIMIZER	BWO	2	500	803	394	1200	5.18117e-33	6.2174e-31	1	1	better
OPYTIMIZER	PSO	2	500	1117	82	1200	4.49878e-233	1.26416e-230	1	1	better
OPYTIMIZER	BSO	2	500	1109	88	1200	7.63664e-226	2.12299e-223	1	1	better
OPYTIMIZER	CSA	2	500	683	516	1200	7.87876e-07	7.48483e-05	0.999999	1	better
OPYTIMIZER	SSO	2	500	336	864	1200	1	1	2.54349e-54	6.6385e-52	worse
OPYTIMIZER	WOA	2	500	1074	124	1200	1.2742e-189	3.1855e-187	1	1	better
OPYTIMIZER	BA	2	500	859	339	1200	8.79721e-53	1.258e-50	1	1	better
OPYTIMIZER	HS	2	500	837	363	1200	7.22475e-44	9.46442e-42	1	1	better
OPYTIMIZER	JS	2	500	846	352	1200	1.13361e-47	1.57571e-45	1	1	better
OPYTIMIZER	SOS	2	500	1176	23	1200	2.40839e-313	7.12882e-311	1	1	better
OPYTIMIZER	GS	2	500	62	1137	1200	1	1	6.04319e-257	1.77066e-254	worse
OPYTIMIZER	EFO	2	500	866	334	1200	3.80213e-55	5.55112e-53	1	1	better
OPYTIMIZER	GSA	2	500	225	975	1200	1	1	6.98668e-112	1.95627e-109	worse
OPYTIMIZER	ESA	2	500	914	283	1200	3.79461e-78	6.337e-76	1	1	better
OPYTIMIZER	BOA	2	500	40	440	480	1	1	1.44165e-86	3.95011e-84	worse
OPYTIMIZER	HC	2	500	410	789	1200	1	1	1.71947e-28	4.33307e-26	worse
OPYTIMIZER	ABC	2	500	1130	41	1172	3.08045e-277	9.02572e-275	1	1	better
OPYTIMIZER	RRA	2	500	1057	139	1200	1.68017e-175	4.03241e-173	1	1	better
OPYTIMIZER	NDS	2	500	58	1141	1200	1	1	4.78017e-262	1.41015e-259	worse
OPYTIMIZER	NBJS	2	500	862	333	1200	9.20739e-55	1.33507e-52	1	1	better
OPYTIMIZER	SSD	2	500	136	1063	1200	1	1	6.64376e-179	1.89347e-176	worse
OPYTIMIZER	CEM	2	500	668	530	1200	3.71301e-05	0.00337884	0.999971	1	better
OPYTIMIZER	AOA	2	500	605	594	1200	0.386376	1	0.635529	1	not shown
OPYTIMIZER	MRFO	2	500	1073	126	1200	5.22056e-188	1.28948e-185	1	1	better
OPYTIMIZER	ASO	2	500	62	1138	1200	1	1	3.18606e-257	9.36701e-255	worse
OPYTIMIZER	SFO	2	500	665	534	1200	8.57162e-05	0.00771446	0.999932	1	better
OPYTIMIZER	IHS	2	500	823	376	1200	3.82773e-39	4.78466e-37	1	1	better
OPYTIMIZER	COA	2	500	1122	76	1200	1.06702e-239	3.04101e-237	1	1	better
OPYTIMIZER	GOA	2	500	1079	119	1200	2.36206e-194	5.99964e-192	1	1	better
OPYTIMIZER	STOA	2	500	88	1112	1200	1	1	1.19957e-226	3.49076e-224	worse
OPYTIMIZER	MVPA	2	500	1069	130	1200	2.53627e-184	6.21385e-182	1	1	better
OPYTIMIZER	ES	2	500	1094	104	1200	3.59723e-209	9.67655e-207	1	1	better
OPYTIMIZER	AIWPSO	2	500	1079	120	1200	1.18127e-193	2.98862e-191	1	1	better
OPYTIMIZER	ISA	2	500	103	1096	1200	1	1	1.86658e-210	5.41308e-208	worse
OPYTIMIZER	EO	2	500	1136	63	1200	1.09172e-255	3.16599e-253	1	1	better
OPYTIMIZER	AF	2	500	104	946	1050	1	1	7.37784e-171	2.09531e-168	worse
OPYTIMIZER	DOA	2	500	1086	113	1200	2.01065e-200	5.20759e-198	1	1	better
OPYTIMIZER	PIO	2	500	914	284	1200	8.01605e-78	1.33066e-75	1	1	better
OPYTIMIZER	HHO	2	500	1106	92	1200	9.31737e-222	2.58091e-219	1	1	better
OPYTIMIZER	BSA	2	500	910	287	1200	3.99299e-76	6.46864e-74	1	1	better
OPYTIMIZER	TEO	2	500	548	631	1180	0.992802	1	0.008449	1	not shown
OPYTIMIZER	FA	2	500	158	1042	1200	1	1	2.39201e-160	6.76939e-158	worse
OPYTIMIZER	WWO	2	500	1102	96	1200	1.74667e-217	4.76842e-215	1	1	better
OPYTIMIZER	IWO	2	500	997	201	1200	2.00617e-127	4.25308e-125	1	1	better
OPYTIMIZER	KH	2	500	916	283	1200	1.62422e-78	2.72869e-76	1	1	better
OPYTIMIZER	FOA	2	500	975	224	1200	2.61653e-112	5.31156e-110	1	1	better
OPYTIMIZER	RPSO	2	500	1112	87	1200	1.75766e-227	4.92146e-225	1	1	better
OPYTIMIZER	SCA	2	500	201	997	1200	1	1	2.00617e-127	5.6574e-125	worse
OPYTIMIZER	OSA	2	500	488	711	1200	1	1	6.40732e-11	1.54416e-08	worse
OPYTIMIZER	WDO	2	500	207	992	1200	1	1	1.61825e-123	4.54727e-121	worse
OPYTIMIZER	LSA	2	500	1142	57	1200	2.42541e-263	7.0822e-261	1	1	better
OPYTIMIZER	VPSO	2	500	1112	87	1200	1.75766e-227	4.92146e-225	1	1	better
OPYTIMIZER	SBO	2	500	957	241	1200	1.38871e-101	2.65243e-99	1	1	better
OPYTIMIZER	GA	2	500	1094	105	1200	2.05592e-208	5.50986e-206	1	1	better
OPYTIMIZER	MFO	2	500	988	210	1200	2.86002e-121	5.97745e-119	1	1	better
OPYTIMIZER	CS	2	500	1139	59	1200	1.75968e-260	5.12068e-258	1	1	better
OPYTIMIZER	FSO	2	500	948	251	1200	6.63566e-96	1.2475e-93	1	1	better
OPYTIMIZER	NGHS	2	500	614	583	1200	0.192945	1	0.822493	1	not shown
OPYTIMIZER	GCO	2	500	1042	156	1200	1.64589e-161	3.75263e-159	1	1	better
OPYTIMIZER	TWO	2	500	1093	107	1200	1.19235e-206	3.17166e-204	1	1	better
OPYTIMIZER	WEO	2	500	977	222	1200	1.36623e-113	2.81443e-111	1	1	better
OPYTIMIZER	GWO	2	500	1011	187	1200	2.04063e-137	4.42816e-135	1	1	better
OPYTIMIZER	SAVPSO	2	500	1124	75	1200	3.84734e-241	1.10419e-238	1	1	better
OPYTIMIZER	FFOA	2	500	314	886	1200	1	1	8.44732e-64	2.23854e-61	worse
OPYTIMIZER	AIG	2	500	1106	93	1200	6.01211e-221	1.65934e-218	1	1	better
OPYTIMIZER	BH	2	500	867	332	1200	8.09327e-56	1.1978e-53	1	1	better
OPYTIMIZER	CI	2	500	444	177	621	1.02156e-27	1.18501e-25	1	1	better
OPYTIMIZER	SSA	2	500	1089	109	1200	4.00649e-204	1.05771e-201	1	1	better
OPYTIMIZER	AO	2	500	896	301	1200	2.69619e-69	4.23302e-67	1	1	better
OPYTIMIZER	MVO	2	500	316	89	406	3.36641e-31	3.9387e-29	1	1	better
mealpy	LevyTWO	2	500	417	781	1200	1	1	2.05429e-26	5.11518e-24	worse
mealpy	OriginalTLO	2	500	1049	150	1200	9.34449e-167	2.17727e-164	1	1	better
mealpy	GWO	2	500	970	227	1200	5.53555e-110	1.11265e-107	1	1	better
mealpy	OriginalBBO	2	500	356	840	1200	1	1	7.30709e-46	1.88523e-43	worse
mealpy	ABFO	2	500	422	761	1186	1	1	2.18232e-23	5.41216e-21	worse
mealpy	OriginalWHO	2	500	978	220	1200	1.13991e-114	2.3596e-112	1	1	better
mealpy	OriginalFFA	2	500	596	600	1200	0.557474	1	0.465439	1	not shown
mealpy	BaseSARO	2	500	1127	72	1200	1.08854e-244	3.14588e-242	1	1	better
mealpy	OriginalSMA	2	500	759	438	1200	6.69539e-21	7.29797e-19	1	1	better
mealpy	SingleGA	2	500	314	884	1200	1	1	1.8437e-63	4.84892e-61	worse
mealpy	OriginalSSDO	2	500	564	631	1200	0.975436	1	0.028093	1	not shown
mealpy	OriginalFPA	2	500	866	330	1200	3.57706e-56	5.36559e-54	1	1	better
mealpy	OriginalSSO	2	500	619	578	1200	0.123805	1	0.887625	1	not shown
mealpy	OriginalMA	2	500	288	912	1200	1	1	3.59763e-76	9.74958e-74	worse
mealpy	OriginalCEM	2	500	833	366	1200	1.21873e-42	1.58435e-40	1	1	better
mealpy	OCRO	2	500	725	474	1200	2.14703e-13	2.18997e-11	1	1	better
mealpy	OriginalBA	2	500	123	1077	1200	1	1	4.55567e-191	1.30748e-188	worse
mealpy	OriginalAEO	2	500	1096	103	1200	1.86658e-210	5.03977e-208	1	1	better
mealpy	OriginalBSO	2	500	961	237	1200	5.35349e-104	1.02787e-101	1	1	better
mealpy	OriginalBFO	2	500	128	1070	1200	1	1	6.61574e-186	1.8921e-183	worse
mealpy	ImprovedSLO	2	500	922	276	1200	5.96519e-82	1.03198e-79	1	1	better
mealpy	OriginalLCO	2	500	1059	139	1200	5.37451e-176	1.30063e-173	1	1	better
mealpy	OriginalHGS	2	500	963	235	1200	3.22117e-105	6.31349e-103	1	1	better
mealpy	BaseALO	2	500	941	258	1200	6.45319e-92	1.18739e-89	1	1	better
mealpy	CPSO	2	500	755	439	1200	2.37214e-20	2.56191e-18	1	1	better
mealpy	OriginalEO	2	500	1099	100	1200	1.49133e-213	4.0415e-211	1	1	better
mealpy	DE	2	500	475	723	1200	1	1	3.99297e-13	9.70292e-11	worse
mealpy	ModifiedBA	2	500	728	467	1200	2.1614e-14	2.22624e-12	1	1	better
mealpy	BaseTLO	2	500	1050	149	1200	1.33324e-167	3.11978e-165	1	1	better
mealpy	OriginalPFA	2	500	416	780	1200	1	1	1.86384e-26	4.65959e-24	worse
mealpy	BaseFOA	2	500	237	963	1200	1	1	2.07722e-104	5.77468e-102	worse
mealpy	OriginalGBO	2	500	916	282	1200	7.65528e-79	1.29374e-76	1	1	better
mealpy	TVAC	2	500	1105	94	1200	7.08139e-220	1.9403e-217	1	1	better
mealpy	BaseFBIO	2	500	1021	178	1200	2.3581e-144	5.23499e-142	1	1	better
mealpy	ImprovedBSO	2	500	832	367	1200	2.77468e-42	3.57934e-40	1	1	better
mealpy	OriginalAO	2	500	278	921	1200	1	1	4.29695e-81	1.16877e-78	worse
mealpy	BaseGSKA	2	500	1106	93	1200	6.01211e-221	1.65934e-218	1	1	better
mealpy	BaseLCO	2	500	1088	111	1200	2.14682e-202	5.60319e-200	1	1	better
mealpy	OriginalSSpiderA	2	500	661	536	1200	0.000167238	0.0148842	0.999866	1	better
mealpy	BaseHS	2	500	556	639	1200	0.992467	1	0.00882572	1	not shown
mealpy	AdaptiveEO	2	500	1100	99	1200	1.35428e-214	3.68364e-212	1	1	better
mealpy	OriginalWCA	2	500	674	102	778	1.72693e-104	3.33298e-102	1	1	better
mealpy	OriginalMRFO	2	500	1052	147	1200	2.65243e-169	6.25973e-167	1	1	better
mealpy	OriginalEOA	2	500	554	642	1200	0.994981	1	0.00592457	1	not shown
mealpy	OriginalABC	2	500	982	216	1200	2.79311e-117	5.80967e-115	1	1	better
mealpy	ModifiedAEO	2	500	1080	119	1200	1.31101e-194	3.34308e-192	1	1	better
mealpy	OriginalSFO	2	500	822	372	1200	8.00619e-40	1.01679e-37	1	1	better
mealpy	BaseBBO	2	500	294	900	1200	1	1	3.98146e-72	1.075e-69	worse
mealpy	OriginalNMRA	2	500	848	346	1200	2.2152e-49	3.10128e-47	1	1	better
mealpy	OriginalACOR	2	500	904	296	1200	3.17035e-72	5.04085e-70	1	1	better
mealpy	ImprovedSFO	2	500	851	345	1200	4.43997e-50	6.30476e-48	1	1	better
mealpy	OriginalCRO	2	500	432	765	1200	1	1	2.25957e-22	5.58113e-20	worse
mealpy	LevyJA	2	500	926	272	1200	4.59949e-84	8.0491e-82	1	1	better
mealpy	OriginalHS	2	500	675	522	1200	5.43785e-06	0.00050572	0.999996	1	better
mealpy	OriginalCSO	2	500	588	609	1200	0.737564	1	0.281616	1	not shown
mealpy	OriginalCOA	2	500	877	319	1200	6.70634e-61	1.03948e-58	1	1	better
mealpy	LevyQSA	2	500	1084	116	1200	9.37822e-198	2.4102e-195	1	1	better
mealpy	OppoQSA	2	500	1050	147	1200	8.16921e-169	1.91976e-166	1	1	better
mealpy	BaseBRO	2	500	851	347	1200	1.33097e-49	1.87667e-47	1	1	better
mealpy	OriginalSLO	2	500	911	286	1200	1.25532e-76	2.04616e-74	1	1	better
mealpy	OriginalMVO	2	500	708	489	1200	1.32328e-10	1.32328e-08	1	1	better
mealpy	CLPSO	2	500	414	784	1200	1	1	3.04314e-27	7.63828e-25	worse
mealpy	OriginalNRO	2	500	925	272	1200	7.11356e-84	1.23776e-81	1	1	better
mealpy	BaseSCA	2	500	807	392	1200	6.7791e-34	8.33829e-32	1	1	better
mealpy	BaseGCO	2	500	873	325	1200	1.27256e-58	1.93429e-56	1	1	better
mealpy	OriginalArchOA	2	500	929	268	1200	5.10615e-86	9.08895e-84	1	1	better
mealpy	SwarmHC	2	500	564	635	1200	0.981228	1	0.021588	1	not shown
mealpy	ImprovedTLO	2	500	1088	111	1200	2.14682e-202	5.60319e-200	1	1	better
mealpy	OriginalMSA	2	500	1121	78	1200	1.19737e-237	3.38855e-235	1	1	better
mealpy	WOA	2	500	940	258	1200	1.01332e-91	1.85438e-89	1	1	better
mealpy	OriginalIWO	2	500	914	285	1200	1.68885e-77	2.7866e-75	1	1	better
mealpy	BaseGA	2	500	395	803	1200	1	1	7.876e-33	2.00838e-30	worse
mealpy	ModifiedEO	2	500	1085	114	1200	1.91758e-199	4.94737e-197	1	1	better
mealpy	ImprovedNMRA	2	500	639	557	1200	0.00956703	0.822765	0.99182	1	not shown
mealpy	BaseCHIO	2	500	246	952	1200	1	1	1.28684e-98	3.56456e-96	worse
mealpy	OriginalHHO	2	500	918	279	1200	3.34955e-80	5.72774e-78	1	1	better
mealpy	OriginalGWO	2	500	1012	187	1200	1.20858e-137	2.6347e-135	1	1	better
mealpy	ImprovedQSA	2	500	1057	141	1200	3.05803e-174	7.27811e-172	1	1	better
mealpy	OriginalFBIO	2	500	1018	182	1200	1.42224e-141	3.14315e-139	1	1	better
mealpy	OriginalBeesA	2	500	824	371	1200	2.61321e-40	3.34491e-38	1	1	better
mealpy	BaseEFO	2	500	1036	163	1200	4.68198e-156	1.05813e-153	1	1	better
mealpy	OriginalSA	2	500	968	229	1200	9.99833e-109	1.98967e-106	1	1	better
mealpy	OriginalHC	2	500	270	929	1200	1	1	2.53223e-85	6.91298e-83	worse
mealpy	OriginalSHO	2	500	781	416	1200	1.42626e-26	1.59742e-24	1	1	better
mealpy	JADE	2	500	1059	140	1200	2.30394e-175	5.50642e-173	1	1	better
mealpy	OriginalCA	2	500	785	415	1200	3.36428e-27	3.83528e-25	1	1	better
mealpy	EnhancedTWO	2	500	650	549	1200	0.00192969	0.169813	0.998397	1	not shown
mealpy	BaseSSA	2	500	963	234	1200	1.262e-105	2.48615e-103	1	1	better
mealpy	OriginalAOA	2	500	80	1118	1200	1	1	4.44935e-235	1.29921e-232	worse
mealpy	OriginalQSA	2	500	1055	144	1200	7.02316e-172	1.66449e-169	1	1	better
mealpy	OriginalGOA	2	500	1089	110	1200	2.18576e-203	5.74855e-201	1	1	better
mealpy	EnhancedAEO	2	500	1066	133	1200	1.34825e-181	3.28973e-179	1	1	better
mealpy	OriginalGSKA	2	500	997	201	1200	2.00617e-127	4.25308e-125	1	1	better
mealpy	PPSO	2	500	1074	125	1200	6.11749e-189	1.52326e-186	1	1	better
mealpy	OriginalCGO	2	500	1025	172	1200	1.7343e-148	3.90218e-146	1	1	better
mealpy	OriginalHGSO	2	500	705	490	1200	2.70268e-10	2.67566e-08	1	1	better
mealpy	OriginalSBO	2	500	839	358	1200	2.88866e-45	3.8708e-43	1	1	better
mealpy	OppoTWO	2	500	625	572	1200	0.0664037	1	0.940733	1	not shown
mealpy	OriginalASO	2	500	106	1093	1200	1	1	2.12421e-207	6.13898e-205	worse
mealpy	ModifiedSLO	2	500	865	332	1200	1.69458e-55	2.49103e-53	1	1	better
mealpy	BaseVCS	2	500	975	223	1200	9.76358e-113	1.99177e-110	1	1	better
mealpy	LSHADE	2	500	1079	120	1200	1.18127e-193	2.98862e-191	1	1	better
mealpy	OriginalEFO	2	500	599	598	1200	0.5	1	0.523047	1	not shown
mealpy	OriginalJA	2	500	575	621	1200	0.912946	1	0.0965828	1	not shown
mealpy	OriginalGCO	2	500	785	414	1200	2.32079e-27	2.66891e-25	1	1	better
mealpy	OriginalPSS	2	500	1044	154	1200	3.64546e-163	8.3481e-161	1	1	better
mealpy	OriginalEHO	2	500	926	271	1200	2.08541e-84	3.67032e-82	1	1	better
mealpy	OriginalSSA	2	500	907	289	1200	6.04903e-75	9.73893e-73	1	1	better
mealpy	OriginalSCA	2	500	805	394	1200	2.86796e-33	3.47023e-31	1	1	better
mealpy	OriginalBES	2	500	1065	134	1200	1.07385e-180	2.60947e-178	1	1	better
mealpy	BaseSBO	2	500	893	304	1200	6.99549e-68	1.0913e-65	1	1	better
mealpy	BaseJA	2	500	720	478	1200	1.412e-12	1.42612e-10	1	1	better
mealpy	OriginalSARO	2	500	1060	140	1200	1.30393e-175	3.14247e-173	1	1	better
mealpy	OriginalSRSR	2	500	1010	187	1200	3.44496e-137	7.44112e-135	1	1	better
mealpy	OriginalTWO	2	500	846	353	1200	1.92907e-47	2.64283e-45	1	1	better
mealpy	OriginalWDO	2	500	587	612	1200	0.773627	1	0.244128	1	not shown
mealpy	AugmentedAEO	2	500	947	251	1200	1.0497e-95	1.96295e-93	1	1	better
mealpy	OriginalWOA	2	500	946	252	1200	3.95188e-95	7.35049e-93	1	1	better
mealpy	SADE	2	500	1081	118	1200	1.44155e-195	3.69036e-193	1	1	better
mealpy	OriginalBRO	2	500	397	802	1200	1	1	2.42633e-32	6.16287e-30	worse
mealpy	OriginalSSpiderO	2	500	583	614	1200	0.822493	1	0.192945	1	not shown
mealpy	ProbBeesA	2	500	582	615	1200	0.837128	1	0.177507	1	not shown
mealpy	OriginalFA	2	500	256	942	1200	1	1	7.55184e-93	2.07676e-90	worse
mealpy	OriginalCSA	2	500	306	889	1200	1	1	1.33043e-66	3.55225e-64	worse
mealpy	OriginalALO	2	500	942	257	1200	1.76416e-92	3.2637e-90	1	1	better
mealpy	OriginalDO	2	500	740	456	1200	1.00447e-16	1.05469e-14	1	1	better
mealpy	OriginalCHIO	2	500	406	790	1200	1	1	2.78736e-29	7.05202e-27	worse
mealpy	OriginalBSA	2	500	1007	190	1200	5.26457e-135	1.13188e-132	1	1	better
mealpy	LevyEP	2	500	962	235	1200	5.18033e-105	1.01016e-102	1	1	better
mealpy	OriginalICA	2	500	602	103	706	6.56789e-87	1.17565e-84	1	1	better
mealpy	ImprovedLCO	2	500	863	336	1200	3.66529e-54	5.27802e-52	1	1	better
mealpy	OriginalMFO	2	500	442	753	1200	1	1	9.53048e-20	2.3445e-17	worse
mealpy	ImprovedAEO	2	500	1047	152	1200	4.48721e-165	1.03655e-162	1	1	better
mealpy	OriginalVCS	2	500	843	355	1200	1.55506e-46	2.09934e-44	1	1	better
mealpy	AdaptiveBA	2	500	470	728	1200	1	1	4.54221e-14	1.1083e-11	worse
mealpy	MultiGA	2	500	306	891	1200	1	1	5.99769e-67	1.60738e-64	worse
mealpy	OriginalES	2	500	975	224	1200	2.61653e-112	5.31156e-110	1	1	better
mealpy	LevyES	2	500	1044	153	1200	9.36181e-164	2.15322e-161	1	1	better
mealpy	OriginalEP	2	500	800	393	1200	8.25768e-33	9.82663e-31	1	1	better
mealpy	BaseSMA	2	500	930	270	1200	1.63298e-85	2.89038e-83	1	1	better
mealpy	OriginalPSO	2	500	346	851	1200	1	1	7.69519e-50	2.00075e-47	worse
mealpy	FBUDGETSHADE	2	500	1089	110	1200	2.18576e-203	5.74855e-201	1	1	better
mealpy	OriginalFOA	2	500	236	964	1200	1	1	5.09816e-105	1.42239e-102	worse
mealpy	BaseQSA	2	500	1074	126	1200	2.91616e-188	7.23207e-186	1	1	better
mealpy	BaseMFO	2	500	956	242	1200	5.50129e-101	1.04524e-98	1	1	better
mealpy	BaseDE	2	500	1014	186	1200	1.31797e-138	2.89953e-136	1	1	better
mealpy	WhaleFOA	2	500	247	953	1200	1	1	1.96848e-98	5.433e-96	worse
Baselines	DE	2	500	1062	136	1200	1.1782e-178	1.1782e-177	1	1	better
Baselines	RCobyla	2	500	747	450	1200	4.00448e-18	1.20134e-17	1	1	better
Baselines	PSO	2	500	554	615	1200	0.965135	0.965135	0.0396188	0.435807	not shown
Baselines	DiagonalCMA	2	500	832	367	1200	2.77468e-42	1.66481e-41	1	1	better
Baselines	modcma	2	500	961	238	1200	1.35035e-103	9.45245e-103	1	1	better
Baselines	modde	2	500	1142	57	1200	2.42541e-263	2.66795e-262	1	1	better
Baselines	OnePlusOne	2	500	709	486	1200	5.96458e-11	1.19292e-10	1	1	better
Baselines	Powell	2	500	748	447	1200	1.33821e-18	5.35283e-18	1	1	better
Baselines	MultiBFGS	2	500	827	373	1200	2.58068e-40	1.29034e-39	1	1	better
Baselines	lshade	2	500	1053	144	1200	2.1754e-171	1.95786e-170	1	1	better
Baselines	bipop	2	500	1048	151	1200	6.49988e-166	5.19991e-165	1	1	better
EVOLOPY	DE	2	1000	1137	61	1200	6.24404e-258	1.79828e-255	1	1	better
EVOLOPY	JAYA	2	1000	934	265	1200	4.93043e-88	8.28313e-86	1	1	better
EVOLOPY	PSO	2	1000	952	246	1200	1.28684e-98	2.29058e-96	1	1	better
EVOLOPY	WOA	2	1000	900	297	1200	3.29926e-71	5.14685e-69	1	1	better
EVOLOPY	FFA	2	1000	879	317	1200	8.77253e-62	1.29833e-59	1	1	better
EVOLOPY	BAT	2	1000	469	730	1200	1	1	2.3846e-14	5.74689e-12	worse
EVOLOPY	MVO	2	1000	821	378	1200	1.8289e-38	2.45072e-36	1	1	better
EVOLOPY	HHO	2	1000	870	329	1200	4.43846e-57	6.52454e-55	1	1	better
EVOLOPY	SCA	2	1000	703	497	1200	1.4966e-09	1.51156e-07	1	1	better
EVOLOPY	GA	2	1000	496	496	995	0.512663	1	0.512663	1	not shown
EVOLOPY	MFO	2	1000	979	219	1200	2.55748e-115	4.83363e-113	1	1	better
EVOLOPY	CS	2	1000	1052	147	1200	2.65243e-169	5.86187e-167	1	1	better
EVOLOPY	GWO	2	1000	976	222	1200	2.2272e-113	4.14259e-111	1	1	better
EVOLOPY	SSA	2	1000	641	558	1200	0.00892096	0.758281	0.992382	1	not shown
NIAPY	DynamicFireworksAlgorithm	2	1000	595	603	1200	0.602571	1	0.419869	1	not shown
NIAPY	HarmonySearch	2	1000	987	213	1200	1.07117e-119	2.06737e-117	1	1	better
NIAPY	EvolutionStrategyMp1	2	1000	993	205	1200	1.15593e-124	2.26561e-122	1	1	better
NIAPY	MonarchButterflyOptimization	2	1000	466	732	1200	1	1	7.50103e-15	1.82275e-12	worse
NIAPY	CenterParticleSwarmOptimization	2	1000	1047	151	1200	1.13644e-165	2.48881e-163	1	1	better
NIAPY	DynNpDifferentialEvolution	2	1000	699	500	1200	4.99573e-09	4.99573e-07	1	1	better
NIAPY	CamelAlgorithm	2	1000	807	389	1200	1.87212e-34	2.43375e-32	1	1	better
NIAPY	BatAlgorithm	2	1000	785	413	1200	1.59845e-27	1.98207e-25	1	1	better
NIAPY	GlowwormSwarmOptimization	2	1000	378	821	1200	1	1	1.8289e-38	4.55395e-36	worse
NIAPY	BareBonesFireworksAlgorithm	2	1000	664	533	1200	8.46438e-05	0.0075333	0.999933	1	better
NIAPY	CuckooSearch	2	1000	1019	176	1200	6.00829e-145	1.24372e-142	1	1	better
NIAPY	GeneticAlgorithm	2	1000	566	632	1200	0.973573	1	0.0301711	1	not shown
NIAPY	ParticleSwarmAlgorithm	2	1000	1097	101	1200	2.97561e-212	7.29025e-210	1	1	better
NIAPY	MonkeyKingEvolutionV3	2	1000	297	902	1200	1	1	1.45624e-71	3.82991e-69	worse
NIAPY	MonkeyKingEvolutionV2	2	1000	665	530	1200	5.21983e-05	0.00469784	0.999959	1	better
NIAPY	SineCosineAlgorithm	2	1000	14	1186	1200	1	1	0	0	worse
NIAPY	EvolutionStrategy1p1	2	1000	650	549	1200	0.00192969	0.167883	0.998397	1	not shown
NIAPY	HarrisHawksOptimization	2	1000	962	233	1200	7.93758e-106	1.44464e-103	1	1	better
NIAPY	ParticleSwarmOptimization	2	1000	691	507	1200	5.88087e-08	5.76325e-06	1	1	better
NIAPY	ForestOptimizationAlgorithm	2	1000	901	298	1200	4.41745e-71	6.84705e-69	1	1	better
NIAPY	EnhancedFireworksAlgorithm	2	1000	736	462	1200	1.17203e-15	1.30096e-13	1	1	better
NIAPY	MultiStrategyDifferentialEvolution	2	1000	1113	85	1200	1.96695e-229	5.19274e-227	1	1	better
NIAPY	MutatedParticleSwarmOptimization	2	1000	1032	166	1200	1.99956e-153	4.21908e-151	1	1	better
NIAPY	ComprehensiveLearningParticleSwarmOptimizer	2	1000	747	449	1200	3.00104e-18	3.42118e-16	1	1	better
NIAPY	KrillHerd	2	1000	377	821	1200	1	1	1.1506e-38	2.8765e-36	worse
NIAPY	FishSchoolSearch	2	1000	628	571	1200	0.0528921	1	0.953055	1	not shown
NIAPY	MutatedCenterUnifiedParticleSwarmOptimization	2	1000	1077	121	1200	1.89657e-192	4.41902e-190	1	1	better
NIAPY	MutatedCenterParticleSwarmOptimization	2	1000	1034	164	1200	5.11387e-155	1.08414e-152	1	1	better
NIAPY	GlowwormSwarmOptimizationV2	2	1000	370	826	1200	1	1	8.47277e-41	2.12667e-38	worse
NIAPY	CatSwarmOptimization	2	1000	909	287	1200	6.07426e-76	9.65808e-74	1	1	better
NIAPY	DifferentialEvolution	2	1000	1105	93	1200	1.10925e-220	2.85077e-218	1	1	better
NIAPY	FireworksAlgorithm	2	1000	566	632	1200	0.973573	1	0.0301711	1	not shown
NIAPY	MothFlameOptimizer	2	1000	346	850	1200	1	1	1.09504e-49	2.8033e-47	worse
NIAPY	DynNpMultiStrategyDifferentialEvolution	2	1000	1116	82	1200	8.3828e-233	2.23821e-230	1	1	better
NIAPY	EvolutionStrategyML	2	1000	938	258	1200	2.49688e-91	4.29464e-89	1	1	better
NIAPY	GreyWolfOptimizer	2	1000	1014	183	1200	3.859e-140	7.91095e-138	1	1	better
NIAPY	HarmonySearchV1	2	1000	791	407	1200	3.10782e-29	3.88478e-27	1	1	better
NIAPY	BeesAlgorithm	2	1000	1065	135	1200	4.7778e-180	1.07978e-177	1	1	better
NIAPY	GlowwormSwarmOptimizationV1	2	1000	358	841	1200	1	1	1.46582e-45	3.72318e-43	worse
NIAPY	GlowwormSwarmOptimizationV3	2	1000	347	852	1200	1	1	9.35778e-50	2.40495e-47	worse
NIAPY	LionOptimizationAlgorithm	2	1000	864	333	1200	4.41319e-55	6.44326e-53	1	1	better
NIAPY	ArtificialBeeColonyAlgorithm	2	1000	954	242	1200	1.40198e-100	2.53758e-98	1	1	better
NIAPY	AgingNpDifferentialEvolution	2	1000	906	290	1200	1.89591e-74	2.99553e-72	1	1	better
NIAPY	OppositionVelocityClampingParticleSwarmOptimization	2	1000	720	475	1200	7.06388e-13	7.55835e-11	1	1	better
NIAPY	CoralReefsOptimization	2	1000	439	761	1200	1	1	5.67918e-21	1.3914e-18	worse
NIAPY	BacterialForagingOptimization	2	1000	803	392	1200	2.23081e-33	2.83312e-31	1	1	better
NIAPY	DynamicFireworksAlgorithmGauss	2	1000	647	552	1200	0.00330497	0.284228	0.997229	1	not shown
NIAPY	ClonalSelectionAlgorithm	2	1000	106	1094	1200	1	1	1.1649e-207	3.33162e-205	worse
NIAPY	GravitationalSearchAlgorithm	2	1000	244	954	1200	1	1	8.50064e-100	2.29517e-97	worse
NIAPY	MonkeyKingEvolutionV1	2	1000	1058	140	1200	4.07043e-175	9.11776e-173	1	1	better
NIAPY	EvolutionStrategyMpL	2	1000	1004	193	1200	7.60611e-133	1.53643e-130	1	1	better
NIAPY	FireflyAlgorithm	2	1000	652	543	1200	0.000885643	0.0779365	0.999274	1	not shown
NIAPY	FlowerPollinationAlgorithm	2	1000	1019	179	1200	2.29213e-143	4.7218e-141	1	1	better
OPYTIMIZER	SA	2	1000	686	512	1200	2.7693e-07	2.68622e-05	1	1	better
OPYTIMIZER	GOGHS	2	1000	767	429	1200	5.08329e-23	5.99828e-21	1	1	better
OPYTIMIZER	QSA	2	1000	1167	31	1200	5.3071e-300	1.56559e-297	1	1	better
OPYTIMIZER	SGHS	2	1000	466	732	1200	1	1	7.50103e-15	1.82275e-12	worse
OPYTIMIZER	DE	2	1000	1123	75	1200	7.21381e-241	1.99101e-238	1	1	better
OPYTIMIZER	RFO	2	1000	1118	80	1200	4.44935e-235	1.19687e-232	1	1	better
OPYTIMIZER	PPA	2	1000	328	869	1200	1	1	3.53374e-57	9.1524e-55	worse
OPYTIMIZER	EHO	2	1000	1088	109	1200	7.28465e-204	1.74103e-201	1	1	better
OPYTIMIZER	AEO	2	1000	1160	37	1200	1.54086e-290	4.49931e-288	1	1	better
OPYTIMIZER	ABO	2	1000	1104	94	1200	1.30535e-219	3.3156e-217	1	1	better
OPYTIMIZER	GHS	2	1000	547	646	1200	0.998114	1	0.00226485	0.523181	not shown
OPYTIMIZER	PVS	2	1000	1130	68	1200	3.10312e-249	8.71977e-247	1	1	better
OPYTIMIZER	BWO	2	1000	706	491	1200	2.7943e-10	2.90607e-08	1	1	better
OPYTIMIZER	PSO	2	1000	1121	77	1200	1.55639e-238	4.21781e-236	1	1	better
OPYTIMIZER	BSO	2	1000	1082	115	1200	5.92266e-198	1.39182e-195	1	1	better
OPYTIMIZER	CSA	2	1000	686	513	1200	3.25369e-07	3.12354e-05	1	1	better
OPYTIMIZER	SSO	2	1000	269	931	1200	1	1	4.72665e-86	1.25256e-83	worse
OPYTIMIZER	WOA	2	1000	1036	161	1200	3.43499e-157	7.38523e-155	1	1	better
OPYTIMIZER	BA	2	1000	848	350	1200	1.93902e-48	2.71463e-46	1	1	better
OPYTIMIZER	HS	2	1000	761	438	1200	4.14269e-21	4.76409e-19	1	1	better
OPYTIMIZER	JS	2	1000	740	457	1200	1.32e-16	1.4784e-14	1	1	better
OPYTIMIZER	SOS	2	1000	1176	22	1200	9.23186e-315	2.73263e-312	1	1	better
OPYTIMIZER	GS	2	1000	35	1164	1200	1	1	4.02805e-294	1.18022e-291	worse
OPYTIMIZER	EFO	2	1000	825	375	1200	1.26495e-39	1.70768e-37	1	1	better
OPYTIMIZER	GSA	2	1000	145	1055	1200	1	1	2.90932e-171	8.20428e-169	worse
OPYTIMIZER	ESA	2	1000	849	348	1200	4.63517e-49	6.53559e-47	1	1	better
OPYTIMIZER	BOA	2	1000	33	447	480	1	1	3.9096e-94	1.04777e-91	worse
OPYTIMIZER	HC	2	1000	410	786	1200	1	1	3.93054e-28	9.66913e-26	worse
OPYTIMIZER	ABC	2	1000	1142	28	1172	1.22831e-296	3.61122e-294	1	1	better
OPYTIMIZER	RRA	2	1000	1006	191	1200	2.77965e-134	5.64268e-132	1	1	better
OPYTIMIZER	NDS	2	1000	32	1167	1200	1	1	9.95127e-299	2.92567e-296	worse
OPYTIMIZER	NBJS	2	1000	773	424	1200	2.01562e-24	2.41875e-22	1	1	better
OPYTIMIZER	SSD	2	1000	130	1066	1200	1	1	1.43812e-183	4.06989e-181	worse
OPYTIMIZER	CEM	2	1000	676	518	1200	2.68432e-06	0.000246957	0.999998	1	better
OPYTIMIZER	AOA	2	1000	529	671	1200	0.999982	1	2.30327e-05	0.00536662	worse
OPYTIMIZER	MRFO	2	1000	1069	129	1200	5.49399e-185	1.26911e-182	1	1	better
OPYTIMIZER	ASO	2	1000	58	1142	1200	1	1	2.51136e-262	7.33316e-260	worse
OPYTIMIZER	SFO	2	1000	598	601	1200	0.54598	1	0.476972	1	not shown
OPYTIMIZER	IHS	2	1000	722	476	1200	6.10421e-13	6.59255e-11	1	1	better
OPYTIMIZER	COA	2	1000	1146	52	1200	1.17914e-269	3.43129e-267	1	1	better
OPYTIMIZER	GOA	2	1000	1048	148	1200	1.01726e-167	2.23798e-165	1	1	better
OPYTIMIZER	STOA	2	1000	80	1120	1200	1	1	1.27682e-235	3.70277e-233	worse
OPYTIMIZER	MVPA	2	1000	1035	164	1200	2.96156e-155	6.30811e-153	1	1	better
OPYTIMIZER	ES	2	1000	1066	131	1200	6.57737e-183	1.51279e-180	1	1	better
OPYTIMIZER	AIWPSO	2	1000	1085	113	1200	3.64271e-200	8.59679e-198	1	1	better
OPYTIMIZER	ISA	2	1000	84	1116	1200	1	1	4.33323e-231	1.2523e-228	worse
OPYTIMIZER	EO	2	1000	1117	81	1200	6.14753e-234	1.64754e-231	1	1	better
OPYTIMIZER	AF	2	1000	76	974	1050	1	1	1.20379e-199	3.41878e-197	worse
OPYTIMIZER	DOA	2	1000	1099	99	1200	2.48514e-214	6.188e-212	1	1	better
OPYTIMIZER	PIO	2	1000	809	389	1200	1.02443e-34	1.34201e-32	1	1	better
OPYTIMIZER	HHO	2	1000	1097	101	1200	2.97561e-212	7.29025e-210	1	1	better
OPYTIMIZER	BSA	2	1000	858	339	1200	1.26252e-52	1.81802e-50	1	1	better
OPYTIMIZER	TEO	2	1000	586	593	1180	0.592108	1	0.430646	1	not shown
OPYTIMIZER	FA	2	1000	112	1086	1200	1	1	3.78601e-201	1.07901e-198	worse
OPYTIMIZER	WWO	2	1000	1141	56	1200	4.39269e-264	1.27388e-261	1	1	better
OPYTIMIZER	IWO	2	1000	983	213	1200	7.844e-119	1.50605e-116	1	1	better
OPYTIMIZER	KH	2	1000	892	307	1200	7.87374e-67	1.18894e-64	1	1	better
OPYTIMIZER	FOA	2	1000	917	281	1200	2.34938e-79	3.80599e-77	1	1	better
OPYTIMIZER	RPSO	2	1000	1132	66	1200	1.10207e-251	3.15193e-249	1	1	better
OPYTIMIZER	SCA	2	1000	162	1036	1200	1	1	1.27155e-156	3.57304e-154	worse
OPYTIMIZER	OSA	2	1000	473	726	1200	1	1	1.39296e-13	3.32918e-11	worse
OPYTIMIZER	WDO	2	1000	172	1027	1200	1	1	5.90817e-149	1.65429e-146	worse
OPYTIMIZER	LSA	2	1000	1131	67	1200	1.86386e-250	5.312e-248	1	1	better
OPYTIMIZER	VPSO	2	1000	1131	67	1200	1.86386e-250	5.312e-248	1	1	better
OPYTIMIZER	SBO	2	1000	896	302	1200	5.35668e-69	8.24929e-67	1	1	better
OPYTIMIZER	GA	2	1000	1064	134	1200	1.90794e-180	4.3501e-178	1	1	better
OPYTIMIZER	MFO	2	1000	934	263	1200	9.577e-89	1.61851e-86	1	1	better
OPYTIMIZER	CS	2	1000	1164	34	1200	2.34958e-295	6.88426e-293	1	1	better
OPYTIMIZER	FSO	2	1000	946	251	1200	1.66018e-95	2.88871e-93	1	1	better
OPYTIMIZER	NGHS	2	1000	472	726	1200	1	1	1.09486e-13	2.62765e-11	worse
OPYTIMIZER	GCO	2	1000	1057	140	1200	7.19054e-175	1.5963e-172	1	1	better
OPYTIMIZER	TWO	2	1000	1065	135	1200	4.7778e-180	1.07978e-177	1	1	better
OPYTIMIZER	WEO	2	1000	976	222	1200	2.2272e-113	4.14259e-111	1	1	better
OPYTIMIZER	GWO	2	1000	955	243	1200	2.16808e-100	3.88087e-98	1	1	better
OPYTIMIZER	SAVPSO	2	1000	1131	67	1200	1.86386e-250	5.312e-248	1	1	better
OPYTIMIZER	FFOA	2	1000	258	942	1200	1	1	4.10868e-92	1.09702e-89	worse
OPYTIMIZER	AIG	2	1000	1109	88	1200	7.63664e-226	1.97789e-223	1	1	better
OPYTIMIZER	BH	2	1000	812	386	1200	1.11027e-35	1.46555e-33	1	1	better
OPYTIMIZER	CI	2	1000	391	229	621	3.95573e-11	4.15352e-09	1	1	better
OPYTIMIZER	SSA	2	1000	1104	93	1200	2.04645e-220	5.21844e-218	1	1	better
OPYTIMIZER	AO	2	1000	805	393	1200	1.88035e-33	2.40685e-31	1	1	better
OPYTIMIZER	MVO	2	1000	306	98	406	2.64247e-26	3.22381e-24	1	1	better
mealpy	LevyTWO	2	1000	566	630	1200	0.969936	1	0.0342285	1	not shown
mealpy	OriginalTLO	2	1000	1110	88	1200	4.12072e-226	1.07551e-223	1	1	better
mealpy	GWO	2	1000	918	278	1200	1.55902e-80	2.5412e-78	1	1	better
mealpy	OriginalBBO	2	1000	268	928	1200	1	1	7.92927e-86	2.09333e-83	worse
mealpy	ABFO	2	1000	381	802	1186	1	1	2.60022e-35	6.42254e-33	worse
mealpy	OriginalWHO	2	1000	986	212	1200	6.25429e-120	1.21959e-117	1	1	better
mealpy	OriginalFFA	2	1000	580	616	1200	0.857666	1	0.155756	1	not shown
mealpy	BaseSARO	2	1000	1129	69	1200	5.08699e-248	1.42436e-245	1	1	better
mealpy	OriginalSMA	2	1000	812	382	1200	1.87701e-36	2.49643e-34	1	1	better
mealpy	SingleGA	2	1000	191	1008	1200	1	1	9.82913e-135	2.72267e-132	worse
mealpy	OriginalSSDO	2	1000	500	696	1200	1	1	7.98578e-09	1.88464e-06	worse
mealpy	OriginalFPA	2	1000	1001	193	1200	3.59145e-132	7.1829e-130	1	1	better
mealpy	OriginalSSO	2	1000	554	641	1200	0.994561	1	0.00641062	1	not shown
mealpy	OriginalMA	2	1000	175	1025	1200	1	1	7.11841e-147	1.98604e-144	worse
mealpy	OriginalCEM	2	1000	884	315	1200	3.515e-63	5.2725e-61	1	1	better
mealpy	OCRO	2	1000	747	450	1200	4.00448e-18	4.52506e-16	1	1	better
mealpy	OriginalBA	2	1000	88	1112	1200	1	1	1.19957e-226	3.45478e-224	worse
mealpy	OriginalAEO	2	1000	1129	69	1200	5.08699e-248	1.42436e-245	1	1	better
mealpy	OriginalBSO	2	1000	986	212	1200	6.25429e-120	1.21959e-117	1	1	better
mealpy	OriginalBFO	2	1000	88	1111	1200	1	1	2.22338e-226	6.38111e-224	worse
mealpy	ImprovedSLO	2	1000	979	220	1200	6.97827e-115	1.30494e-112	1	1	better
mealpy	OriginalLCO	2	1000	1066	132	1200	2.98792e-182	6.84233e-180	1	1	better
mealpy	OriginalHGS	2	1000	927	272	1200	2.97321e-84	4.93553e-82	1	1	better
mealpy	BaseALO	2	1000	894	303	1200	2.37343e-68	3.63134e-66	1	1	better
mealpy	CPSO	2	1000	682	513	1200	5.64813e-07	5.36573e-05	1	1	better
mealpy	OriginalEO	2	1000	1110	88	1200	4.12072e-226	1.07551e-223	1	1	better
mealpy	DE	2	1000	450	750	1200	1	1	2.04139e-18	4.981e-16	worse
mealpy	ModifiedBA	2	1000	728	469	1200	3.5507e-14	3.90577e-12	1	1	better
mealpy	BaseTLO	2	1000	1103	95	1200	1.51859e-218	3.84203e-216	1	1	better
mealpy	OriginalPFA	2	1000	329	871	1200	1	1	3.05539e-57	7.944e-55	worse
mealpy	BaseFOA	2	1000	204	996	1200	1	1	8.63517e-126	2.38331e-123	worse
mealpy	OriginalGBO	2	1000	982	216	1200	2.79311e-117	5.33484e-115	1	1	better
mealpy	TVAC	2	1000	1113	85	1200	1.96695e-229	5.19274e-227	1	1	better
mealpy	BaseFBIO	2	1000	1089	109	1200	4.00649e-204	9.61557e-202	1	1	better
mealpy	ImprovedBSO	2	1000	802	396	1200	1.60286e-32	2.0196e-30	1	1	better
mealpy	OriginalAO	2	1000	259	940	1200	1	1	2.34894e-91	6.24817e-89	worse
mealpy	BaseGSKA	2	1000	1124	74	1200	4.80861e-242	1.33198e-239	1	1	better
mealpy	BaseLCO	2	1000	1098	100	1200	2.73414e-213	6.72599e-211	1	1	better
mealpy	OriginalSSpiderA	2	1000	629	566	1200	0.0364223	1	0.967965	1	not shown
mealpy	BaseHS	2	1000	607	591	1200	0.33238	1	0.688333	1	not shown
mealpy	AdaptiveEO	2	1000	1114	84	1200	1.49925e-230	3.988e-228	1	1	better
mealpy	OriginalWCA	2	1000	661	115	778	3.07431e-94	5.31855e-92	1	1	better
mealpy	OriginalMRFO	2	1000	1099	99	1200	2.48514e-214	6.188e-212	1	1	better
mealpy	OriginalEOA	2	1000	539	660	1200	0.999789	1	0.000261971	0.0607774	not shown
mealpy	OriginalABC	2	1000	1047	151	1200	1.13644e-165	2.48881e-163	1	1	better
mealpy	ModifiedAEO	2	1000	1113	85	1200	1.96695e-229	5.19274e-227	1	1	better
mealpy	OriginalSFO	2	1000	719	476	1200	1.07549e-12	1.14002e-10	1	1	better
mealpy	BaseBBO	2	1000	206	992	1200	1	1	5.58053e-124	1.53464e-121	worse
mealpy	OriginalNMRA	2	1000	978	219	1200	4.18114e-115	7.86054e-113	1	1	better
mealpy	OriginalACOR	2	1000	938	261	1200	3.06673e-90	5.2441e-88	1	1	better
mealpy	ImprovedSFO	2	1000	805	392	1200	1.23074e-33	1.58765e-31	1	1	better
mealpy	OriginalCRO	2	1000	385	814	1200	1	1	3.86491e-36	9.58497e-34	worse
mealpy	LevyJA	2	1000	994	203	1200	8.09641e-126	1.59499e-123	1	1	better
mealpy	OriginalHS	2	1000	702	494	1200	9.85108e-10	1.00481e-07	1	1	better
mealpy	OriginalCSO	2	1000	580	616	1200	0.857666	1	0.155756	1	not shown
mealpy	OriginalCOA	2	1000	917	281	1200	2.34938e-79	3.80599e-77	1	1	better
mealpy	LevyQSA	2	1000	1101	97	1200	1.98651e-216	5.006e-214	1	1	better
mealpy	OppoQSA	2	1000	1122	76	1200	1.06702e-239	2.93431e-237	1	1	better
mealpy	BaseBRO	2	1000	779	420	1200	1.03123e-25	1.24779e-23	1	1	better
mealpy	OriginalSLO	2	1000	863	334	1200	1.14458e-54	1.65964e-52	1	1	better
mealpy	OriginalMVO	2	1000	695	502	1200	1.34021e-08	1.32681e-06	1	1	better
mealpy	CLPSO	2	1000	549	647	1200	0.997909	1	0.00250669	0.576539	not shown
mealpy	OriginalNRO	2	1000	1032	167	1200	7.18634e-153	1.50913e-150	1	1	better
mealpy	BaseSCA	2	1000	845	354	1200	4.62331e-47	6.38017e-45	1	1	better
mealpy	BaseGCO	2	1000	995	202	1200	1.64933e-126	3.28217e-124	1	1	better
mealpy	OriginalArchOA	2	1000	925	271	1200	3.22798e-84	5.32617e-82	1	1	better
mealpy	SwarmHC	2	1000	704	495	1200	8.6268e-10	8.8856e-08	1	1	better
mealpy	ImprovedTLO	2	1000	1138	60	1200	3.34372e-259	9.66335e-257	1	1	better
mealpy	OriginalMSA	2	1000	1114	84	1200	1.49925e-230	3.988e-228	1	1	better
mealpy	WOA	2	1000	952	246	1200	1.28684e-98	2.29058e-96	1	1	better
mealpy	OriginalIWO	2	1000	954	242	1200	1.40198e-100	2.53758e-98	1	1	better
mealpy	BaseGA	2	1000	361	836	1200	1	1	3.67599e-44	9.30027e-42	worse
mealpy	ModifiedEO	2	1000	1092	105	1200	6.84718e-208	1.65017e-205	1	1	better
mealpy	ImprovedNMRA	2	1000	585	612	1200	0.790824	1	0.226184	1	not shown
mealpy	BaseCHIO	2	1000	226	972	1200	1	1	7.95934e-111	2.15698e-108	worse
mealpy	OriginalHHO	2	1000	921	276	1200	9.18603e-82	1.50651e-79	1	1	better
mealpy	OriginalGWO	2	1000	980	217	1200	2.07394e-116	3.9405e-114	1	1	better
mealpy	ImprovedQSA	2	1000	1109	89	1200	5.14475e-225	1.32734e-222	1	1	better
mealpy	OriginalFBIO	2	1000	1087	111	1200	3.89655e-202	9.27379e-200	1	1	better
mealpy	OriginalBeesA	2	1000	968	228	1200	3.82044e-109	7.02962e-107	1	1	better
mealpy	BaseEFO	2	1000	1078	120	1200	2.12634e-193	4.97564e-191	1	1	better
mealpy	OriginalSA	2	1000	1064	134	1200	1.90794e-180	4.3501e-178	1	1	better
mealpy	OriginalHC	2	1000	218	981	1200	1	1	3.48601e-116	9.48196e-114	worse
mealpy	OriginalSHO	2	1000	768	429	1200	3.95502e-23	4.70647e-21	1	1	better
mealpy	JADE	2	1000	1105	93	1200	1.10925e-220	2.85077e-218	1	1	better
mealpy	OriginalCA	2	1000	671	529	1200	2.30327e-05	0.00209598	0.999982	1	better
mealpy	EnhancedTWO	2	1000	722	475	1200	4.83183e-13	5.26669e-11	1	1	better
mealpy	BaseSSA	2	1000	950	249	1200	4.602e-97	8.09952e-95	1	1	better
mealpy	OriginalAOA	2	1000	32	1168	1200	1	1	5.11183e-299	1.50799e-296	worse
mealpy	OriginalQSA	2	1000	1101	97	1200	1.98651e-216	5.006e-214	1	1	better
mealpy	OriginalGOA	2	1000	1099	99	1200	2.48514e-214	6.188e-212	1	1	better
mealpy	EnhancedAEO	2	1000	1125	74	1200	2.56229e-242	7.12318e-240	1	1	better
mealpy	OriginalGSKA	2	1000	1026	171	1200	2.90345e-149	6.03917e-147	1	1	better
mealpy	PPSO	2	1000	1043	155	1200	2.45856e-162	5.33507e-160	1	1	better
mealpy	OriginalCGO	2	1000	1100	98	1200	2.2342e-215	5.5855e-213	1	1	better
mealpy	OriginalHGSO	2	1000	623	575	1200	0.0872342	1	0.921581	1	not shown
mealpy	OriginalSBO	2	1000	783	413	1200	2.75169e-27	3.38458e-25	1	1	better
mealpy	OppoTWO	2	1000	681	518	1200	1.39758e-06	0.000129975	0.999999	1	better
mealpy	OriginalASO	2	1000	72	1127	1200	1	1	1.08854e-244	3.16766e-242	worse
mealpy	ModifiedSLO	2	1000	850	348	1200	3.2638e-49	4.63459e-47	1	1	better
mealpy	BaseVCS	2	1000	1075	123	1200	1.46806e-190	3.4059e-188	1	1	better
mealpy	LSHADE	2	1000	1122	76	1200	1.06702e-239	2.93431e-237	1	1	better
mealpy	OriginalEFO	2	1000	513	685	1200	1	1	3.73808e-07	8.78448e-05	worse
mealpy	OriginalJA	2	1000	523	671	1200	0.999992	1	1.02544e-05	0.00239953	worse
mealpy	OriginalGCO	2	1000	968	228	1200	3.82044e-109	7.02962e-107	1	1	better
mealpy	OriginalPSS	2	1000	1058	140	1200	4.07043e-175	9.11776e-173	1	1	better
mealpy	OriginalEHO	2	1000	926	270	1200	9.4284e-85	1.57454e-82	1	1	better
mealpy	OriginalSSA	2	1000	883	317	1200	1.86884e-62	2.78457e-60	1	1	better
mealpy	OriginalSCA	2	1000	844	352	1200	2.26424e-47	3.14729e-45	1	1	better
mealpy	OriginalBES	2	1000	1095	103	1200	3.41279e-210	8.25894e-208	1	1	better
mealpy	BaseSBO	2	1000	856	340	1200	4.57774e-52	6.54616e-50	1	1	better
mealpy	BaseJA	2	1000	763	436	1200	1.35099e-21	1.56715e-19	1	1	better
mealpy	OriginalSARO	2	1000	1121	77	1200	1.55639e-238	4.21781e-236	1	1	better
mealpy	OriginalSRSR	2	1000	1035	163	1200	8.09241e-156	1.73178e-153	1	1	better
mealpy	OriginalTWO	2	1000	900	296	1200	1.63454e-71	2.56622e-69	1	1	better
mealpy	OriginalWDO	2	1000	475	724	1200	1	1	3.29799e-13	7.8492e-11	worse
mealpy	AugmentedAEO	2	1000	948	249	1200	1.15623e-96	2.0234e-94	1	1	better
mealpy	OriginalWOA	2	1000	937	261	1200	4.80027e-90	8.16046e-88	1	1	better
mealpy	SADE	2	1000	1122	76	1200	1.06702e-239	2.93431e-237	1	1	better
mealpy	OriginalBRO	2	1000	341	859	1200	1	1	2.73975e-52	7.06856e-50	worse
mealpy	OriginalSSpiderO	2	1000	562	636	1200	0.984899	1	0.0174467	1	not shown
mealpy	ProbBeesA	2	1000	600	597	1200	0.476953	1	0.546018	1	not shown
mealpy	OriginalFA	2	1000	314	885	1200	1	1	1.24815e-63	3.25768e-61	worse
mealpy	OriginalCSA	2	1000	310	887	1200	1	1	4.18361e-65	1.09611e-62	worse
mealpy	OriginalALO	2	1000	893	304	1200	6.99549e-68	1.06332e-65	1	1	better
mealpy	OriginalDO	2	1000	683	515	1200	6.7439e-07	6.33927e-05	0.999999	1	better
mealpy	OriginalCHIO	2	1000	488	707	1200	1	1	1.2783e-10	3.02956e-08	worse
mealpy	OriginalBSA	2	1000	1014	184	1200	1.25778e-139	2.56587e-137	1	1	better
mealpy	LevyEP	2	1000	1028	171	1200	9.87185e-150	2.06322e-147	1	1	better
mealpy	OriginalICA	2	1000	590	114	706	1.51181e-78	2.4189e-76	1	1	better
mealpy	ImprovedLCO	2	1000	827	370	1200	6.12583e-41	8.33112e-39	1	1	better
mealpy	OriginalMFO	2	1000	352	845	1200	1	1	1.60239e-47	4.08608e-45	worse
mealpy	ImprovedAEO	2	1000	1137	61	1200	6.24404e-258	1.79828e-255	1	1	better
mealpy	OriginalVCS	2	1000	840	360	1200	5.75169e-45	7.87982e-43	1	1	better
mealpy	AdaptiveBA	2	1000	369	830	1200	1	1	1.42147e-41	3.5821e-39	worse
mealpy	MultiGA	2	1000	187	1011	1200	1	1	2.04063e-137	5.67294e-135	worse
mealpy	OriginalES	2	1000	994	202	1200	2.7427e-126	5.43054e-124	1	1	better
mealpy	LevyES	2	1000	1084	112	1200	1.24463e-200	2.94978e-198	1	1	better
mealpy	OriginalEP	2	1000	762	435	1200	1.24993e-21	1.46242e-19	1	1	better
mealpy	BaseSMA	2	1000	1004	194	1200	2.35137e-132	4.72626e-130	1	1	better
mealpy	OriginalPSO	2	1000	245	954	1200	1	1	2.08298e-99	5.6032e-97	worse
mealpy	FBUDGETSHADE	2	1000	1131	67	1200	1.86386e-250	5.312e-248	1	1	better
mealpy	OriginalFOA	2	1000	207	993	1200	1	1	9.77535e-124	2.67845e-121	worse
mealpy	BaseQSA	2	1000	1122	76	1200	1.06702e-239	2.93431e-237	1	1	better
mealpy	BaseMFO	2	1000	1038	160	1200	3.07295e-158	6.63757e-156	1	1	better
mealpy	BaseDE	2	1000	1097	101	1200	2.97561e-212	7.29025e-210	1	1	better
mealpy	WhaleFOA	2	1000	207	993	1200	1	1	9.77535e-124	2.67845e-121	worse
Baselines	DE	2	1000	1049	149	1200	2.33548e-167	1.86839e-166	1	1	better
Baselines	RCobyla	2	1000	758	440	1200	1.58836e-20	6.35345e-20	1	1	better
Baselines	PSO	2	1000	560	625	1200	0.972422	0.972422	0.0314782	0.346261	not shown
Baselines	DiagonalCMA	2	1000	856	342	1200	1.41264e-51	7.06322e-51	1	1	better
Baselines	modcma	2	1000	919	279	1200	2.1822e-80	1.52754e-79	1	1	better
Baselines	modde	2	1000	1143	55	1200	1.12771e-265	1.24048e-264	1	1	better
Baselines	OnePlusOne	2	1000	609	589	1200	0.291532	0.583065	0.727974	1	not shown
Baselines	Powell	2	1000	726	472	1200	1.09486e-13	3.28457e-13	1	1	better
Baselines	MultiBFGS	2	1000	881	318	1200	7.65129e-62	4.59077e-61	1	1	better
Baselines	lshade	2	1000	1114	84	1200	1.49925e-230	1.49925e-229	1	1	better
Baselines	bipop	2	1000	1079	119	1200	2.36206e-194	2.12586e-193	1	1	better
EVOLOPY	DE	2	5000	1118	71	1200	3.85354e-243	9.59531e-241	1	1	better
EVOLOPY	JAYA	2	5000	932	255	1200	2.98797e-91	4.81064e-89	1	1	better
EVOLOPY	PSO	2	5000	1067	122	1200	3.25671e-189	7.03449e-187	1	1	better
EVOLOPY	WOA	2	5000	908	285	1200	2.11896e-76	3.34796e-74	1	1	better
EVOLOPY	FFA	2	5000	1070	119	1200	4.70595e-192	1.0259e-189	1	1	better
EVOLOPY	BAT	2	5000	477	721	1200	1	1	9.29984e-13	2.14826e-10	worse
EVOLOPY	MVO	2	5000	981	208	1200	1.17148e-120	2.16723e-118	1	1	better
EVOLOPY	HHO	2	5000	838	350	1200	6.22449e-47	8.40307e-45	1	1	better
EVOLOPY	SCA	2	5000	835	351	1200	2.96318e-46	3.94103e-44	1	1	better
EVOLOPY	GA	2	5000	588	402	995	1.85631e-09	1.89343e-07	1	1	better
EVOLOPY	MFO	2	5000	853	336	1200	1.39045e-52	1.96054e-50	1	1	better
EVOLOPY	CS	2	5000	1164	25	1200	4.60585e-307	1.32648e-304	1	1	better
EVOLOPY	GWO	2	5000	958	231	1200	8.11591e-106	1.42028e-103	1	1	better
EVOLOPY	SSA	2	5000	875	313	1200	3.2115e-62	4.75302e-60	1	1	better
NIAPY	DynamicFireworksAlgorithm	2	5000	662	531	1200	8.25289e-05	0.00808783	0.999935	1	better
NIAPY	HarmonySearch	2	5000	981	209	1200	3.33937e-120	6.14444e-118	1	1	better
NIAPY	EvolutionStrategyMp1	2	5000	966	223	1200	7.79834e-111	1.3881e-108	1	1	better
NIAPY	MonarchButterflyOptimization	2	5000	311	885	1200	1	1	1.77156e-64	4.48206e-62	worse
NIAPY	CenterParticleSwarmOptimization	2	5000	1052	137	1200	1.56532e-175	3.2089e-173	1	1	better
NIAPY	DynNpDifferentialEvolution	2	5000	509	684	1200	1	1	2.25216e-07	5.06735e-05	worse
NIAPY	CamelAlgorithm	2	5000	866	325	1200	1.77421e-57	2.55487e-55	1	1	better
NIAPY	BatAlgorithm	2	5000	679	513	1200	8.48809e-07	8.48809e-05	0.999999	1	better
NIAPY	GlowwormSwarmOptimization	2	5000	333	861	1200	1	1	1.32929e-54	3.28335e-52	worse
NIAPY	BareBonesFireworksAlgorithm	2	5000	563	631	1200	0.977102	1	0.0262293	1	not shown
NIAPY	CuckooSearch	2	5000	1162	27	1200	8.89785e-304	2.54478e-301	1	1	better
NIAPY	GeneticAlgorithm	2	5000	575	611	1200	0.858677	1	0.154741	1	not shown
NIAPY	ParticleSwarmAlgorithm	2	5000	1094	95	1200	3.68964e-216	8.70755e-214	1	1	better
NIAPY	MonkeyKingEvolutionV3	2	5000	159	1041	1200	1	1	1.56963e-159	4.22231e-157	worse
NIAPY	MonkeyKingEvolutionV2	2	5000	1126	63	1200	6.50609e-253	1.68508e-250	1	1	better
NIAPY	SineCosineAlgorithm	2	5000	3	1197	1200	1	1	0	0	worse
NIAPY	EvolutionStrategy1p1	2	5000	721	468	1200	1.10468e-13	1.19305e-11	1	1	better
NIAPY	HarrisHawksOptimization	2	5000	1008	181	1200	8.55016e-140	1.67583e-137	1	1	better
NIAPY	ParticleSwarmOptimization	2	5000	620	570	1200	0.0777252	1	0.930368	1	not shown
NIAPY	ForestOptimizationAlgorithm	2	5000	957	232	1200	3.35702e-105	5.80765e-103	1	1	better
NIAPY	EnhancedFireworksAlgorithm	2	5000	624	573	1200	0.0741878	1	0.933596	1	not shown
NIAPY	MultiStrategyDifferentialEvolution	2	5000	1137	52	1200	4.04531e-267	1.09223e-264	1	1	better
NIAPY	MutatedParticleSwarmOptimization	2	5000	1060	129	1200	1.00639e-182	2.14361e-180	1	1	better
NIAPY	ComprehensiveLearningParticleSwarmOptimizer	2	5000	1054	137	1200	4.99585e-176	1.03414e-173	1	1	better
NIAPY	KrillHerd	2	5000	138	1061	1200	1	1	3.97676e-177	1.08168e-174	worse
NIAPY	FishSchoolSearch	2	5000	882	308	1200	8.0459e-65	1.19884e-62	1	1	better
NIAPY	MutatedCenterUnifiedParticleSwarmOptimization	2	5000	1083	106	1200	8.59701e-205	1.92573e-202	1	1	better
NIAPY	MutatedCenterParticleSwarmOptimization	2	5000	1070	119	1200	4.70595e-192	1.0259e-189	1	1	better
NIAPY	GlowwormSwarmOptimizationV2	2	5000	301	893	1200	1	1	9.05413e-69	2.3088e-66	worse
NIAPY	CatSwarmOptimization	2	5000	1004	184	1200	2.41932e-137	4.66929e-135	1	1	better
NIAPY	DifferentialEvolution	2	5000	1153	36	1200	9.83239e-290	2.75307e-287	1	1	better
NIAPY	FireworksAlgorithm	2	5000	695	491	1200	1.7239e-09	1.77562e-07	1	1	better
NIAPY	MothFlameOptimizer	2	5000	197	998	1200	1	1	1.47745e-129	3.9448e-127	worse
NIAPY	DynNpMultiStrategyDifferentialEvolution	2	5000	1111	78	1200	6.24515e-235	1.52382e-232	1	1	better
NIAPY	EvolutionStrategyML	2	5000	958	231	1200	8.11591e-106	1.42028e-103	1	1	better
NIAPY	GreyWolfOptimizer	2	5000	994	195	1200	1.25003e-129	2.36255e-127	1	1	better
NIAPY	HarmonySearchV1	2	5000	758	431	1200	9.13363e-22	1.04123e-19	1	1	better
NIAPY	BeesAlgorithm	2	5000	1104	84	1200	7.40525e-228	1.76245e-225	1	1	better
NIAPY	GlowwormSwarmOptimizationV1	2	5000	330	869	1200	1	1	1.1731e-56	2.92103e-54	worse
NIAPY	GlowwormSwarmOptimizationV3	2	5000	332	863	1200	1	1	3.54361e-55	8.78814e-53	worse
NIAPY	LionOptimizationAlgorithm	2	5000	867	321	1200	1.0555e-58	1.53047e-56	1	1	better
NIAPY	ArtificialBeeColonyAlgorithm	2	5000	996	191	1200	4.97997e-132	9.51175e-130	1	1	better
NIAPY	AgingNpDifferentialEvolution	2	5000	882	307	1200	4.15775e-65	6.23662e-63	1	1	better
NIAPY	OppositionVelocityClampingParticleSwarmOptimization	2	5000	604	595	1200	0.408649	1	0.613624	1	not shown
NIAPY	CoralReefsOptimization	2	5000	379	812	1200	1	1	4.85766e-37	1.18041e-34	worse
NIAPY	BacterialForagingOptimization	2	5000	964	225	1200	1.44715e-109	2.54698e-107	1	1	better
NIAPY	DynamicFireworksAlgorithmGauss	2	5000	641	553	1200	0.00588918	0.559472	0.995012	1	not shown
NIAPY	ClonalSelectionAlgorithm	2	5000	109	1089	1200	1	1	4.00649e-204	1.1138e-201	worse
NIAPY	GravitationalSearchAlgorithm	2	5000	96	1103	1200	1	1	9.49266e-218	2.65794e-215	worse
NIAPY	MonkeyKingEvolutionV1	2	5000	1087	102	1200	7.34952e-209	1.66099e-206	1	1	better
NIAPY	EvolutionStrategyMpL	2	5000	1057	132	1200	5.33627e-180	1.12595e-177	1	1	better
NIAPY	FireflyAlgorithm	2	5000	859	330	1200	4.76961e-55	6.82055e-53	1	1	better
NIAPY	FlowerPollinationAlgorithm	2	5000	1152	37	1200	3.06681e-288	8.55641e-286	1	1	better
OPYTIMIZER	SA	2	5000	728	458	1200	2.17128e-15	2.36669e-13	1	1	better
OPYTIMIZER	GOGHS	2	5000	566	626	1200	0.961393	1	0.0437145	1	not shown
OPYTIMIZER	QSA	2	5000	1168	21	1200	7.52535e-314	2.18235e-311	1	1	better
OPYTIMIZER	SGHS	2	5000	309	890	1200	1	1	6.60547e-66	1.67779e-63	worse
OPYTIMIZER	DE	2	5000	1083	106	1200	8.59701e-205	1.92573e-202	1	1	better
OPYTIMIZER	RFO	2	5000	1094	95	1200	3.68964e-216	8.70755e-214	1	1	better
OPYTIMIZER	PPA	2	5000	640	553	1200	0.00637306	0.599068	0.994595	1	not shown
OPYTIMIZER	EHO	2	5000	1019	170	1200	3.62063e-148	7.16885e-146	1	1	better
OPYTIMIZER	AEO	2	5000	1174	15	1200	0	0	1	1	better
OPYTIMIZER	ABO	2	5000	1115	72	1200	2.11467e-241	5.22323e-239	1	1	better
OPYTIMIZER	GHS	2	5000	327	866	1200	1	1	5.93871e-57	1.48468e-54	worse
OPYTIMIZER	PVS	2	5000	1132	57	1200	1.52383e-260	4.03816e-258	1	1	better
OPYTIMIZER	BWO	2	5000	473	720	1200	1	1	4.42384e-13	1.03076e-10	worse
OPYTIMIZER	PSO	2	5000	1123	66	1200	3.38405e-249	8.59549e-247	1	1	better
OPYTIMIZER	BSO	2	5000	1006	183	1200	2.61324e-138	5.09583e-136	1	1	better
OPYTIMIZER	CSA	2	5000	661	534	1200	0.000132123	0.0128159	0.999895	1	better
OPYTIMIZER	SSO	2	5000	155	1045	1200	1	1	8.10326e-163	2.18788e-160	worse
OPYTIMIZER	WOA	2	5000	943	247	1200	1.99941e-96	3.33902e-94	1	1	better
OPYTIMIZER	BA	2	5000	821	372	1200	1.10345e-39	1.40139e-37	1	1	better
OPYTIMIZER	HS	2	5000	616	574	1200	0.117305	1	0.89372	1	not shown
OPYTIMIZER	JS	2	5000	710	480	1200	1.38156e-11	1.46446e-09	1	1	better
OPYTIMIZER	SOS	2	5000	1176	13	1200	0	0	1	1	better
OPYTIMIZER	GS	2	5000	11	1188	1200	1	1	0	0	worse
OPYTIMIZER	EFO	2	5000	779	411	1200	3.86833e-27	4.56463e-25	1	1	better
OPYTIMIZER	GSA	2	5000	59	1141	1200	1	1	4.86568e-261	1.40131e-258	worse
OPYTIMIZER	ESA	2	5000	690	499	1200	1.67977e-08	1.69657e-06	1	1	better
OPYTIMIZER	BOA	2	5000	26	453	480	1	1	4.12329e-102	1.06793e-99	worse
OPYTIMIZER	HC	2	5000	479	708	1200	1	1	1.59104e-11	3.6594e-09	worse
OPYTIMIZER	ABC	2	5000	1136	25	1172	6.77584e-299	1.92434e-296	1	1	better
OPYTIMIZER	RRA	2	5000	891	305	1200	3.06129e-67	4.62255e-65	1	1	better
OPYTIMIZER	NDS	2	5000	8	1191	1200	1	1	0	0	worse
OPYTIMIZER	NBJS	2	5000	747	440	1200	2.10201e-19	2.37527e-17	1	1	better
OPYTIMIZER	SSD	2	5000	120	1077	1200	1	1	3.82715e-193	1.04864e-190	worse
OPYTIMIZER	CEM	2	5000	507	684	1200	1	1	1.62073e-07	3.66286e-05	worse
OPYTIMIZER	AOA	2	5000	402	798	1200	1	1	5.93917e-31	1.4254e-28	worse
OPYTIMIZER	MRFO	2	5000	1109	80	1200	1.22113e-232	2.96735e-230	1	1	better
OPYTIMIZER	ASO	2	5000	52	1148	1200	1	1	3.2208e-270	9.30811e-268	worse
OPYTIMIZER	SFO	2	5000	372	824	1200	1	1	4.20999e-40	1.03145e-37	worse
OPYTIMIZER	IHS	2	5000	511	678	1200	0.999999	1	7.11849e-07	0.000159454	worse
OPYTIMIZER	COA	2	5000	1158	31	1200	2.14485e-297	6.06993e-295	1	1	better
OPYTIMIZER	GOA	2	5000	979	209	1200	9.08091e-120	1.66181e-117	1	1	better
OPYTIMIZER	STOA	2	5000	61	1139	1200	1	1	1.7326e-258	4.97255e-256	worse
OPYTIMIZER	MVPA	2	5000	943	249	1200	1.15245e-95	1.91307e-93	1	1	better
OPYTIMIZER	ES	2	5000	987	205	1200	2.39674e-123	4.45794e-121	1	1	better
OPYTIMIZER	AIWPSO	2	5000	1035	154	1200	5.39425e-161	1.08964e-158	1	1	better
OPYTIMIZER	ISA	2	5000	63	1137	1200	1	1	5.76077e-256	1.64758e-253	worse
OPYTIMIZER	EO	2	5000	1062	127	1200	1.47125e-184	3.14847e-182	1	1	better
OPYTIMIZER	AF	2	5000	36	1014	1050	1	1	7.29267e-250	2.07841e-247	worse
OPYTIMIZER	DOA	2	5000	1143	46	1200	2.67902e-275	7.31373e-273	1	1	better
OPYTIMIZER	PIO	2	5000	635	560	1200	0.0161291	1	0.986065	1	not shown
OPYTIMIZER	HHO	2	5000	1059	129	1200	1.79464e-182	3.80464e-180	1	1	better
OPYTIMIZER	BSA	2	5000	734	458	1200	6.18982e-16	6.8088e-14	1	1	better
OPYTIMIZER	TEO	2	5000	543	631	1180	0.995319	1	0.0055408	1	not shown
OPYTIMIZER	FA	2	5000	35	1164	1200	1	1	4.02805e-294	1.17619e-291	worse
OPYTIMIZER	WWO	2	5000	1145	44	1200	4.22567e-278	1.16206e-275	1	1	better
OPYTIMIZER	IWO	2	5000	976	213	1200	2.53923e-117	4.6214e-115	1	1	better
OPYTIMIZER	KH	2	5000	850	339	1200	2.24508e-51	3.12067e-49	1	1	better
OPYTIMIZER	FOA	2	5000	766	420	1200	3.05646e-24	3.51493e-22	1	1	better
OPYTIMIZER	RPSO	2	5000	1124	66	1200	1.79128e-249	4.56776e-247	1	1	better
OPYTIMIZER	SCA	2	5000	212	984	1200	1	1	1.69528e-119	4.44162e-117	worse
OPYTIMIZER	OSA	2	5000	396	799	1200	1	1	3.85623e-32	9.33206e-30	worse
OPYTIMIZER	WDO	2	5000	104	1095	1200	1	1	1.96925e-209	5.49422e-207	worse
OPYTIMIZER	LSA	2	5000	1107	82	1200	2.26381e-230	5.45579e-228	1	1	better
OPYTIMIZER	VPSO	2	5000	1108	81	1200	1.67364e-231	4.05021e-229	1	1	better
OPYTIMIZER	SBO	2	5000	806	385	1200	4.45469e-35	5.52381e-33	1	1	better
OPYTIMIZER	GA	2	5000	986	202	1200	1.59396e-124	2.98071e-122	1	1	better
OPYTIMIZER	MFO	2	5000	829	360	1200	2.30618e-43	3.0211e-41	1	1	better
OPYTIMIZER	CS	2	5000	1181	8	1200	0	0	1	1	better
OPYTIMIZER	FSO	2	5000	902	286	1200	5.47882e-75	8.60174e-73	1	1	better
OPYTIMIZER	NGHS	2	5000	239	954	1200	1	1	9.16123e-102	2.3636e-99	worse
OPYTIMIZER	GCO	2	5000	1084	105	1200	8.39726e-206	1.88938e-203	1	1	better
OPYTIMIZER	TWO	2	5000	1005	183	1200	4.42305e-138	8.58071e-136	1	1	better
OPYTIMIZER	WEO	2	5000	1025	165	1200	2.50475e-152	4.98445e-150	1	1	better
OPYTIMIZER	GWO	2	5000	858	335	1200	1.27333e-53	1.80812e-51	1	1	better
OPYTIMIZER	SAVPSO	2	5000	1125	64	1200	1.1458e-251	2.95617e-249	1	1	better
OPYTIMIZER	FFOA	2	5000	144	1056	1200	1	1	3.98984e-172	1.08125e-169	worse
OPYTIMIZER	AIG	2	5000	1156	33	1200	2.72626e-294	7.68805e-292	1	1	better
OPYTIMIZER	BH	2	5000	701	491	1200	6.44437e-10	6.70215e-08	1	1	better
OPYTIMIZER	CI	2	5000	241	376	621	1	1	3.0564e-08	6.93803e-06	worse
OPYTIMIZER	SSA	2	5000	1136	53	1200	8.68671e-266	2.32804e-263	1	1	better
OPYTIMIZER	AO	2	5000	586	607	1200	0.737911	1	0.28129	1	not shown
OPYTIMIZER	MVO	2	5000	303	93	406	2.31845e-27	2.75895e-25	1	1	better
mealpy	LevyTWO	2	5000	897	288	1200	1.88317e-73	2.93775e-71	1	1	better
mealpy	OriginalTLO	2	5000	1147	42	1200	6.0709e-281	1.68164e-278	1	1	better
mealpy	GWO	2	5000	787	405	1200	4.37444e-29	5.24933e-27	1	1	better
mealpy	OriginalBBO	2	5000	209	990	1200	1	1	3.67077e-122	9.69083e-120	worse
mealpy	ABFO	2	5000	403	778	1186	1	1	2.4771e-28	5.92027e-26	worse
mealpy	OriginalWHO	2	5000	998	191	1200	1.76658e-132	3.39184e-130	1	1	better
mealpy	OriginalFFA	2	5000	851	339	1200	1.5685e-51	2.19591e-49	1	1	better
mealpy	BaseSARO	2	5000	1137	52	1200	4.04531e-267	1.09223e-264	1	1	better
mealpy	OriginalSMA	2	5000	946	242	1200	5.86365e-99	9.9682e-97	1	1	better
mealpy	SingleGA	2	5000	51	1148	1200	1	1	2.78882e-271	8.08758e-269	worse
mealpy	OriginalSSDO	2	5000	452	743	1200	1	1	1.72026e-17	4.0598e-15	worse
mealpy	OriginalFPA	2	5000	1124	65	1200	1.98509e-250	5.08184e-248	1	1	better
mealpy	OriginalSSO	2	5000	428	763	1200	1	1	9.90976e-23	2.34861e-20	worse
mealpy	OriginalMA	2	5000	77	1122	1200	1	1	8.31545e-239	2.35327e-236	worse
mealpy	OriginalCEM	2	5000	845	343	1200	1.23198e-49	1.70014e-47	1	1	better
mealpy	OCRO	2	5000	839	348	1200	1.5182e-47	2.06475e-45	1	1	better
mealpy	OriginalBA	2	5000	74	1126	1200	1	1	1.36526e-242	3.87733e-240	worse
mealpy	OriginalAEO	2	5000	1129	60	1200	1.07688e-256	2.82144e-254	1	1	better
mealpy	OriginalBSO	2	5000	974	215	1200	5.26853e-116	9.48336e-114	1	1	better
mealpy	OriginalBFO	2	5000	81	1118	1200	1	1	3.29623e-234	9.29538e-232	worse
mealpy	ImprovedSLO	2	5000	997	194	1200	8.72407e-131	1.65757e-128	1	1	better
mealpy	OriginalLCO	2	5000	1034	156	1200	1.37718e-159	2.76813e-157	1	1	better
mealpy	OriginalHGS	2	5000	841	352	1200	6.37507e-47	8.5426e-45	1	1	better
mealpy	BaseALO	2	5000	807	382	1200	8.75015e-36	1.09377e-33	1	1	better
mealpy	CPSO	2	5000	516	676	1200	0.999998	1	1.99541e-06	0.000444976	worse
mealpy	OriginalEO	2	5000	1122	67	1200	5.67775e-248	1.43079e-245	1	1	better
mealpy	DE	2	5000	374	822	1200	1	1	2.05967e-39	5.02558e-37	worse
mealpy	ModifiedBA	2	5000	822	367	1200	7.30204e-41	9.34661e-39	1	1	better
mealpy	BaseTLO	2	5000	1143	46	1200	2.67902e-275	7.31373e-273	1	1	better
mealpy	OriginalPFA	2	5000	201	998	1200	1	1	1.20481e-127	3.20478e-125	worse
mealpy	BaseFOA	2	5000	121	1079	1200	1	1	5.86366e-193	1.60078e-190	worse
mealpy	OriginalGBO	2	5000	1090	99	1200	5.84333e-212	1.34397e-209	1	1	better
mealpy	TVAC	2	5000	1099	90	1200	1.60612e-221	3.80649e-219	1	1	better
mealpy	BaseFBIO	2	5000	1128	61	1200	1.99508e-255	5.20716e-253	1	1	better
mealpy	ImprovedBSO	2	5000	800	385	1200	2.74063e-34	3.37097e-32	1	1	better
mealpy	OriginalAO	2	5000	256	940	1200	1	1	1.86872e-92	4.78393e-90	worse
mealpy	BaseGSKA	2	5000	1144	45	1200	1.07621e-276	2.94882e-274	1	1	better
mealpy	BaseLCO	2	5000	1082	107	1200	8.71123e-204	1.93389e-201	1	1	better
mealpy	OriginalSSpiderA	2	5000	593	592	1200	0.5	1	0.523164	1	not shown
mealpy	BaseHS	2	5000	609	585	1200	0.252836	1	0.765306	1	not shown
mealpy	AdaptiveEO	2	5000	1117	72	1200	5.98976e-242	1.48546e-239	1	1	better
mealpy	OriginalWCA	2	5000	676	94	778	9.85798e-110	1.74486e-107	1	1	better
mealpy	OriginalMRFO	2	5000	1116	73	1200	9.17449e-241	2.25692e-238	1	1	better
mealpy	OriginalEOA	2	5000	540	652	1200	0.999472	1	0.000647391	0.143073	not shown
mealpy	OriginalABC	2	5000	1063	126	1200	1.75566e-185	3.77466e-183	1	1	better
mealpy	ModifiedAEO	2	5000	1091	98	1200	5.29657e-213	1.22881e-210	1	1	better
mealpy	OriginalSFO	2	5000	475	721	1200	1	1	5.84378e-13	1.35576e-10	worse
mealpy	BaseBBO	2	5000	176	1022	1200	1	1	1.20949e-145	3.24143e-143	worse
mealpy	OriginalNMRA	2	5000	1123	66	1200	3.38405e-249	8.59549e-247	1	1	better
mealpy	OriginalACOR	2	5000	934	254	1200	5.18193e-92	8.39473e-90	1	1	better
mealpy	ImprovedSFO	2	5000	635	554	1200	0.0101496	0.943908	0.991316	1	not shown
mealpy	OriginalCRO	2	5000	397	797	1200	1	1	1.04161e-31	2.51027e-29	worse
mealpy	LevyJA	2	5000	1041	147	1200	1.28256e-166	2.61642e-164	1	1	better
mealpy	OriginalHS	2	5000	650	542	1200	0.000964206	0.0925638	0.999209	1	not shown
mealpy	OriginalCSO	2	5000	604	584	1200	0.290742	1	0.728819	1	not shown
mealpy	OriginalCOA	2	5000	991	195	1200	5.84422e-129	1.09871e-126	1	1	better
mealpy	LevyQSA	2	5000	1163	26	1200	2.06385e-305	5.92326e-303	1	1	better
mealpy	OppoQSA	2	5000	1169	20	1200	1.35066e-315	3.93043e-313	1	1	better
mealpy	BaseBRO	2	5000	668	528	1200	2.86633e-05	0.00283766	0.999978	1	better
mealpy	OriginalSLO	2	5000	780	413	1200	6.19487e-27	7.248e-25	1	1	better
mealpy	OriginalMVO	2	5000	707	483	1200	4.49135e-11	4.71592e-09	1	1	better
mealpy	CLPSO	2	5000	832	358	1200	3.06905e-44	4.05115e-42	1	1	better
mealpy	OriginalNRO	2	5000	1146	43	1200	1.6209e-279	4.47367e-277	1	1	better
mealpy	BaseSCA	2	5000	954	234	1200	9.08316e-104	1.5623e-101	1	1	better
mealpy	BaseGCO	2	5000	974	214	1200	1.90286e-116	3.44418e-114	1	1	better
mealpy	OriginalArchOA	2	5000	899	290	1200	3.46685e-73	5.37361e-71	1	1	better
mealpy	SwarmHC	2	5000	1016	173	1200	7.53789e-146	1.48496e-143	1	1	better
mealpy	ImprovedTLO	2	5000	1127	62	1200	3.63335e-254	9.4467e-252	1	1	better
mealpy	OriginalMSA	2	5000	1094	95	1200	3.68964e-216	8.70755e-214	1	1	better
mealpy	WOA	2	5000	953	239	1200	1.46569e-101	2.50633e-99	1	1	better
mealpy	OriginalIWO	2	5000	938	253	1200	3.59359e-93	5.89349e-91	1	1	better
mealpy	BaseGA	2	5000	410	785	1200	1	1	5.17326e-28	1.23124e-25	worse
mealpy	ModifiedEO	2	5000	1091	98	1200	5.29657e-213	1.22881e-210	1	1	better
mealpy	ImprovedNMRA	2	5000	525	668	1200	0.999985	1	1.92931e-05	0.00428308	worse
mealpy	BaseCHIO	2	5000	225	973	1200	1	1	1.8457e-111	4.81727e-109	worse
mealpy	OriginalHHO	2	5000	895	298	1200	5.08639e-70	7.78217e-68	1	1	better
mealpy	OriginalGWO	2	5000	947	243	1200	9.02272e-99	1.52484e-96	1	1	better
mealpy	ImprovedQSA	2	5000	1171	18	1200	3.73958e-319	1.0957e-316	1	1	better
mealpy	OriginalFBIO	2	5000	1134	55	1200	3.77844e-263	1.00507e-260	1	1	better
mealpy	OriginalBeesA	2	5000	1120	69	1200	1.52507e-245	3.82793e-243	1	1	better
mealpy	BaseEFO	2	5000	1113	76	1200	3.02436e-237	7.40967e-235	1	1	better
mealpy	OriginalSA	2	5000	1090	99	1200	5.84333e-212	1.34397e-209	1	1	better
mealpy	OriginalHC	2	5000	227	967	1200	1	1	2.35742e-109	6.1293e-107	worse
mealpy	OriginalSHO	2	5000	747	443	1200	5.16401e-19	5.78369e-17	1	1	better
mealpy	JADE	2	5000	1143	46	1200	2.67902e-275	7.31373e-273	1	1	better
mealpy	OriginalCA	2	5000	453	740	1200	1	1	4.39052e-17	1.03177e-14	worse
mealpy	EnhancedTWO	2	5000	971	219	1200	1.29838e-113	2.3241e-111	1	1	better
mealpy	BaseSSA	2	5000	875	316	1200	2.1759e-61	3.19857e-59	1	1	better
mealpy	OriginalAOA	2	5000	9	1191	1200	1	1	0	0	worse
mealpy	OriginalQSA	2	5000	1148	41	1200	2.21898e-282	6.16878e-280	1	1	better
mealpy	OriginalGOA	2	5000	1106	83	1200	3.02249e-229	7.25398e-227	1	1	better
mealpy	EnhancedAEO	2	5000	1119	70	1200	2.44258e-244	6.10644e-242	1	1	better
mealpy	OriginalGSKA	2	5000	1056	133	1200	4.24609e-179	8.91678e-177	1	1	better
mealpy	PPSO	2	5000	945	244	1200	5.5796e-98	9.37373e-96	1	1	better
mealpy	OriginalCGO	2	5000	1082	107	1200	8.71123e-204	1.93389e-201	1	1	better
mealpy	OriginalHGSO	2	5000	558	635	1200	0.988056	1	0.0138698	1	not shown
mealpy	OriginalSBO	2	5000	774	417	1200	1.31694e-25	1.52765e-23	1	1	better
mealpy	OppoTWO	2	5000	907	283	1200	7.33609e-77	1.16644e-74	1	1	better
mealpy	OriginalASO	2	5000	91	1109	1200	1	1	2.26397e-223	6.36176e-221	worse
mealpy	ModifiedSLO	2	5000	848	345	1200	1.28132e-49	1.75541e-47	1	1	better
mealpy	BaseVCS	2	5000	1132	57	1200	1.52383e-260	4.03816e-258	1	1	better
mealpy	LSHADE	2	5000	1166	23	1200	2.03077e-310	5.86893e-308	1	1	better
mealpy	OriginalEFO	2	5000	326	870	1200	1	1	7.24749e-58	1.81912e-55	worse
mealpy	OriginalJA	2	5000	457	735	1200	1	1	3.83523e-16	8.97445e-14	worse
mealpy	OriginalGCO	2	5000	1076	113	1200	7.62966e-198	1.67852e-195	1	1	better
mealpy	OriginalPSS	2	5000	1056	133	1200	4.24609e-179	8.91678e-177	1	1	better
mealpy	OriginalEHO	2	5000	895	292	1200	7.53707e-72	1.16071e-69	1	1	better
mealpy	OriginalSSA	2	5000	805	390	1200	5.24559e-34	6.39962e-32	1	1	better
mealpy	OriginalSCA	2	5000	939	249	1200	7.2238e-95	1.19193e-92	1	1	better
mealpy	OriginalBES	2	5000	1090	99	1200	5.84333e-212	1.34397e-209	1	1	better
mealpy	BaseSBO	2	5000	829	361	1200	3.80908e-43	4.95181e-41	1	1	better
mealpy	BaseJA	2	5000	828	363	1200	1.43841e-42	1.85555e-40	1	1	better
mealpy	OriginalSARO	2	5000	1125	64	1200	1.1458e-251	2.95617e-249	1	1	better
mealpy	OriginalSRSR	2	5000	1053	136	1200	2.03404e-176	4.23081e-174	1	1	better
mealpy	OriginalTWO	2	5000	1053	137	1200	8.8436e-176	1.82178e-173	1	1	better
mealpy	OriginalWDO	2	5000	253	940	1200	1	1	1.44628e-93	3.71695e-91	worse
mealpy	AugmentedAEO	2	5000	935	253	1200	1.4051e-92	2.29032e-90	1	1	better
mealpy	OriginalWOA	2	5000	927	266	1200	2.46203e-86	3.93925e-84	1	1	better
mealpy	SADE	2	5000	1159	30	1200	5.73167e-299	1.63353e-296	1	1	better
mealpy	OriginalBRO	2	5000	318	878	1200	1	1	2.4307e-61	6.12537e-59	worse
mealpy	OriginalSSpiderO	2	5000	495	698	1200	1	1	2.28626e-09	5.23553e-07	worse
mealpy	ProbBeesA	2	5000	714	478	1200	4.29123e-12	4.59161e-10	1	1	better
mealpy	OriginalFA	2	5000	552	644	1200	0.996431	1	0.00423893	0.932566	not shown
mealpy	OriginalCSA	2	5000	336	858	1200	1	1	2.26672e-53	5.57614e-51	worse
mealpy	OriginalALO	2	5000	808	381	1200	4.12276e-36	5.19467e-34	1	1	better
mealpy	OriginalDO	2	5000	496	696	1200	1	1	3.80228e-09	8.66921e-07	worse
mealpy	OriginalCHIO	2	5000	586	599	1200	0.657875	1	0.363705	1	not shown
mealpy	OriginalBSA	2	5000	1106	83	1200	3.02249e-229	7.25398e-227	1	1	better
mealpy	LevyEP	2	5000	1090	99	1200	5.84333e-212	1.34397e-209	1	1	better
mealpy	OriginalICA	2	5000	571	127	706	2.34897e-68	3.57044e-66	1	1	better
mealpy	ImprovedLCO	2	5000	799	390	1200	3.13986e-33	3.79923e-31	1	1	better
mealpy	OriginalMFO	2	5000	204	993	1200	1	1	3.95101e-125	1.04702e-122	worse
mealpy	ImprovedAEO	2	5000	1135	54	1200	1.82919e-264	4.88394e-262	1	1	better
mealpy	OriginalVCS	2	5000	870	318	1200	5.2315e-60	7.63799e-58	1	1	better
mealpy	AdaptiveBA	2	5000	213	987	1200	1	1	1.07117e-119	2.81719e-117	worse
mealpy	MultiGA	2	5000	51	1149	1200	1	1	1.45624e-271	4.23767e-269	worse
mealpy	OriginalES	2	5000	1029	160	1200	4.31675e-156	8.63351e-154	1	1	better
mealpy	LevyES	2	5000	1094	95	1200	3.68964e-216	8.70755e-214	1	1	better
mealpy	OriginalEP	2	5000	741	449	1200	1.14515e-17	1.27111e-15	1	1	better
mealpy	BaseSMA	2	5000	1037	151	1200	3.01358e-163	6.11756e-161	1	1	better
mealpy	OriginalPSO	2	5000	118	1082	1200	1	1	7.99289e-196	2.19804e-193	worse
mealpy	FBUDGETSHADE	2	5000	1170	19	1200	2.30679e-317	6.73582e-315	1	1	better
mealpy	OriginalFOA	2	5000	116	1084	1200	1	1	9.37822e-198	2.58839e-195	worse
mealpy	BaseQSA	2	5000	1155	34	1200	9.27777e-293	2.60705e-290	1	1	better
mealpy	BaseMFO	2	5000	1071	118	1200	5.22275e-193	1.14378e-190	1	1	better
mealpy	BaseDE	2	5000	1130	59	1200	5.71236e-258	1.50235e-255	1	1	better
mealpy	WhaleFOA	2	5000	114	1086	1200	1	1	1.05932e-199	2.93433e-197	worse
Baselines	DE	2	5000	1071	118	1200	5.22275e-193	4.1782e-192	1	1	better
Baselines	RCobyla	2	5000	799	389	1200	2.05483e-33	8.21934e-33	1	1	better
Baselines	PSO	2	5000	512	683	1200	1	1	4.20203e-07	4.20203e-06	worse
Baselines	DiagonalCMA	2	5000	966	223	1200	7.79834e-111	5.45884e-110	1	1	better
Baselines	modcma	2	5000	933	257	1200	1.02537e-90	5.12684e-90	1	1	better
Baselines	modde	2	5000	1104	85	1200	5.18439e-227	4.66595e-226	1	1	better
Baselines	OnePlusOne	2	5000	483	711	1200	1	1	2.21467e-11	2.43613e-10	worse
Baselines	Powell	2	5000	642	554	1200	0.00592457	0.0177737	0.994981	1	better
Baselines	MultiBFGS	2	5000	961	237	1200	5.35349e-104	3.21209e-103	1	1	better
Baselines	lshade	2	5000	1146	43	1200	1.6209e-279	1.78299e-278	1	1	better
Baselines	bipop	2	5000	1132	57	1200	1.52383e-260	1.52383e-259	1	1	better
EVOLOPY	DE	2	10000	1104	79	1200	3.72302e-232	8.89801e-230	1	1	better
EVOLOPY	JAYA	2	10000	938	245	1200	3.45229e-96	5.5927e-94	1	1	better
EVOLOPY	PSO	2	10000	1062	122	1200	6.06297e-188	1.25503e-185	1	1	better
EVOLOPY	WOA	2	10000	851	338	1200	8.91926e-52	1.23086e-49	1	1	better
EVOLOPY	FFA	2	10000	1093	90	1200	6.40639e-220	1.46706e-217	1	1	better
EVOLOPY	BAT	2	10000	494	702	1200	1	1	9.85108e-10	2.19679e-07	worse
EVOLOPY	MVO	2	10000	1051	132	1200	1.68439e-178	3.40247e-176	1	1	better
EVOLOPY	HHO	2	10000	842	343	1200	3.55152e-49	4.79455e-47	1	1	better
EVOLOPY	SCA	2	10000	961	220	1200	4.64931e-111	7.90383e-109	1	1	better
EVOLOPY	GA	2	10000	620	361	995	5.89091e-17	6.36218e-15	1	1	better
EVOLOPY	MFO	2	10000	804	379	1200	5.79115e-36	7.58641e-34	1	1	better
EVOLOPY	CS	2	10000	1175	8	1200	0	0	1	1	better
EVOLOPY	GWO	2	10000	974	209	1200	1.1039e-118	1.97598e-116	1	1	better
EVOLOPY	SSA	2	10000	1083	100	1200	2.40746e-209	5.32048e-207	1	1	better
NIAPY	DynamicFireworksAlgorithm	2	10000	626	567	1200	0.0465337	1	0.958839	1	not shown
NIAPY	HarmonySearch	2	10000	1028	154	1200	2.61107e-159	5.09159e-157	1	1	better
NIAPY	EvolutionStrategyMp1	2	10000	924	259	1200	3.06931e-88	4.88021e-86	1	1	better
NIAPY	MonarchButterflyOptimization	2	10000	252	943	1200	1	1	1.55741e-94	3.94026e-92	worse
NIAPY	CenterParticleSwarmOptimization	2	10000	1060	123	1200	9.39434e-187	1.92584e-184	1	1	better
NIAPY	DynNpDifferentialEvolution	2	10000	434	757	1200	1	1	3.05432e-21	7.05549e-19	worse
NIAPY	CamelAlgorithm	2	10000	859	324	1200	1.33486e-56	1.85545e-54	1	1	better
NIAPY	BatAlgorithm	2	10000	633	556	1200	0.0137392	1	0.988173	1	not shown
NIAPY	GlowwormSwarmOptimization	2	10000	235	958	1200	1	1	3.4582e-104	8.81842e-102	worse
NIAPY	BareBonesFireworksAlgorithm	2	10000	532	664	1200	0.999941	1	7.48697e-05	0.0163216	worse
NIAPY	CuckooSearch	2	10000	1175	8	1200	0	0	1	1	better
NIAPY	GeneticAlgorithm	2	10000	554	631	1200	0.988291	1	0.0136091	1	not shown
NIAPY	ParticleSwarmAlgorithm	2	10000	1103	80	1200	5.14313e-231	1.21892e-228	1	1	better
NIAPY	MonkeyKingEvolutionV3	2	10000	124	1076	1200	1	1	3.96144e-190	1.06959e-187	worse
NIAPY	MonkeyKingEvolutionV2	2	10000	1153	30	1200	3.14621e-297	8.71501e-295	1	1	better
NIAPY	SineCosineAlgorithm	2	10000	1	1199	1200	1	1	0	0	worse
NIAPY	EvolutionStrategy1p1	2	10000	729	456	1200	1.04146e-15	1.11437e-13	1	1	better
NIAPY	HarrisHawksOptimization	2	10000	1046	136	1200	1.11104e-174	2.22208e-172	1	1	better
NIAPY	ParticleSwarmOptimization	2	10000	609	576	1200	0.176294	1	0.838347	1	not shown
NIAPY	ForestOptimizationAlgorithm	2	10000	991	191	1200	6.62572e-131	1.21913e-128	1	1	better
NIAPY	EnhancedFireworksAlgorithm	2	10000	578	617	1200	0.876393	1	0.135824	1	not shown
NIAPY	MultiStrategyDifferentialEvolution	2	10000	1127	56	1200	3.66839e-260	9.46446e-258	1	1	better
NIAPY	MutatedParticleSwarmOptimization	2	10000	1084	99	1200	2.21844e-210	4.94713e-208	1	1	better
NIAPY	ComprehensiveLearningParticleSwarmOptimizer	2	10000	1089	92	1200	3.1142e-217	7.10038e-215	1	1	better
NIAPY	KrillHerd	2	10000	88	1111	1200	1	1	2.22338e-226	6.20324e-224	worse
NIAPY	FishSchoolSearch	2	10000	900	282	1200	6.6888e-76	1.03676e-73	1	1	better
NIAPY	MutatedCenterUnifiedParticleSwarmOptimization	2	10000	1098	85	1200	2.12508e-225	4.97268e-223	1	1	better
NIAPY	MutatedCenterParticleSwarmOptimization	2	10000	1084	99	1200	2.21844e-210	4.94713e-208	1	1	better
NIAPY	GlowwormSwarmOptimizationV2	2	10000	214	981	1200	1	1	5.92781e-118	1.5353e-115	worse
NIAPY	CatSwarmOptimization	2	10000	1020	163	1200	2.92363e-152	5.67184e-150	1	1	better
NIAPY	DifferentialEvolution	2	10000	1149	34	1200	4.98805e-291	1.36174e-288	1	1	better
NIAPY	FireworksAlgorithm	2	10000	740	445	1200	4.55002e-18	4.95953e-16	1	1	better
NIAPY	MothFlameOptimizer	2	10000	144	1050	1200	1	1	1.18489e-170	3.17551e-168	worse
NIAPY	DynNpMultiStrategyDifferentialEvolution	2	10000	1089	94	1200	1.24781e-215	2.83253e-213	1	1	better
NIAPY	EvolutionStrategyML	2	10000	976	207	1200	5.02709e-120	9.04876e-118	1	1	better
NIAPY	GreyWolfOptimizer	2	10000	1003	180	1200	3.65731e-139	6.91232e-137	1	1	better
NIAPY	HarmonySearchV1	2	10000	742	440	1200	6.66896e-19	7.33586e-17	1	1	better
NIAPY	BeesAlgorithm	2	10000	1067	111	1200	5.76159e-197	1.22146e-194	1	1	better
NIAPY	GlowwormSwarmOptimizationV1	2	10000	235	964	1200	1	1	2.00254e-105	5.1265e-103	worse
NIAPY	GlowwormSwarmOptimizationV3	2	10000	243	950	1200	1	1	2.23259e-99	5.67077e-97	worse
NIAPY	LionOptimizationAlgorithm	2	10000	876	303	1200	3.14642e-65	4.62524e-63	1	1	better
NIAPY	ArtificialBeeColonyAlgorithm	2	10000	1001	178	1200	9.7046e-140	1.84387e-137	1	1	better
NIAPY	AgingNpDifferentialEvolution	2	10000	898	285	1200	1.40573e-74	2.1367e-72	1	1	better
NIAPY	OppositionVelocityClampingParticleSwarmOptimization	2	10000	549	649	1200	0.998247	1	0.00210687	0.455085	not shown
NIAPY	CoralReefsOptimization	2	10000	353	837	1200	1	1	4.26007e-46	1.0352e-43	worse
NIAPY	BacterialForagingOptimization	2	10000	1017	167	1200	2.45408e-149	4.73637e-147	1	1	better
NIAPY	DynamicFireworksAlgorithmGauss	2	10000	609	586	1200	0.262262	1	0.756235	1	not shown
NIAPY	ClonalSelectionAlgorithm	2	10000	94	1099	1200	1	1	2.77532e-218	7.57663e-216	worse
NIAPY	GravitationalSearchAlgorithm	2	10000	56	1142	1200	1	1	2.30394e-264	6.58928e-262	worse
NIAPY	MonkeyKingEvolutionV1	2	10000	1098	85	1200	2.12508e-225	4.97268e-223	1	1	better
NIAPY	EvolutionStrategyMpL	2	10000	1080	103	1200	2.88358e-206	6.34387e-204	1	1	better
NIAPY	FireflyAlgorithm	2	10000	977	206	1200	1.06344e-120	1.92482e-118	1	1	better
NIAPY	FlowerPollinationAlgorithm	2	10000	1162	21	1200	4.32727e-312	1.23327e-309	1	1	better
OPYTIMIZER	SA	2	10000	786	398	1200	3.69389e-30	4.58043e-28	1	1	better
OPYTIMIZER	GOGHS	2	10000	502	684	1200	1	1	6.98342e-08	1.54334e-05	worse
OPYTIMIZER	QSA	2	10000	1161	22	1200	2.28763e-310	6.45111e-308	1	1	better
OPYTIMIZER	SGHS	2	10000	283	912	1200	1	1	8.8561e-78	2.19631e-75	worse
OPYTIMIZER	DE	2	10000	1061	122	1200	1.08778e-187	2.24083e-185	1	1	better
OPYTIMIZER	RFO	2	10000	1096	87	1200	3.42839e-223	7.91958e-221	1	1	better
OPYTIMIZER	PPA	2	10000	770	415	1200	1.8482e-25	2.19935e-23	1	1	better
OPYTIMIZER	EHO	2	10000	973	209	1200	1.81825e-118	3.23649e-116	1	1	better
OPYTIMIZER	AEO	2	10000	1172	11	1200	0	0	1	1	better
OPYTIMIZER	ABO	2	10000	1107	76	1200	1.30164e-235	3.16297e-233	1	1	better
OPYTIMIZER	GHS	2	10000	257	933	1200	1	1	1.02537e-90	2.57367e-88	worse
OPYTIMIZER	PVS	2	10000	1113	70	1200	1.08575e-242	2.6818e-240	1	1	better
OPYTIMIZER	BWO	2	10000	371	820	1200	1	1	9.468e-40	2.25338e-37	worse
OPYTIMIZER	PSO	2	10000	1112	71	1200	1.70376e-241	4.19125e-239	1	1	better
OPYTIMIZER	BSO	2	10000	967	216	1200	4.56879e-114	7.94969e-112	1	1	better
OPYTIMIZER	CSA	2	10000	649	542	1200	0.00105848	0.104789	0.99913	1	not shown
OPYTIMIZER	SSO	2	10000	121	1077	1200	1	1	1.89657e-192	5.13971e-190	worse
OPYTIMIZER	WOA	2	10000	876	311	1200	6.00226e-63	8.64325e-61	1	1	better
OPYTIMIZER	BA	2	10000	800	391	1200	3.56107e-33	4.59378e-31	1	1	better
OPYTIMIZER	HS	2	10000	582	603	1200	0.73861	1	0.280632	1	not shown
OPYTIMIZER	JS	2	10000	784	402	1200	3.15272e-29	3.87784e-27	1	1	better
OPYTIMIZER	SOS	2	10000	1176	7	1200	0	0	1	1	better
OPYTIMIZER	GS	2	10000	3	1194	1200	1	1	0	0	worse
OPYTIMIZER	EFO	2	10000	764	422	1200	1.01706e-23	1.17979e-21	1	1	better
OPYTIMIZER	GSA	2	10000	37	1162	1200	1	1	4.10125e-291	1.18526e-288	worse
OPYTIMIZER	ESA	2	10000	620	566	1200	0.0618863	1	0.944893	1	not shown
OPYTIMIZER	BOA	2	10000	20	460	480	1	1	3.88359e-110	9.98083e-108	worse
OPYTIMIZER	HC	2	10000	517	669	1200	0.999996	1	5.65986e-06	0.00123951	worse
OPYTIMIZER	ABC	2	10000	1122	33	1172	1.77579e-284	4.75912e-282	1	1	better
OPYTIMIZER	RRA	2	10000	847	348	1200	9.33915e-49	1.25145e-46	1	1	better
OPYTIMIZER	NDS	2	10000	2	1195	1200	1	1	0	0	worse
OPYTIMIZER	NBJS	2	10000	860	323	1200	5.01621e-57	7.02269e-55	1	1	better
OPYTIMIZER	SSD	2	10000	86	1111	1200	1	1	4.73101e-228	1.32468e-225	worse
OPYTIMIZER	CEM	2	10000	407	785	1200	1	1	1.65046e-28	3.87858e-26	worse
OPYTIMIZER	AOA	2	10000	371	829	1200	1	1	5.18412e-41	1.24937e-38	worse
OPYTIMIZER	MRFO	2	10000	1134	49	1200	1.79913e-269	4.7317e-267	1	1	better
OPYTIMIZER	ASO	2	10000	52	1148	1200	1	1	3.2208e-270	9.24369e-268	worse
OPYTIMIZER	SFO	2	10000	288	907	1200	1	1	2.91867e-75	7.2091e-73	worse
OPYTIMIZER	IHS	2	10000	466	721	1200	1	1	6.7851e-14	1.54022e-11	worse
OPYTIMIZER	COA	2	10000	1159	24	1200	5.59132e-307	1.57116e-304	1	1	better
OPYTIMIZER	GOA	2	10000	958	227	1200	1.80161e-107	3.02671e-105	1	1	better
OPYTIMIZER	STOA	2	10000	126	1073	1200	1	1	5.22056e-188	1.40433e-185	worse
OPYTIMIZER	MVPA	2	10000	901	286	1200	8.32393e-75	1.27356e-72	1	1	better
OPYTIMIZER	ES	2	10000	944	244	1200	8.87242e-98	1.4462e-95	1	1	better
OPYTIMIZER	AIWPSO	2	10000	1002	184	1200	6.91376e-137	1.29287e-134	1	1	better
OPYTIMIZER	ISA	2	10000	57	1143	1200	1	1	1.27312e-263	3.6284e-261	worse
OPYTIMIZER	EO	2	10000	1045	138	1200	3.64446e-173	7.21603e-171	1	1	better
OPYTIMIZER	AF	2	10000	21	1029	1050	1	1	3.77262e-273	1.08651e-270	worse
OPYTIMIZER	DOA	2	10000	1151	32	1200	4.22039e-294	1.16483e-291	1	1	better
OPYTIMIZER	PIO	2	10000	552	641	1200	0.99543	1	0.0054053	1	not shown
OPYTIMIZER	HHO	2	10000	1046	136	1200	1.11104e-174	2.22208e-172	1	1	better
OPYTIMIZER	BSA	2	10000	719	468	1200	1.63197e-13	1.69725e-11	1	1	better
OPYTIMIZER	TEO	2	10000	488	681	1180	1	1	9.12001e-09	2.02464e-06	worse
OPYTIMIZER	FA	2	10000	14	1183	1200	1	1	0	0	worse
OPYTIMIZER	WWO	2	10000	1135	48	1200	7.75971e-271	2.04856e-268	1	1	better
OPYTIMIZER	IWO	2	10000	982	201	1200	4.12399e-124	7.50566e-122	1	1	better
OPYTIMIZER	KH	2	10000	846	337	1200	3.05621e-51	4.18701e-49	1	1	better
OPYTIMIZER	FOA	2	10000	707	468	1200	1.62149e-12	1.65392e-10	1	1	better
OPYTIMIZER	RPSO	2	10000	1128	55	1200	1.81941e-261	4.71227e-259	1	1	better
OPYTIMIZER	SCA	2	10000	259	929	1200	1	1	3.28107e-89	8.20267e-87	worse
OPYTIMIZER	OSA	2	10000	361	832	1200	1	1	1.40142e-43	3.39143e-41	worse
OPYTIMIZER	WDO	2	10000	81	1119	1200	1	1	1.76729e-234	4.9661e-232	worse
OPYTIMIZER	LSA	2	10000	1101	82	1200	9.43185e-229	2.22592e-226	1	1	better
OPYTIMIZER	VPSO	2	10000	1099	84	1200	1.64186e-226	3.85837e-224	1	1	better
OPYTIMIZER	SBO	2	10000	768	419	1200	1.2858e-24	1.50438e-22	1	1	better
OPYTIMIZER	GA	2	10000	971	212	1200	1.08768e-116	1.90344e-114	1	1	better
OPYTIMIZER	MFO	2	10000	781	403	1200	1.0759e-28	1.30184e-26	1	1	better
OPYTIMIZER	CS	2	10000	1175	8	1200	0	0	1	1	better
OPYTIMIZER	FSO	2	10000	904	280	1200	2.78317e-77	4.34174e-75	1	1	better
OPYTIMIZER	NGHS	2	10000	170	1026	1200	1	1	8.2859e-150	2.18748e-147	worse
OPYTIMIZER	GCO	2	10000	1073	110	1200	3.0459e-199	6.57915e-197	1	1	better
OPYTIMIZER	TWO	2	10000	964	217	1200	5.4412e-113	9.30446e-111	1	1	better
OPYTIMIZER	WEO	2	10000	1063	121	1200	6.95023e-189	1.44565e-186	1	1	better
OPYTIMIZER	GWO	2	10000	812	379	1200	4.85766e-37	6.41211e-35	1	1	better
OPYTIMIZER	SAVPSO	2	10000	1118	65	1200	9.06343e-249	2.29305e-246	1	1	better
OPYTIMIZER	FFOA	2	10000	113	1087	1200	1	1	1.10972e-200	3.01843e-198	worse
OPYTIMIZER	AIG	2	10000	1162	21	1200	4.32727e-312	1.23327e-309	1	1	better
OPYTIMIZER	BH	2	10000	668	519	1200	8.50079e-06	0.00085858	0.999993	1	better
OPYTIMIZER	CI	2	10000	173	443	621	1	1	1.49514e-28	3.52853e-26	worse
OPYTIMIZER	SSA	2	10000	1136	47	1200	3.27562e-272	8.68039e-270	1	1	better
OPYTIMIZER	AO	2	10000	483	708	1200	1	1	3.76679e-11	8.43762e-09	worse
OPYTIMIZER	MVO	2	10000	305	89	406	4.3867e-29	5.35177e-27	1	1	better
mealpy	LevyTWO	2	10000	993	191	1200	2.35419e-131	4.35525e-129	1	1	better
mealpy	OriginalTLO	2	10000	1148	35	1200	1.63902e-289	4.45813e-287	1	1	better
mealpy	GWO	2	10000	756	429	1200	7.79486e-22	8.8082e-20	1	1	better
mealpy	OriginalBBO	2	10000	209	986	1200	1	1	2.72992e-121	7.09779e-119	worse
mealpy	ABFO	2	10000	400	773	1186	1	1	3.13327e-28	7.33186e-26	worse
mealpy	OriginalWHO	2	10000	1002	181	1200	2.02958e-138	3.8156e-136	1	1	better
mealpy	OriginalFFA	2	10000	952	231	1200	1.41957e-104	2.37069e-102	1	1	better
mealpy	BaseSARO	2	10000	1141	42	1200	3.13046e-279	8.32701e-277	1	1	better
mealpy	OriginalSMA	2	10000	1005	179	1200	3.85606e-140	7.36508e-138	1	1	better
mealpy	SingleGA	2	10000	23	1176	1200	1	1	2.40839e-313	7.00841e-311	worse
mealpy	OriginalSSDO	2	10000	446	745	1200	1	1	1.97119e-18	4.51402e-16	worse
mealpy	OriginalFPA	2	10000	1154	29	1200	8.17162e-299	2.27988e-296	1	1	better
mealpy	OriginalSSO	2	10000	417	770	1200	1	1	3.77054e-25	8.78536e-23	worse
mealpy	OriginalMA	2	10000	65	1132	1200	1	1	1.21317e-252	3.42114e-250	worse
mealpy	OriginalCEM	2	10000	787	395	1200	8.31307e-31	1.03913e-28	1	1	better
mealpy	OCRO	2	10000	878	302	1200	7.28368e-66	1.07798e-63	1	1	better
mealpy	OriginalBA	2	10000	64	1136	1200	1	1	1.02444e-254	2.89917e-252	worse
mealpy	OriginalAEO	2	10000	1117	66	1200	1.53683e-247	3.87282e-245	1	1	better
mealpy	OriginalBSO	2	10000	989	194	1200	5.37124e-129	9.82938e-127	1	1	better
mealpy	OriginalBFO	2	10000	57	1140	1200	1	1	8.80159e-263	2.49965e-260	worse
mealpy	ImprovedSLO	2	10000	974	210	1200	3.116e-118	5.51532e-116	1	1	better
mealpy	OriginalLCO	2	10000	998	188	1200	5.75994e-134	1.07135e-131	1	1	better
mealpy	OriginalHGS	2	10000	804	387	1200	1.94837e-34	2.53288e-32	1	1	better
mealpy	BaseALO	2	10000	758	422	1200	4.66324e-23	5.36272e-21	1	1	better
mealpy	CPSO	2	10000	479	705	1200	1	1	2.71936e-11	6.11856e-09	worse
mealpy	OriginalEO	2	10000	1121	62	1200	1.68567e-252	4.29845e-250	1	1	better
mealpy	DE	2	10000	321	874	1200	1	1	7.37973e-60	1.80803e-57	worse
mealpy	ModifiedBA	2	10000	875	310	1200	4.64098e-63	6.72943e-61	1	1	better
mealpy	BaseTLO	2	10000	1150	33	1200	1.47337e-292	4.05177e-290	1	1	better
mealpy	OriginalPFA	2	10000	166	1031	1200	1	1	3.44563e-153	9.16537e-151	worse
mealpy	BaseFOA	2	10000	90	1110	1200	1	1	1.85408e-224	5.11727e-222	worse
mealpy	OriginalGBO	2	10000	1123	60	1200	5.04963e-255	1.2927e-252	1	1	better
mealpy	TVAC	2	10000	1107	76	1200	1.30164e-235	3.16297e-233	1	1	better
mealpy	BaseFBIO	2	10000	1134	49	1200	1.79913e-269	4.7317e-267	1	1	better
mealpy	ImprovedBSO	2	10000	793	390	1200	1.85217e-32	2.35226e-30	1	1	better
mealpy	OriginalAO	2	10000	252	942	1200	1	1	2.45892e-94	6.19648e-92	worse
mealpy	BaseGSKA	2	10000	1154	29	1200	8.17162e-299	2.27988e-296	1	1	better
mealpy	BaseLCO	2	10000	1078	105	1200	3.0841e-204	6.75417e-202	1	1	better
mealpy	OriginalSSpiderA	2	10000	603	578	1200	0.24248	1	0.775339	1	not shown
mealpy	BaseHS	2	10000	598	595	1200	0.476914	1	0.546095	1	not shown
mealpy	AdaptiveEO	2	10000	1115	68	1200	4.21343e-245	1.04914e-242	1	1	better
mealpy	OriginalWCA	2	10000	673	92	778	3.16575e-110	5.35011e-108	1	1	better
mealpy	OriginalMRFO	2	10000	1116	67	1200	2.56473e-246	6.41183e-244	1	1	better
mealpy	OriginalEOA	2	10000	568	618	1200	0.930701	1	0.0773775	1	not shown
mealpy	OriginalABC	2	10000	1089	94	1200	1.24781e-215	2.83253e-213	1	1	better
mealpy	ModifiedAEO	2	10000	1068	115	1200	2.34389e-194	4.94561e-192	1	1	better
mealpy	OriginalSFO	2	10000	371	824	1200	1	1	2.61321e-40	6.24557e-38	worse
mealpy	BaseBBO	2	10000	188	1008	1200	1	1	3.12534e-136	8.18839e-134	worse
mealpy	OriginalNMRA	2	10000	1147	36	1200	5.23149e-288	1.41773e-285	1	1	better
mealpy	OriginalACOR	2	10000	907	275	1200	1.75795e-79	2.75999e-77	1	1	better
mealpy	ImprovedSFO	2	10000	547	638	1200	0.996249	1	0.00445428	0.957671	not shown
mealpy	OriginalCRO	2	10000	443	747	1200	1	1	5.16401e-19	1.18772e-16	worse
mealpy	LevyJA	2	10000	1048	135	1200	8.13427e-176	1.63499e-173	1	1	better
mealpy	OriginalHS	2	10000	627	561	1200	0.0296354	1	0.974067	1	not shown
mealpy	OriginalCSO	2	10000	584	600	1200	0.689356	1	0.331453	1	not shown
mealpy	OriginalCOA	2	10000	1010	170	1200	4.60841e-146	8.84815e-144	1	1	better
mealpy	LevyQSA	2	10000	1171	12	1200	0	0	1	1	better
mealpy	OppoQSA	2	10000	1165	18	1200	2.18375e-317	6.2892e-315	1	1	better
mealpy	BaseBRO	2	10000	636	559	1200	0.0139352	1	0.987996	1	not shown
mealpy	OriginalSLO	2	10000	728	465	1200	1.30893e-14	1.38747e-12	1	1	better
mealpy	OriginalMVO	2	10000	719	465	1200	7.87977e-14	8.27375e-12	1	1	better
mealpy	CLPSO	2	10000	899	282	1200	1.01911e-75	1.56943e-73	1	1	better
mealpy	OriginalNRO	2	10000	1158	25	1200	2.59446e-305	7.2645e-303	1	1	better
mealpy	BaseSCA	2	10000	973	210	1200	5.1281e-118	9.02546e-116	1	1	better
mealpy	BaseGCO	2	10000	949	233	1200	3.83304e-103	6.32451e-101	1	1	better
mealpy	OriginalArchOA	2	10000	897	288	1200	1.88317e-73	2.82476e-71	1	1	better
mealpy	SwarmHC	2	10000	1085	98	1200	2.02197e-211	4.52921e-209	1	1	better
mealpy	ImprovedTLO	2	10000	1110	73	1200	4.01292e-239	9.79151e-237	1	1	better
mealpy	OriginalMSA	2	10000	1076	107	1200	3.16412e-202	6.86614e-200	1	1	better
mealpy	WOA	2	10000	953	233	1200	5.74566e-104	9.5378e-102	1	1	better
mealpy	OriginalIWO	2	10000	933	251	1200	6.30247e-93	1.0147e-90	1	1	better
mealpy	BaseGA	2	10000	391	799	1200	1	1	4.7896e-33	1.13513e-30	worse
mealpy	ModifiedEO	2	10000	1106	77	1200	1.87325e-234	4.4958e-232	1	1	better
mealpy	ImprovedNMRA	2	10000	506	685	1200	1	1	1.1887e-07	2.61515e-05	worse
mealpy	BaseCHIO	2	10000	197	1000	1200	1	1	5.29056e-130	1.38084e-127	worse
mealpy	OriginalHHO	2	10000	880	308	1200	1.7696e-64	2.58361e-62	1	1	better
mealpy	OriginalGWO	2	10000	943	241	1200	9.66459e-99	1.58499e-96	1	1	better
mealpy	ImprovedQSA	2	10000	1170	13	1200	0	0	1	1	better
mealpy	OriginalFBIO	2	10000	1142	41	1200	1.15022e-280	3.0711e-278	1	1	better
mealpy	OriginalBeesA	2	10000	1134	49	1200	1.79913e-269	4.7317e-267	1	1	better
mealpy	BaseEFO	2	10000	1114	69	1200	6.81556e-244	1.69026e-241	1	1	better
mealpy	OriginalSA	2	10000	1059	124	1200	8.0402e-186	1.6402e-183	1	1	better
mealpy	OriginalHC	2	10000	218	972	1200	1	1	2.92063e-114	7.53524e-112	worse
mealpy	OriginalSHO	2	10000	749	431	1200	8.11931e-21	9.09363e-19	1	1	better
mealpy	JADE	2	10000	1150	33	1200	1.47337e-292	4.05177e-290	1	1	better
mealpy	OriginalCA	2	10000	368	821	1200	1	1	1.6362e-40	3.92687e-38	worse
mealpy	EnhancedTWO	2	10000	1041	142	1200	1.11462e-169	2.1958e-167	1	1	better
mealpy	BaseSSA	2	10000	833	358	1200	2.19207e-44	2.91545e-42	1	1	better
mealpy	OriginalAOA	2	10000	4	1195	1200	1	1	0	0	worse
mealpy	OriginalQSA	2	10000	1146	37	1200	1.62327e-286	4.38282e-284	1	1	better
mealpy	OriginalGOA	2	10000	1104	79	1200	3.72302e-232	8.89801e-230	1	1	better
mealpy	EnhancedAEO	2	10000	1098	85	1200	2.12508e-225	4.97268e-223	1	1	better
mealpy	OriginalGSKA	2	10000	1064	119	1200	1.59857e-190	3.357e-188	1	1	better
mealpy	PPSO	2	10000	896	287	1200	1.38542e-73	2.09199e-71	1	1	better
mealpy	OriginalCGO	2	10000	1064	119	1200	1.59857e-190	3.357e-188	1	1	better
mealpy	OriginalHGSO	2	10000	539	645	1200	0.999069	1	0.00113173	0.245586	not shown
mealpy	OriginalSBO	2	10000	776	411	1200	8.7065e-27	1.04478e-24	1	1	better
mealpy	OppoTWO	2	10000	966	217	1200	2.03926e-113	3.50753e-111	1	1	better
mealpy	OriginalASO	2	10000	93	1103	1200	1	1	3.77521e-220	1.03818e-217	worse
mealpy	ModifiedSLO	2	10000	846	345	1200	2.59284e-49	3.52626e-47	1	1	better
mealpy	BaseVCS	2	10000	1146	37	1200	1.62327e-286	4.38282e-284	1	1	better
mealpy	LSHADE	2	10000	1163	20	1200	7.8067e-314	2.24052e-311	1	1	better
mealpy	OriginalEFO	2	10000	267	931	1200	1	1	9.44489e-87	2.35178e-84	worse
mealpy	OriginalJA	2	10000	429	756	1200	1	1	7.79486e-22	1.80841e-19	worse
mealpy	OriginalGCO	2	10000	1073	110	1200	3.0459e-199	6.57915e-197	1	1	better
mealpy	OriginalPSS	2	10000	1077	106	1200	3.14e-203	6.84521e-201	1	1	better
mealpy	OriginalEHO	2	10000	863	320	1200	2.59498e-58	3.65892e-56	1	1	better
mealpy	OriginalSSA	2	10000	765	429	1200	8.38563e-23	9.55962e-21	1	1	better
mealpy	OriginalSCA	2	10000	967	216	1200	4.56879e-114	7.94969e-112	1	1	better
mealpy	OriginalBES	2	10000	1072	111	1200	2.94774e-198	6.27869e-196	1	1	better
mealpy	BaseSBO	2	10000	789	394	1200	3.10842e-31	3.9166e-29	1	1	better
mealpy	BaseJA	2	10000	869	317	1200	4.1008e-60	5.86414e-58	1	1	better
mealpy	OriginalSARO	2	10000	1125	58	1200	1.41087e-257	3.62594e-255	1	1	better
mealpy	OriginalSRSR	2	10000	1073	110	1200	3.0459e-199	6.57915e-197	1	1	better
mealpy	OriginalTWO	2	10000	1107	76	1200	1.30164e-235	3.16297e-233	1	1	better
mealpy	OriginalWDO	2	10000	175	1017	1200	1	1	5.15141e-145	1.35482e-142	worse
mealpy	AugmentedAEO	2	10000	929	253	1200	2.13503e-91	3.41604e-89	1	1	better
mealpy	OriginalWOA	2	10000	911	274	1200	1.46082e-80	2.30809e-78	1	1	better
mealpy	SADE	2	10000	1163	20	1200	7.8067e-314	2.24052e-311	1	1	better
mealpy	OriginalBRO	2	10000	314	874	1200	1	1	8.97076e-62	2.20681e-59	worse
mealpy	OriginalSSpiderO	2	10000	481	708	1200	1	1	2.45406e-11	5.54618e-09	worse
mealpy	ProbBeesA	2	10000	744	441	1200	5.67248e-19	6.29645e-17	1	1	better
mealpy	OriginalFA	2	10000	648	540	1200	0.000947314	0.0947314	0.999223	1	not shown
mealpy	OriginalCSA	2	10000	333	856	1200	1	1	8.29729e-54	2.02454e-51	worse
mealpy	OriginalALO	2	10000	765	415	1200	6.87117e-25	8.10798e-23	1	1	better
mealpy	OriginalDO	2	10000	452	738	1200	1	1	5.14127e-17	1.17221e-14	worse
mealpy	OriginalCHIO	2	10000	597	587	1200	0.396838	1	0.625387	1	not shown
mealpy	OriginalBSA	2	10000	1117	66	1200	1.53683e-247	3.87282e-245	1	1	better
mealpy	LevyEP	2	10000	1086	97	1200	1.82261e-212	4.10087e-210	1	1	better
mealpy	OriginalICA	2	10000	553	139	706	1.37231e-59	1.94869e-57	1	1	better
mealpy	ImprovedLCO	2	10000	794	390	1200	1.37931e-32	1.76552e-30	1	1	better
mealpy	OriginalMFO	2	10000	146	1049	1200	1	1	3.51972e-169	9.39766e-167	worse
mealpy	ImprovedAEO	2	10000	1112	71	1200	1.70376e-241	4.19125e-239	1	1	better
mealpy	OriginalVCS	2	10000	884	298	1200	4.37234e-68	6.51479e-66	1	1	better
mealpy	AdaptiveBA	2	10000	168	1030	1200	1	1	7.60347e-152	2.01492e-149	worse
mealpy	MultiGA	2	10000	31	1168	1200	1	1	2.72392e-300	7.89936e-298	worse
mealpy	OriginalES	2	10000	1052	131	1200	2.11092e-179	4.28516e-177	1	1	better
mealpy	LevyES	2	10000	1119	64	1200	5.25946e-250	1.3359e-247	1	1	better
mealpy	OriginalEP	2	10000	718	470	1200	3.19451e-13	3.29034e-11	1	1	better
mealpy	BaseSMA	2	10000	1035	147	1200	3.71277e-165	7.27702e-163	1	1	better
mealpy	OriginalPSO	2	10000	94	1105	1200	1	1	7.08139e-220	1.9403e-217	worse
mealpy	FBUDGETSHADE	2	10000	1167	16	1200	4.90113e-321	1.41643e-318	1	1	better
mealpy	OriginalFOA	2	10000	89	1111	1200	1	1	1.50037e-225	4.17104e-223	worse
mealpy	BaseQSA	2	10000	1162	21	1200	4.32727e-312	1.23327e-309	1	1	better
mealpy	BaseMFO	2	10000	1095	88	1200	4.27447e-222	9.83128e-220	1	1	better
mealpy	BaseDE	2	10000	1133	50	1200	4.08434e-268	1.06193e-265	1	1	better
mealpy	WhaleFOA	2	10000	89	1111	1200	1	1	1.50037e-225	4.17104e-223	worse
Baselines	DE	2	10000	1083	100	1200	2.40746e-209	2.16671e-208	1	1	better
Baselines	RCobyla	2	10000	819	363	1200	2.78047e-41	1.11219e-40	1	1	better
Baselines	PSO	2	10000	474	721	1200	1	1	4.62368e-13	4.62368e-12	worse
Baselines	DiagonalCMA	2	10000	998	185	1200	1.80412e-135	1.26289e-134	1	1	better
Baselines	modcma	2	10000	963	221	1200	4.70301e-111	2.3515e-110	1	1	better
Baselines	modde	2	10000	1079	104	1200	2.99784e-205	2.39827e-204	1	1	better
Baselines	OnePlusOne	2	10000	436	758	1200	1	1	4.52881e-21	4.98169e-20	worse
Baselines	Powell	2	10000	634	562	1200	0.0200131	0.0600393	0.982629	1	not shown
Baselines	MultiBFGS	2	10000	996	202	1200	9.91666e-127	5.95e-126	1	1	better
Baselines	lshade	2	10000	1149	34	1200	4.98805e-291	5.48686e-290	1	1	better
Baselines	bipop	2	10000	1139	44	1200	2.15624e-276	2.15624e-275	1	1	better
EVOLOPY	DE	5	10	550	650	1200	0.998234	-1	0.00212282	-1	descriptive
EVOLOPY	JAYA	5	10	691	509	1200	8.26523e-08	-1	1	-1	descriptive
EVOLOPY	PSO	5	10	883	317	1200	1.86884e-62	-1	1	-1	descriptive
EVOLOPY	WOA	5	10	746	454	1200	1.5609e-17	-1	1	-1	descriptive
EVOLOPY	FFA	5	10	747	453	1200	9.43616e-18	-1	1	-1	descriptive
EVOLOPY	BAT	5	10	717	483	1200	7.54242e-12	-1	1	-1	descriptive
EVOLOPY	MVO	5	10	673	527	1200	1.39098e-05	-1	0.999989	-1	descriptive
EVOLOPY	HHO	5	10	803	397	1200	1.81078e-32	-1	1	-1	descriptive
EVOLOPY	SCA	5	10	627	573	1200	0.0629934	-1	0.943843	-1	descriptive
EVOLOPY	GA	5	10	390	539	929	1	-1	5.70412e-07	-1	descriptive
EVOLOPY	MFO	5	10	621	579	1200	0.118286	-1	0.892762	-1	descriptive
EVOLOPY	CS	5	10	459	741	1200	1	-1	1.83448e-16	-1	descriptive
EVOLOPY	GWO	5	10	911	289	1200	1.13769e-75	-1	1	-1	descriptive
EVOLOPY	SSA	5	10	622	578	1200	0.107238	-1	0.903045	-1	descriptive
NIAPY	DynamicFireworksAlgorithm	5	10	282	918	1200	1	-1	3.26793e-79	-1	descriptive
NIAPY	HarmonySearch	5	10	644	556	1200	0.00599564	-1	0.994918	-1	descriptive
NIAPY	EvolutionStrategyMp1	5	10	360	840	1200	1	-1	5.75169e-45	-1	descriptive
NIAPY	MonarchButterflyOptimization	5	10	481	719	1200	1	-1	3.35552e-12	-1	descriptive
NIAPY	CenterParticleSwarmOptimization	5	10	874	326	1200	1.60836e-58	-1	1	-1	descriptive
NIAPY	DynNpDifferentialEvolution	5	10	529	671	1200	0.999982	-1	2.30327e-05	-1	descriptive
NIAPY	CamelAlgorithm	5	10	588	612	1200	0.764749	-1	0.253369	-1	descriptive
NIAPY	BatAlgorithm	5	10	544	656	1200	0.999451	-1	0.000672123	-1	descriptive
NIAPY	GlowwormSwarmOptimization	5	10	461	739	1200	1	-1	4.7971e-16	-1	descriptive
NIAPY	BareBonesFireworksAlgorithm	5	10	463	737	1200	1	-1	1.23712e-15	-1	descriptive
NIAPY	CuckooSearch	5	10	441	759	1200	1	-1	1.70913e-20	-1	descriptive
NIAPY	GeneticAlgorithm	5	10	557	643	1200	0.994004	-1	0.00705216	-1	descriptive
NIAPY	ParticleSwarmAlgorithm	5	10	544	656	1200	0.999451	-1	0.000672123	-1	descriptive
NIAPY	MonkeyKingEvolutionV3	5	10	667	533	1200	6.07551e-05	-1	0.999952	-1	descriptive
NIAPY	MonkeyKingEvolutionV2	5	10	600	600	1200	0.511514	-1	0.511514	-1	descriptive
NIAPY	SineCosineAlgorithm	5	10	408	792	1200	1	-1	3.46381e-29	-1	descriptive
NIAPY	EvolutionStrategy1p1	5	10	941	259	1200	1.49713e-91	-1	1	-1	descriptive
NIAPY	HarrisHawksOptimization	5	10	706	494	1200	5.09234e-10	-1	1	-1	descriptive
NIAPY	ParticleSwarmOptimization	5	10	854	346	1200	2.66508e-50	-1	1	-1	descriptive
NIAPY	ForestOptimizationAlgorithm	5	10	301	899	1200	1	-1	8.00873e-70	-1	descriptive
NIAPY	EnhancedFireworksAlgorithm	5	10	328	872	1200	1	-1	1.14988e-57	-1	descriptive
NIAPY	MultiStrategyDifferentialEvolution	5	10	593	607	1200	0.667488	-1	0.353735	-1	descriptive
NIAPY	MutatedParticleSwarmOptimization	5	10	863	337	1200	6.53804e-54	-1	1	-1	descriptive
NIAPY	ComprehensiveLearningParticleSwarmOptimizer	5	10	425	775	1200	1	-1	1.70308e-24	-1	descriptive
NIAPY	KrillHerd	5	10	641	559	1200	0.00966784	-1	0.99173	-1	descriptive
NIAPY	FishSchoolSearch	5	10	541	659	1200	0.999707	-1	0.000362497	-1	descriptive
NIAPY	MutatedCenterUnifiedParticleSwarmOptimization	5	10	781	419	1200	4.24192e-26	-1	1	-1	descriptive
NIAPY	MutatedCenterParticleSwarmOptimization	5	10	865	335	1200	9.85426e-55	-1	1	-1	descriptive
NIAPY	GlowwormSwarmOptimizationV2	5	10	425	775	1200	1	-1	1.70308e-24	-1	descriptive
NIAPY	CatSwarmOptimization	5	10	568	632	1200	0.969722	-1	0.0344599	-1	descriptive
NIAPY	DifferentialEvolution	5	10	606	594	1200	0.375423	-1	0.646265	-1	descriptive
NIAPY	FireworksAlgorithm	5	10	287	913	1200	1	-1	1.13248e-76	-1	descriptive
NIAPY	MothFlameOptimizer	5	10	623	577	1200	0.0969548	-1	0.912586	-1	descriptive
NIAPY	DynNpMultiStrategyDifferentialEvolution	5	10	589	611	1200	0.746631	-1	0.272194	-1	descriptive
NIAPY	EvolutionStrategyML	5	10	308	892	1200	1	-1	1.53645e-66	-1	descriptive
NIAPY	GreyWolfOptimizer	5	10	628	572	1200	0.0561566	-1	0.950081	-1	descriptive
NIAPY	HarmonySearchV1	5	10	641	559	1200	0.00966784	-1	0.99173	-1	descriptive
NIAPY	BeesAlgorithm	5	10	702	498	1200	2.12939e-09	-1	1	-1	descriptive
NIAPY	GlowwormSwarmOptimizationV1	5	10	417	783	1200	1	-1	1.20335e-26	-1	descriptive
NIAPY	GlowwormSwarmOptimizationV3	5	10	448	752	1200	1	-1	7.22865e-19	-1	descriptive
NIAPY	LionOptimizationAlgorithm	5	10	611	589	1200	0.272194	-1	0.746631	-1	descriptive
NIAPY	ArtificialBeeColonyAlgorithm	5	10	534	666	1200	0.999939	-1	7.68072e-05	-1	descriptive
NIAPY	AgingNpDifferentialEvolution	5	10	609	591	1200	0.311812	-1	0.708311	-1	descriptive
NIAPY	OppositionVelocityClampingParticleSwarmOptimization	5	10	581	619	1200	0.869886	-1	0.142736	-1	descriptive
NIAPY	CoralReefsOptimization	5	10	536	664	1200	0.999903	-1	0.000121582	-1	descriptive
NIAPY	BacterialForagingOptimization	5	10	614	586	1200	0.217872	-1	0.798743	-1	descriptive
NIAPY	DynamicFireworksAlgorithmGauss	5	10	288	912	1200	1	-1	3.59763e-76	-1	descriptive
NIAPY	ClonalSelectionAlgorithm	5	10	359	841	1200	1	-1	2.45487e-45	-1	descriptive
NIAPY	GravitationalSearchAlgorithm	5	10	590	610	1200	0.727806	-1	0.291689	-1	descriptive
NIAPY	MonkeyKingEvolutionV1	5	10	585	615	1200	0.814575	-1	0.201257	-1	descriptive
NIAPY	EvolutionStrategyMpL	5	10	296	904	1200	1	-1	3.17035e-72	-1	descriptive
NIAPY	FireflyAlgorithm	5	10	602	598	1200	0.465496	-1	0.557379	-1	descriptive
NIAPY	FlowerPollinationAlgorithm	5	10	497	703	1200	1	-1	1.4966e-09	-1	descriptive
OPYTIMIZER	SA	5	10	1032	168	1200	2.56951e-152	-1	1	-1	descriptive
OPYTIMIZER	GOGHS	5	10	1048	152	1200	2.5686e-165	-1	1	-1	descriptive
OPYTIMIZER	QSA	5	10	1073	127	1200	2.46901e-187	-1	1	-1	descriptive
OPYTIMIZER	SGHS	5	10	1028	172	1200	3.44768e-149	-1	1	-1	descriptive
OPYTIMIZER	DE	5	10	1063	137	1200	2.91281e-178	-1	1	-1	descriptive
OPYTIMIZER	RFO	5	10	1089	111	1200	1.1827e-202	-1	1	-1	descriptive
OPYTIMIZER	PPA	5	10	919	281	1200	1.00074e-79	-1	1	-1	descriptive
OPYTIMIZER	EHO	5	10	1082	118	1200	7.99289e-196	-1	1	-1	descriptive
OPYTIMIZER	AEO	5	10	1084	116	1200	9.37822e-198	-1	1	-1	descriptive
OPYTIMIZER	ABO	5	10	1054	146	1200	2.10491e-170	-1	1	-1	descriptive
OPYTIMIZER	GHS	5	10	1035	165	1200	1.07816e-154	-1	1	-1	descriptive
OPYTIMIZER	PVS	5	10	1087	113	1200	1.10972e-200	-1	1	-1	descriptive
OPYTIMIZER	BWO	5	10	1049	151	1200	3.71717e-166	-1	1	-1	descriptive
OPYTIMIZER	PSO	5	10	1103	97	1200	5.87757e-217	-1	1	-1	descriptive
OPYTIMIZER	BSO	5	10	1090	110	1200	1.20305e-203	-1	1	-1	descriptive
OPYTIMIZER	CSA	5	10	616	584	1200	0.185425	-1	0.829609	-1	descriptive
OPYTIMIZER	SSO	5	10	1063	137	1200	2.91281e-178	-1	1	-1	descriptive
OPYTIMIZER	WOA	5	10	1102	98	1200	6.62242e-216	-1	1	-1	descriptive
OPYTIMIZER	BA	5	10	1045	155	1200	8.10326e-163	-1	1	-1	descriptive
OPYTIMIZER	HS	5	10	1048	152	1200	2.5686e-165	-1	1	-1	descriptive
OPYTIMIZER	JS	5	10	804	396	1200	8.90903e-33	-1	1	-1	descriptive
OPYTIMIZER	SOS	5	10	1093	107	1200	1.19235e-206	-1	1	-1	descriptive
OPYTIMIZER	GS	5	10	506	694	1200	1	-1	3.17122e-08	-1	descriptive
OPYTIMIZER	EFO	5	10	1047	153	1200	1.76165e-164	-1	1	-1	descriptive
OPYTIMIZER	GSA	5	10	425	775	1200	1	-1	1.70308e-24	-1	descriptive
OPYTIMIZER	ESA	5	10	1019	181	1200	2.53665e-142	-1	1	-1	descriptive
OPYTIMIZER	BOA	5	10	146	387	533	1	-1	1.77209e-26	-1	descriptive
OPYTIMIZER	HC	5	10	514	686	1200	1	-1	3.81865e-07	-1	descriptive
OPYTIMIZER	ABC	5	10	1026	140	1166	3.11412e-167	-1	1	-1	descriptive
OPYTIMIZER	RRA	5	10	1038	162	1200	4.24759e-157	-1	1	-1	descriptive
OPYTIMIZER	NDS	5	10	506	694	1200	1	-1	3.17122e-08	-1	descriptive
OPYTIMIZER	NBJS	5	10	826	374	1200	5.72457e-40	-1	1	-1	descriptive
OPYTIMIZER	SSD	5	10	322	878	1200	1	-1	2.99193e-60	-1	descriptive
OPYTIMIZER	CEM	5	10	698	502	1200	8.43967e-09	-1	1	-1	descriptive
OPYTIMIZER	AOA	5	10	1039	161	1200	6.61411e-158	-1	1	-1	descriptive
OPYTIMIZER	MRFO	5	10	1042	158	1200	2.39201e-160	-1	1	-1	descriptive
OPYTIMIZER	ASO	5	10	184	1016	1200	1	-1	4.38528e-140	-1	descriptive
OPYTIMIZER	SFO	5	10	665	535	1200	9.67899e-05	-1	0.999923	-1	descriptive
OPYTIMIZER	IHS	5	10	1046	154	1200	1.19923e-163	-1	1	-1	descriptive
OPYTIMIZER	COA	5	10	1071	129	1200	1.72403e-185	-1	1	-1	descriptive
OPYTIMIZER	GOA	5	10	1121	79	1200	9.10264e-237	-1	1	-1	descriptive
OPYTIMIZER	STOA	5	10	428	772	1200	1	-1	1.02773e-23	-1	descriptive
OPYTIMIZER	MVPA	5	10	1114	86	1200	7.3916e-229	-1	1	-1	descriptive
OPYTIMIZER	ES	5	10	1040	160	1200	1.02258e-158	-1	1	-1	descriptive
OPYTIMIZER	AIWPSO	5	10	1102	98	1200	6.62242e-216	-1	1	-1	descriptive
OPYTIMIZER	ISA	5	10	279	921	1200	1	-1	9.25507e-81	-1	descriptive
OPYTIMIZER	EO	5	10	1121	79	1200	9.10264e-237	-1	1	-1	descriptive
OPYTIMIZER	AF	5	10	158	887	1045	1	-1	6.69868e-124	-1	descriptive
OPYTIMIZER	DOA	5	10	1073	127	1200	2.46901e-187	-1	1	-1	descriptive
OPYTIMIZER	PIO	5	10	943	257	1200	1.12204e-92	-1	1	-1	descriptive
OPYTIMIZER	HHO	5	10	1126	74	1200	1.36526e-242	-1	1	-1	descriptive
OPYTIMIZER	BSA	5	10	1038	162	1200	4.24759e-157	-1	1	-1	descriptive
OPYTIMIZER	TEO	5	10	381	796	1177	1	-1	1.61667e-34	-1	descriptive
OPYTIMIZER	FA	5	10	617	583	1200	0.170391	-1	0.84384	-1	descriptive
OPYTIMIZER	WWO	5	10	1060	140	1200	1.30393e-175	-1	1	-1	descriptive
OPYTIMIZER	IWO	5	10	1047	153	1200	1.76165e-164	-1	1	-1	descriptive
OPYTIMIZER	KH	5	10	1057	143	1200	5.42881e-173	-1	1	-1	descriptive
OPYTIMIZER	FOA	5	10	1048	152	1200	2.5686e-165	-1	1	-1	descriptive
OPYTIMIZER	RPSO	5	10	1083	117	1200	8.69881e-197	-1	1	-1	descriptive
OPYTIMIZER	SCA	5	10	521	679	1200	0.999998	-1	2.83429e-06	-1	descriptive
OPYTIMIZER	OSA	5	10	708	492	1200	2.44059e-10	-1	1	-1	descriptive
OPYTIMIZER	WDO	5	10	613	587	1200	0.235251	-1	0.782128	-1	descriptive
OPYTIMIZER	LSA	5	10	1098	102	1200	9.56554e-212	-1	1	-1	descriptive
OPYTIMIZER	VPSO	5	10	1087	113	1200	1.10972e-200	-1	1	-1	descriptive
OPYTIMIZER	SBO	5	10	1115	85	1200	5.6952e-230	-1	1	-1	descriptive
OPYTIMIZER	GA	5	10	1074	126	1200	2.91616e-188	-1	1	-1	descriptive
OPYTIMIZER	MFO	5	10	1073	127	1200	2.46901e-187	-1	1	-1	descriptive
OPYTIMIZER	CS	5	10	1053	147	1200	1.51112e-169	-1	1	-1	descriptive
OPYTIMIZER	FSO	5	10	1019	181	1200	2.53665e-142	-1	1	-1	descriptive
OPYTIMIZER	NGHS	5	10	1012	188	1200	3.86183e-137	-1	1	-1	descriptive
OPYTIMIZER	GCO	5	10	1041	159	1200	1.56963e-159	-1	1	-1	descriptive
OPYTIMIZER	TWO	5	10	1102	98	1200	6.62242e-216	-1	1	-1	descriptive
OPYTIMIZER	WEO	5	10	1044	156	1200	5.43514e-162	-1	1	-1	descriptive
OPYTIMIZER	GWO	5	10	1109	91	1200	2.26397e-223	-1	1	-1	descriptive
OPYTIMIZER	SAVPSO	5	10	1057	143	1200	5.42881e-173	-1	1	-1	descriptive
OPYTIMIZER	FFOA	5	10	792	408	1200	3.46381e-29	-1	1	-1	descriptive
OPYTIMIZER	AIG	5	10	1065	135	1200	4.7778e-180	-1	1	-1	descriptive
OPYTIMIZER	BH	5	10	1084	116	1200	9.37822e-198	-1	1	-1	descriptive
OPYTIMIZER	CI	5	10	521	98	619	6.8977e-71	-1	1	-1	descriptive
OPYTIMIZER	SSA	5	10	1091	109	1200	1.21162e-204	-1	1	-1	descriptive
OPYTIMIZER	AO	5	10	1063	137	1200	2.91281e-178	-1	1	-1	descriptive
OPYTIMIZER	MVO	5	10	294	44	338	7.90876e-47	-1	1	-1	descriptive
mealpy	LevyTWO	5	10	630	570	1200	0.0442459	-1	0.960896	-1	descriptive
mealpy	OriginalTLO	5	10	630	570	1200	0.0442459	-1	0.960896	-1	descriptive
mealpy	GWO	5	10	630	570	1200	0.0442459	-1	0.960896	-1	descriptive
mealpy	OriginalBBO	5	10	630	570	1200	0.0442459	-1	0.960896	-1	descriptive
mealpy	ABFO	5	10	622	560	1182	0.0379866	-1	0.96658	-1	descriptive
mealpy	OriginalWHO	5	10	630	570	1200	0.0442459	-1	0.960896	-1	descriptive
mealpy	OriginalFFA	5	10	630	570	1200	0.0442459	-1	0.960896	-1	descriptive
mealpy	BaseSARO	5	10	630	570	1200	0.0442459	-1	0.960896	-1	descriptive
mealpy	OriginalSMA	5	10	630	570	1200	0.0442459	-1	0.960896	-1	descriptive
mealpy	SingleGA	5	10	630	570	1200	0.0442459	-1	0.960896	-1	descriptive
mealpy	OriginalSSDO	5	10	639	561	1200	0.0130942	-1	0.988732	-1	descriptive
mealpy	OriginalFPA	5	10	630	570	1200	0.0442459	-1	0.960896	-1	descriptive
mealpy	OriginalSSO	5	10	630	570	1200	0.0442459	-1	0.960896	-1	descriptive
mealpy	OriginalMA	5	10	600	600	1200	0.511514	-1	0.511514	-1	descriptive
mealpy	OriginalCEM	5	10	633	567	1200	0.0302784	-1	0.973474	-1	descriptive
mealpy	OCRO	5	10	630	570	1200	0.0442459	-1	0.960896	-1	descriptive
mealpy	OriginalBA	5	10	639	561	1200	0.0130942	-1	0.988732	-1	descriptive
mealpy	OriginalAEO	5	10	630	570	1200	0.0442459	-1	0.960896	-1	descriptive
mealpy	OriginalBSO	5	10	630	570	1200	0.0442459	-1	0.960896	-1	descriptive
mealpy	OriginalBFO	5	10	630	570	1200	0.0442459	-1	0.960896	-1	descriptive
mealpy	ImprovedSLO	5	10	631	569	1200	0.0391044	-1	0.96554	-1	descriptive
mealpy	OriginalLCO	5	10	630	570	1200	0.0442459	-1	0.960896	-1	descriptive
mealpy	OriginalHGS	5	10	630	570	1200	0.0442459	-1	0.960896	-1	descriptive
mealpy	BaseALO	5	10	630	570	1200	0.0442459	-1	0.960896	-1	descriptive
mealpy	CPSO	5	10	639	561	1200	0.0130942	-1	0.988732	-1	descriptive
mealpy	OriginalEO	5	10	630	570	1200	0.0442459	-1	0.960896	-1	descriptive
mealpy	DE	5	10	598	602	1200	0.557379	-1	0.465496	-1	descriptive
mealpy	ModifiedBA	5	10	630	570	1200	0.0442459	-1	0.960896	-1	descriptive
mealpy	BaseTLO	5	10	630	570	1200	0.0442459	-1	0.960896	-1	descriptive
mealpy	OriginalPFA	5	10	630	570	1200	0.0442459	-1	0.960896	-1	descriptive
mealpy	BaseFOA	5	10	243	957	1200	1	-1	8.51803e-101	-1	descriptive
mealpy	OriginalGBO	5	10	630	570	1200	0.0442459	-1	0.960896	-1	descriptive
mealpy	TVAC	5	10	619	581	1200	0.142736	-1	0.869886	-1	descriptive
mealpy	BaseFBIO	5	10	630	570	1200	0.0442459	-1	0.960896	-1	descriptive
mealpy	ImprovedBSO	5	10	630	570	1200	0.0442459	-1	0.960896	-1	descriptive
mealpy	OriginalAO	5	10	630	570	1200	0.0442459	-1	0.960896	-1	descriptive
mealpy	BaseGSKA	5	10	630	570	1200	0.0442459	-1	0.960896	-1	descriptive
mealpy	BaseLCO	5	10	630	570	1200	0.0442459	-1	0.960896	-1	descriptive
mealpy	OriginalSSpiderA	5	10	630	570	1200	0.0442459	-1	0.960896	-1	descriptive
mealpy	BaseHS	5	10	630	570	1200	0.0442459	-1	0.960896	-1	descriptive
mealpy	AdaptiveEO	5	10	630	570	1200	0.0442459	-1	0.960896	-1	descriptive
mealpy	OriginalWCA	5	10	404	353	757	0.0345518	-1	0.970655	-1	descriptive
mealpy	OriginalMRFO	5	10	630	570	1200	0.0442459	-1	0.960896	-1	descriptive
mealpy	OriginalEOA	5	10	630	570	1200	0.0442459	-1	0.960896	-1	descriptive
mealpy	OriginalABC	5	10	630	570	1200	0.0442459	-1	0.960896	-1	descriptive
mealpy	ModifiedAEO	5	10	630	570	1200	0.0442459	-1	0.960896	-1	descriptive
mealpy	OriginalSFO	5	10	630	570	1200	0.0442459	-1	0.960896	-1	descriptive
mealpy	BaseBBO	5	10	630	570	1200	0.0442459	-1	0.960896	-1	descriptive
mealpy	OriginalNMRA	5	10	630	570	1200	0.0442459	-1	0.960896	-1	descriptive
mealpy	OriginalACOR	5	10	630	570	1200	0.0442459	-1	0.960896	-1	descriptive
mealpy	ImprovedSFO	5	10	630	570	1200	0.0442459	-1	0.960896	-1	descriptive
mealpy	OriginalCRO	5	10	630	570	1200	0.0442459	-1	0.960896	-1	descriptive
mealpy	LevyJA	5	10	630	570	1200	0.0442459	-1	0.960896	-1	descriptive
mealpy	OriginalHS	5	10	630	570	1200	0.0442459	-1	0.960896	-1	descriptive
mealpy	OriginalCSO	5	10	639	561	1200	0.0130942	-1	0.988732	-1	descriptive
mealpy	OriginalCOA	5	10	630	570	1200	0.0442459	-1	0.960896	-1	descriptive
mealpy	LevyQSA	5	10	630	570	1200	0.0442459	-1	0.960896	-1	descriptive
mealpy	OppoQSA	5	10	630	570	1200	0.0442459	-1	0.960896	-1	descriptive
mealpy	BaseBRO	5	10	630	570	1200	0.0442459	-1	0.960896	-1	descriptive
mealpy	OriginalSLO	5	10	630	570	1200	0.0442459	-1	0.960896	-1	descriptive
mealpy	OriginalMVO	5	10	630	570	1200	0.0442459	-1	0.960896	-1	descriptive
mealpy	CLPSO	5	10	639	561	1200	0.0130942	-1	0.988732	-1	descriptive
mealpy	OriginalNRO	5	10	630	570	1200	0.0442459	-1	0.960896	-1	descriptive
mealpy	BaseSCA	5	10	630	570	1200	0.0442459	-1	0.960896	-1	descriptive
mealpy	BaseGCO	5	10	630	570	1200	0.0442459	-1	0.960896	-1	descriptive
mealpy	OriginalArchOA	5	10	632	568	1200	0.0344599	-1	0.969722	-1	descriptive
mealpy	SwarmHC	5	10	630	570	1200	0.0442459	-1	0.960896	-1	descriptive
mealpy	ImprovedTLO	5	10	630	570	1200	0.0442459	-1	0.960896	-1	descriptive
mealpy	OriginalMSA	5	10	630	570	1200	0.0442459	-1	0.960896	-1	descriptive
mealpy	WOA	5	10	630	570	1200	0.0442459	-1	0.960896	-1	descriptive
mealpy	OriginalIWO	5	10	630	570	1200	0.0442459	-1	0.960896	-1	descriptive
mealpy	BaseGA	5	10	630	570	1200	0.0442459	-1	0.960896	-1	descriptive
mealpy	ModifiedEO	5	10	630	570	1200	0.0442459	-1	0.960896	-1	descriptive
mealpy	ImprovedNMRA	5	10	630	570	1200	0.0442459	-1	0.960896	-1	descriptive
mealpy	BaseCHIO	5	10	620	580	1200	0.130114	-1	0.881714	-1	descriptive
mealpy	OriginalHHO	5	10	630	570	1200	0.0442459	-1	0.960896	-1	descriptive
mealpy	OriginalGWO	5	10	630	570	1200	0.0442459	-1	0.960896	-1	descriptive
mealpy	ImprovedQSA	5	10	630	570	1200	0.0442459	-1	0.960896	-1	descriptive
mealpy	OriginalFBIO	5	10	630	570	1200	0.0442459	-1	0.960896	-1	descriptive
mealpy	OriginalBeesA	5	10	630	570	1200	0.0442459	-1	0.960896	-1	descriptive
mealpy	BaseEFO	5	10	630	570	1200	0.0442459	-1	0.960896	-1	descriptive
mealpy	OriginalSA	5	10	630	570	1200	0.0442459	-1	0.960896	-1	descriptive
mealpy	OriginalHC	5	10	630	570	1200	0.0442459	-1	0.960896	-1	descriptive
mealpy	OriginalSHO	5	10	630	570	1200	0.0442459	-1	0.960896	-1	descriptive
mealpy	JADE	5	10	630	570	1200	0.0442459	-1	0.960896	-1	descriptive
mealpy	OriginalCA	5	10	630	570	1200	0.0442459	-1	0.960896	-1	descriptive
mealpy	EnhancedTWO	5	10	630	570	1200	0.0442459	-1	0.960896	-1	descriptive
mealpy	BaseSSA	5	10	630	570	1200	0.0442459	-1	0.960896	-1	descriptive
mealpy	OriginalAOA	5	10	630	570	1200	0.0442459	-1	0.960896	-1	descriptive
mealpy	OriginalQSA	5	10	630	570	1200	0.0442459	-1	0.960896	-1	descriptive
mealpy	OriginalGOA	5	10	630	570	1200	0.0442459	-1	0.960896	-1	descriptive
mealpy	EnhancedAEO	5	10	630	570	1200	0.0442459	-1	0.960896	-1	descriptive
mealpy	OriginalGSKA	5	10	630	570	1200	0.0442459	-1	0.960896	-1	descriptive
mealpy	PPSO	5	10	619	581	1200	0.142736	-1	0.869886	-1	descriptive
mealpy	OriginalCGO	5	10	630	570	1200	0.0442459	-1	0.960896	-1	descriptive
mealpy	OriginalHGSO	5	10	649	551	1200	0.00254342	-1	0.997877	-1	descriptive
mealpy	OriginalSBO	5	10	630	570	1200	0.0442459	-1	0.960896	-1	descriptive
mealpy	OppoTWO	5	10	630	570	1200	0.0442459	-1	0.960896	-1	descriptive
mealpy	OriginalASO	5	10	639	561	1200	0.0130942	-1	0.988732	-1	descriptive
mealpy	ModifiedSLO	5	10	631	569	1200	0.0391044	-1	0.96554	-1	descriptive
mealpy	BaseVCS	5	10	630	570	1200	0.0442459	-1	0.960896	-1	descriptive
mealpy	LSHADE	5	10	630	570	1200	0.0442459	-1	0.960896	-1	descriptive
mealpy	OriginalEFO	5	10	610	590	1200	0.291689	-1	0.727806	-1	descriptive
mealpy	OriginalJA	5	10	630	570	1200	0.0442459	-1	0.960896	-1	descriptive
mealpy	OriginalGCO	5	10	630	570	1200	0.0442459	-1	0.960896	-1	descriptive
mealpy	OriginalPSS	5	10	646	554	1200	0.00429414	-1	0.996383	-1	descriptive
mealpy	OriginalEHO	5	10	630	570	1200	0.0442459	-1	0.960896	-1	descriptive
mealpy	OriginalSSA	5	10	630	570	1200	0.0442459	-1	0.960896	-1	descriptive
mealpy	OriginalSCA	5	10	630	570	1200	0.0442459	-1	0.960896	-1	descriptive
mealpy	OriginalBES	5	10	630	570	1200	0.0442459	-1	0.960896	-1	descriptive
mealpy	BaseSBO	5	10	630	570	1200	0.0442459	-1	0.960896	-1	descriptive
mealpy	BaseJA	5	10	630	570	1200	0.0442459	-1	0.960896	-1	descriptive
mealpy	OriginalSARO	5	10	630	570	1200	0.0442459	-1	0.960896	-1	descriptive
mealpy	OriginalSRSR	5	10	630	570	1200	0.0442459	-1	0.960896	-1	descriptive
mealpy	OriginalTWO	5	10	630	570	1200	0.0442459	-1	0.960896	-1	descriptive
mealpy	OriginalWDO	5	10	627	573	1200	0.0629934	-1	0.943843	-1	descriptive
mealpy	AugmentedAEO	5	10	630	570	1200	0.0442459	-1	0.960896	-1	descriptive
mealpy	OriginalWOA	5	10	630	570	1200	0.0442459	-1	0.960896	-1	descriptive
mealpy	SADE	5	10	630	570	1200	0.0442459	-1	0.960896	-1	descriptive
mealpy	OriginalBRO	5	10	630	570	1200	0.0442459	-1	0.960896	-1	descriptive
mealpy	OriginalSSpiderO	5	10	619	581	1200	0.142736	-1	0.869886	-1	descriptive
mealpy	ProbBeesA	5	10	630	570	1200	0.0442459	-1	0.960896	-1	descriptive
mealpy	OriginalFA	5	10	630	570	1200	0.0442459	-1	0.960896	-1	descriptive
mealpy	OriginalCSA	5	10	630	570	1200	0.0442459	-1	0.960896	-1	descriptive
mealpy	OriginalALO	5	10	630	570	1200	0.0442459	-1	0.960896	-1	descriptive
mealpy	OriginalDO	5	10	630	570	1200	0.0442459	-1	0.960896	-1	descriptive
mealpy	OriginalCHIO	5	10	620	580	1200	0.130114	-1	0.881714	-1	descriptive
mealpy	OriginalBSA	5	10	630	570	1200	0.0442459	-1	0.960896	-1	descriptive
mealpy	LevyEP	5	10	639	561	1200	0.0130942	-1	0.988732	-1	descriptive
mealpy	OriginalICA	5	10	367	320	687	0.039591	-1	0.966512	-1	descriptive
mealpy	ImprovedLCO	5	10	630	570	1200	0.0442459	-1	0.960896	-1	descriptive
mealpy	OriginalMFO	5	10	630	570	1200	0.0442459	-1	0.960896	-1	descriptive
mealpy	ImprovedAEO	5	10	630	570	1200	0.0442459	-1	0.960896	-1	descriptive
mealpy	OriginalVCS	5	10	630	570	1200	0.0442459	-1	0.960896	-1	descriptive
mealpy	AdaptiveBA	5	10	629	571	1200	0.0499186	-1	0.955754	-1	descriptive
mealpy	MultiGA	5	10	630	570	1200	0.0442459	-1	0.960896	-1	descriptive
mealpy	OriginalES	5	10	639	561	1200	0.0130942	-1	0.988732	-1	descriptive
mealpy	LevyES	5	10	639	561	1200	0.0130942	-1	0.988732	-1	descriptive
mealpy	OriginalEP	5	10	639	561	1200	0.0130942	-1	0.988732	-1	descriptive
mealpy	BaseSMA	5	10	630	570	1200	0.0442459	-1	0.960896	-1	descriptive
mealpy	OriginalPSO	5	10	639	561	1200	0.0130942	-1	0.988732	-1	descriptive
mealpy	FBUDGETSHADE	5	10	630	570	1200	0.0442459	-1	0.960896	-1	descriptive
mealpy	OriginalFOA	5	10	243	957	1200	1	-1	8.51803e-101	-1	descriptive
mealpy	BaseQSA	5	10	630	570	1200	0.0442459	-1	0.960896	-1	descriptive
mealpy	BaseMFO	5	10	630	570	1200	0.0442459	-1	0.960896	-1	descriptive
mealpy	BaseDE	5	10	630	570	1200	0.0442459	-1	0.960896	-1	descriptive
mealpy	WhaleFOA	5	10	243	957	1200	1	-1	8.51803e-101	-1	descriptive
Baselines	DE	5	10	498	308	1200	1.13379e-11	-1	1	-1	descriptive
Baselines	RCobyla	5	10	1037	163	1200	2.70847e-156	-1	1	-1	descriptive
Baselines	PSO	5	10	323	445	1200	0.999996	-1	6.07588e-06	-1	descriptive
Baselines	DiagonalCMA	5	10	700	500	1200	4.26768e-09	-1	1	-1	descriptive
Baselines	modcma	5	10	990	210	1200	1.05013e-121	-1	1	-1	descriptive
Baselines	modde	5	10	630	570	1200	0.0442459	-1	0.960896	-1	descriptive
Baselines	OnePlusOne	5	10	1043	157	1200	3.61887e-161	-1	1	-1	descriptive
Baselines	Powell	5	10	435	765	1200	1	-1	6.00862e-22	-1	descriptive
Baselines	MultiBFGS	5	10	649	551	1200	0.00254342	-1	0.997877	-1	descriptive
Baselines	lshade	5	10	630	570	1200	0.0442459	-1	0.960896	-1	descriptive
Baselines	bipop	5	10	990	210	1200	1.05013e-121	-1	1	-1	descriptive
EVOLOPY	DE	5	50	992	208	1200	4.67395e-123	1.03294e-120	1	1	better
EVOLOPY	JAYA	5	50	924	276	1200	2.51358e-82	4.72553e-80	1	1	better
EVOLOPY	PSO	5	50	964	236	1200	5.09816e-105	1.02983e-102	1	1	better
EVOLOPY	WOA	5	50	939	261	1200	1.95877e-90	3.80002e-88	1	1	better
EVOLOPY	FFA	5	50	882	318	1200	5.20166e-62	8.4267e-60	1	1	better
EVOLOPY	BAT	5	50	591	609	1200	0.708311	1	0.311812	1	not shown
EVOLOPY	MVO	5	50	974	226	1200	3.0191e-111	6.30992e-109	1	1	better
EVOLOPY	HHO	5	50	856	344	1200	4.32313e-51	6.52793e-49	1	1	better
EVOLOPY	SCA	5	50	676	524	1200	6.37142e-06	0.000694485	0.999995	1	better
EVOLOPY	GA	5	50	551	378	929	7.61521e-09	8.60519e-07	1	1	better
EVOLOPY	MFO	5	50	957	243	1200	8.51803e-101	1.69509e-98	1	1	better
EVOLOPY	CS	5	50	486	714	1200	1	1	2.47782e-11	6.09545e-09	worse
EVOLOPY	GWO	5	50	1092	108	1200	1.20805e-205	3.28589e-203	1	1	better
EVOLOPY	SSA	5	50	651	549	1200	0.00176628	0.173095	0.998535	1	not shown
NIAPY	DynamicFireworksAlgorithm	5	50	591	609	1200	0.708311	1	0.311812	1	not shown
NIAPY	HarmonySearch	5	50	937	263	1200	2.51321e-89	4.8505e-87	1	1	better
NIAPY	EvolutionStrategyMp1	5	50	967	233	1200	7.30255e-107	1.48972e-104	1	1	better
NIAPY	MonarchButterflyOptimization	5	50	653	547	1200	0.00121141	0.121141	0.999001	1	not shown
NIAPY	CenterParticleSwarmOptimization	5	50	1036	164	1200	1.71488e-155	4.15e-153	1	1	better
NIAPY	DynNpDifferentialEvolution	5	50	917	283	1200	1.06223e-78	1.94388e-76	1	1	better
NIAPY	CamelAlgorithm	5	50	809	391	1200	2.42789e-34	3.25337e-32	1	1	better
NIAPY	BatAlgorithm	5	50	685	515	1200	5.13507e-07	5.64858e-05	1	1	better
NIAPY	GlowwormSwarmOptimization	5	50	233	967	1200	1	1	7.30255e-107	2.08853e-104	worse
NIAPY	BareBonesFireworksAlgorithm	5	50	1095	105	1200	1.12642e-208	3.0864e-206	1	1	better
NIAPY	CuckooSearch	5	50	440	760	1200	1	1	9.86963e-21	2.51676e-18	worse
NIAPY	GeneticAlgorithm	5	50	574	626	1200	0.937007	1	0.0704615	1	not shown
NIAPY	ParticleSwarmAlgorithm	5	50	886	314	1200	8.44732e-64	1.39381e-61	1	1	better
NIAPY	MonkeyKingEvolutionV3	5	50	905	295	1200	1.03469e-72	1.79002e-70	1	1	better
NIAPY	MonkeyKingEvolutionV2	5	50	479	721	1200	1	1	1.47263e-12	3.6374e-10	worse
NIAPY	SineCosineAlgorithm	5	50	112	1088	1200	1	1	1.15126e-201	3.39621e-199	worse
NIAPY	EvolutionStrategy1p1	5	50	998	202	1200	3.58311e-127	8.062e-125	1	1	better
NIAPY	HarrisHawksOptimization	5	50	959	241	1200	5.43331e-102	1.08666e-99	1	1	better
NIAPY	ParticleSwarmOptimization	5	50	853	347	1200	6.57703e-50	9.79978e-48	1	1	better
NIAPY	ForestOptimizationAlgorithm	5	50	527	673	1200	0.999989	1	1.39098e-05	0.00328272	worse
NIAPY	EnhancedFireworksAlgorithm	5	50	703	497	1200	1.4966e-09	1.72109e-07	1	1	better
NIAPY	MultiStrategyDifferentialEvolution	5	50	541	659	1200	0.999707	1	0.000362497	0.0840993	not shown
NIAPY	MutatedParticleSwarmOptimization	5	50	1038	162	1200	4.24759e-157	1.03641e-154	1	1	better
NIAPY	ComprehensiveLearningParticleSwarmOptimizer	5	50	295	905	1200	1	1	1.03469e-72	2.88679e-70	worse
NIAPY	KrillHerd	5	50	811	389	1200	5.59687e-35	7.66771e-33	1	1	better
NIAPY	FishSchoolSearch	5	50	411	789	1200	1	1	2.51671e-28	6.51829e-26	worse
NIAPY	MutatedCenterUnifiedParticleSwarmOptimization	5	50	1073	127	1200	2.46901e-187	6.59225e-185	1	1	better
NIAPY	MutatedCenterParticleSwarmOptimization	5	50	1031	169	1200	1.57118e-151	3.73942e-149	1	1	better
NIAPY	GlowwormSwarmOptimizationV2	5	50	195	1005	1200	1	1	4.32009e-132	1.25282e-129	worse
NIAPY	CatSwarmOptimization	5	50	733	467	1200	7.89263e-15	9.55009e-13	1	1	better
NIAPY	DifferentialEvolution	5	50	553	647	1200	0.996962	1	0.0036174	0.828385	not shown
NIAPY	FireworksAlgorithm	5	50	499	701	1200	1	1	3.0196e-09	7.30744e-07	worse
NIAPY	MothFlameOptimizer	5	50	473	727	1200	1	1	1.1468e-13	2.85553e-11	worse
NIAPY	DynNpMultiStrategyDifferentialEvolution	5	50	527	673	1200	0.999989	1	1.39098e-05	0.00328272	worse
NIAPY	EvolutionStrategyML	5	50	947	253	1200	5.93923e-95	1.17597e-92	1	1	better
NIAPY	GreyWolfOptimizer	5	50	1070	130	1200	1.42202e-184	3.73992e-182	1	1	better
NIAPY	HarmonySearchV1	5	50	865	335	1200	9.85426e-55	1.51756e-52	1	1	better
NIAPY	BeesAlgorithm	5	50	856	344	1200	4.32313e-51	6.52793e-49	1	1	better
NIAPY	GlowwormSwarmOptimizationV1	5	50	196	1004	1200	1	1	2.21841e-131	6.41119e-129	worse
NIAPY	GlowwormSwarmOptimizationV3	5	50	215	985	1200	1	1	2.27282e-118	6.523e-116	worse
NIAPY	LionOptimizationAlgorithm	5	50	736	464	1200	1.97637e-15	2.41117e-13	1	1	better
NIAPY	ArtificialBeeColonyAlgorithm	5	50	981	219	1200	9.56321e-116	2.03696e-113	1	1	better
NIAPY	AgingNpDifferentialEvolution	5	50	519	681	1200	0.999999	1	1.62492e-06	0.000388357	worse
NIAPY	OppositionVelocityClampingParticleSwarmOptimization	5	50	605	595	1200	0.397513	1	0.624577	1	not shown
NIAPY	CoralReefsOptimization	5	50	341	859	1200	1	1	2.73975e-52	7.36993e-50	worse
NIAPY	BacterialForagingOptimization	5	50	383	817	1200	1	1	6.26076e-37	1.65284e-34	worse
NIAPY	DynamicFireworksAlgorithmGauss	5	50	613	587	1200	0.235251	1	0.782128	1	not shown
NIAPY	ClonalSelectionAlgorithm	5	50	172	1028	1200	1	1	3.44768e-149	1.01017e-146	worse
NIAPY	GravitationalSearchAlgorithm	5	50	643	557	1200	0.00705216	0.655851	0.994004	1	not shown
NIAPY	MonkeyKingEvolutionV1	5	50	469	731	1200	1	1	1.95265e-14	4.90116e-12	worse
NIAPY	EvolutionStrategyMpL	5	50	930	270	1200	1.63298e-85	3.08633e-83	1	1	better
NIAPY	FireflyAlgorithm	5	50	650	550	1200	0.00212282	0.205914	0.998234	1	not shown
NIAPY	FlowerPollinationAlgorithm	5	50	517	683	1200	0.999999	1	9.19472e-07	0.000220673	worse
OPYTIMIZER	SA	5	50	962	238	1200	8.41928e-104	1.69228e-101	1	1	better
OPYTIMIZER	GOGHS	5	50	1017	183	1200	7.92284e-141	1.83018e-138	1	1	better
OPYTIMIZER	QSA	5	50	1054	146	1200	2.10491e-170	5.30437e-168	1	1	better
OPYTIMIZER	SGHS	5	50	996	204	1200	8.63517e-126	1.91701e-123	1	1	better
OPYTIMIZER	DE	5	50	1064	136	1200	3.74597e-179	9.70206e-177	1	1	better
OPYTIMIZER	RFO	5	50	1126	74	1200	1.36526e-242	3.80907e-240	1	1	better
OPYTIMIZER	PPA	5	50	811	389	1200	5.59687e-35	7.66771e-33	1	1	better
OPYTIMIZER	EHO	5	50	1067	133	1200	7.58052e-182	1.97852e-179	1	1	better
OPYTIMIZER	AEO	5	50	1131	69	1200	1.43156e-248	4.02269e-246	1	1	better
OPYTIMIZER	ABO	5	50	1038	162	1200	4.24759e-157	1.03641e-154	1	1	better
OPYTIMIZER	GHS	5	50	972	228	1200	5.54649e-110	1.14812e-107	1	1	better
OPYTIMIZER	PVS	5	50	1050	150	1200	5.33887e-167	1.34006e-164	1	1	better
OPYTIMIZER	BWO	5	50	1028	172	1200	3.44768e-149	8.13652e-147	1	1	better
OPYTIMIZER	PSO	5	50	1150	50	1200	6.45201e-273	1.87108e-270	1	1	better
OPYTIMIZER	BSO	5	50	1114	86	1200	7.3916e-229	2.05486e-226	1	1	better
OPYTIMIZER	CSA	5	50	670	530	1200	2.94953e-05	0.0031265	0.999977	1	better
OPYTIMIZER	SSO	5	50	1048	152	1200	2.5686e-165	6.39581e-163	1	1	better
OPYTIMIZER	WOA	5	50	1148	52	1200	3.2208e-270	9.2759e-268	1	1	better
OPYTIMIZER	BA	5	50	973	227	1200	1.29755e-110	2.6989e-108	1	1	better
OPYTIMIZER	HS	5	50	986	214	1200	4.94816e-119	1.0787e-116	1	1	better
OPYTIMIZER	JS	5	50	1060	140	1200	1.30393e-175	3.32502e-173	1	1	better
OPYTIMIZER	SOS	5	50	1162	38	1200	6.48141e-290	1.89905e-287	1	1	better
OPYTIMIZER	GS	5	50	173	1027	1200	1	1	2.05147e-148	5.99029e-146	worse
OPYTIMIZER	EFO	5	50	1000	200	1200	1.45191e-128	3.29584e-126	1	1	better
OPYTIMIZER	GSA	5	50	366	834	1200	1	1	8.75975e-43	2.33009e-40	worse
OPYTIMIZER	ESA	5	50	942	258	1200	4.10868e-92	8.01192e-90	1	1	better
OPYTIMIZER	BOA	5	50	67	466	533	1	1	7.33348e-75	2.05337e-72	worse
OPYTIMIZER	HC	5	50	315	885	1200	1	1	2.38157e-63	6.57315e-61	worse
OPYTIMIZER	ABC	5	50	1049	117	1166	4.35523e-188	1.1672e-185	1	1	better
OPYTIMIZER	RRA	5	50	1129	71	1200	3.68862e-246	1.03281e-243	1	1	better
OPYTIMIZER	NDS	5	50	173	1027	1200	1	1	2.05147e-148	5.99029e-146	worse
OPYTIMIZER	NBJS	5	50	1064	136	1200	3.74597e-179	9.70206e-177	1	1	better
OPYTIMIZER	SSD	5	50	330	870	1200	1	1	8.08475e-57	2.20714e-54	worse
OPYTIMIZER	CEM	5	50	490	710	1200	1	1	1.15404e-10	2.8274e-08	worse
OPYTIMIZER	AOA	5	50	911	289	1200	1.13769e-75	2.03647e-73	1	1	better
OPYTIMIZER	MRFO	5	50	1136	64	1200	1.02444e-254	2.91966e-252	1	1	better
OPYTIMIZER	ASO	5	50	98	1102	1200	1	1	6.62242e-216	1.96024e-213	worse
OPYTIMIZER	SFO	5	50	665	535	1200	9.67899e-05	0.0101629	0.999923	1	better
OPYTIMIZER	IHS	5	50	985	215	1200	2.27282e-118	4.88657e-116	1	1	better
OPYTIMIZER	COA	5	50	1081	119	1200	7.27584e-195	1.97175e-192	1	1	better
OPYTIMIZER	GOA	5	50	1154	46	1200	2.01373e-278	5.88009e-276	1	1	better
OPYTIMIZER	STOA	5	50	270	930	1200	1	1	1.63298e-85	4.62134e-83	worse
OPYTIMIZER	MVPA	5	50	1144	56	1200	6.33725e-265	1.81879e-262	1	1	better
OPYTIMIZER	ES	5	50	1025	175	1200	7.11841e-147	1.66571e-144	1	1	better
OPYTIMIZER	AIWPSO	5	50	1165	35	1200	2.07448e-294	6.09896e-292	1	1	better
OPYTIMIZER	ISA	5	50	247	953	1200	1	1	1.96848e-98	5.59048e-96	worse
OPYTIMIZER	EO	5	50	1174	26	1200	1.28335e-308	3.79871e-306	1	1	better
OPYTIMIZER	AF	5	50	123	922	1045	1	1	3.19749e-152	9.40062e-150	worse
OPYTIMIZER	DOA	5	50	1073	127	1200	2.46901e-187	6.59225e-185	1	1	better
OPYTIMIZER	PIO	5	50	1097	103	1200	1.02082e-210	2.81747e-208	1	1	better
OPYTIMIZER	HHO	5	50	1144	56	1200	6.33725e-265	1.81879e-262	1	1	better
OPYTIMIZER	BSA	5	50	992	208	1200	4.67395e-123	1.03294e-120	1	1	better
OPYTIMIZER	TEO	5	50	327	850	1177	1	1	2.25151e-54	6.1241e-52	worse
OPYTIMIZER	FA	5	50	308	892	1200	1	1	1.53645e-66	4.27134e-64	worse
OPYTIMIZER	WWO	5	50	1050	150	1200	5.33887e-167	1.34006e-164	1	1	better
OPYTIMIZER	IWO	5	50	1008	192	1200	3.07535e-134	7.04256e-132	1	1	better
OPYTIMIZER	KH	5	50	1070	130	1200	1.42202e-184	3.73992e-182	1	1	better
OPYTIMIZER	FOA	5	50	1035	165	1200	1.07816e-154	2.58759e-152	1	1	better
OPYTIMIZER	RPSO	5	50	1154	46	1200	2.01373e-278	5.88009e-276	1	1	better
OPYTIMIZER	SCA	5	50	401	799	1200	1	1	2.97706e-31	7.74036e-29	worse
OPYTIMIZER	OSA	5	50	583	617	1200	0.84384	1	0.170391	1	not shown
OPYTIMIZER	WDO	5	50	421	779	1200	1	1	1.47372e-25	3.78747e-23	worse
OPYTIMIZER	LSA	5	50	1150	50	1200	6.45201e-273	1.87108e-270	1	1	better
OPYTIMIZER	VPSO	5	50	1135	65	1200	1.79217e-253	5.08977e-251	1	1	better
OPYTIMIZER	SBO	5	50	1093	107	1200	1.19235e-206	3.25512e-204	1	1	better
OPYTIMIZER	GA	5	50	1097	103	1200	1.02082e-210	2.81747e-208	1	1	better
OPYTIMIZER	MFO	5	50	1060	140	1200	1.30393e-175	3.32502e-173	1	1	better
OPYTIMIZER	CS	5	50	1077	123	1200	4.55567e-191	1.23003e-188	1	1	better
OPYTIMIZER	FSO	5	50	913	287	1200	1.13248e-76	2.03846e-74	1	1	better
OPYTIMIZER	NGHS	5	50	971	229	1200	2.35813e-109	4.85774e-107	1	1	better
OPYTIMIZER	GCO	5	50	1017	183	1200	7.92284e-141	1.83018e-138	1	1	better
OPYTIMIZER	TWO	5	50	1134	66	1200	3.08504e-252	8.73066e-250	1	1	better
OPYTIMIZER	WEO	5	50	1003	197	1200	1.13227e-130	2.58157e-128	1	1	better
OPYTIMIZER	GWO	5	50	1132	68	1200	8.71728e-250	2.45827e-247	1	1	better
OPYTIMIZER	SAVPSO	5	50	1167	33	1200	1.81091e-297	5.3422e-295	1	1	better
OPYTIMIZER	FFOA	5	50	532	668	1200	0.999962	1	4.79037e-05	0.0112095	worse
OPYTIMIZER	AIG	5	50	1058	142	1200	7.32854e-174	1.85412e-171	1	1	better
OPYTIMIZER	BH	5	50	1019	181	1200	2.53665e-142	5.88504e-140	1	1	better
OPYTIMIZER	CI	5	50	509	110	619	1.49248e-62	2.43274e-60	1	1	better
OPYTIMIZER	SSA	5	50	1098	102	1200	9.56554e-212	2.64965e-209	1	1	better
OPYTIMIZER	AO	5	50	1020	180	1200	4.49503e-143	1.04734e-140	1	1	better
OPYTIMIZER	MVO	5	50	294	44	338	7.90876e-47	1.15468e-44	1	1	better
mealpy	LevyTWO	5	50	321	879	1200	1	1	1.09336e-60	3.00673e-58	worse
mealpy	OriginalTLO	5	50	845	355	1200	7.82984e-47	1.15099e-44	1	1	better
mealpy	GWO	5	50	1042	158	1200	2.39201e-160	5.88434e-158	1	1	better
mealpy	OriginalBBO	5	50	910	290	1200	3.58146e-75	6.30338e-73	1	1	better
mealpy	ABFO	5	50	513	669	1182	0.999998	1	3.17202e-06	0.000751769	worse
mealpy	OriginalWHO	5	50	460	740	1200	1	1	2.97168e-16	7.51834e-14	worse
mealpy	OriginalFFA	5	50	521	679	1200	0.999998	1	2.83429e-06	0.000674562	worse
mealpy	BaseSARO	5	50	887	313	1200	2.98337e-64	4.95239e-62	1	1	better
mealpy	OriginalSMA	5	50	548	652	1200	0.998789	1	0.00146505	0.338427	not shown
mealpy	SingleGA	5	50	724	476	1200	4.17329e-13	4.96621e-11	1	1	better
mealpy	OriginalSSDO	5	50	652	548	1200	0.00146505	0.14504	0.998789	1	not shown
mealpy	OriginalFPA	5	50	575	625	1200	0.929538	1	0.078592	1	not shown
mealpy	OriginalSSO	5	50	658	542	1200	0.000446742	0.045121	0.999638	1	better
mealpy	OriginalMA	5	50	553	647	1200	0.996962	1	0.0036174	0.828385	not shown
mealpy	OriginalCEM	5	50	419	781	1200	1	1	4.24192e-26	1.09442e-23	worse
mealpy	OCRO	5	50	878	322	1200	2.99193e-60	4.75717e-58	1	1	better
mealpy	OriginalBA	5	50	275	925	1200	1	1	7.48509e-83	2.1108e-80	worse
mealpy	OriginalAEO	5	50	987	213	1200	1.07117e-119	2.34587e-117	1	1	better
mealpy	OriginalBSO	5	50	980	220	1200	4.27115e-115	9.05484e-113	1	1	better
mealpy	OriginalBFO	5	50	234	966	1200	1	1	3.02285e-106	8.61513e-104	worse
mealpy	ImprovedSLO	5	50	616	584	1200	0.185425	1	0.829609	1	not shown
mealpy	OriginalLCO	5	50	1029	171	1200	5.75507e-150	1.36395e-147	1	1	better
mealpy	OriginalHGS	5	50	977	223	1200	3.68081e-113	7.7297e-111	1	1	better
mealpy	BaseALO	5	50	986	214	1200	4.94816e-119	1.0787e-116	1	1	better
mealpy	CPSO	5	50	901	299	1200	8.87909e-71	1.51832e-68	1	1	better
mealpy	OriginalEO	5	50	1061	139	1200	1.71844e-176	4.39921e-174	1	1	better
mealpy	DE	5	50	494	706	1200	1	1	5.09234e-10	1.24253e-07	worse
mealpy	ModifiedBA	5	50	690	510	1200	1.12994e-07	1.26553e-05	1	1	better
mealpy	BaseTLO	5	50	837	363	1200	7.22475e-44	1.03314e-41	1	1	better
mealpy	OriginalPFA	5	50	638	562	1200	0.0151702	1	0.986906	1	not shown
mealpy	BaseFOA	5	50	348	852	1200	1	1	1.61658e-49	4.31627e-47	worse
mealpy	OriginalGBO	5	50	819	381	1200	1.35822e-37	1.88792e-35	1	1	better
mealpy	TVAC	5	50	1045	155	1200	8.10326e-163	2.00961e-160	1	1	better
mealpy	BaseFBIO	5	50	920	280	1200	3.05041e-80	5.64326e-78	1	1	better
mealpy	ImprovedBSO	5	50	920	280	1200	3.05041e-80	5.64326e-78	1	1	better
mealpy	OriginalAO	5	50	387	813	1200	1	1	1.27085e-35	3.32964e-33	worse
mealpy	BaseGSKA	5	50	1000	200	1200	1.45191e-128	3.29584e-126	1	1	better
mealpy	BaseLCO	5	50	1041	159	1200	1.56963e-159	3.8456e-157	1	1	better
mealpy	OriginalSSpiderA	5	50	662	538	1200	0.000190015	0.0195715	0.999848	1	better
mealpy	BaseHS	5	50	852	348	1200	1.61658e-49	2.39254e-47	1	1	better
mealpy	AdaptiveEO	5	50	1067	133	1200	7.58052e-182	1.97852e-179	1	1	better
mealpy	OriginalWCA	5	50	647	110	757	1.20832e-93	2.38039e-91	1	1	better
mealpy	OriginalMRFO	5	50	1035	165	1200	1.07816e-154	2.58759e-152	1	1	better
mealpy	OriginalEOA	5	50	637	563	1200	0.0175227	1	0.98483	1	not shown
mealpy	OriginalABC	5	50	751	449	1200	1.2169e-18	1.5333e-16	1	1	better
mealpy	ModifiedAEO	5	50	921	279	1200	9.25507e-81	1.7307e-78	1	1	better
mealpy	OriginalSFO	5	50	611	589	1200	0.272194	1	0.746631	1	not shown
mealpy	BaseBBO	5	50	806	394	1200	2.13247e-33	2.81486e-31	1	1	better
mealpy	OriginalNMRA	5	50	664	536	1200	0.000121582	0.0126445	0.999903	1	better
mealpy	OriginalACOR	5	50	648	552	1200	0.00303794	0.288604	0.997457	1	not shown
mealpy	ImprovedSFO	5	50	611	589	1200	0.272194	1	0.746631	1	not shown
mealpy	OriginalCRO	5	50	881	319	1200	1.44166e-61	2.32107e-59	1	1	better
mealpy	LevyJA	5	50	741	459	1200	1.83448e-16	2.27476e-14	1	1	better
mealpy	OriginalHS	5	50	839	361	1200	1.3423e-44	1.94633e-42	1	1	better
mealpy	OriginalCSO	5	50	503	697	1200	1	1	1.18092e-08	2.84601e-06	worse
mealpy	OriginalCOA	5	50	727	473	1200	1.1468e-13	1.37616e-11	1	1	better
mealpy	LevyQSA	5	50	911	289	1200	1.13769e-75	2.03647e-73	1	1	better
mealpy	OppoQSA	5	50	810	390	1200	1.1679e-34	1.57667e-32	1	1	better
mealpy	BaseBRO	5	50	907	293	1200	1.08737e-73	1.89203e-71	1	1	better
mealpy	OriginalSLO	5	50	885	315	1200	2.38157e-63	3.90578e-61	1	1	better
mealpy	OriginalMVO	5	50	997	203	1200	1.76421e-126	3.95182e-124	1	1	better
mealpy	CLPSO	5	50	468	732	1200	1	1	1.24358e-14	3.13381e-12	worse
mealpy	OriginalNRO	5	50	631	569	1200	0.0391044	1	0.96554	1	not shown
mealpy	BaseSCA	5	50	650	550	1200	0.00212282	0.205914	0.998234	1	not shown
mealpy	BaseGCO	5	50	553	647	1200	0.996962	1	0.0036174	0.828385	not shown
mealpy	OriginalArchOA	5	50	779	421	1200	1.47372e-25	1.88637e-23	1	1	better
mealpy	SwarmHC	5	50	343	857	1200	1	1	1.73062e-51	4.63807e-49	worse
mealpy	ImprovedTLO	5	50	937	263	1200	2.51321e-89	4.8505e-87	1	1	better
mealpy	OriginalMSA	5	50	917	283	1200	1.06223e-78	1.94388e-76	1	1	better
mealpy	WOA	5	50	904	296	1200	3.17035e-72	5.453e-70	1	1	better
mealpy	OriginalIWO	5	50	673	527	1200	1.39098e-05	0.00150226	0.999989	1	better
mealpy	BaseGA	5	50	978	222	1200	8.37928e-114	1.76803e-111	1	1	better
mealpy	ModifiedEO	5	50	1076	124	1200	3.96144e-190	1.06563e-187	1	1	better
mealpy	ImprovedNMRA	5	50	831	369	1200	1.02536e-41	1.45601e-39	1	1	better
mealpy	BaseCHIO	5	50	337	863	1200	1	1	6.53804e-54	1.77181e-51	worse
mealpy	OriginalHHO	5	50	861	339	1200	4.26712e-53	6.52869e-51	1	1	better
mealpy	OriginalGWO	5	50	1045	155	1200	8.10326e-163	2.00961e-160	1	1	better
mealpy	ImprovedQSA	5	50	789	411	1200	2.51671e-28	3.27173e-26	1	1	better
mealpy	OriginalFBIO	5	50	935	265	1200	3.16259e-88	6.04054e-86	1	1	better
mealpy	OriginalBeesA	5	50	423	777	1200	1	1	5.04625e-25	1.29184e-22	worse
mealpy	BaseEFO	5	50	891	309	1200	4.4455e-66	7.46845e-64	1	1	better
mealpy	OriginalSA	5	50	474	726	1200	1	1	1.77e-13	4.3896e-11	worse
mealpy	OriginalHC	5	50	383	817	1200	1	1	6.26076e-37	1.65284e-34	worse
mealpy	OriginalSHO	5	50	820	380	1200	6.29001e-38	8.80601e-36	1	1	better
mealpy	JADE	5	50	878	322	1200	2.99193e-60	4.75717e-58	1	1	better
mealpy	OriginalCA	5	50	1036	164	1200	1.71488e-155	4.15e-153	1	1	better
mealpy	EnhancedTWO	5	50	605	595	1200	0.397513	1	0.624577	1	not shown
mealpy	BaseSSA	5	50	794	406	1200	9.06502e-30	1.18752e-27	1	1	better
mealpy	OriginalAOA	5	50	495	705	1200	1	1	7.31877e-10	1.77846e-07	worse
mealpy	OriginalQSA	5	50	868	332	1200	5.59048e-56	8.66524e-54	1	1	better
mealpy	OriginalGOA	5	50	1073	127	1200	2.46901e-187	6.59225e-185	1	1	better
mealpy	EnhancedAEO	5	50	889	311	1200	3.67341e-65	6.1346e-63	1	1	better
mealpy	OriginalGSKA	5	50	877	323	1200	8.15275e-60	1.27998e-57	1	1	better
mealpy	PPSO	5	50	1062	138	1200	2.24644e-177	5.77336e-175	1	1	better
mealpy	OriginalCGO	5	50	777	423	1200	5.04625e-25	6.40873e-23	1	1	better
mealpy	OriginalHGSO	5	50	857	343	1200	1.73062e-51	2.63055e-49	1	1	better
mealpy	OriginalSBO	5	50	985	215	1200	2.27282e-118	4.88657e-116	1	1	better
mealpy	OppoTWO	5	50	689	511	1200	1.53963e-07	1.70899e-05	1	1	better
mealpy	OriginalASO	5	50	281	919	1200	1	1	1.00074e-79	2.81208e-77	worse
mealpy	ModifiedSLO	5	50	610	590	1200	0.291689	1	0.727806	1	not shown
mealpy	BaseVCS	5	50	944	256	1200	3.04908e-93	5.9762e-91	1	1	better
mealpy	LSHADE	5	50	901	299	1200	8.87909e-71	1.51832e-68	1	1	better
mealpy	OriginalEFO	5	50	1026	174	1200	1.21249e-147	2.84936e-145	1	1	better
mealpy	OriginalJA	5	50	716	484	1200	1.12505e-11	1.31631e-09	1	1	better
mealpy	OriginalGCO	5	50	538	662	1200	0.999848	1	0.000190015	0.0442735	worse
mealpy	OriginalPSS	5	50	1073	127	1200	2.46901e-187	6.59225e-185	1	1	better
mealpy	OriginalEHO	5	50	789	411	1200	2.51671e-28	3.27173e-26	1	1	better
mealpy	OriginalSSA	5	50	838	362	1200	3.12026e-44	4.49317e-42	1	1	better
mealpy	OriginalSCA	5	50	659	541	1200	0.000362497	0.0369747	0.999707	1	better
mealpy	OriginalBES	5	50	997	203	1200	1.76421e-126	3.95182e-124	1	1	better
mealpy	BaseSBO	5	50	910	290	1200	3.58146e-75	6.30338e-73	1	1	better
mealpy	BaseJA	5	50	640	560	1200	0.0112683	1	0.990332	1	not shown
mealpy	OriginalSARO	5	50	809	391	1200	2.42789e-34	3.25337e-32	1	1	better
mealpy	OriginalSRSR	5	50	740	460	1200	2.97168e-16	3.65516e-14	1	1	better
mealpy	OriginalTWO	5	50	744	456	1200	4.22646e-17	5.28307e-15	1	1	better
mealpy	OriginalWDO	5	50	617	583	1200	0.170391	1	0.84384	1	not shown
mealpy	AugmentedAEO	5	50	921	279	1200	9.25507e-81	1.7307e-78	1	1	better
mealpy	OriginalWOA	5	50	901	299	1200	8.87909e-71	1.51832e-68	1	1	better
mealpy	SADE	5	50	819	381	1200	1.35822e-37	1.88792e-35	1	1	better
mealpy	OriginalBRO	5	50	451	749	1200	1	1	3.4125e-18	8.66776e-16	worse
mealpy	OriginalSSpiderO	5	50	604	596	1200	0.419935	1	0.602487	1	not shown
mealpy	ProbBeesA	5	50	381	819	1200	1	1	1.35822e-37	3.59928e-35	worse
mealpy	OriginalFA	5	50	314	886	1200	1	1	8.44732e-64	2.33991e-61	worse
mealpy	OriginalCSA	5	50	393	807	1200	1	1	1.03744e-33	2.70773e-31	worse
mealpy	OriginalALO	5	50	986	214	1200	4.94816e-119	1.0787e-116	1	1	better
mealpy	OriginalDO	5	50	581	619	1200	0.869886	1	0.142736	1	not shown
mealpy	OriginalCHIO	5	50	337	863	1200	1	1	6.53804e-54	1.77181e-51	worse
mealpy	OriginalBSA	5	50	968	232	1200	1.75479e-107	3.59732e-105	1	1	better
mealpy	LevyEP	5	50	579	621	1200	0.892762	1	0.118286	1	not shown
mealpy	OriginalICA	5	50	589	98	687	1.44754e-86	2.75033e-84	1	1	better
mealpy	ImprovedLCO	5	50	965	235	1200	1.24469e-105	2.52672e-103	1	1	better
mealpy	OriginalMFO	5	50	471	729	1200	1	1	4.76478e-14	1.1912e-11	worse
mealpy	ImprovedAEO	5	50	824	376	1200	2.78438e-39	3.92598e-37	1	1	better
mealpy	OriginalVCS	5	50	875	325	1200	5.97745e-59	9.32483e-57	1	1	better
mealpy	AdaptiveBA	5	50	552	648	1200	0.997457	1	0.00303794	0.698725	not shown
mealpy	MultiGA	5	50	713	487	1200	3.65858e-11	4.24395e-09	1	1	better
mealpy	OriginalES	5	50	915	285	1200	1.1069e-77	2.00349e-75	1	1	better
mealpy	LevyES	5	50	719	481	1200	3.35552e-12	3.95952e-10	1	1	better
mealpy	OriginalEP	5	50	646	554	1200	0.00429414	0.40365	0.996383	1	not shown
mealpy	BaseSMA	5	50	567	633	1200	0.973474	1	0.0302784	1	not shown
mealpy	OriginalPSO	5	50	633	567	1200	0.0302784	1	0.973474	1	not shown
mealpy	FBUDGETSHADE	5	50	881	319	1200	1.44166e-61	2.32107e-59	1	1	better
mealpy	OriginalFOA	5	50	214	986	1200	1	1	4.94816e-119	1.42507e-116	worse
mealpy	BaseQSA	5	50	911	289	1200	1.13769e-75	2.03647e-73	1	1	better
mealpy	BaseMFO	5	50	673	527	1200	1.39098e-05	0.00150226	0.999989	1	better
mealpy	BaseDE	5	50	700	500	1200	4.26768e-09	4.86516e-07	1	1	better
mealpy	WhaleFOA	5	50	321	879	1200	1	1	1.09336e-60	3.00673e-58	worse
Baselines	DE	5	50	1013	168	1200	7.5211e-148	5.26477e-147	1	1	better
Baselines	RCobyla	5	50	953	247	1200	1.96848e-98	1.18109e-97	1	1	better
Baselines	PSO	5	50	413	669	1200	1	1	3.39747e-15	3.73722e-14	worse
Baselines	DiagonalCMA	5	50	1074	126	1200	2.91616e-188	2.33292e-187	1	1	better
Baselines	modcma	5	50	1117	83	1200	3.25527e-232	3.58079e-231	1	1	better
Baselines	modde	5	50	723	477	1200	6.37531e-13	1.27506e-12	1	1	better
Baselines	OnePlusOne	5	50	1075	125	1200	3.414e-189	3.0726e-188	1	1	better
Baselines	Powell	5	50	938	262	1200	7.03337e-90	3.51669e-89	1	1	better
Baselines	MultiBFGS	5	50	778	422	1200	2.73199e-25	8.19597e-25	1	1	better
Baselines	lshade	5	50	810	390	1200	1.1679e-34	4.67161e-34	1	1	better
Baselines	bipop	5	50	1117	83	1200	3.25527e-232	3.58079e-231	1	1	better
EVOLOPY	DE	5	100	1089	111	1200	1.1827e-202	3.06319e-200	1	1	better
EVOLOPY	JAYA	5	100	967	233	1200	7.30255e-107	1.21222e-104	1	1	better
EVOLOPY	PSO	5	100	979	221	1200	1.89704e-114	3.31982e-112	1	1	better
EVOLOPY	WOA	5	100	985	215	1200	2.27282e-118	4.06835e-116	1	1	better
EVOLOPY	FFA	5	100	891	309	1200	4.4455e-66	6.2237e-64	1	1	better
EVOLOPY	BAT	5	100	516	684	1200	0.999999	1	6.88265e-07	0.00016656	worse
EVOLOPY	MVO	5	100	1036	164	1200	1.71488e-155	3.78988e-153	1	1	better
EVOLOPY	HHO	5	100	829	371	1200	5.18412e-41	6.11727e-39	1	1	better
EVOLOPY	SCA	5	100	688	512	1200	2.09097e-07	1.90278e-05	1	1	better
EVOLOPY	GA	5	100	638	291	929	7.48398e-31	8.23238e-29	1	1	better
EVOLOPY	MFO	5	100	1097	103	1200	1.02082e-210	2.68476e-208	1	1	better
EVOLOPY	CS	5	100	683	517	1200	9.19472e-07	8.1833e-05	0.999999	1	better
EVOLOPY	GWO	5	100	1098	102	1200	9.56554e-212	2.54443e-209	1	1	better
EVOLOPY	SSA	5	100	615	585	1200	0.201257	1	0.814575	1	not shown
NIAPY	DynamicFireworksAlgorithm	5	100	800	400	1200	1.48674e-31	1.65028e-29	1	1	better
NIAPY	HarmonySearch	5	100	1015	185	1200	2.41176e-139	4.72705e-137	1	1	better
NIAPY	EvolutionStrategyMp1	5	100	1049	151	1200	3.71717e-166	8.58665e-164	1	1	better
NIAPY	MonarchButterflyOptimization	5	100	718	482	1200	5.03935e-12	4.98895e-10	1	1	better
NIAPY	CenterParticleSwarmOptimization	5	100	1074	126	1200	2.91616e-188	7.29039e-186	1	1	better
NIAPY	DynNpDifferentialEvolution	5	100	1032	168	1200	2.56951e-152	5.57584e-150	1	1	better
NIAPY	CamelAlgorithm	5	100	880	320	1200	3.97863e-61	5.41094e-59	1	1	better
NIAPY	BatAlgorithm	5	100	907	293	1200	1.08737e-73	1.54407e-71	1	1	better
NIAPY	GlowwormSwarmOptimization	5	100	190	1010	1200	1	1	1.10347e-135	3.13384e-133	worse
NIAPY	BareBonesFireworksAlgorithm	5	100	1053	147	1200	1.51112e-169	3.55114e-167	1	1	better
NIAPY	CuckooSearch	5	100	598	602	1200	0.557379	1	0.465496	1	not shown
NIAPY	GeneticAlgorithm	5	100	565	635	1200	0.97982	1	0.0231708	1	not shown
NIAPY	ParticleSwarmAlgorithm	5	100	1044	156	1200	5.43514e-162	1.22834e-159	1	1	better
NIAPY	MonkeyKingEvolutionV3	5	100	909	291	1200	1.12235e-74	1.60496e-72	1	1	better
NIAPY	MonkeyKingEvolutionV2	5	100	481	719	1200	1	1	3.35552e-12	8.22103e-10	worse
NIAPY	SineCosineAlgorithm	5	100	58	1142	1200	1	1	2.51136e-262	7.43362e-260	worse
NIAPY	EvolutionStrategy1p1	5	100	940	260	1200	5.42855e-91	8.14283e-89	1	1	better
NIAPY	HarrisHawksOptimization	5	100	1025	175	1200	7.11841e-147	1.48063e-144	1	1	better
NIAPY	ParticleSwarmOptimization	5	100	849	351	1200	2.34324e-48	2.92905e-46	1	1	better
NIAPY	ForestOptimizationAlgorithm	5	100	838	362	1200	3.12026e-44	3.74431e-42	1	1	better
NIAPY	EnhancedFireworksAlgorithm	5	100	971	229	1200	2.35813e-109	4.05598e-107	1	1	better
NIAPY	MultiStrategyDifferentialEvolution	5	100	586	614	1200	0.798743	1	0.217872	1	not shown
NIAPY	MutatedParticleSwarmOptimization	5	100	1049	151	1200	3.71717e-166	8.58665e-164	1	1	better
NIAPY	ComprehensiveLearningParticleSwarmOptimizer	5	100	352	848	1200	1	1	5.66766e-48	1.47926e-45	worse
NIAPY	KrillHerd	5	100	681	519	1200	1.62492e-06	0.000141368	0.999999	1	better
NIAPY	FishSchoolSearch	5	100	353	847	1200	1	1	1.36538e-47	3.53634e-45	worse
NIAPY	MutatedCenterUnifiedParticleSwarmOptimization	5	100	1105	95	1200	4.47688e-219	1.20428e-216	1	1	better
NIAPY	MutatedCenterParticleSwarmOptimization	5	100	1061	138	1200	3.97676e-177	9.58399e-175	1	1	better
NIAPY	GlowwormSwarmOptimizationV2	5	100	152	1048	1200	1	1	2.5686e-165	7.42325e-163	worse
NIAPY	CatSwarmOptimization	5	100	826	374	1200	5.72457e-40	6.58325e-38	1	1	better
NIAPY	DifferentialEvolution	5	100	628	572	1200	0.0561566	1	0.950081	1	not shown
NIAPY	FireworksAlgorithm	5	100	653	547	1200	0.00121141	0.10297	0.999001	1	not shown
NIAPY	MothFlameOptimizer	5	100	409	791	1200	1	1	6.73357e-29	1.69686e-26	worse
NIAPY	DynNpMultiStrategyDifferentialEvolution	5	100	598	602	1200	0.557379	1	0.465496	1	not shown
NIAPY	EvolutionStrategyML	5	100	1059	141	1200	9.81465e-175	2.35552e-172	1	1	better
NIAPY	GreyWolfOptimizer	5	100	1097	103	1200	1.02082e-210	2.68476e-208	1	1	better
NIAPY	HarmonySearchV1	5	100	954	246	1200	5.08757e-99	7.88573e-97	1	1	better
NIAPY	BeesAlgorithm	5	100	1032	168	1200	2.56951e-152	5.57584e-150	1	1	better
NIAPY	GlowwormSwarmOptimizationV1	5	100	148	1052	1200	1	1	1.0765e-168	3.12184e-166	worse
NIAPY	GlowwormSwarmOptimizationV3	5	100	182	1018	1200	1	1	1.42224e-141	4.05339e-139	worse
NIAPY	LionOptimizationAlgorithm	5	100	846	354	1200	3.27619e-47	4.02972e-45	1	1	better
NIAPY	ArtificialBeeColonyAlgorithm	5	100	1052	148	1200	1.0765e-168	2.50823e-166	1	1	better
NIAPY	AgingNpDifferentialEvolution	5	100	591	609	1200	0.708311	1	0.311812	1	not shown
NIAPY	OppositionVelocityClampingParticleSwarmOptimization	5	100	705	495	1200	7.31877e-10	7.1724e-08	1	1	better
NIAPY	CoralReefsOptimization	5	100	313	887	1200	1	1	2.98337e-64	7.93576e-62	worse
NIAPY	BacterialForagingOptimization	5	100	341	859	1200	1	1	2.73975e-52	7.20554e-50	worse
NIAPY	DynamicFireworksAlgorithmGauss	5	100	862	338	1200	1.67372e-53	2.17583e-51	1	1	better
NIAPY	ClonalSelectionAlgorithm	5	100	134	1066	1200	1	1	6.04339e-181	1.76467e-178	worse
NIAPY	GravitationalSearchAlgorithm	5	100	555	645	1200	0.995706	1	0.00508185	1	not shown
NIAPY	MonkeyKingEvolutionV1	5	100	618	582	1200	0.15616	1	0.857264	1	not shown
NIAPY	EvolutionStrategyMpL	5	100	1024	176	1200	4.15137e-146	8.59334e-144	1	1	better
NIAPY	FireflyAlgorithm	5	100	649	551	1200	0.00254342	0.208561	0.997877	1	not shown
NIAPY	FlowerPollinationAlgorithm	5	100	642	558	1200	0.00826962	0.669839	0.992948	1	not shown
OPYTIMIZER	SA	5	100	939	261	1200	1.95877e-90	2.91857e-88	1	1	better
OPYTIMIZER	GOGHS	5	100	1011	189	1200	2.07079e-136	3.99662e-134	1	1	better
OPYTIMIZER	QSA	5	100	1081	119	1200	7.27584e-195	1.86989e-192	1	1	better
OPYTIMIZER	SGHS	5	100	970	230	1200	9.97194e-109	1.68526e-106	1	1	better
OPYTIMIZER	DE	5	100	1096	104	1200	1.07796e-209	2.80269e-207	1	1	better
OPYTIMIZER	RFO	5	100	1135	65	1200	1.79217e-253	5.03601e-251	1	1	better
OPYTIMIZER	PPA	5	100	732	468	1200	1.24358e-14	1.25601e-12	1	1	better
OPYTIMIZER	EHO	5	100	1079	121	1200	5.86366e-193	1.48937e-190	1	1	better
OPYTIMIZER	AEO	5	100	1142	58	1200	2.51136e-262	7.23271e-260	1	1	better
OPYTIMIZER	ABO	5	100	1048	152	1200	2.5686e-165	5.88209e-163	1	1	better
OPYTIMIZER	GHS	5	100	956	244	1200	3.34673e-100	5.28784e-98	1	1	better
OPYTIMIZER	PVS	5	100	1042	158	1200	2.39201e-160	5.38202e-158	1	1	better
OPYTIMIZER	BWO	5	100	1024	176	1200	4.15137e-146	8.59334e-144	1	1	better
OPYTIMIZER	PSO	5	100	1146	54	1200	1.48466e-267	4.30553e-265	1	1	better
OPYTIMIZER	BSO	5	100	1118	82	1200	2.4142e-233	6.66319e-231	1	1	better
OPYTIMIZER	CSA	5	100	698	502	1200	8.43967e-09	8.10208e-07	1	1	better
OPYTIMIZER	SSO	5	100	985	215	1200	2.27282e-118	4.06835e-116	1	1	better
OPYTIMIZER	WOA	5	100	1138	62	1200	3.18606e-257	9.0484e-255	1	1	better
OPYTIMIZER	BA	5	100	939	261	1200	1.95877e-90	2.91857e-88	1	1	better
OPYTIMIZER	HS	5	100	966	234	1200	3.02285e-106	4.98771e-104	1	1	better
OPYTIMIZER	JS	5	100	1052	148	1200	1.0765e-168	2.50823e-166	1	1	better
OPYTIMIZER	SOS	5	100	1175	25	1200	2.83723e-310	8.36982e-308	1	1	better
OPYTIMIZER	GS	5	100	85	1115	1200	1	1	5.6952e-230	1.67439e-227	worse
OPYTIMIZER	EFO	5	100	983	217	1200	4.71472e-117	8.29791e-115	1	1	better
OPYTIMIZER	GSA	5	100	318	882	1200	1	1	5.20166e-62	1.37844e-59	worse
OPYTIMIZER	ESA	5	100	877	323	1200	8.15275e-60	1.10062e-57	1	1	better
OPYTIMIZER	BOA	5	100	55	478	533	1	1	1.6469e-85	4.54545e-83	worse
OPYTIMIZER	HC	5	100	245	955	1200	1	1	1.30821e-99	3.64989e-97	worse
OPYTIMIZER	ABC	5	100	1072	94	1166	3.96906e-211	1.04783e-208	1	1	better
OPYTIMIZER	RRA	5	100	1123	77	1200	4.44251e-239	1.23502e-236	1	1	better
OPYTIMIZER	NDS	5	100	85	1115	1200	1	1	5.6952e-230	1.67439e-227	worse
OPYTIMIZER	NBJS	5	100	1038	162	1200	4.24759e-157	9.42964e-155	1	1	better
OPYTIMIZER	SSD	5	100	256	944	1200	1	1	3.04908e-93	8.44595e-91	worse
OPYTIMIZER	CEM	5	100	478	722	1200	1	1	9.70598e-13	2.39738e-10	worse
OPYTIMIZER	AOA	5	100	834	366	1200	8.75975e-43	1.04241e-40	1	1	better
OPYTIMIZER	MRFO	5	100	1138	62	1200	3.18606e-257	9.0484e-255	1	1	better
OPYTIMIZER	ASO	5	100	76	1124	1200	1	1	3.04026e-240	8.96878e-238	worse
OPYTIMIZER	SFO	5	100	744	456	1200	4.22646e-17	4.35325e-15	1	1	better
OPYTIMIZER	IHS	5	100	965	235	1200	1.24469e-105	2.04129e-103	1	1	better
OPYTIMIZER	COA	5	100	1110	90	1200	1.85408e-224	5.04311e-222	1	1	better
OPYTIMIZER	GOA	5	100	1138	62	1200	3.18606e-257	9.0484e-255	1	1	better
OPYTIMIZER	STOA	5	100	202	998	1200	1	1	3.58311e-127	1.01402e-124	worse
OPYTIMIZER	MVPA	5	100	1132	68	1200	8.71728e-250	2.44084e-247	1	1	better
OPYTIMIZER	ES	5	100	1068	132	1200	9.42885e-183	2.33836e-180	1	1	better
OPYTIMIZER	AIWPSO	5	100	1153	47	1200	4.94899e-277	1.44016e-274	1	1	better
OPYTIMIZER	ISA	5	100	235	965	1200	1	1	1.24469e-105	3.48513e-103	worse
OPYTIMIZER	EO	5	100	1179	21	1200	4.465e-317	1.32164e-314	1	1	better
OPYTIMIZER	AF	5	100	99	946	1045	1	1	2.04882e-174	5.96205e-172	worse
OPYTIMIZER	DOA	5	100	1065	135	1200	4.7778e-180	1.17056e-177	1	1	better
OPYTIMIZER	PIO	5	100	1064	136	1200	3.74597e-179	9.14017e-177	1	1	better
OPYTIMIZER	HHO	5	100	1126	74	1200	1.36526e-242	3.80907e-240	1	1	better
OPYTIMIZER	BSA	5	100	987	213	1200	1.07117e-119	1.96025e-117	1	1	better
OPYTIMIZER	TEO	5	100	386	791	1177	1	1	6.22038e-33	1.57998e-30	worse
OPYTIMIZER	FA	5	100	224	976	1200	1	1	1.60804e-112	4.51858e-110	worse
OPYTIMIZER	WWO	5	100	1070	130	1200	1.42202e-184	3.54083e-182	1	1	better
OPYTIMIZER	IWO	5	100	996	204	1200	8.63517e-126	1.60614e-123	1	1	better
OPYTIMIZER	KH	5	100	1068	132	1200	9.42885e-183	2.33836e-180	1	1	better
OPYTIMIZER	FOA	5	100	1055	145	1200	2.90932e-171	6.89509e-169	1	1	better
OPYTIMIZER	RPSO	5	100	1158	42	1200	4.39231e-284	1.28255e-281	1	1	better
OPYTIMIZER	SCA	5	100	325	875	1200	1	1	5.97745e-59	1.57805e-56	worse
OPYTIMIZER	OSA	5	100	532	668	1200	0.999962	1	4.79037e-05	0.0114011	worse
OPYTIMIZER	WDO	5	100	353	847	1200	1	1	1.36538e-47	3.53634e-45	worse
OPYTIMIZER	LSA	5	100	1174	26	1200	1.28335e-308	3.77304e-306	1	1	better
OPYTIMIZER	VPSO	5	100	1144	56	1200	6.33725e-265	1.83147e-262	1	1	better
OPYTIMIZER	SBO	5	100	1079	121	1200	5.86366e-193	1.48937e-190	1	1	better
OPYTIMIZER	GA	5	100	1140	60	1200	9.26188e-260	2.6489e-257	1	1	better
OPYTIMIZER	MFO	5	100	1047	153	1200	1.76165e-164	4.01657e-162	1	1	better
OPYTIMIZER	CS	5	100	1086	114	1200	1.05932e-199	2.73306e-197	1	1	better
OPYTIMIZER	FSO	5	100	858	342	1200	6.89987e-52	8.83183e-50	1	1	better
OPYTIMIZER	NGHS	5	100	948	252	1200	1.58218e-95	2.42073e-93	1	1	better
OPYTIMIZER	GCO	5	100	1024	176	1200	4.15137e-146	8.59334e-144	1	1	better
OPYTIMIZER	TWO	5	100	1142	58	1200	2.51136e-262	7.23271e-260	1	1	better
OPYTIMIZER	WEO	5	100	987	213	1200	1.07117e-119	1.96025e-117	1	1	better
OPYTIMIZER	GWO	5	100	1139	61	1200	1.7326e-258	4.9379e-256	1	1	better
OPYTIMIZER	SAVPSO	5	100	1162	38	1200	6.48141e-290	1.89905e-287	1	1	better
OPYTIMIZER	FFOA	5	100	441	759	1200	1	1	1.70913e-20	4.25573e-18	worse
OPYTIMIZER	AIG	5	100	1059	141	1200	9.81465e-175	2.35552e-172	1	1	better
OPYTIMIZER	BH	5	100	969	231	1200	4.19434e-108	7.00454e-106	1	1	better
OPYTIMIZER	CI	5	100	496	123	619	2.68208e-54	3.51353e-52	1	1	better
OPYTIMIZER	SSA	5	100	1102	98	1200	6.62242e-216	1.77481e-213	1	1	better
OPYTIMIZER	AO	5	100	964	236	1200	5.09816e-105	8.31001e-103	1	1	better
OPYTIMIZER	MVO	5	100	293	45	338	5.19073e-46	6.28078e-44	1	1	better
mealpy	LevyTWO	5	100	272	928	1200	1	1	1.92148e-84	5.28408e-82	worse
mealpy	OriginalTLO	5	100	1015	185	1200	2.41176e-139	4.72705e-137	1	1	better
mealpy	GWO	5	100	1059	141	1200	9.81465e-175	2.35552e-172	1	1	better
mealpy	OriginalBBO	5	100	1032	168	1200	2.56951e-152	5.57584e-150	1	1	better
mealpy	ABFO	5	100	472	710	1182	1	1	2.31566e-12	5.69652e-10	worse
mealpy	OriginalWHO	5	100	827	373	1200	2.58068e-40	3.0194e-38	1	1	better
mealpy	OriginalFFA	5	100	502	698	1200	1	1	8.43967e-09	2.05084e-06	worse
mealpy	BaseSARO	5	100	1079	121	1200	5.86366e-193	1.48937e-190	1	1	better
mealpy	OriginalSMA	5	100	528	672	1200	0.999986	1	1.79282e-05	0.00430276	worse
mealpy	SingleGA	5	100	807	393	1200	1.03744e-33	1.16194e-31	1	1	better
mealpy	OriginalSSDO	5	100	615	585	1200	0.201257	1	0.814575	1	not shown
mealpy	OriginalFPA	5	100	682	518	1200	1.22433e-06	0.000107741	0.999999	1	better
mealpy	OriginalSSO	5	100	691	509	1200	8.26523e-08	7.60401e-06	1	1	better
mealpy	OriginalMA	5	100	550	650	1200	0.998234	1	0.00212282	0.49674	not shown
mealpy	OriginalCEM	5	100	379	821	1200	1	1	2.90182e-38	7.45768e-36	worse
mealpy	OCRO	5	100	1003	197	1200	1.13227e-130	2.13999e-128	1	1	better
mealpy	OriginalBA	5	100	155	1045	1200	1	1	8.10326e-163	2.33374e-160	worse
mealpy	OriginalAEO	5	100	1063	137	1200	2.91281e-178	7.07813e-176	1	1	better
mealpy	OriginalBSO	5	100	1063	137	1200	2.91281e-178	7.07813e-176	1	1	better
mealpy	OriginalBFO	5	100	169	1031	1200	1	1	1.57118e-151	4.49359e-149	worse
mealpy	ImprovedSLO	5	100	792	408	1200	3.46381e-29	3.77556e-27	1	1	better
mealpy	OriginalLCO	5	100	1068	132	1200	9.42885e-183	2.33836e-180	1	1	better
mealpy	OriginalHGS	5	100	1023	177	1200	2.40501e-145	4.85812e-143	1	1	better
mealpy	BaseALO	5	100	1036	164	1200	1.71488e-155	3.78988e-153	1	1	better
mealpy	CPSO	5	100	919	281	1200	1.00074e-79	1.45107e-77	1	1	better
mealpy	OriginalEO	5	100	1115	85	1200	5.6952e-230	1.56048e-227	1	1	better
mealpy	DE	5	100	408	792	1200	1	1	3.46381e-29	8.76345e-27	worse
mealpy	ModifiedBA	5	100	694	506	1200	3.17122e-08	2.94923e-06	1	1	better
mealpy	BaseTLO	5	100	1024	176	1200	4.15137e-146	8.59334e-144	1	1	better
mealpy	OriginalPFA	5	100	526	674	1200	0.999992	1	1.07573e-05	0.0025925	worse
mealpy	BaseFOA	5	100	312	888	1200	1	1	1.04912e-64	2.81164e-62	worse
mealpy	OriginalGBO	5	100	956	244	1200	3.34673e-100	5.28784e-98	1	1	better
mealpy	TVAC	5	100	1118	82	1200	2.4142e-233	6.66319e-231	1	1	better
mealpy	BaseFBIO	5	100	1029	171	1200	5.75507e-150	1.21432e-147	1	1	better
mealpy	ImprovedBSO	5	100	985	215	1200	2.27282e-118	4.06835e-116	1	1	better
mealpy	OriginalAO	5	100	302	898	1200	1	1	2.38936e-69	6.47515e-67	worse
mealpy	BaseGSKA	5	100	1080	120	1200	6.56188e-194	1.67984e-191	1	1	better
mealpy	BaseLCO	5	100	1080	120	1200	6.56188e-194	1.67984e-191	1	1	better
mealpy	OriginalSSpiderA	5	100	633	567	1200	0.0302784	1	0.973474	1	not shown
mealpy	BaseHS	5	100	930	270	1200	1.63298e-85	2.40048e-83	1	1	better
mealpy	AdaptiveEO	5	100	1114	86	1200	7.3916e-229	2.01791e-226	1	1	better
mealpy	OriginalWCA	5	100	677	80	757	5.85771e-119	1.05439e-116	1	1	better
mealpy	OriginalMRFO	5	100	1098	102	1200	9.56554e-212	2.54443e-209	1	1	better
mealpy	OriginalEOA	5	100	653	547	1200	0.00121141	0.10297	0.999001	1	not shown
mealpy	OriginalABC	5	100	882	318	1200	5.20166e-62	7.12628e-60	1	1	better
mealpy	ModifiedAEO	5	100	1053	147	1200	1.51112e-169	3.55114e-167	1	1	better
mealpy	OriginalSFO	5	100	587	613	1200	0.782128	1	0.235251	1	not shown
mealpy	BaseBBO	5	100	954	246	1200	5.08757e-99	7.88573e-97	1	1	better
mealpy	OriginalNMRA	5	100	695	505	1200	2.28912e-08	2.15177e-06	1	1	better
mealpy	OriginalACOR	5	100	844	356	1200	1.86384e-46	2.27388e-44	1	1	better
mealpy	ImprovedSFO	5	100	587	613	1200	0.782128	1	0.235251	1	not shown
mealpy	OriginalCRO	5	100	918	282	1200	3.26793e-79	4.70582e-77	1	1	better
mealpy	LevyJA	5	100	872	328	1200	1.14988e-57	1.52935e-55	1	1	better
mealpy	OriginalHS	5	100	1026	174	1200	1.21249e-147	2.54623e-145	1	1	better
mealpy	OriginalCSO	5	100	474	726	1200	1	1	1.77e-13	4.3896e-11	worse
mealpy	OriginalCOA	5	100	779	421	1200	1.47372e-25	1.56215e-23	1	1	better
mealpy	LevyQSA	5	100	1007	193	1200	1.60853e-133	3.08839e-131	1	1	better
mealpy	OppoQSA	5	100	1022	178	1200	1.38412e-144	2.78208e-142	1	1	better
mealpy	BaseBRO	5	100	903	297	1200	9.67079e-72	1.36358e-69	1	1	better
mealpy	OriginalSLO	5	100	961	239	1200	3.39467e-103	5.43148e-101	1	1	better
mealpy	OriginalMVO	5	100	1054	146	1200	2.10491e-170	4.96758e-168	1	1	better
mealpy	CLPSO	5	100	543	657	1200	0.999553	1	0.00054883	0.129524	not shown
mealpy	OriginalNRO	5	100	781	419	1200	4.24192e-26	4.58128e-24	1	1	better
mealpy	BaseSCA	5	100	721	479	1200	1.47263e-12	1.47263e-10	1	1	better
mealpy	BaseGCO	5	100	655	545	1200	0.000820527	0.0705653	0.999328	1	not shown
mealpy	OriginalArchOA	5	100	962	238	1200	8.41928e-104	1.3555e-101	1	1	better
mealpy	SwarmHC	5	100	303	897	1200	1	1	7.09714e-69	1.90913e-66	worse
mealpy	ImprovedTLO	5	100	1031	169	1200	1.57118e-151	3.36233e-149	1	1	better
mealpy	OriginalMSA	5	100	1097	103	1200	1.02082e-210	2.68476e-208	1	1	better
mealpy	WOA	5	100	974	226	1200	3.0191e-111	5.25324e-109	1	1	better
mealpy	OriginalIWO	5	100	850	350	1200	9.64912e-49	1.21579e-46	1	1	better
mealpy	BaseGA	5	100	1004	196	1200	2.21841e-131	4.21497e-129	1	1	better
mealpy	ModifiedEO	5	100	1122	78	1200	6.40261e-238	1.77352e-235	1	1	better
mealpy	ImprovedNMRA	5	100	946	254	1200	2.21838e-94	3.37194e-92	1	1	better
mealpy	BaseCHIO	5	100	281	919	1200	1	1	1.00074e-79	2.74203e-77	worse
mealpy	OriginalHHO	5	100	923	277	1200	8.4014e-82	1.2266e-79	1	1	better
mealpy	OriginalGWO	5	100	1075	125	1200	3.414e-189	8.56913e-187	1	1	better
mealpy	ImprovedQSA	5	100	1005	195	1200	4.32009e-132	8.25136e-130	1	1	better
mealpy	OriginalFBIO	5	100	1024	176	1200	4.15137e-146	8.59334e-144	1	1	better
mealpy	OriginalBeesA	5	100	434	766	1200	1	1	3.39645e-22	8.49113e-20	worse
mealpy	BaseEFO	5	100	1019	181	1200	2.53665e-142	5.04794e-140	1	1	better
mealpy	OriginalSA	5	100	529	671	1200	0.999982	1	2.30327e-05	0.00550482	worse
mealpy	OriginalHC	5	100	302	898	1200	1	1	2.38936e-69	6.47515e-67	worse
mealpy	OriginalSHO	5	100	817	383	1200	6.26076e-37	7.13726e-35	1	1	better
mealpy	JADE	5	100	1034	166	1200	6.73123e-154	1.46741e-151	1	1	better
mealpy	OriginalCA	5	100	998	202	1200	3.58311e-127	6.70042e-125	1	1	better
mealpy	EnhancedTWO	5	100	610	590	1200	0.291689	1	0.727806	1	not shown
mealpy	BaseSSA	5	100	874	326	1200	1.60836e-58	2.1552e-56	1	1	better
mealpy	OriginalAOA	5	100	349	851	1200	1	1	3.95746e-49	1.03685e-46	worse
mealpy	OriginalQSA	5	100	958	242	1200	2.15686e-101	3.42941e-99	1	1	better
mealpy	OriginalGOA	5	100	1110	90	1200	1.85408e-224	5.04311e-222	1	1	better
mealpy	EnhancedAEO	5	100	986	214	1200	4.94816e-119	8.95618e-117	1	1	better
mealpy	OriginalGSKA	5	100	1016	184	1200	4.38528e-140	8.639e-138	1	1	better
mealpy	PPSO	5	100	1108	92	1200	2.73197e-222	7.37632e-220	1	1	better
mealpy	OriginalCGO	5	100	955	245	1200	1.30821e-99	2.0408e-97	1	1	better
mealpy	OriginalHGSO	5	100	811	389	1200	5.59687e-35	6.32446e-33	1	1	better
mealpy	OriginalSBO	5	100	993	207	1200	9.77535e-124	1.80844e-121	1	1	better
mealpy	OppoTWO	5	100	651	549	1200	0.00176628	0.146601	0.998535	1	not shown
mealpy	OriginalASO	5	100	167	1033	1200	1	1	4.17329e-153	1.19773e-150	worse
mealpy	ModifiedSLO	5	100	776	424	1200	9.28723e-25	9.75159e-23	1	1	better
mealpy	BaseVCS	5	100	1003	197	1200	1.13227e-130	2.13999e-128	1	1	better
mealpy	LSHADE	5	100	1041	159	1200	1.56963e-159	3.51598e-157	1	1	better
mealpy	OriginalEFO	5	100	971	229	1200	2.35813e-109	4.05598e-107	1	1	better
mealpy	OriginalJA	5	100	702	498	1200	2.12939e-09	2.0655e-07	1	1	better
mealpy	OriginalGCO	5	100	548	652	1200	0.998789	1	0.00146505	0.344287	not shown
mealpy	OriginalPSS	5	100	1099	101	1200	8.86823e-213	2.36782e-210	1	1	better
mealpy	OriginalEHO	5	100	849	351	1200	2.34324e-48	2.92905e-46	1	1	better
mealpy	OriginalSSA	5	100	853	347	1200	6.57703e-50	8.35283e-48	1	1	better
mealpy	OriginalSCA	5	100	739	461	1200	4.7971e-16	4.89305e-14	1	1	better
mealpy	OriginalBES	5	100	1040	160	1200	1.02258e-158	2.28034e-156	1	1	better
mealpy	BaseSBO	5	100	885	315	1200	2.38157e-63	3.31039e-61	1	1	better
mealpy	BaseJA	5	100	698	502	1200	8.43967e-09	8.10208e-07	1	1	better
mealpy	OriginalSARO	5	100	990	210	1200	1.05013e-121	1.93224e-119	1	1	better
mealpy	OriginalSRSR	5	100	1012	188	1200	3.86183e-137	7.49196e-135	1	1	better
mealpy	OriginalTWO	5	100	872	328	1200	1.14988e-57	1.52935e-55	1	1	better
mealpy	OriginalWDO	5	100	642	558	1200	0.00826962	0.669839	0.992948	1	not shown
mealpy	AugmentedAEO	5	100	1030	170	1200	9.54162e-151	2.03237e-148	1	1	better
mealpy	OriginalWOA	5	100	971	229	1200	2.35813e-109	4.05598e-107	1	1	better
mealpy	SADE	5	100	1017	183	1200	7.92284e-141	1.56872e-138	1	1	better
mealpy	OriginalBRO	5	100	380	820	1200	1	1	6.29001e-38	1.61024e-35	worse
mealpy	OriginalSSpiderO	5	100	608	592	1200	0.332512	1	0.688188	1	not shown
mealpy	ProbBeesA	5	100	352	848	1200	1	1	5.66766e-48	1.47926e-45	worse
mealpy	OriginalFA	5	100	250	950	1200	1	1	1.10605e-96	3.07482e-94	worse
mealpy	OriginalCSA	5	100	312	888	1200	1	1	1.04912e-64	2.81164e-62	worse
mealpy	OriginalALO	5	100	1036	164	1200	1.71488e-155	3.78988e-153	1	1	better
mealpy	OriginalDO	5	100	483	717	1200	1	1	7.54242e-12	1.84035e-09	worse
mealpy	OriginalCHIO	5	100	296	904	1200	1	1	3.17035e-72	8.62334e-70	worse
mealpy	OriginalBSA	5	100	1030	170	1200	9.54162e-151	2.03237e-148	1	1	better
mealpy	LevyEP	5	100	748	452	1200	5.68454e-18	5.91192e-16	1	1	better
mealpy	OriginalICA	5	100	615	72	687	1.10962e-108	1.86417e-106	1	1	better
mealpy	ImprovedLCO	5	100	964	236	1200	5.09816e-105	8.31001e-103	1	1	better
mealpy	OriginalMFO	5	100	391	809	1200	1	1	2.42789e-34	6.19111e-32	worse
mealpy	ImprovedAEO	5	100	972	228	1200	5.54649e-110	9.59542e-108	1	1	better
mealpy	OriginalVCS	5	100	862	338	1200	1.67372e-53	2.17583e-51	1	1	better
mealpy	AdaptiveBA	5	100	426	774	1200	1	1	3.11182e-24	7.81067e-22	worse
mealpy	MultiGA	5	100	780	420	1200	7.92097e-26	8.47543e-24	1	1	better
mealpy	OriginalES	5	100	1046	154	1200	1.19923e-163	2.72225e-161	1	1	better
mealpy	LevyES	5	100	944	256	1200	3.04908e-93	4.60411e-91	1	1	better
mealpy	OriginalEP	5	100	686	514	1200	3.81865e-07	3.43679e-05	1	1	better
mealpy	BaseSMA	5	100	629	571	1200	0.0499186	1	0.955754	1	not shown
mealpy	OriginalPSO	5	100	542	658	1200	0.999638	1	0.000446742	0.105878	not shown
mealpy	FBUDGETSHADE	5	100	1026	174	1200	1.21249e-147	2.54623e-145	1	1	better
mealpy	OriginalFOA	5	100	210	990	1200	1	1	1.05013e-121	2.96137e-119	worse
mealpy	BaseQSA	5	100	1021	179	1200	7.91361e-144	1.58272e-141	1	1	better
mealpy	BaseMFO	5	100	827	373	1200	2.58068e-40	3.0194e-38	1	1	better
mealpy	BaseDE	5	100	884	316	1200	6.68571e-63	9.22628e-61	1	1	better
mealpy	WhaleFOA	5	100	288	912	1200	1	1	3.59763e-76	9.82153e-74	worse
Baselines	DE	5	100	1089	106	1200	2.34683e-206	2.11215e-205	1	1	better
Baselines	RCobyla	5	100	945	255	1200	8.24481e-94	4.12241e-93	1	1	better
Baselines	PSO	5	100	322	807	1200	1	1	7.79448e-49	8.57393e-48	worse
Baselines	DiagonalCMA	5	100	1071	129	1200	1.72403e-185	1.37922e-184	1	1	better
Baselines	modcma	5	100	1140	60	1200	9.26188e-260	1.01881e-258	1	1	better
Baselines	modde	5	100	915	285	1200	1.1069e-77	3.32069e-77	1	1	better
Baselines	OnePlusOne	5	100	1025	175	1200	7.11841e-147	4.98289e-146	1	1	better
Baselines	Powell	5	100	948	252	1200	1.58218e-95	9.49307e-95	1	1	better
Baselines	MultiBFGS	5	100	816	384	1200	1.33651e-36	2.67301e-36	1	1	better
Baselines	lshade	5	100	930	270	1200	1.63298e-85	6.53193e-85	1	1	better
Baselines	bipop	5	100	1140	60	1200	9.26188e-260	1.01881e-258	1	1	better
EVOLOPY	DE	5	500	1138	62	1200	3.18606e-257	8.72979e-255	1	1	better
EVOLOPY	JAYA	5	500	1022	178	1200	1.38412e-144	2.25612e-142	1	1	better
EVOLOPY	PSO	5	500	1022	178	1200	1.38412e-144	2.25612e-142	1	1	better
EVOLOPY	WOA	5	500	1009	191	1200	5.84353e-135	8.99903e-133	1	1	better
EVOLOPY	FFA	5	500	1054	146	1200	2.10491e-170	3.78883e-168	1	1	better
EVOLOPY	BAT	5	500	442	758	1200	1	1	2.94922e-20	7.40255e-18	worse
EVOLOPY	MVO	5	500	1079	121	1200	5.86366e-193	1.18446e-190	1	1	better
EVOLOPY	HHO	5	500	790	410	1200	1.30418e-28	1.16072e-26	1	1	better
EVOLOPY	SCA	5	500	778	422	1200	2.73199e-25	2.32219e-23	1	1	better
EVOLOPY	GA	5	500	790	139	929	1.87657e-111	2.6272e-109	1	1	better
EVOLOPY	MFO	5	500	1107	93	1200	3.25833e-221	7.65707e-219	1	1	better
EVOLOPY	CS	5	500	1124	76	1200	3.04026e-240	7.63106e-238	1	1	better
EVOLOPY	GWO	5	500	1091	109	1200	1.21162e-204	2.64132e-202	1	1	better
EVOLOPY	SSA	5	500	704	496	1200	1.04834e-09	7.65285e-08	1	1	better
NIAPY	DynamicFireworksAlgorithm	5	500	1060	140	1200	1.30393e-175	2.39923e-173	1	1	better
NIAPY	HarmonySearch	5	500	1077	123	1200	4.55567e-191	9.02023e-189	1	1	better
NIAPY	EvolutionStrategyMp1	5	500	1068	132	1200	9.42885e-183	1.80091e-180	1	1	better
NIAPY	MonarchButterflyOptimization	5	500	603	597	1200	0.442621	1	0.580065	1	not shown
NIAPY	CenterParticleSwarmOptimization	5	500	1084	116	1200	9.37822e-198	1.95067e-195	1	1	better
NIAPY	DynNpDifferentialEvolution	5	500	944	256	1200	3.04908e-93	3.87233e-91	1	1	better
NIAPY	CamelAlgorithm	5	500	975	225	1200	6.98668e-112	9.92109e-110	1	1	better
NIAPY	BatAlgorithm	5	500	876	324	1200	2.2122e-59	2.34493e-57	1	1	better
NIAPY	GlowwormSwarmOptimization	5	500	185	1015	1200	1	1	2.41176e-139	6.80117e-137	worse
NIAPY	BareBonesFireworksAlgorithm	5	500	955	245	1200	1.30821e-99	1.72683e-97	1	1	better
NIAPY	CuckooSearch	5	500	1125	75	1200	2.05178e-241	5.19101e-239	1	1	better
NIAPY	GeneticAlgorithm	5	500	553	647	1200	0.996962	1	0.0036174	0.864559	not shown
NIAPY	ParticleSwarmAlgorithm	5	500	1125	75	1200	2.05178e-241	5.19101e-239	1	1	better
NIAPY	MonkeyKingEvolutionV3	5	500	769	431	1200	6.00425e-23	4.98353e-21	1	1	better
NIAPY	MonkeyKingEvolutionV2	5	500	780	420	1200	7.92097e-26	6.89124e-24	1	1	better
NIAPY	SineCosineAlgorithm	5	500	15	1185	1200	1	1	0	0	worse
NIAPY	EvolutionStrategy1p1	5	500	867	333	1200	1.46096e-55	1.46096e-53	1	1	better
NIAPY	HarrisHawksOptimization	5	500	1074	126	1200	2.91616e-188	5.6865e-186	1	1	better
NIAPY	ParticleSwarmOptimization	5	500	738	462	1200	7.717e-16	6.01926e-14	1	1	better
NIAPY	ForestOptimizationAlgorithm	5	500	1059	141	1200	9.81465e-175	1.78627e-172	1	1	better
NIAPY	EnhancedFireworksAlgorithm	5	500	1081	119	1200	7.27584e-195	1.49155e-192	1	1	better
NIAPY	MultiStrategyDifferentialEvolution	5	500	1029	171	1200	5.75507e-150	9.72607e-148	1	1	better
NIAPY	MutatedParticleSwarmOptimization	5	500	1083	117	1200	8.69881e-197	1.80065e-194	1	1	better
NIAPY	ComprehensiveLearningParticleSwarmOptimizer	5	500	969	231	1200	4.19434e-108	5.74624e-106	1	1	better
NIAPY	KrillHerd	5	500	346	854	1200	1	1	2.66508e-50	6.84924e-48	worse
NIAPY	FishSchoolSearch	5	500	481	719	1200	1	1	3.35552e-12	8.28814e-10	worse
NIAPY	MutatedCenterUnifiedParticleSwarmOptimization	5	500	1115	85	1200	5.6952e-230	1.38393e-227	1	1	better
NIAPY	MutatedCenterParticleSwarmOptimization	5	500	1102	98	1200	6.62242e-216	1.49667e-213	1	1	better
NIAPY	GlowwormSwarmOptimizationV2	5	500	166	1034	1200	1	1	6.73123e-154	1.9184e-151	worse
NIAPY	CatSwarmOptimization	5	500	1076	124	1200	3.96144e-190	7.80403e-188	1	1	better
NIAPY	DifferentialEvolution	5	500	1027	173	1200	2.05147e-148	3.40544e-146	1	1	better
NIAPY	FireworksAlgorithm	5	500	1005	195	1200	4.32009e-132	6.60973e-130	1	1	better
NIAPY	MothFlameOptimizer	5	500	268	932	1200	1	1	1.3616e-86	3.6491e-84	worse
NIAPY	DynNpMultiStrategyDifferentialEvolution	5	500	1043	157	1200	3.61887e-161	6.26064e-159	1	1	better
NIAPY	EvolutionStrategyML	5	500	1086	114	1200	1.05932e-199	2.25636e-197	1	1	better
NIAPY	GreyWolfOptimizer	5	500	1108	92	1200	2.73197e-222	6.44745e-220	1	1	better
NIAPY	HarmonySearchV1	5	500	1029	171	1200	5.75507e-150	9.72607e-148	1	1	better
NIAPY	BeesAlgorithm	5	500	1152	48	1200	1.18991e-275	3.33174e-273	1	1	better
NIAPY	GlowwormSwarmOptimizationV1	5	500	177	1023	1200	1	1	2.40501e-145	6.80618e-143	worse
NIAPY	GlowwormSwarmOptimizationV3	5	500	192	1008	1200	1	1	3.07535e-134	8.64174e-132	worse
NIAPY	LionOptimizationAlgorithm	5	500	1026	174	1200	1.21249e-147	2.00061e-145	1	1	better
NIAPY	ArtificialBeeColonyAlgorithm	5	500	1089	111	1200	1.1827e-202	2.5428e-200	1	1	better
NIAPY	AgingNpDifferentialEvolution	5	500	860	340	1200	1.08345e-52	1.06178e-50	1	1	better
NIAPY	OppositionVelocityClampingParticleSwarmOptimization	5	500	706	493	1200	4.17394e-10	3.08872e-08	1	1	better
NIAPY	CoralReefsOptimization	5	500	301	899	1200	1	1	8.00873e-70	2.09028e-67	worse
NIAPY	BacterialForagingOptimization	5	500	431	769	1200	1	1	6.00425e-23	1.51908e-20	worse
NIAPY	DynamicFireworksAlgorithmGauss	5	500	1051	149	1200	7.61007e-168	1.33937e-165	1	1	better
NIAPY	ClonalSelectionAlgorithm	5	500	101	1099	1200	1	1	8.86823e-213	2.56292e-210	worse
NIAPY	GravitationalSearchAlgorithm	5	500	335	865	1200	1	1	9.85426e-55	2.5424e-52	worse
NIAPY	MonkeyKingEvolutionV1	5	500	1056	144	1200	3.98984e-172	7.22161e-170	1	1	better
NIAPY	EvolutionStrategyMpL	5	500	1076	124	1200	3.96144e-190	7.80403e-188	1	1	better
NIAPY	FireflyAlgorithm	5	500	799	401	1200	2.97706e-31	2.70913e-29	1	1	better
NIAPY	FlowerPollinationAlgorithm	5	500	1100	100	1200	8.13378e-214	1.82197e-211	1	1	better
OPYTIMIZER	SA	5	500	928	272	1200	1.92148e-84	2.28656e-82	1	1	better
OPYTIMIZER	GOGHS	5	500	975	225	1200	6.98668e-112	9.92109e-110	1	1	better
OPYTIMIZER	QSA	5	500	1160	40	1200	5.61541e-287	1.61724e-284	1	1	better
OPYTIMIZER	SGHS	5	500	902	298	1200	2.93685e-71	3.28927e-69	1	1	better
OPYTIMIZER	DE	5	500	1156	44	1200	3.11617e-281	8.81875e-279	1	1	better
OPYTIMIZER	RFO	5	500	1131	69	1200	1.43156e-248	3.7507e-246	1	1	better
OPYTIMIZER	PPA	5	500	663	537	1200	0.000152237	0.0106566	0.999878	1	better
OPYTIMIZER	EHO	5	500	1112	88	1200	1.19957e-226	2.89098e-224	1	1	better
OPYTIMIZER	AEO	5	500	1161	39	1200	1.9329e-288	5.58608e-286	1	1	better
OPYTIMIZER	ABO	5	500	1149	51	1200	1.45624e-271	4.06292e-269	1	1	better
OPYTIMIZER	GHS	5	500	902	298	1200	2.93685e-71	3.28927e-69	1	1	better
OPYTIMIZER	PVS	5	500	990	210	1200	1.05013e-121	1.56469e-119	1	1	better
OPYTIMIZER	BWO	5	500	870	330	1200	8.08475e-57	8.3273e-55	1	1	better
OPYTIMIZER	PSO	5	500	1138	62	1200	3.18606e-257	8.72979e-255	1	1	better
OPYTIMIZER	BSO	5	500	1053	147	1200	1.51112e-169	2.6898e-167	1	1	better
OPYTIMIZER	CSA	5	500	697	503	1200	1.18092e-08	8.3845e-07	1	1	better
OPYTIMIZER	SSO	5	500	752	448	1200	7.22865e-19	5.8552e-17	1	1	better
OPYTIMIZER	WOA	5	500	1131	69	1200	1.43156e-248	3.7507e-246	1	1	better
OPYTIMIZER	BA	5	500	889	311	1200	3.67341e-65	3.96729e-63	1	1	better
OPYTIMIZER	HS	5	500	913	287	1200	1.13248e-76	1.30235e-74	1	1	better
OPYTIMIZER	JS	5	500	932	268	1200	1.3616e-86	1.66116e-84	1	1	better
OPYTIMIZER	SOS	5	500	1177	23	1200	1.2277e-313	3.634e-311	1	1	better
OPYTIMIZER	GS	5	500	16	1184	1200	1	1	0	0	worse
OPYTIMIZER	EFO	5	500	987	213	1200	1.07117e-119	1.57463e-117	1	1	better
OPYTIMIZER	GSA	5	500	201	999	1200	1	1	7.23426e-128	2.01112e-125	worse
OPYTIMIZER	ESA	5	500	700	500	1200	4.26768e-09	3.07273e-07	1	1	better
OPYTIMIZER	BOA	5	500	49	484	533	1	1	2.71639e-91	7.30709e-89	worse
OPYTIMIZER	HC	5	500	197	1003	1200	1	1	1.13227e-130	3.17035e-128	worse
OPYTIMIZER	ABC	5	500	1126	40	1166	3.00014e-277	8.43038e-275	1	1	better
OPYTIMIZER	RRA	5	500	1065	135	1200	4.7778e-180	9.07782e-178	1	1	better
OPYTIMIZER	NDS	5	500	16	1184	1200	1	1	0	0	worse
OPYTIMIZER	NBJS	5	500	881	319	1200	1.44166e-61	1.54257e-59	1	1	better
OPYTIMIZER	SSD	5	500	236	964	1200	1	1	5.09816e-105	1.402e-102	worse
OPYTIMIZER	CEM	5	500	650	550	1200	0.00212282	0.146475	0.998234	1	not shown
OPYTIMIZER	AOA	5	500	643	557	1200	0.00705216	0.465442	0.994004	1	not shown
OPYTIMIZER	MRFO	5	500	1166	34	1200	6.22133e-296	1.81663e-293	1	1	better
OPYTIMIZER	ASO	5	500	65	1135	1200	1	1	1.79217e-253	5.23315e-251	worse
OPYTIMIZER	SFO	5	500	724	476	1200	4.17329e-13	3.1717e-11	1	1	better
OPYTIMIZER	IHS	5	500	916	284	1200	3.43685e-78	3.98675e-76	1	1	better
OPYTIMIZER	COA	5	500	1168	32	1200	5.11183e-299	1.49777e-296	1	1	better
OPYTIMIZER	GOA	5	500	1107	93	1200	3.25833e-221	7.65707e-219	1	1	better
OPYTIMIZER	STOA	5	500	146	1054	1200	1	1	2.10491e-170	6.02004e-168	worse
OPYTIMIZER	MVPA	5	500	1047	153	1200	1.76165e-164	3.06527e-162	1	1	better
OPYTIMIZER	ES	5	500	1120	80	1200	1.27682e-235	3.14097e-233	1	1	better
OPYTIMIZER	AIWPSO	5	500	1111	89	1200	1.50037e-225	3.6009e-223	1	1	better
OPYTIMIZER	ISA	5	500	199	1001	1200	1	1	2.8966e-129	8.08151e-127	worse
OPYTIMIZER	EO	5	500	1162	38	1200	6.48141e-290	1.87961e-287	1	1	better
OPYTIMIZER	AF	5	500	64	981	1045	1	1	5.21883e-212	1.50302e-209	worse
OPYTIMIZER	DOA	5	500	1128	72	1200	5.78976e-245	1.49376e-242	1	1	better
OPYTIMIZER	PIO	5	500	891	309	1200	4.4455e-66	4.89005e-64	1	1	better
OPYTIMIZER	HHO	5	500	1111	89	1200	1.50037e-225	3.6009e-223	1	1	better
OPYTIMIZER	BSA	5	500	971	229	1200	2.35813e-109	3.2778e-107	1	1	better
OPYTIMIZER	TEO	5	500	626	551	1177	0.0154824	1	0.98665	1	not shown
OPYTIMIZER	FA	5	500	132	1068	1200	1	1	9.42885e-183	2.70608e-180	worse
OPYTIMIZER	WWO	5	500	1163	37	1200	2.1158e-291	6.15699e-289	1	1	better
OPYTIMIZER	IWO	5	500	980	220	1200	4.27115e-115	6.10775e-113	1	1	better
OPYTIMIZER	KH	5	500	1062	138	1200	2.24644e-177	4.20085e-175	1	1	better
OPYTIMIZER	FOA	5	500	1091	109	1200	1.21162e-204	2.64132e-202	1	1	better
OPYTIMIZER	RPSO	5	500	1159	41	1200	1.59022e-285	4.54802e-283	1	1	better
OPYTIMIZER	SCA	5	500	308	892	1200	1	1	1.53645e-66	3.97942e-64	worse
OPYTIMIZER	OSA	5	500	455	745	1200	1	1	2.57297e-17	6.40669e-15	worse
OPYTIMIZER	WDO	5	500	248	952	1200	1	1	7.57781e-98	2.06117e-95	worse
OPYTIMIZER	LSA	5	500	1173	27	1200	5.58515e-307	1.64203e-304	1	1	better
OPYTIMIZER	VPSO	5	500	1160	40	1200	5.61541e-287	1.61724e-284	1	1	better
OPYTIMIZER	SBO	5	500	1040	160	1200	1.02258e-158	1.75883e-156	1	1	better
OPYTIMIZER	GA	5	500	1158	42	1200	4.39231e-284	1.25181e-281	1	1	better
OPYTIMIZER	MFO	5	500	1035	165	1200	1.07816e-154	1.83288e-152	1	1	better
OPYTIMIZER	CS	5	500	1174	26	1200	1.28335e-308	3.78587e-306	1	1	better
OPYTIMIZER	FSO	5	500	742	458	1200	1.12853e-16	8.91543e-15	1	1	better
OPYTIMIZER	NGHS	5	500	780	420	1200	7.92097e-26	6.89124e-24	1	1	better
OPYTIMIZER	GCO	5	500	1079	121	1200	5.86366e-193	1.18446e-190	1	1	better
OPYTIMIZER	TWO	5	500	1123	77	1200	4.44251e-239	1.10619e-236	1	1	better
OPYTIMIZER	WEO	5	500	995	205	1200	4.2018e-125	6.3027e-123	1	1	better
OPYTIMIZER	GWO	5	500	1107	93	1200	3.25833e-221	7.65707e-219	1	1	better
OPYTIMIZER	SAVPSO	5	500	1156	44	1200	3.11617e-281	8.81875e-279	1	1	better
OPYTIMIZER	FFOA	5	500	294	906	1200	1	1	3.36178e-73	8.84148e-71	worse
OPYTIMIZER	AIG	5	500	1136	64	1200	1.02444e-254	2.76599e-252	1	1	better
OPYTIMIZER	BH	5	500	891	309	1200	4.4455e-66	4.89005e-64	1	1	better
OPYTIMIZER	CI	5	500	465	154	619	1.64998e-37	1.53448e-35	1	1	better
OPYTIMIZER	SSA	5	500	1103	97	1200	5.87757e-217	1.33421e-214	1	1	better
OPYTIMIZER	AO	5	500	735	465	1200	3.14645e-15	2.42277e-13	1	1	better
OPYTIMIZER	MVO	5	500	304	34	338	1.17511e-55	1.18686e-53	1	1	better
mealpy	LevyTWO	5	500	411	789	1200	1	1	2.51671e-28	6.39246e-26	worse
mealpy	OriginalTLO	5	500	1131	69	1200	1.43156e-248	3.7507e-246	1	1	better
mealpy	GWO	5	500	1026	174	1200	1.21249e-147	2.00061e-145	1	1	better
mealpy	OriginalBBO	5	500	982	218	1200	2.12933e-116	3.08753e-114	1	1	better
mealpy	ABFO	5	500	481	701	1182	1	1	8.40688e-11	2.06809e-08	worse
mealpy	OriginalWHO	5	500	1063	137	1200	2.91281e-178	5.47609e-176	1	1	better
mealpy	OriginalFFA	5	500	538	662	1200	0.999848	1	0.000190015	0.0456036	worse
mealpy	BaseSARO	5	500	1142	58	1200	2.51136e-262	6.95646e-260	1	1	better
mealpy	OriginalSMA	5	500	619	581	1200	0.142736	1	0.869886	1	not shown
mealpy	SingleGA	5	500	771	429	1200	1.85766e-23	1.56043e-21	1	1	better
mealpy	OriginalSSDO	5	500	531	669	1200	0.999971	1	3.76496e-05	0.00907354	worse
mealpy	OriginalFPA	5	500	1083	117	1200	8.69881e-197	1.80065e-194	1	1	better
mealpy	OriginalSSO	5	500	604	596	1200	0.419935	1	0.602487	1	not shown
mealpy	OriginalMA	5	500	623	577	1200	0.0969548	1	0.912586	1	not shown
mealpy	OriginalCEM	5	500	869	331	1200	2.13039e-56	2.173e-54	1	1	better
mealpy	OCRO	5	500	1050	150	1200	5.33887e-167	9.34302e-165	1	1	better
mealpy	OriginalBA	5	500	44	1156	1200	1	1	3.11617e-281	9.13036e-279	worse
mealpy	OriginalAEO	5	500	1119	81	1200	1.76729e-234	4.32987e-232	1	1	better
mealpy	OriginalBSO	5	500	1105	95	1200	4.47688e-219	1.02968e-216	1	1	better
mealpy	OriginalBFO	5	500	68	1132	1200	1	1	8.71728e-250	2.53673e-247	worse
mealpy	ImprovedSLO	5	500	1053	147	1200	1.51112e-169	2.6898e-167	1	1	better
mealpy	OriginalLCO	5	500	1070	130	1200	1.42202e-184	2.73028e-182	1	1	better
mealpy	OriginalHGS	5	500	1019	181	1200	2.53665e-142	4.00791e-140	1	1	better
mealpy	BaseALO	5	500	970	230	1200	9.97194e-109	1.37613e-106	1	1	better
mealpy	CPSO	5	500	873	327	1200	4.30951e-58	4.48189e-56	1	1	better
mealpy	OriginalEO	5	500	1133	67	1200	5.22672e-251	1.39031e-248	1	1	better
mealpy	DE	5	500	360	840	1200	1	1	5.75169e-45	1.46668e-42	worse
mealpy	ModifiedBA	5	500	836	364	1200	1.66628e-43	1.58297e-41	1	1	better
mealpy	BaseTLO	5	500	1123	77	1200	4.44251e-239	1.10619e-236	1	1	better
mealpy	OriginalPFA	5	500	359	841	1200	1	1	2.45487e-45	6.28446e-43	worse
mealpy	BaseFOA	5	500	255	945	1200	1	1	8.24481e-94	2.2261e-91	worse
mealpy	OriginalGBO	5	500	1085	115	1200	1.00151e-198	2.11318e-196	1	1	better
mealpy	TVAC	5	500	1136	64	1200	1.02444e-254	2.76599e-252	1	1	better
mealpy	BaseFBIO	5	500	1137	63	1200	5.76077e-256	1.56693e-253	1	1	better
mealpy	ImprovedBSO	5	500	1029	171	1200	5.75507e-150	9.72607e-148	1	1	better
mealpy	OriginalAO	5	500	244	956	1200	1	1	3.34673e-100	9.13658e-98	worse
mealpy	BaseGSKA	5	500	1116	84	1200	4.33323e-231	1.05731e-228	1	1	better
mealpy	BaseLCO	5	500	1091	109	1200	1.21162e-204	2.64132e-202	1	1	better
mealpy	OriginalSSpiderA	5	500	561	639	1200	0.988732	1	0.0130942	1	not shown
mealpy	BaseHS	5	500	968	232	1200	1.75479e-107	2.38652e-105	1	1	better
mealpy	AdaptiveEO	5	500	1128	72	1200	5.78976e-245	1.49376e-242	1	1	better
mealpy	OriginalWCA	5	500	677	80	757	5.85771e-119	8.55225e-117	1	1	better
mealpy	OriginalMRFO	5	500	1127	73	1200	8.95539e-244	2.28362e-241	1	1	better
mealpy	OriginalEOA	5	500	754	446	1200	2.5239e-19	2.0696e-17	1	1	better
mealpy	OriginalABC	5	500	1085	115	1200	1.00151e-198	2.11318e-196	1	1	better
mealpy	ModifiedAEO	5	500	1092	108	1200	1.20805e-205	2.64563e-203	1	1	better
mealpy	OriginalSFO	5	500	834	366	1200	8.75975e-43	8.23416e-41	1	1	better
mealpy	BaseBBO	5	500	917	283	1200	1.06223e-78	1.24281e-76	1	1	better
mealpy	OriginalNMRA	5	500	1060	140	1200	1.30393e-175	2.39923e-173	1	1	better
mealpy	OriginalACOR	5	500	1054	146	1200	2.10491e-170	3.78883e-168	1	1	better
mealpy	ImprovedSFO	5	500	933	267	1200	3.90363e-87	4.80146e-85	1	1	better
mealpy	OriginalCRO	5	500	932	268	1200	1.3616e-86	1.66116e-84	1	1	better
mealpy	LevyJA	5	500	1072	128	1200	2.07217e-186	3.99928e-184	1	1	better
mealpy	OriginalHS	5	500	1093	107	1200	1.19235e-206	2.62318e-204	1	1	better
mealpy	OriginalCSO	5	500	471	729	1200	1	1	4.76478e-14	1.18167e-11	worse
mealpy	OriginalCOA	5	500	962	238	1200	8.41928e-104	1.12818e-101	1	1	better
mealpy	LevyQSA	5	500	1122	78	1200	6.40261e-238	1.58145e-235	1	1	better
mealpy	OppoQSA	5	500	1137	63	1200	5.76077e-256	1.56693e-253	1	1	better
mealpy	BaseBRO	5	500	793	407	1200	1.77526e-29	1.59774e-27	1	1	better
mealpy	OriginalSLO	5	500	958	242	1200	2.15686e-101	2.86863e-99	1	1	better
mealpy	OriginalMVO	5	500	1078	122	1200	5.19199e-192	1.03321e-189	1	1	better
mealpy	CLPSO	5	500	1012	188	1200	3.86183e-137	6.02446e-135	1	1	better
mealpy	OriginalNRO	5	500	1098	102	1200	9.56554e-212	2.13311e-209	1	1	better
mealpy	BaseSCA	5	500	932	268	1200	1.3616e-86	1.66116e-84	1	1	better
mealpy	BaseGCO	5	500	1015	185	1200	2.41176e-139	3.78647e-137	1	1	better
mealpy	OriginalArchOA	5	500	1073	127	1200	2.46901e-187	4.78988e-185	1	1	better
mealpy	SwarmHC	5	500	508	692	1200	1	1	6.02584e-08	1.45825e-05	worse
mealpy	ImprovedTLO	5	500	1105	95	1200	4.47688e-219	1.02968e-216	1	1	better
mealpy	OriginalMSA	5	500	1131	69	1200	1.43156e-248	3.7507e-246	1	1	better
mealpy	WOA	5	500	1021	179	1200	7.91361e-144	1.26618e-141	1	1	better
mealpy	OriginalIWO	5	500	1086	114	1200	1.05932e-199	2.25636e-197	1	1	better
mealpy	BaseGA	5	500	988	212	1200	2.30571e-120	3.41245e-118	1	1	better
mealpy	ModifiedEO	5	500	1135	65	1200	1.79217e-253	4.80302e-251	1	1	better
mealpy	ImprovedNMRA	5	500	949	251	1200	4.19378e-96	5.45191e-94	1	1	better
mealpy	BaseCHIO	5	500	287	913	1200	1	1	1.13248e-76	3.00107e-74	worse
mealpy	OriginalHHO	5	500	949	251	1200	4.19378e-96	5.45191e-94	1	1	better
mealpy	OriginalGWO	5	500	1062	138	1200	2.24644e-177	4.20085e-175	1	1	better
mealpy	ImprovedQSA	5	500	1132	68	1200	8.71728e-250	2.30136e-247	1	1	better
mealpy	OriginalFBIO	5	500	1126	74	1200	1.36526e-242	3.46776e-240	1	1	better
mealpy	OriginalBeesA	5	500	647	553	1200	0.0036174	0.245983	0.996962	1	not shown
mealpy	BaseEFO	5	500	1109	91	1200	2.26397e-223	5.36561e-221	1	1	better
mealpy	OriginalSA	5	500	1079	121	1200	5.86366e-193	1.18446e-190	1	1	better
mealpy	OriginalHC	5	500	220	980	1200	1	1	4.27115e-115	1.17884e-112	worse
mealpy	OriginalSHO	5	500	803	397	1200	1.81078e-32	1.66591e-30	1	1	better
mealpy	JADE	5	500	1133	67	1200	5.22672e-251	1.39031e-248	1	1	better
mealpy	OriginalCA	5	500	843	357	1200	4.41913e-46	4.24236e-44	1	1	better
mealpy	EnhancedTWO	5	500	875	325	1200	5.97745e-59	6.27633e-57	1	1	better
mealpy	BaseSSA	5	500	953	247	1200	1.96848e-98	2.57871e-96	1	1	better
mealpy	OriginalAOA	5	500	171	1029	1200	1	1	5.75507e-150	1.63444e-147	worse
mealpy	OriginalQSA	5	500	1132	68	1200	8.71728e-250	2.30136e-247	1	1	better
mealpy	OriginalGOA	5	500	1113	87	1200	9.47456e-228	2.29284e-225	1	1	better
mealpy	EnhancedAEO	5	500	1085	115	1200	1.00151e-198	2.11318e-196	1	1	better
mealpy	OriginalGSKA	5	500	1097	103	1200	1.02082e-210	2.26623e-208	1	1	better
mealpy	PPSO	5	500	1064	136	1200	3.74597e-179	7.07988e-177	1	1	better
mealpy	OriginalCGO	5	500	1107	93	1200	3.25833e-221	7.65707e-219	1	1	better
mealpy	OriginalHGSO	5	500	720	480	1200	2.22673e-12	1.67005e-10	1	1	better
mealpy	OriginalSBO	5	500	1011	189	1200	2.07079e-136	3.20972e-134	1	1	better
mealpy	OppoTWO	5	500	751	448	1200	9.07717e-19	7.26173e-17	1	1	better
mealpy	OriginalASO	5	500	69	1131	1200	1	1	1.43156e-248	4.15153e-246	worse
mealpy	ModifiedSLO	5	500	938	262	1200	7.03337e-90	8.86205e-88	1	1	better
mealpy	BaseVCS	5	500	1124	76	1200	3.04026e-240	7.63106e-238	1	1	better
mealpy	LSHADE	5	500	1139	61	1200	1.7326e-258	4.76464e-256	1	1	better
mealpy	OriginalEFO	5	500	781	419	1200	4.24192e-26	3.73289e-24	1	1	better
mealpy	OriginalJA	5	500	620	580	1200	0.130114	1	0.881714	1	not shown
mealpy	OriginalGCO	5	500	946	254	1200	2.21838e-94	2.83953e-92	1	1	better
mealpy	OriginalPSS	5	500	1102	98	1200	6.62242e-216	1.49667e-213	1	1	better
mealpy	OriginalEHO	5	500	866	334	1200	3.80213e-55	3.76411e-53	1	1	better
mealpy	OriginalSSA	5	500	906	294	1200	3.36178e-73	3.79881e-71	1	1	better
mealpy	OriginalSCA	5	500	907	293	1200	1.08737e-73	1.2396e-71	1	1	better
mealpy	OriginalBES	5	500	1081	119	1200	7.27584e-195	1.49155e-192	1	1	better
mealpy	BaseSBO	5	500	982	218	1200	2.12933e-116	3.08753e-114	1	1	better
mealpy	BaseJA	5	500	934	266	1200	1.11378e-87	1.38109e-85	1	1	better
mealpy	OriginalSARO	5	500	1158	42	1200	4.39231e-284	1.25181e-281	1	1	better
mealpy	OriginalSRSR	5	500	1087	113	1200	1.10972e-200	2.3748e-198	1	1	better
mealpy	OriginalTWO	5	500	1037	163	1200	2.70847e-156	4.63148e-154	1	1	better
mealpy	OriginalWDO	5	500	503	697	1200	1	1	1.18092e-08	2.89324e-06	worse
mealpy	AugmentedAEO	5	500	1020	180	1200	4.49503e-143	7.1471e-141	1	1	better
mealpy	OriginalWOA	5	500	1022	178	1200	1.38412e-144	2.25612e-142	1	1	better
mealpy	SADE	5	500	1135	65	1200	1.79217e-253	4.80302e-251	1	1	better
mealpy	OriginalBRO	5	500	294	906	1200	1	1	3.36178e-73	8.84148e-71	worse
mealpy	OriginalSSpiderO	5	500	503	697	1200	1	1	1.18092e-08	2.89324e-06	worse
mealpy	ProbBeesA	5	500	434	766	1200	1	1	3.39645e-22	8.55906e-20	worse
mealpy	OriginalFA	5	500	303	897	1200	1	1	7.09714e-69	1.84526e-66	worse
mealpy	OriginalCSA	5	500	288	912	1200	1	1	3.59763e-76	9.49774e-74	worse
mealpy	OriginalALO	5	500	968	232	1200	1.75479e-107	2.38652e-105	1	1	better
mealpy	OriginalDO	5	500	505	695	1200	1	1	2.28912e-08	5.56255e-06	worse
mealpy	OriginalCHIO	5	500	445	755	1200	1	1	1.48348e-19	3.70871e-17	worse
mealpy	OriginalBSA	5	500	1062	138	1200	2.24644e-177	4.20085e-175	1	1	better
mealpy	LevyEP	5	500	1104	96	1200	5.15861e-218	1.17616e-215	1	1	better
mealpy	OriginalICA	5	500	636	51	687	7.87409e-130	1.18899e-127	1	1	better
mealpy	ImprovedLCO	5	500	935	265	1200	3.16259e-88	3.95323e-86	1	1	better
mealpy	OriginalMFO	5	500	271	929	1200	1	1	5.61488e-85	1.49917e-82	worse
mealpy	ImprovedAEO	5	500	1096	104	1200	1.07796e-209	2.38228e-207	1	1	better
mealpy	OriginalVCS	5	500	926	274	1200	2.2185e-83	2.61783e-81	1	1	better
mealpy	AdaptiveBA	5	500	212	988	1200	1	1	2.30571e-120	6.38682e-118	worse
mealpy	MultiGA	5	500	853	347	1200	6.57703e-50	6.37972e-48	1	1	better
mealpy	OriginalES	5	500	1107	93	1200	3.25833e-221	7.65707e-219	1	1	better
mealpy	LevyES	5	500	1146	54	1200	1.48466e-267	4.12737e-265	1	1	better
mealpy	OriginalEP	5	500	647	553	1200	0.0036174	0.245983	0.996962	1	not shown
mealpy	BaseSMA	5	500	1002	198	1200	5.74418e-130	8.73116e-128	1	1	better
mealpy	OriginalPSO	5	500	277	923	1200	1	1	8.4014e-82	2.23477e-79	worse
mealpy	FBUDGETSHADE	5	500	1140	60	1200	9.26188e-260	2.55628e-257	1	1	better
mealpy	OriginalFOA	5	500	242	958	1200	1	1	2.15686e-101	5.9098e-99	worse
mealpy	BaseQSA	5	500	1128	72	1200	5.78976e-245	1.49376e-242	1	1	better
mealpy	BaseMFO	5	500	1080	120	1200	6.56188e-194	1.33206e-191	1	1	better
mealpy	BaseDE	5	500	1110	90	1200	1.85408e-224	4.41272e-222	1	1	better
mealpy	WhaleFOA	5	500	250	950	1200	1	1	1.10605e-96	2.9974e-94	worse
Baselines	DE	5	500	1116	83	1200	6.06066e-232	4.84853e-231	1	1	better
Baselines	RCobyla	5	500	945	255	1200	8.24481e-94	4.12241e-93	1	1	better
Baselines	PSO	5	500	215	964	1200	1	1	7.30096e-114	8.03106e-113	worse
Baselines	DiagonalCMA	5	500	1080	120	1200	6.56188e-194	3.93713e-193	1	1	better
Baselines	modcma	5	500	1123	77	1200	4.44251e-239	4.44251e-238	1	1	better
Baselines	modde	5	500	1110	90	1200	1.85408e-224	1.29786e-223	1	1	better
Baselines	OnePlusOne	5	500	901	299	1200	8.87909e-71	2.66373e-70	1	1	better
Baselines	Powell	5	500	912	288	1200	3.59763e-76	1.43905e-75	1	1	better
Baselines	MultiBFGS	5	500	893	307	1200	5.28723e-67	1.05745e-66	1	1	better
Baselines	lshade	5	500	1120	80	1200	1.27682e-235	1.14914e-234	1	1	better
Baselines	bipop	5	500	1149	51	1200	1.45624e-271	1.60187e-270	1	1	better
EVOLOPY	DE	5	1000	1137	63	1200	5.76077e-256	1.469e-253	1	1	better
EVOLOPY	JAYA	5	1000	1007	193	1200	1.60853e-133	2.42889e-131	1	1	better
EVOLOPY	PSO	5	1000	1065	135	1200	4.7778e-180	8.31338e-178	1	1	better
EVOLOPY	WOA	5	1000	1022	178	1200	1.38412e-144	2.18691e-142	1	1	better
EVOLOPY	FFA	5	1000	1107	93	1200	3.25833e-221	7.49416e-219	1	1	better
EVOLOPY	BAT	5	1000	449	751	1200	1	1	1.2169e-18	3.07876e-16	worse
EVOLOPY	MVO	5	1000	1085	115	1200	1.00151e-198	1.993e-196	1	1	better
EVOLOPY	HHO	5	1000	783	417	1200	1.20335e-26	1.05895e-24	1	1	better
EVOLOPY	SCA	5	1000	853	347	1200	6.57703e-50	6.6428e-48	1	1	better
EVOLOPY	GA	5	1000	825	104	929	2.88353e-140	4.49831e-138	1	1	better
EVOLOPY	MFO	5	1000	1077	123	1200	4.55567e-191	8.70133e-189	1	1	better
EVOLOPY	CS	5	1000	1164	36	1200	6.71935e-293	1.94861e-290	1	1	better
EVOLOPY	GWO	5	1000	1098	102	1200	9.56554e-212	2.04702e-209	1	1	better
EVOLOPY	SSA	5	1000	804	396	1200	8.90903e-33	8.37449e-31	1	1	better
NIAPY	DynamicFireworksAlgorithm	5	1000	1087	113	1200	1.10972e-200	2.21944e-198	1	1	better
NIAPY	HarmonySearch	5	1000	1088	112	1200	1.15126e-201	2.32554e-199	1	1	better
NIAPY	EvolutionStrategyMp1	5	1000	1084	116	1200	9.37822e-198	1.84751e-195	1	1	better
NIAPY	MonarchButterflyOptimization	5	1000	517	683	1200	0.999999	1	9.19472e-07	0.000224351	worse
NIAPY	CenterParticleSwarmOptimization	5	1000	1076	124	1200	3.96144e-190	7.52673e-188	1	1	better
NIAPY	DynNpDifferentialEvolution	5	1000	870	330	1200	8.08475e-57	8.56984e-55	1	1	better
NIAPY	CamelAlgorithm	5	1000	995	205	1200	4.2018e-125	5.96655e-123	1	1	better
NIAPY	BatAlgorithm	5	1000	847	353	1200	1.36538e-47	1.33807e-45	1	1	better
NIAPY	GlowwormSwarmOptimization	5	1000	238	962	1200	1	1	8.41928e-104	2.29005e-101	worse
NIAPY	BareBonesFireworksAlgorithm	5	1000	916	284	1200	3.43685e-78	4.02112e-76	1	1	better
NIAPY	CuckooSearch	5	1000	1167	33	1200	1.81091e-297	5.30598e-295	1	1	better
NIAPY	GeneticAlgorithm	5	1000	591	609	1200	0.708311	1	0.311812	1	not shown
NIAPY	ParticleSwarmAlgorithm	5	1000	1132	68	1200	8.71728e-250	2.18804e-247	1	1	better
NIAPY	MonkeyKingEvolutionV3	5	1000	665	535	1200	9.67899e-05	0.00677529	0.999923	1	better
NIAPY	MonkeyKingEvolutionV2	5	1000	1062	138	1200	2.24644e-177	3.84142e-175	1	1	better
NIAPY	SineCosineAlgorithm	5	1000	10	1190	1200	1	1	0	0	worse
NIAPY	EvolutionStrategy1p1	5	1000	867	333	1200	1.46096e-55	1.534e-53	1	1	better
NIAPY	HarrisHawksOptimization	5	1000	1074	126	1200	2.91616e-188	5.42405e-186	1	1	better
NIAPY	ParticleSwarmOptimization	5	1000	683	517	1200	9.19472e-07	6.71214e-05	0.999999	1	better
NIAPY	ForestOptimizationAlgorithm	5	1000	1066	134	1200	6.04339e-181	1.05759e-178	1	1	better
NIAPY	EnhancedFireworksAlgorithm	5	1000	1091	109	1200	1.21162e-204	2.50804e-202	1	1	better
NIAPY	MultiStrategyDifferentialEvolution	5	1000	1100	100	1200	8.13378e-214	1.7569e-211	1	1	better
NIAPY	MutatedParticleSwarmOptimization	5	1000	1085	115	1200	1.00151e-198	1.993e-196	1	1	better
NIAPY	ComprehensiveLearningParticleSwarmOptimizer	5	1000	1095	105	1200	1.12642e-208	2.36549e-206	1	1	better
NIAPY	KrillHerd	5	1000	246	954	1200	1	1	5.08757e-99	1.35329e-96	worse
NIAPY	FishSchoolSearch	5	1000	766	434	1200	3.39645e-22	2.85302e-20	1	1	better
NIAPY	MutatedCenterUnifiedParticleSwarmOptimization	5	1000	1118	82	1200	2.4142e-233	5.72166e-231	1	1	better
NIAPY	MutatedCenterParticleSwarmOptimization	5	1000	1107	93	1200	3.25833e-221	7.49416e-219	1	1	better
NIAPY	GlowwormSwarmOptimizationV2	5	1000	236	964	1200	1	1	5.09816e-105	1.3969e-102	worse
NIAPY	CatSwarmOptimization	5	1000	1102	98	1200	6.62242e-216	1.47018e-213	1	1	better
NIAPY	DifferentialEvolution	5	1000	1101	99	1200	7.37961e-215	1.62351e-212	1	1	better
NIAPY	FireworksAlgorithm	5	1000	1072	128	1200	2.07217e-186	3.79207e-184	1	1	better
NIAPY	MothFlameOptimizer	5	1000	246	954	1200	1	1	5.08757e-99	1.35329e-96	worse
NIAPY	DynNpMultiStrategyDifferentialEvolution	5	1000	1119	81	1200	1.76729e-234	4.20616e-232	1	1	better
NIAPY	EvolutionStrategyML	5	1000	1076	124	1200	3.96144e-190	7.52673e-188	1	1	better
NIAPY	GreyWolfOptimizer	5	1000	1105	95	1200	4.47688e-219	1.01177e-216	1	1	better
NIAPY	HarmonySearchV1	5	1000	1036	164	1200	1.71488e-155	2.8124e-153	1	1	better
NIAPY	BeesAlgorithm	5	1000	1156	44	1200	3.11617e-281	8.72526e-279	1	1	better
NIAPY	GlowwormSwarmOptimizationV1	5	1000	252	948	1200	1	1	1.58218e-95	4.17695e-93	worse
NIAPY	GlowwormSwarmOptimizationV3	5	1000	238	962	1200	1	1	8.41928e-104	2.29005e-101	worse
NIAPY	LionOptimizationAlgorithm	5	1000	1068	132	1200	9.42885e-183	1.68776e-180	1	1	better
NIAPY	ArtificialBeeColonyAlgorithm	5	1000	1125	75	1200	2.05178e-241	5.06791e-239	1	1	better
NIAPY	AgingNpDifferentialEvolution	5	1000	871	329	1200	3.05539e-57	3.26926e-55	1	1	better
NIAPY	OppositionVelocityClampingParticleSwarmOptimization	5	1000	631	568	1200	0.0366622	1	0.967742	1	not shown
NIAPY	CoralReefsOptimization	5	1000	306	894	1200	1	1	1.81152e-67	4.69184e-65	worse
NIAPY	BacterialForagingOptimization	5	1000	619	581	1200	0.142736	1	0.869886	1	not shown
NIAPY	DynamicFireworksAlgorithmGauss	5	1000	1078	122	1200	5.19199e-192	1.00725e-189	1	1	better
NIAPY	ClonalSelectionAlgorithm	5	1000	108	1092	1200	1	1	1.20805e-205	3.47918e-203	worse
NIAPY	GravitationalSearchAlgorithm	5	1000	258	942	1200	1	1	4.10868e-92	1.08058e-89	worse
NIAPY	MonkeyKingEvolutionV1	5	1000	1076	124	1200	3.96144e-190	7.52673e-188	1	1	better
NIAPY	EvolutionStrategyMpL	5	1000	1101	99	1200	7.37961e-215	1.62351e-212	1	1	better
NIAPY	FireflyAlgorithm	5	1000	933	267	1200	3.90363e-87	4.72339e-85	1	1	better
NIAPY	FlowerPollinationAlgorithm	5	1000	1151	49	1200	2.80013e-274	7.67237e-272	1	1	better
OPYTIMIZER	SA	5	1000	941	259	1200	1.49713e-91	1.87141e-89	1	1	better
OPYTIMIZER	GOGHS	5	1000	960	240	1200	1.36163e-102	1.81097e-100	1	1	better
OPYTIMIZER	QSA	5	1000	1162	38	1200	6.48141e-290	1.86664e-287	1	1	better
OPYTIMIZER	SGHS	5	1000	875	325	1200	5.97745e-59	6.51543e-57	1	1	better
OPYTIMIZER	DE	5	1000	1151	49	1200	2.80013e-274	7.67237e-272	1	1	better
OPYTIMIZER	RFO	5	1000	1124	76	1200	3.04026e-240	7.44865e-238	1	1	better
OPYTIMIZER	PPA	5	1000	697	503	1200	1.18092e-08	8.97496e-07	1	1	better
OPYTIMIZER	EHO	5	1000	1094	106	1200	1.1649e-207	2.43465e-205	1	1	better
OPYTIMIZER	AEO	5	1000	1159	41	1200	1.59022e-285	4.51622e-283	1	1	better
OPYTIMIZER	ABO	5	1000	1163	37	1200	2.1158e-291	6.11467e-289	1	1	better
OPYTIMIZER	GHS	5	1000	875	325	1200	5.97745e-59	6.51543e-57	1	1	better
OPYTIMIZER	PVS	5	1000	946	254	1200	2.21838e-94	2.81735e-92	1	1	better
OPYTIMIZER	BWO	5	1000	787	413	1200	9.26924e-28	8.24963e-26	1	1	better
OPYTIMIZER	PSO	5	1000	1122	78	1200	6.40261e-238	1.53663e-235	1	1	better
OPYTIMIZER	BSO	5	1000	1015	185	1200	2.41176e-139	3.68999e-137	1	1	better
OPYTIMIZER	CSA	5	1000	694	506	1200	3.17122e-08	2.3467e-06	1	1	better
OPYTIMIZER	SSO	5	1000	642	558	1200	0.00826962	0.554064	0.992948	1	not shown
OPYTIMIZER	WOA	5	1000	1102	98	1200	6.62242e-216	1.47018e-213	1	1	better
OPYTIMIZER	BA	5	1000	844	356	1200	1.86384e-46	1.80792e-44	1	1	better
OPYTIMIZER	HS	5	1000	894	306	1200	1.81152e-67	2.0289e-65	1	1	better
OPYTIMIZER	JS	5	1000	844	356	1200	1.86384e-46	1.80792e-44	1	1	better
OPYTIMIZER	SOS	5	1000	1173	27	1200	5.58515e-307	1.64203e-304	1	1	better
OPYTIMIZER	GS	5	1000	5	1195	1200	1	1	0	0	worse
OPYTIMIZER	EFO	5	1000	1024	176	1200	4.15137e-146	6.64219e-144	1	1	better
OPYTIMIZER	GSA	5	1000	165	1035	1200	1	1	1.07816e-154	3.0512e-152	worse
OPYTIMIZER	ESA	5	1000	605	595	1200	0.397513	1	0.624577	1	not shown
OPYTIMIZER	BOA	5	1000	41	492	533	1	1	1.49373e-99	3.98826e-97	worse
OPYTIMIZER	HC	5	1000	191	1009	1200	1	1	5.84353e-135	1.63619e-132	worse
OPYTIMIZER	ABC	5	1000	1120	46	1166	8.99812e-269	2.3845e-266	1	1	better
OPYTIMIZER	RRA	5	1000	1024	176	1200	4.15137e-146	6.64219e-144	1	1	better
OPYTIMIZER	NDS	5	1000	5	1195	1200	1	1	0	0	worse
OPYTIMIZER	NBJS	5	1000	779	421	1200	1.47372e-25	1.2674e-23	1	1	better
OPYTIMIZER	SSD	5	1000	237	963	1200	1	1	2.07722e-104	5.67081e-102	worse
OPYTIMIZER	CEM	5	1000	594	606	1200	0.646265	1	0.375423	1	not shown
OPYTIMIZER	AOA	5	1000	589	611	1200	0.746631	1	0.272194	1	not shown
OPYTIMIZER	MRFO	5	1000	1165	35	1200	2.07448e-294	6.05747e-292	1	1	better
OPYTIMIZER	ASO	5	1000	62	1138	1200	1	1	3.18606e-257	9.30328e-255	worse
OPYTIMIZER	SFO	5	1000	624	576	1200	0.0874141	1	0.921408	1	not shown
OPYTIMIZER	IHS	5	1000	876	324	1200	2.2122e-59	2.43342e-57	1	1	better
OPYTIMIZER	COA	5	1000	1175	25	1200	2.83723e-310	8.36982e-308	1	1	better
OPYTIMIZER	GOA	5	1000	1099	101	1200	8.86823e-213	1.90667e-210	1	1	better
OPYTIMIZER	STOA	5	1000	130	1070	1200	1	1	1.42202e-184	4.06698e-182	worse
OPYTIMIZER	MVPA	5	1000	985	215	1200	2.27282e-118	3.15922e-116	1	1	better
OPYTIMIZER	ES	5	1000	1098	102	1200	9.56554e-212	2.04702e-209	1	1	better
OPYTIMIZER	AIWPSO	5	1000	1078	122	1200	5.19199e-192	1.00725e-189	1	1	better
OPYTIMIZER	ISA	5	1000	186	1014	1200	1	1	1.31797e-138	3.71667e-136	worse
OPYTIMIZER	EO	5	1000	1160	40	1200	5.61541e-287	1.60601e-284	1	1	better
OPYTIMIZER	AF	5	1000	35	1010	1045	1	1	6.97802e-250	2.02363e-247	worse
OPYTIMIZER	DOA	5	1000	1145	55	1200	3.09647e-266	8.14371e-264	1	1	better
OPYTIMIZER	PIO	5	1000	803	397	1200	1.81078e-32	1.68402e-30	1	1	better
OPYTIMIZER	HHO	5	1000	1101	99	1200	7.37961e-215	1.62351e-212	1	1	better
OPYTIMIZER	BSA	5	1000	983	217	1200	4.71472e-117	6.45917e-115	1	1	better
OPYTIMIZER	TEO	5	1000	628	549	1177	0.011476	0.757418	0.990165	1	not shown
OPYTIMIZER	FA	5	1000	110	1090	1200	1	1	1.20305e-203	3.45275e-201	worse
OPYTIMIZER	WWO	5	1000	1162	38	1200	6.48141e-290	1.86664e-287	1	1	better
OPYTIMIZER	IWO	5	1000	978	222	1200	8.37928e-114	1.1312e-111	1	1	better
OPYTIMIZER	KH	5	1000	1049	151	1200	3.71717e-166	6.1705e-164	1	1	better
OPYTIMIZER	FOA	5	1000	1074	126	1200	2.91616e-188	5.42405e-186	1	1	better
OPYTIMIZER	RPSO	5	1000	1152	48	1200	1.18991e-275	3.28414e-273	1	1	better
OPYTIMIZER	SCA	5	1000	318	882	1200	1	1	5.20166e-62	1.33683e-59	worse
OPYTIMIZER	OSA	5	1000	417	783	1200	1	1	1.20335e-26	3.05652e-24	worse
OPYTIMIZER	WDO	5	1000	208	992	1200	1	1	4.67395e-123	1.29936e-120	worse
OPYTIMIZER	LSA	5	1000	1165	35	1200	2.07448e-294	6.05747e-292	1	1	better
OPYTIMIZER	VPSO	5	1000	1153	47	1200	4.94899e-277	1.37087e-274	1	1	better
OPYTIMIZER	SBO	5	1000	1016	184	1200	4.38528e-140	6.79718e-138	1	1	better
OPYTIMIZER	GA	5	1000	1144	56	1200	6.33725e-265	1.66036e-262	1	1	better
OPYTIMIZER	MFO	5	1000	997	203	1200	1.76421e-126	2.54046e-124	1	1	better
OPYTIMIZER	CS	5	1000	1188	12	1200	0	0	1	1	better
OPYTIMIZER	FSO	5	1000	682	518	1200	1.22433e-06	8.81515e-05	0.999999	1	better
OPYTIMIZER	NGHS	5	1000	700	500	1200	4.26768e-09	3.28612e-07	1	1	better
OPYTIMIZER	GCO	5	1000	1082	118	1200	7.99289e-196	1.56661e-193	1	1	better
OPYTIMIZER	TWO	5	1000	1105	95	1200	4.47688e-219	1.01177e-216	1	1	better
OPYTIMIZER	WEO	5	1000	1064	136	1200	3.74597e-179	6.44307e-177	1	1	better
OPYTIMIZER	GWO	5	1000	1079	121	1200	5.86366e-193	1.14341e-190	1	1	better
OPYTIMIZER	SAVPSO	5	1000	1157	43	1200	1.18396e-282	3.32692e-280	1	1	better
OPYTIMIZER	FFOA	5	1000	245	955	1200	1	1	1.30821e-99	3.50599e-97	worse
OPYTIMIZER	AIG	5	1000	1158	42	1200	4.39231e-284	1.24302e-281	1	1	better
OPYTIMIZER	BH	5	1000	851	349	1200	3.95746e-49	3.91788e-47	1	1	better
OPYTIMIZER	CI	5	1000	435	184	619	1.07365e-24	9.126e-23	1	1	better
OPYTIMIZER	SSA	5	1000	1124	76	1200	3.04026e-240	7.44865e-238	1	1	better
OPYTIMIZER	AO	5	1000	647	553	1200	0.0036174	0.249601	0.996962	1	not shown
OPYTIMIZER	MVO	5	1000	301	37	338	7.0995e-53	7.31249e-51	1	1	better
mealpy	LevyTWO	5	1000	748	452	1200	5.68454e-18	4.71817e-16	1	1	better
mealpy	OriginalTLO	5	1000	1139	61	1200	1.7326e-258	4.4701e-256	1	1	better
mealpy	GWO	5	1000	994	206	1200	2.0326e-124	2.86597e-122	1	1	better
mealpy	OriginalBBO	5	1000	951	249	1200	2.90239e-97	3.77311e-95	1	1	better
mealpy	ABFO	5	1000	503	679	1182	1	1	1.70595e-07	4.19663e-05	worse
mealpy	OriginalWHO	5	1000	1068	132	1200	9.42885e-183	1.68776e-180	1	1	better
mealpy	OriginalFFA	5	1000	589	611	1200	0.746631	1	0.272194	1	not shown
mealpy	BaseSARO	5	1000	1138	62	1200	3.18606e-257	8.18816e-255	1	1	better
mealpy	OriginalSMA	5	1000	713	487	1200	3.65858e-11	2.85369e-09	1	1	better
mealpy	SingleGA	5	1000	646	554	1200	0.00429414	0.292002	0.996383	1	not shown
mealpy	OriginalSSDO	5	1000	480	720	1200	1	1	2.22673e-12	5.61136e-10	worse
mealpy	OriginalFPA	5	1000	1140	60	1200	9.26188e-260	2.39883e-257	1	1	better
mealpy	OriginalSSO	5	1000	525	675	1200	0.999994	1	8.29229e-06	0.00201503	worse
mealpy	OriginalMA	5	1000	667	533	1200	6.07551e-05	0.00431361	0.999952	1	better
mealpy	OriginalCEM	5	1000	934	266	1200	1.11378e-87	1.35882e-85	1	1	better
mealpy	OCRO	5	1000	1076	124	1200	3.96144e-190	7.52673e-188	1	1	better
mealpy	OriginalBA	5	1000	25	1175	1200	1	1	2.83723e-310	8.31308e-308	worse
mealpy	OriginalAEO	5	1000	1104	96	1200	5.15861e-218	1.15037e-215	1	1	better
mealpy	OriginalBSO	5	1000	1118	82	1200	2.4142e-233	5.72166e-231	1	1	better
mealpy	OriginalBFO	5	1000	70	1130	1200	1	1	2.31531e-247	6.69124e-245	worse
mealpy	ImprovedSLO	5	1000	1052	148	1200	1.0765e-168	1.79775e-166	1	1	better
mealpy	OriginalLCO	5	1000	1027	173	1200	2.05147e-148	3.30286e-146	1	1	better
mealpy	OriginalHGS	5	1000	997	203	1200	1.76421e-126	2.54046e-124	1	1	better
mealpy	BaseALO	5	1000	943	257	1200	1.12204e-92	1.41377e-90	1	1	better
mealpy	CPSO	5	1000	797	403	1200	1.18046e-30	1.06241e-28	1	1	better
mealpy	OriginalEO	5	1000	1131	69	1200	1.43156e-248	3.56459e-246	1	1	better
mealpy	DE	5	1000	353	847	1200	1	1	1.36538e-47	3.49538e-45	worse
mealpy	ModifiedBA	5	1000	884	316	1200	6.68571e-63	7.42114e-61	1	1	better
mealpy	BaseTLO	5	1000	1142	58	1200	2.51136e-262	6.55464e-260	1	1	better
mealpy	OriginalPFA	5	1000	315	885	1200	1	1	2.38157e-63	6.14446e-61	worse
mealpy	BaseFOA	5	1000	242	958	1200	1	1	2.15686e-101	5.80196e-99	worse
mealpy	OriginalGBO	5	1000	1109	91	1200	2.26397e-223	5.25241e-221	1	1	better
mealpy	TVAC	5	1000	1124	76	1200	3.04026e-240	7.44865e-238	1	1	better
mealpy	BaseFBIO	5	1000	1147	53	1200	6.98302e-269	1.87145e-266	1	1	better
mealpy	ImprovedBSO	5	1000	1036	164	1200	1.71488e-155	2.8124e-153	1	1	better
mealpy	OriginalAO	5	1000	225	975	1200	1	1	6.98668e-112	1.93531e-109	worse
mealpy	BaseGSKA	5	1000	1128	72	1200	5.78976e-245	1.43586e-242	1	1	better
mealpy	BaseLCO	5	1000	1065	135	1200	4.7778e-180	8.31338e-178	1	1	better
mealpy	OriginalSSpiderA	5	1000	510	690	1200	1	1	1.12994e-07	2.80224e-05	worse
mealpy	BaseHS	5	1000	952	248	1200	7.57781e-98	1.00027e-95	1	1	better
mealpy	AdaptiveEO	5	1000	1141	59	1200	4.86568e-261	1.26508e-258	1	1	better
mealpy	OriginalWCA	5	1000	673	84	757	2.65363e-115	3.60894e-113	1	1	better
mealpy	OriginalMRFO	5	1000	1123	77	1200	4.44251e-239	1.07509e-236	1	1	better
mealpy	OriginalEOA	5	1000	802	398	1200	3.6667e-32	3.37337e-30	1	1	better
mealpy	OriginalABC	5	1000	1101	99	1200	7.37961e-215	1.62351e-212	1	1	better
mealpy	ModifiedAEO	5	1000	1089	111	1200	1.1827e-202	2.4127e-200	1	1	better
mealpy	OriginalSFO	5	1000	725	475	1200	2.72251e-13	2.15078e-11	1	1	better
mealpy	BaseBBO	5	1000	903	297	1200	9.67079e-72	1.11214e-69	1	1	better
mealpy	OriginalNMRA	5	1000	1132	68	1200	8.71728e-250	2.18804e-247	1	1	better
mealpy	OriginalACOR	5	1000	1071	129	1200	1.72403e-185	3.13773e-183	1	1	better
mealpy	ImprovedSFO	5	1000	864	336	1200	2.54349e-54	2.64523e-52	1	1	better
mealpy	OriginalCRO	5	1000	925	275	1200	7.48509e-83	8.90726e-81	1	1	better
mealpy	LevyJA	5	1000	1105	95	1200	4.47688e-219	1.01177e-216	1	1	better
mealpy	OriginalHS	5	1000	1090	110	1200	1.20305e-203	2.47828e-201	1	1	better
mealpy	OriginalCSO	5	1000	491	709	1200	1	1	1.68109e-10	4.20272e-08	worse
mealpy	OriginalCOA	5	1000	1016	184	1200	4.38528e-140	6.79718e-138	1	1	better
mealpy	LevyQSA	5	1000	1146	54	1200	1.48466e-267	3.91951e-265	1	1	better
mealpy	OppoQSA	5	1000	1147	53	1200	6.98302e-269	1.87145e-266	1	1	better
mealpy	BaseBRO	5	1000	728	472	1200	7.40476e-14	5.92381e-12	1	1	better
mealpy	OriginalSLO	5	1000	927	273	1200	6.54447e-84	7.85336e-82	1	1	better
mealpy	OriginalMVO	5	1000	1061	139	1200	1.71844e-176	2.92135e-174	1	1	better
mealpy	CLPSO	5	1000	1073	127	1200	2.46901e-187	4.54297e-185	1	1	better
mealpy	OriginalNRO	5	1000	1133	67	1200	5.22672e-251	1.32236e-248	1	1	better
mealpy	BaseSCA	5	1000	986	214	1200	4.94816e-119	6.92743e-117	1	1	better
mealpy	BaseGCO	5	1000	1068	132	1200	9.42885e-183	1.68776e-180	1	1	better
mealpy	OriginalArchOA	5	1000	1069	131	1200	1.16288e-183	2.10482e-181	1	1	better
mealpy	SwarmHC	5	1000	852	348	1200	1.61658e-49	1.61658e-47	1	1	better
mealpy	ImprovedTLO	5	1000	1090	110	1200	1.20305e-203	2.47828e-201	1	1	better
mealpy	OriginalMSA	5	1000	1125	75	1200	2.05178e-241	5.06791e-239	1	1	better
mealpy	WOA	5	1000	1005	195	1200	4.32009e-132	6.43693e-130	1	1	better
mealpy	OriginalIWO	5	1000	1089	111	1200	1.1827e-202	2.4127e-200	1	1	better
mealpy	BaseGA	5	1000	984	216	1200	1.03809e-117	1.43256e-115	1	1	better
mealpy	ModifiedEO	5	1000	1135	65	1200	1.79217e-253	4.55212e-251	1	1	better
mealpy	ImprovedNMRA	5	1000	935	265	1200	3.16259e-88	3.88998e-86	1	1	better
mealpy	BaseCHIO	5	1000	289	911	1200	1	1	1.13769e-75	2.958e-73	worse
mealpy	OriginalHHO	5	1000	952	248	1200	7.57781e-98	1.00027e-95	1	1	better
mealpy	OriginalGWO	5	1000	1055	145	1200	2.90932e-171	4.88766e-169	1	1	better
mealpy	ImprovedQSA	5	1000	1148	52	1200	3.2208e-270	8.66395e-268	1	1	better
mealpy	OriginalFBIO	5	1000	1152	48	1200	1.18991e-275	3.28414e-273	1	1	better
mealpy	OriginalBeesA	5	1000	901	299	1200	8.87909e-71	1.01222e-68	1	1	better
mealpy	BaseEFO	5	1000	1116	84	1200	4.33323e-231	1.01397e-228	1	1	better
mealpy	OriginalSA	5	1000	1123	77	1200	4.44251e-239	1.07509e-236	1	1	better
mealpy	OriginalHC	5	1000	190	1010	1200	1	1	1.10347e-135	3.10074e-133	worse
mealpy	OriginalSHO	5	1000	801	399	1200	7.39716e-32	6.73141e-30	1	1	better
mealpy	JADE	5	1000	1150	50	1200	6.45201e-273	1.74849e-270	1	1	better
mealpy	OriginalCA	5	1000	780	420	1200	7.92097e-26	6.89124e-24	1	1	better
mealpy	EnhancedTWO	5	1000	1022	178	1200	1.38412e-144	2.18691e-142	1	1	better
mealpy	BaseSSA	5	1000	949	251	1200	4.19378e-96	5.36804e-94	1	1	better
mealpy	OriginalAOA	5	1000	136	1064	1200	1	1	3.74597e-179	1.0676e-176	worse
mealpy	OriginalQSA	5	1000	1149	51	1200	1.45624e-271	3.93186e-269	1	1	better
mealpy	OriginalGOA	5	1000	1114	86	1200	7.3916e-229	1.72224e-226	1	1	better
mealpy	EnhancedAEO	5	1000	1067	133	1200	7.58052e-182	1.33417e-179	1	1	better
mealpy	OriginalGSKA	5	1000	1108	92	1200	2.73197e-222	6.31085e-220	1	1	better
mealpy	PPSO	5	1000	1032	168	1200	2.56951e-152	4.16261e-150	1	1	better
mealpy	OriginalCGO	5	1000	1106	94	1200	3.8413e-220	8.71976e-218	1	1	better
mealpy	OriginalHGSO	5	1000	729	471	1200	4.76478e-14	3.85947e-12	1	1	better
mealpy	OriginalSBO	5	1000	1000	200	1200	1.45191e-128	2.13431e-126	1	1	better
mealpy	OppoTWO	5	1000	840	359	1200	3.44391e-45	3.27172e-43	1	1	better
mealpy	OriginalASO	5	1000	62	1138	1200	1	1	3.18606e-257	9.30328e-255	worse
mealpy	ModifiedSLO	5	1000	939	261	1200	1.95877e-90	2.42888e-88	1	1	better
mealpy	BaseVCS	5	1000	1138	62	1200	3.18606e-257	8.18816e-255	1	1	better
mealpy	LSHADE	5	1000	1160	40	1200	5.61541e-287	1.60601e-284	1	1	better
mealpy	OriginalEFO	5	1000	695	505	1200	2.28912e-08	1.71684e-06	1	1	better
mealpy	OriginalJA	5	1000	559	641	1200	0.99173	1	0.00966784	1	not shown
mealpy	OriginalGCO	5	1000	1044	156	1200	5.43514e-162	8.96798e-160	1	1	better
mealpy	OriginalPSS	5	1000	1107	93	1200	3.25833e-221	7.49416e-219	1	1	better
mealpy	OriginalEHO	5	1000	858	342	1200	6.89987e-52	7.03786e-50	1	1	better
mealpy	OriginalSSA	5	1000	896	304	1200	2.09882e-68	2.37166e-66	1	1	better
mealpy	OriginalSCA	5	1000	962	238	1200	8.41928e-104	1.12818e-101	1	1	better
mealpy	OriginalBES	5	1000	1061	139	1200	1.71844e-176	2.92135e-174	1	1	better
mealpy	BaseSBO	5	1000	1007	193	1200	1.60853e-133	2.42889e-131	1	1	better
mealpy	BaseJA	5	1000	1004	196	1200	2.21841e-131	3.28324e-129	1	1	better
mealpy	OriginalSARO	5	1000	1158	42	1200	4.39231e-284	1.24302e-281	1	1	better
mealpy	OriginalSRSR	5	1000	1096	104	1200	1.07796e-209	2.27449e-207	1	1	better
mealpy	OriginalTWO	5	1000	1097	103	1200	1.02082e-210	2.16414e-208	1	1	better
mealpy	OriginalWDO	5	1000	416	784	1200	1	1	6.37434e-27	1.62546e-24	worse
mealpy	AugmentedAEO	5	1000	1000	200	1200	1.45191e-128	2.13431e-126	1	1	better
mealpy	OriginalWOA	5	1000	1013	187	1200	7.15683e-138	1.08784e-135	1	1	better
mealpy	SADE	5	1000	1151	49	1200	2.80013e-274	7.67237e-272	1	1	better
mealpy	OriginalBRO	5	1000	278	922	1200	1	1	2.79498e-81	7.32285e-79	worse
mealpy	OriginalSSpiderO	5	1000	485	715	1200	1	1	1.67247e-11	4.19789e-09	worse
mealpy	ProbBeesA	5	1000	497	703	1200	1	1	1.4966e-09	3.72653e-07	worse
mealpy	OriginalFA	5	1000	512	688	1200	1	1	2.09097e-07	5.12287e-05	worse
mealpy	OriginalCSA	5	1000	283	917	1200	1	1	1.06223e-78	2.77241e-76	worse
mealpy	OriginalALO	5	1000	950	250	1200	1.10605e-96	1.4268e-94	1	1	better
mealpy	OriginalDO	5	1000	559	641	1200	0.99173	1	0.00966784	1	not shown
mealpy	OriginalCHIO	5	1000	510	690	1200	1	1	1.12994e-07	2.80224e-05	worse
mealpy	OriginalBSA	5	1000	1069	131	1200	1.16288e-183	2.10482e-181	1	1	better
mealpy	LevyEP	5	1000	1120	80	1200	1.27682e-235	3.05159e-233	1	1	better
mealpy	OriginalICA	5	1000	634	53	687	1.15813e-127	1.67929e-125	1	1	better
mealpy	ImprovedLCO	5	1000	923	277	1200	8.4014e-82	9.91366e-80	1	1	better
mealpy	OriginalMFO	5	1000	241	959	1200	1	1	5.43331e-102	1.46699e-99	worse
mealpy	ImprovedAEO	5	1000	1094	106	1200	1.1649e-207	2.43465e-205	1	1	better
mealpy	OriginalVCS	5	1000	911	289	1200	1.13769e-75	1.31972e-73	1	1	better
mealpy	AdaptiveBA	5	1000	155	1045	1200	1	1	8.10326e-163	2.30132e-160	worse
mealpy	MultiGA	5	1000	734	466	1200	4.99197e-15	4.09341e-13	1	1	better
mealpy	OriginalES	5	1000	1118	82	1200	2.4142e-233	5.72166e-231	1	1	better
mealpy	LevyES	5	1000	1154	46	1200	2.01373e-278	5.61831e-276	1	1	better
mealpy	OriginalEP	5	1000	616	584	1200	0.185425	1	0.829609	1	not shown
mealpy	BaseSMA	5	1000	1078	122	1200	5.19199e-192	1.00725e-189	1	1	better
mealpy	OriginalPSO	5	1000	204	996	1200	1	1	8.63517e-126	2.40921e-123	worse
mealpy	FBUDGETSHADE	5	1000	1154	46	1200	2.01373e-278	5.61831e-276	1	1	better
mealpy	OriginalFOA	5	1000	230	970	1200	1	1	9.97194e-109	2.74228e-106	worse
mealpy	BaseQSA	5	1000	1147	53	1200	6.98302e-269	1.87145e-266	1	1	better
mealpy	BaseMFO	5	1000	1088	112	1200	1.15126e-201	2.32554e-199	1	1	better
mealpy	BaseDE	5	1000	1133	67	1200	5.22672e-251	1.32236e-248	1	1	better
mealpy	WhaleFOA	5	1000	227	973	1200	1	1	1.29755e-110	3.58124e-108	worse
Baselines	DE	5	1000	1123	76	1200	5.69579e-240	4.55663e-239	1	1	better
Baselines	RCobyla	5	1000	936	264	1200	8.9369e-89	4.46845e-88	1	1	better
Baselines	PSO	5	1000	184	1001	1200	1	1	1.16849e-136	1.28534e-135	worse
Baselines	DiagonalCMA	5	1000	1090	110	1200	1.20305e-203	7.21828e-203	1	1	better
Baselines	modcma	5	1000	1119	81	1200	1.76729e-234	1.23711e-233	1	1	better
Baselines	modde	5	1000	1133	67	1200	5.22672e-251	4.70404e-250	1	1	better
Baselines	OnePlusOne	5	1000	851	349	1200	3.95746e-49	7.91491e-49	1	1	better
Baselines	Powell	5	1000	884	316	1200	6.68571e-63	2.00571e-62	1	1	better
Baselines	MultiBFGS	5	1000	923	277	1200	8.4014e-82	3.36056e-81	1	1	better
Baselines	lshade	5	1000	1142	58	1200	2.51136e-262	2.51136e-261	1	1	better
Baselines	bipop	5	1000	1155	45	1200	8.01255e-280	8.81381e-279	1	1	better
EVOLOPY	DE	5	5000	1133	67	1200	5.22672e-251	1.33804e-248	1	1	better
EVOLOPY	JAYA	5	5000	991	209	1200	2.22187e-122	3.26614e-120	1	1	better
EVOLOPY	PSO	5	5000	1041	159	1200	1.56963e-159	2.63698e-157	1	1	better
EVOLOPY	WOA	5	5000	931	269	1200	4.72665e-86	6.05011e-84	1	1	better
EVOLOPY	FFA	5	5000	1130	70	1200	2.31531e-247	5.88088e-245	1	1	better
EVOLOPY	BAT	5	5000	557	643	1200	0.994004	1	0.00705216	1	not shown
EVOLOPY	MVO	5	5000	1122	78	1200	6.40261e-238	1.56864e-235	1	1	better
EVOLOPY	HHO	5	5000	841	359	1200	2.45487e-45	2.38122e-43	1	1	better
EVOLOPY	SCA	5	5000	1028	172	1200	3.44768e-149	5.65419e-147	1	1	better
EVOLOPY	GA	5	5000	857	72	929	1.1601e-171	2.03017e-169	1	1	better
EVOLOPY	MFO	5	5000	992	208	1200	4.67395e-123	6.91745e-121	1	1	better
EVOLOPY	CS	5	5000	1183	17	1200	0	0	1	1	better
EVOLOPY	GWO	5	5000	1062	138	1200	2.24644e-177	4.15592e-175	1	1	better
EVOLOPY	SSA	5	5000	1117	83	1200	3.25527e-232	7.68243e-230	1	1	better
NIAPY	DynamicFireworksAlgorithm	5	5000	1113	87	1200	9.47456e-228	2.17915e-225	1	1	better
NIAPY	HarmonySearch	5	5000	1088	112	1200	1.15126e-201	2.32554e-199	1	1	better
NIAPY	EvolutionStrategyMp1	5	5000	1056	144	1200	3.98984e-172	7.18171e-170	1	1	better
NIAPY	MonarchButterflyOptimization	5	5000	333	867	1200	1	1	1.46096e-55	3.72544e-53	worse
NIAPY	CenterParticleSwarmOptimization	5	5000	1055	145	1200	2.90932e-171	5.06222e-169	1	1	better
NIAPY	DynNpDifferentialEvolution	5	5000	691	509	1200	8.26523e-08	6.94279e-06	1	1	better
NIAPY	CamelAlgorithm	5	5000	1010	190	1200	1.10347e-135	1.72141e-133	1	1	better
NIAPY	BatAlgorithm	5	5000	730	470	1200	3.0555e-14	2.68884e-12	1	1	better
NIAPY	GlowwormSwarmOptimization	5	5000	174	1026	1200	1	1	1.21249e-147	3.3101e-145	worse
NIAPY	BareBonesFireworksAlgorithm	5	5000	801	399	1200	7.39716e-32	6.87936e-30	1	1	better
NIAPY	CuckooSearch	5	5000	1186	14	1200	0	0	1	1	better
NIAPY	GeneticAlgorithm	5	5000	587	613	1200	0.782128	1	0.235251	1	not shown
NIAPY	ParticleSwarmAlgorithm	5	5000	1137	63	1200	5.76077e-256	1.48628e-253	1	1	better
NIAPY	MonkeyKingEvolutionV3	5	5000	418	782	1200	1	1	2.26344e-26	5.59069e-24	worse
NIAPY	MonkeyKingEvolutionV2	5	5000	1149	51	1200	1.45624e-271	3.94642e-269	1	1	better
NIAPY	SineCosineAlgorithm	5	5000	2	1198	1200	1	1	0	0	worse
NIAPY	EvolutionStrategy1p1	5	5000	857	343	1200	1.73062e-51	1.76523e-49	1	1	better
NIAPY	HarrisHawksOptimization	5	5000	1111	89	1200	1.50037e-225	3.40585e-223	1	1	better
NIAPY	ParticleSwarmOptimization	5	5000	581	619	1200	0.869886	1	0.142736	1	not shown
NIAPY	ForestOptimizationAlgorithm	5	5000	1076	124	1200	3.96144e-190	7.76442e-188	1	1	better
NIAPY	EnhancedFireworksAlgorithm	5	5000	1099	101	1200	8.86823e-213	1.88007e-210	1	1	better
NIAPY	MultiStrategyDifferentialEvolution	5	5000	1080	120	1200	6.56188e-194	1.29269e-191	1	1	better
NIAPY	MutatedParticleSwarmOptimization	5	5000	1090	110	1200	1.20305e-203	2.44219e-201	1	1	better
NIAPY	ComprehensiveLearningParticleSwarmOptimizer	5	5000	1169	31	1200	1.39804e-300	4.01238e-298	1	1	better
NIAPY	KrillHerd	5	5000	96	1104	1200	1	1	5.15861e-218	1.47536e-215	worse
NIAPY	FishSchoolSearch	5	5000	999	201	1200	7.23426e-128	1.09237e-125	1	1	better
NIAPY	MutatedCenterUnifiedParticleSwarmOptimization	5	5000	1115	85	1200	5.6952e-230	1.33268e-227	1	1	better
NIAPY	MutatedCenterParticleSwarmOptimization	5	5000	1110	90	1200	1.85408e-224	4.17169e-222	1	1	better
NIAPY	GlowwormSwarmOptimizationV2	5	5000	170	1030	1200	1	1	9.54162e-151	2.6144e-148	worse
NIAPY	CatSwarmOptimization	5	5000	1094	106	1200	1.1649e-207	2.41135e-205	1	1	better
NIAPY	DifferentialEvolution	5	5000	1122	78	1200	6.40261e-238	1.56864e-235	1	1	better
NIAPY	FireworksAlgorithm	5	5000	1113	87	1200	9.47456e-228	2.17915e-225	1	1	better
NIAPY	MothFlameOptimizer	5	5000	175	1025	1200	1	1	7.11841e-147	1.93621e-144	worse
NIAPY	DynNpMultiStrategyDifferentialEvolution	5	5000	1050	150	1200	5.33887e-167	9.12946e-165	1	1	better
NIAPY	EvolutionStrategyML	5	5000	1074	126	1200	2.91616e-188	5.65734e-186	1	1	better
NIAPY	GreyWolfOptimizer	5	5000	1082	118	1200	7.99289e-196	1.58259e-193	1	1	better
NIAPY	HarmonySearchV1	5	5000	1064	136	1200	3.74597e-179	7.00496e-177	1	1	better
NIAPY	BeesAlgorithm	5	5000	1122	78	1200	6.40261e-238	1.56864e-235	1	1	better
NIAPY	GlowwormSwarmOptimizationV1	5	5000	179	1021	1200	1	1	7.91361e-144	2.14459e-141	worse
NIAPY	GlowwormSwarmOptimizationV3	5	5000	179	1021	1200	1	1	7.91361e-144	2.14459e-141	worse
NIAPY	LionOptimizationAlgorithm	5	5000	1074	126	1200	2.91616e-188	5.65734e-186	1	1	better
NIAPY	ArtificialBeeColonyAlgorithm	5	5000	1142	58	1200	2.51136e-262	6.60487e-260	1	1	better
NIAPY	AgingNpDifferentialEvolution	5	5000	867	333	1200	1.46096e-55	1.56322e-53	1	1	better
NIAPY	OppositionVelocityClampingParticleSwarmOptimization	5	5000	503	697	1200	1	1	1.18092e-08	2.78696e-06	worse
NIAPY	CoralReefsOptimization	5	5000	282	918	1200	1	1	3.26793e-79	8.49662e-77	worse
NIAPY	BacterialForagingOptimization	5	5000	1022	178	1200	1.38412e-144	2.22843e-142	1	1	better
NIAPY	DynamicFireworksAlgorithmGauss	5	5000	1102	98	1200	6.62242e-216	1.44369e-213	1	1	better
NIAPY	ClonalSelectionAlgorithm	5	5000	107	1093	1200	1	1	1.19235e-206	3.37436e-204	worse
NIAPY	GravitationalSearchAlgorithm	5	5000	135	1065	1200	1	1	4.7778e-180	1.33778e-177	worse
NIAPY	MonkeyKingEvolutionV1	5	5000	1088	112	1200	1.15126e-201	2.32554e-199	1	1	better
NIAPY	EvolutionStrategyMpL	5	5000	1119	81	1200	1.76729e-234	4.18849e-232	1	1	better
NIAPY	FireflyAlgorithm	5	5000	1097	103	1200	1.02082e-210	2.12331e-208	1	1	better
NIAPY	FlowerPollinationAlgorithm	5	5000	1176	24	1200	6.02618e-312	1.75965e-309	1	1	better
OPYTIMIZER	SA	5	5000	973	227	1200	1.29755e-110	1.82955e-108	1	1	better
OPYTIMIZER	GOGHS	5	5000	882	318	1200	5.20166e-62	5.82586e-60	1	1	better
OPYTIMIZER	QSA	5	5000	1150	50	1200	6.45201e-273	1.7614e-270	1	1	better
OPYTIMIZER	SGHS	5	5000	851	349	1200	3.95746e-49	3.95746e-47	1	1	better
OPYTIMIZER	DE	5	5000	1091	109	1200	1.21162e-204	2.4717e-202	1	1	better
OPYTIMIZER	RFO	5	5000	1099	101	1200	8.86823e-213	1.88007e-210	1	1	better
OPYTIMIZER	PPA	5	5000	866	334	1200	3.80213e-55	4.03026e-53	1	1	better
OPYTIMIZER	EHO	5	5000	1067	133	1200	7.58052e-182	1.43272e-179	1	1	better
OPYTIMIZER	AEO	5	5000	1124	76	1200	3.04026e-240	7.50945e-238	1	1	better
OPYTIMIZER	ABO	5	5000	1167	33	1200	1.81091e-297	5.17921e-295	1	1	better
OPYTIMIZER	GHS	5	5000	888	311	1200	5.44604e-65	6.20849e-63	1	1	better
OPYTIMIZER	PVS	5	5000	834	366	1200	8.75975e-43	8.32176e-41	1	1	better
OPYTIMIZER	BWO	5	5000	583	617	1200	0.84384	1	0.170391	1	not shown
OPYTIMIZER	PSO	5	5000	1071	129	1200	1.72403e-185	3.29289e-183	1	1	better
OPYTIMIZER	BSO	5	5000	870	330	1200	8.08475e-57	8.73153e-55	1	1	better
OPYTIMIZER	CSA	5	5000	691	509	1200	8.26523e-08	6.94279e-06	1	1	better
OPYTIMIZER	SSO	5	5000	438	762	1200	1	1	3.25632e-21	7.91286e-19	worse
OPYTIMIZER	WOA	5	5000	1056	144	1200	3.98984e-172	7.18171e-170	1	1	better
OPYTIMIZER	BA	5	5000	719	481	1200	3.35552e-12	2.91931e-10	1	1	better
OPYTIMIZER	HS	5	5000	898	302	1200	2.38936e-69	2.81944e-67	1	1	better
OPYTIMIZER	JS	5	5000	677	523	1200	4.87963e-06	0.00040013	0.999996	1	better
OPYTIMIZER	SOS	5	5000	1144	56	1200	6.33725e-265	1.67303e-262	1	1	better
OPYTIMIZER	GS	5	5000	0	1200	1200	1	1	0	0	worse
OPYTIMIZER	EFO	5	5000	994	206	1200	2.0326e-124	3.02858e-122	1	1	better
OPYTIMIZER	GSA	5	5000	109	1091	1200	1	1	1.21162e-204	3.41676e-202	worse
OPYTIMIZER	ESA	5	5000	407	793	1200	1	1	1.77526e-29	4.45591e-27	worse
OPYTIMIZER	BOA	5	5000	26	507	533	1	1	3.92578e-117	1.04426e-114	worse
OPYTIMIZER	HC	5	5000	234	966	1200	1	1	3.02285e-106	7.9501e-104	worse
OPYTIMIZER	ABC	5	5000	1074	92	1166	3.00424e-213	6.39902e-211	1	1	better
OPYTIMIZER	RRA	5	5000	944	256	1200	3.04908e-93	3.93331e-91	1	1	better
OPYTIMIZER	NDS	5	5000	0	1200	1200	1	1	0	0	worse
OPYTIMIZER	NBJS	5	5000	651	549	1200	0.00176628	0.13777	0.998535	1	not shown
OPYTIMIZER	SSD	5	5000	161	1039	1200	1	1	6.61411e-158	1.81888e-155	worse
OPYTIMIZER	CEM	5	5000	420	780	1200	1	1	7.92097e-26	1.94856e-23	worse
OPYTIMIZER	AOA	5	5000	497	703	1200	1	1	1.4966e-09	3.5619e-07	worse
OPYTIMIZER	MRFO	5	5000	1158	42	1200	4.39231e-284	1.22985e-281	1	1	better
OPYTIMIZER	ASO	5	5000	56	1144	1200	1	1	6.33725e-265	1.84414e-262	worse
OPYTIMIZER	SFO	5	5000	382	818	1200	1	1	2.92164e-37	7.39175e-35	worse
OPYTIMIZER	IHS	5	5000	864	336	1200	2.54349e-54	2.64523e-52	1	1	better
OPYTIMIZER	COA	5	5000	1172	28	1200	2.34187e-305	6.768e-303	1	1	better
OPYTIMIZER	GOA	5	5000	1061	139	1200	1.71844e-176	3.14475e-174	1	1	better
OPYTIMIZER	STOA	5	5000	118	1082	1200	1	1	7.99289e-196	2.246e-193	worse
OPYTIMIZER	MVPA	5	5000	850	350	1200	9.64912e-49	9.55263e-47	1	1	better
OPYTIMIZER	ES	5	5000	1027	173	1200	2.05147e-148	3.32338e-146	1	1	better
OPYTIMIZER	AIWPSO	5	5000	982	218	1200	2.12933e-116	3.06624e-114	1	1	better
OPYTIMIZER	ISA	5	5000	154	1046	1200	1	1	1.19923e-163	3.30987e-161	worse
OPYTIMIZER	EO	5	5000	1133	67	1200	5.22672e-251	1.33804e-248	1	1	better
OPYTIMIZER	AF	5	5000	16	1029	1045	1	1	2.32043e-280	6.77566e-278	worse
OPYTIMIZER	DOA	5	5000	1149	51	1200	1.45624e-271	3.94642e-269	1	1	better
OPYTIMIZER	PIO	5	5000	641	559	1200	0.00966784	0.744424	0.99173	1	not shown
OPYTIMIZER	HHO	5	5000	1062	138	1200	2.24644e-177	4.15592e-175	1	1	better
OPYTIMIZER	BSA	5	5000	1038	162	1200	4.24759e-157	7.05099e-155	1	1	better
OPYTIMIZER	TEO	5	5000	513	664	1177	0.999995	1	5.9922e-06	0.00140217	worse
OPYTIMIZER	FA	5	5000	91	1109	1200	1	1	2.26397e-223	6.52024e-221	worse
OPYTIMIZER	WWO	5	5000	1129	71	1200	3.68862e-246	9.3322e-244	1	1	better
OPYTIMIZER	IWO	5	5000	972	228	1200	5.54649e-110	7.76508e-108	1	1	better
OPYTIMIZER	KH	5	5000	1039	161	1200	6.61411e-158	1.10456e-155	1	1	better
OPYTIMIZER	FOA	5	5000	1042	158	1200	2.39201e-160	4.0425e-158	1	1	better
OPYTIMIZER	RPSO	5	5000	1125	75	1200	2.05178e-241	5.08842e-239	1	1	better
OPYTIMIZER	SCA	5	5000	409	791	1200	1	1	6.73357e-29	1.67666e-26	worse
OPYTIMIZER	OSA	5	5000	361	839	1200	1	1	1.3423e-44	3.40944e-42	worse
OPYTIMIZER	WDO	5	5000	149	1051	1200	1	1	7.61007e-168	2.12321e-165	worse
OPYTIMIZER	LSA	5	5000	1129	71	1200	3.68862e-246	9.3322e-244	1	1	better
OPYTIMIZER	VPSO	5	5000	1105	95	1200	4.47688e-219	9.98344e-217	1	1	better
OPYTIMIZER	SBO	5	5000	947	253	1200	5.93923e-95	7.83978e-93	1	1	better
OPYTIMIZER	GA	5	5000	1114	86	1200	7.3916e-229	1.70746e-226	1	1	better
OPYTIMIZER	MFO	5	5000	877	323	1200	8.15275e-60	8.8865e-58	1	1	better
OPYTIMIZER	CS	5	5000	1190	10	1200	0	0	1	1	better
OPYTIMIZER	FSO	5	5000	603	597	1200	0.442621	1	0.580065	1	not shown
OPYTIMIZER	NGHS	5	5000	513	687	1200	1	1	2.83038e-07	6.65138e-05	worse
OPYTIMIZER	GCO	5	5000	1057	143	1200	5.42881e-173	9.82614e-171	1	1	better
OPYTIMIZER	TWO	5	5000	1018	182	1200	1.42224e-141	2.26136e-139	1	1	better
OPYTIMIZER	WEO	5	5000	1152	48	1200	1.18991e-275	3.27224e-273	1	1	better
OPYTIMIZER	GWO	5	5000	974	226	1200	3.0191e-111	4.28712e-109	1	1	better
OPYTIMIZER	SAVPSO	5	5000	1138	62	1200	3.18606e-257	8.25189e-255	1	1	better
OPYTIMIZER	FFOA	5	5000	152	1048	1200	1	1	2.5686e-165	7.1407e-163	worse
OPYTIMIZER	AIG	5	5000	1177	23	1200	1.2277e-313	3.59717e-311	1	1	better
OPYTIMIZER	BH	5	5000	790	410	1200	1.30418e-28	1.18681e-26	1	1	better
OPYTIMIZER	CI	5	5000	308	311	619	0.563856	1	0.467969	1	not shown
OPYTIMIZER	SSA	5	5000	1145	55	1200	3.09647e-266	8.2366e-264	1	1	better
OPYTIMIZER	AO	5	5000	436	764	1200	1	1	1.05919e-21	2.58442e-19	worse
OPYTIMIZER	MVO	5	5000	296	42	338	1.69829e-48	1.66432e-46	1	1	better
mealpy	LevyTWO	5	5000	1084	116	1200	9.37822e-198	1.87564e-195	1	1	better
mealpy	OriginalTLO	5	5000	1150	50	1200	6.45201e-273	1.7614e-270	1	1	better
mealpy	GWO	5	5000	918	282	1200	3.26793e-79	4.05223e-77	1	1	better
mealpy	OriginalBBO	5	5000	909	291	1200	1.12235e-74	1.35804e-72	1	1	better
mealpy	ABFO	5	5000	526	656	1182	0.999932	1	8.64525e-05	0.020057	worse
mealpy	OriginalWHO	5	5000	1084	116	1200	9.37822e-198	1.87564e-195	1	1	better
mealpy	OriginalFFA	5	5000	749	451	1200	3.4125e-18	3.03713e-16	1	1	better
mealpy	BaseSARO	5	5000	1145	55	1200	3.09647e-266	8.2366e-264	1	1	better
mealpy	OriginalSMA	5	5000	946	254	1200	2.21838e-94	2.90608e-92	1	1	better
mealpy	SingleGA	5	5000	401	799	1200	1	1	2.97706e-31	7.5022e-29	worse
mealpy	OriginalSSDO	5	5000	469	731	1200	1	1	1.95265e-14	4.7059e-12	worse
mealpy	OriginalFPA	5	5000	1175	25	1200	2.83723e-310	8.25633e-308	1	1	better
mealpy	OriginalSSO	5	5000	407	793	1200	1	1	1.77526e-29	4.45591e-27	worse
mealpy	OriginalMA	5	5000	660	540	1200	0.000293209	0.0231635	0.999764	1	better
mealpy	OriginalCEM	5	5000	925	275	1200	7.48509e-83	9.50607e-81	1	1	better
mealpy	OCRO	5	5000	1110	90	1200	1.85408e-224	4.17169e-222	1	1	better
mealpy	OriginalBA	5	5000	11	1189	1200	1	1	0	0	worse
mealpy	OriginalAEO	5	5000	1054	146	1200	2.10491e-170	3.62044e-168	1	1	better
mealpy	OriginalBSO	5	5000	1111	89	1200	1.50037e-225	3.40585e-223	1	1	better
mealpy	OriginalBFO	5	5000	77	1123	1200	1	1	4.44251e-239	1.28389e-236	worse
mealpy	ImprovedSLO	5	5000	981	219	1200	9.56321e-116	1.36754e-113	1	1	better
mealpy	OriginalLCO	5	5000	892	308	1200	1.53645e-66	1.76692e-64	1	1	better
mealpy	OriginalHGS	5	5000	905	295	1200	1.03469e-72	1.23128e-70	1	1	better
mealpy	BaseALO	5	5000	906	294	1200	3.36178e-73	4.03413e-71	1	1	better
mealpy	CPSO	5	5000	661	539	1200	0.000236413	0.0189131	0.99981	1	better
mealpy	OriginalEO	5	5000	1121	79	1200	9.10264e-237	2.18463e-234	1	1	better
mealpy	DE	5	5000	290	910	1200	1	1	3.58146e-75	9.24018e-73	worse
mealpy	ModifiedBA	5	5000	894	306	1200	1.81152e-67	2.10136e-65	1	1	better
mealpy	BaseTLO	5	5000	1141	59	1200	4.86568e-261	1.27481e-258	1	1	better
mealpy	OriginalPFA	5	5000	250	950	1200	1	1	1.10605e-96	2.89785e-94	worse
mealpy	BaseFOA	5	5000	213	987	1200	1	1	1.07117e-119	2.86004e-117	worse
mealpy	OriginalGBO	5	5000	1116	84	1200	4.33323e-231	1.01831e-228	1	1	better
mealpy	TVAC	5	5000	1120	80	1200	1.27682e-235	3.05159e-233	1	1	better
mealpy	BaseFBIO	5	5000	1164	36	1200	6.71935e-293	1.91502e-290	1	1	better
mealpy	ImprovedBSO	5	5000	1021	179	1200	7.91361e-144	1.26618e-141	1	1	better
mealpy	OriginalAO	5	5000	220	980	1200	1	1	4.27115e-115	1.13186e-112	worse
mealpy	BaseGSKA	5	5000	1140	60	1200	9.26188e-260	2.41735e-257	1	1	better
mealpy	BaseLCO	5	5000	1004	196	1200	2.21841e-131	3.37198e-129	1	1	better
mealpy	OriginalSSpiderA	5	5000	432	768	1200	1	1	1.07367e-22	2.63048e-20	worse
mealpy	BaseHS	5	5000	924	276	1200	2.51358e-82	3.16711e-80	1	1	better
mealpy	AdaptiveEO	5	5000	1126	74	1200	1.36526e-242	3.39949e-240	1	1	better
mealpy	OriginalWCA	5	5000	656	101	757	9.38219e-101	1.24783e-98	1	1	better
mealpy	OriginalMRFO	5	5000	1074	126	1200	2.91616e-188	5.65734e-186	1	1	better
mealpy	OriginalEOA	5	5000	880	320	1200	3.97863e-61	4.41628e-59	1	1	better
mealpy	OriginalABC	5	5000	1104	96	1200	5.15861e-218	1.14005e-215	1	1	better
mealpy	ModifiedAEO	5	5000	1018	182	1200	1.42224e-141	2.26136e-139	1	1	better
mealpy	OriginalSFO	5	5000	499	701	1200	1	1	3.0196e-09	7.15646e-07	worse
mealpy	BaseBBO	5	5000	879	320	1200	5.83908e-61	6.42299e-59	1	1	better
mealpy	OriginalNMRA	5	5000	1146	54	1200	1.48466e-267	3.9789e-265	1	1	better
mealpy	OriginalACOR	5	5000	1056	144	1200	3.98984e-172	7.18171e-170	1	1	better
mealpy	ImprovedSFO	5	5000	639	561	1200	0.0130942	0.995156	0.988732	1	not shown
mealpy	OriginalCRO	5	5000	946	254	1200	2.21838e-94	2.90608e-92	1	1	better
mealpy	LevyJA	5	5000	1098	102	1200	9.56554e-212	2.00876e-209	1	1	better
mealpy	OriginalHS	5	5000	1069	131	1200	1.16288e-183	2.20948e-181	1	1	better
mealpy	OriginalCSO	5	5000	539	661	1200	0.99981	1	0.000236413	0.0546115	not shown
mealpy	OriginalCOA	5	5000	1104	96	1200	5.15861e-218	1.14005e-215	1	1	better
mealpy	LevyQSA	5	5000	1162	38	1200	6.48141e-290	1.82776e-287	1	1	better
mealpy	OppoQSA	5	5000	1153	47	1200	4.94899e-277	1.37087e-274	1	1	better
mealpy	BaseBRO	5	5000	608	592	1200	0.332512	1	0.688188	1	not shown
mealpy	OriginalSLO	5	5000	799	401	1200	2.97706e-31	2.7389e-29	1	1	better
mealpy	OriginalMVO	5	5000	1060	140	1200	1.30393e-175	2.37315e-173	1	1	better
mealpy	CLPSO	5	5000	1124	76	1200	3.04026e-240	7.50945e-238	1	1	better
mealpy	OriginalNRO	5	5000	1164	36	1200	6.71935e-293	1.91502e-290	1	1	better
mealpy	BaseSCA	5	5000	1031	169	1200	1.57118e-151	2.59245e-149	1	1	better
mealpy	BaseGCO	5	5000	1014	186	1200	1.31797e-138	2.06921e-136	1	1	better
mealpy	OriginalArchOA	5	5000	1028	172	1200	3.44768e-149	5.65419e-147	1	1	better
mealpy	SwarmHC	5	5000	1100	100	1200	8.13378e-214	1.74876e-211	1	1	better
mealpy	ImprovedTLO	5	5000	987	213	1200	1.07117e-119	1.56391e-117	1	1	better
mealpy	OriginalMSA	5	5000	1100	100	1200	8.13378e-214	1.74876e-211	1	1	better
mealpy	WOA	5	5000	997	203	1200	1.76421e-126	2.64631e-124	1	1	better
mealpy	OriginalIWO	5	5000	1075	125	1200	3.414e-189	6.6573e-187	1	1	better
mealpy	BaseGA	5	5000	957	242	1200	3.445e-101	4.6163e-99	1	1	better
mealpy	ModifiedEO	5	5000	1122	78	1200	6.40261e-238	1.56864e-235	1	1	better
mealpy	ImprovedNMRA	5	5000	859	341	1200	2.73975e-52	2.82194e-50	1	1	better
mealpy	BaseCHIO	5	5000	297	903	1200	1	1	9.67079e-72	2.48539e-69	worse
mealpy	OriginalHHO	5	5000	916	284	1200	3.43685e-78	4.22733e-76	1	1	better
mealpy	OriginalGWO	5	5000	1007	193	1200	1.60853e-133	2.46106e-131	1	1	better
mealpy	ImprovedQSA	5	5000	1161	39	1200	1.9329e-288	5.43145e-286	1	1	better
mealpy	OriginalFBIO	5	5000	1163	37	1200	2.1158e-291	5.98772e-289	1	1	better
mealpy	OriginalBeesA	5	5000	1146	54	1200	1.48466e-267	3.9789e-265	1	1	better
mealpy	BaseEFO	5	5000	1102	98	1200	6.62242e-216	1.44369e-213	1	1	better
mealpy	OriginalSA	5	5000	1094	106	1200	1.1649e-207	2.41135e-205	1	1	better
mealpy	OriginalHC	5	5000	152	1048	1200	1	1	2.5686e-165	7.1407e-163	worse
mealpy	OriginalSHO	5	5000	764	436	1200	1.05919e-21	9.5327e-20	1	1	better
mealpy	JADE	5	5000	1152	48	1200	1.18991e-275	3.27224e-273	1	1	better
mealpy	OriginalCA	5	5000	607	593	1200	0.353735	1	0.667488	1	not shown
mealpy	EnhancedTWO	5	5000	1122	78	1200	6.40261e-238	1.56864e-235	1	1	better
mealpy	BaseSSA	5	5000	865	335	1200	9.85426e-55	1.0347e-52	1	1	better
mealpy	OriginalAOA	5	5000	102	1098	1200	1	1	9.56554e-212	2.72618e-209	worse
mealpy	OriginalQSA	5	5000	1140	60	1200	9.26188e-260	2.41735e-257	1	1	better
mealpy	OriginalGOA	5	5000	1092	108	1200	1.20805e-205	2.4765e-203	1	1	better
mealpy	EnhancedAEO	5	5000	1008	192	1200	3.07535e-134	4.7668e-132	1	1	better
mealpy	OriginalGSKA	5	5000	1115	85	1200	5.6952e-230	1.33268e-227	1	1	better
mealpy	PPSO	5	5000	916	284	1200	3.43685e-78	4.22733e-76	1	1	better
mealpy	OriginalCGO	5	5000	1056	144	1200	3.98984e-172	7.18171e-170	1	1	better
mealpy	OriginalHGSO	5	5000	695	505	1200	2.28912e-08	1.94575e-06	1	1	better
mealpy	OriginalSBO	5	5000	963	237	1200	2.07722e-104	2.86657e-102	1	1	better
mealpy	OppoTWO	5	5000	1046	154	1200	1.19923e-163	2.03869e-161	1	1	better
mealpy	OriginalASO	5	5000	95	1105	1200	1	1	4.47688e-219	1.28486e-216	worse
mealpy	ModifiedSLO	5	5000	895	305	1200	6.1796e-68	7.23013e-66	1	1	better
mealpy	BaseVCS	5	5000	1127	73	1200	8.95539e-244	2.2478e-241	1	1	better
mealpy	LSHADE	5	5000	1171	29	1200	9.47285e-304	2.72818e-301	1	1	better
mealpy	OriginalEFO	5	5000	489	711	1200	1	1	7.89561e-11	1.88705e-08	worse
mealpy	OriginalJA	5	5000	414	786	1200	1	1	1.76914e-27	4.38747e-25	worse
mealpy	OriginalGCO	5	5000	1102	98	1200	6.62242e-216	1.44369e-213	1	1	better
mealpy	OriginalPSS	5	5000	1115	85	1200	5.6952e-230	1.33268e-227	1	1	better
mealpy	OriginalEHO	5	5000	855	345	1200	1.07556e-50	1.08631e-48	1	1	better
mealpy	OriginalSSA	5	5000	809	391	1200	2.42789e-34	2.28221e-32	1	1	better
mealpy	OriginalSCA	5	5000	1008	192	1200	3.07535e-134	4.7668e-132	1	1	better
mealpy	OriginalBES	5	5000	967	233	1200	7.30255e-107	1.01505e-104	1	1	better
mealpy	BaseSBO	5	5000	986	214	1200	4.94816e-119	7.17484e-117	1	1	better
mealpy	BaseJA	5	5000	1063	137	1200	2.91281e-178	5.41783e-176	1	1	better
mealpy	OriginalSARO	5	5000	1148	52	1200	3.2208e-270	8.66395e-268	1	1	better
mealpy	OriginalSRSR	5	5000	1104	96	1200	5.15861e-218	1.14005e-215	1	1	better
mealpy	OriginalTWO	5	5000	1153	47	1200	4.94899e-277	1.37087e-274	1	1	better
mealpy	OriginalWDO	5	5000	253	947	1200	1	1	5.93923e-95	1.55014e-92	worse
mealpy	AugmentedAEO	5	5000	961	239	1200	3.39467e-103	4.58281e-101	1	1	better
mealpy	OriginalWOA	5	5000	963	237	1200	2.07722e-104	2.86657e-102	1	1	better
mealpy	SADE	5	5000	1155	45	1200	8.01255e-280	2.2355e-277	1	1	better
mealpy	OriginalBRO	5	5000	288	912	1200	1	1	3.59763e-76	9.31786e-74	worse
mealpy	OriginalSSpiderO	5	5000	459	741	1200	1	1	1.83448e-16	4.43945e-14	worse
mealpy	ProbBeesA	5	5000	666	534	1200	7.68072e-05	0.00622139	0.999939	1	better
mealpy	OriginalFA	5	5000	1056	144	1200	3.98984e-172	7.18171e-170	1	1	better
mealpy	OriginalCSA	5	5000	331	869	1200	1	1	2.13039e-56	5.45381e-54	worse
mealpy	OriginalALO	5	5000	920	280	1200	3.05041e-80	3.81302e-78	1	1	better
mealpy	OriginalDO	5	5000	709	491	1200	1.68109e-10	1.44573e-08	1	1	better
mealpy	OriginalCHIO	5	5000	577	623	1200	0.912586	1	0.0969548	1	not shown
mealpy	OriginalBSA	5	5000	1066	134	1200	6.04339e-181	1.13616e-178	1	1	better
mealpy	LevyEP	5	5000	1105	95	1200	4.47688e-219	9.98344e-217	1	1	better
mealpy	OriginalICA	5	5000	610	77	687	4.09314e-104	5.56667e-102	1	1	better
mealpy	ImprovedLCO	5	5000	886	314	1200	8.44732e-64	9.54547e-62	1	1	better
mealpy	OriginalMFO	5	5000	200	1000	1200	1	1	1.45191e-128	3.89112e-126	worse
mealpy	ImprovedAEO	5	5000	1055	145	1200	2.90932e-171	5.06222e-169	1	1	better
mealpy	OriginalVCS	5	5000	841	359	1200	2.45487e-45	2.38122e-43	1	1	better
mealpy	AdaptiveBA	5	5000	69	1131	1200	1	1	1.43156e-248	4.15153e-246	worse
mealpy	MultiGA	5	5000	485	715	1200	1	1	1.67247e-11	4.01392e-09	worse
mealpy	OriginalES	5	5000	1113	87	1200	9.47456e-228	2.17915e-225	1	1	better
mealpy	LevyES	5	5000	1136	64	1200	1.02444e-254	2.63282e-252	1	1	better
mealpy	OriginalEP	5	5000	527	673	1200	0.999989	1	1.39098e-05	0.00324099	worse
mealpy	BaseSMA	5	5000	1120	80	1200	1.27682e-235	3.05159e-233	1	1	better
mealpy	OriginalPSO	5	5000	104	1096	1200	1	1	1.07796e-209	3.0614e-207	worse
mealpy	FBUDGETSHADE	5	5000	1174	26	1200	1.28335e-308	3.72171e-306	1	1	better
mealpy	OriginalFOA	5	5000	222	978	1200	1	1	8.37928e-114	2.21213e-111	worse
mealpy	BaseQSA	5	5000	1154	46	1200	2.01373e-278	5.59817e-276	1	1	better
mealpy	BaseMFO	5	5000	1098	102	1200	9.56554e-212	2.00876e-209	1	1	better
mealpy	BaseDE	5	5000	1127	73	1200	8.95539e-244	2.2478e-241	1	1	better
mealpy	WhaleFOA	5	5000	182	1018	1200	1	1	1.42224e-141	3.82583e-139	worse
Baselines	DE	5	5000	1123	77	1200	4.44251e-239	3.55401e-238	1	1	better
Baselines	RCobyla	5	5000	943	257	1200	1.12204e-92	4.48815e-92	1	1	better
Baselines	PSO	5	5000	128	1067	1200	1	1	3.77124e-185	4.14836e-184	worse
Baselines	DiagonalCMA	5	5000	1092	108	1200	1.20805e-205	7.24829e-205	1	1	better
Baselines	modcma	5	5000	1095	105	1200	1.12642e-208	7.88495e-208	1	1	better
Baselines	modde	5	5000	1139	61	1200	1.7326e-258	1.55934e-257	1	1	better
Baselines	OnePlusOne	5	5000	739	461	1200	4.7971e-16	9.59421e-16	1	1	better
Baselines	Powell	5	5000	814	386	1200	6.02148e-36	1.80645e-35	1	1	better
Baselines	MultiBFGS	5	5000	965	235	1200	1.24469e-105	6.22345e-105	1	1	better
Baselines	lshade	5	5000	1165	35	1200	2.07448e-294	2.07448e-293	1	1	better
Baselines	bipop	5	5000	1169	31	1200	1.39804e-300	1.53785e-299	1	1	better
EVOLOPY	DE	5	10000	1114	86	1200	7.3916e-229	1.72224e-226	1	1	better
EVOLOPY	JAYA	5	10000	934	266	1200	1.11378e-87	1.45906e-85	1	1	better
EVOLOPY	PSO	5	10000	1004	196	1200	2.21841e-131	3.54945e-129	1	1	better
EVOLOPY	WOA	5	10000	873	326	1200	2.34442e-58	2.67264e-56	1	1	better
EVOLOPY	FFA	5	10000	1105	95	1200	4.47688e-219	9.93867e-217	1	1	better
EVOLOPY	BAT	5	10000	520	680	1200	0.999998	1	2.14955e-06	0.000498697	worse
EVOLOPY	MVO	5	10000	1111	89	1200	1.50037e-225	3.45086e-223	1	1	better
EVOLOPY	HHO	5	10000	849	351	1200	2.34324e-48	2.4604e-46	1	1	better
EVOLOPY	SCA	5	10000	972	228	1200	5.54649e-110	8.0424e-108	1	1	better
EVOLOPY	GA	5	10000	819	110	929	5.84407e-135	9.46651e-133	1	1	better
EVOLOPY	MFO	5	10000	946	254	1200	2.21838e-94	3.08355e-92	1	1	better
EVOLOPY	CS	5	10000	1184	16	1200	0	0	1	1	better
EVOLOPY	GWO	5	10000	1030	170	1200	9.54162e-151	1.62208e-148	1	1	better
EVOLOPY	SSA	5	10000	1136	64	1200	1.02444e-254	2.63282e-252	1	1	better
NIAPY	DynamicFireworksAlgorithm	5	10000	1115	85	1200	5.6952e-230	1.33837e-227	1	1	better
NIAPY	HarmonySearch	5	10000	1089	111	1200	1.1827e-202	2.43636e-200	1	1	better
NIAPY	EvolutionStrategyMp1	5	10000	1059	141	1200	9.81465e-175	1.83534e-172	1	1	better
NIAPY	MonarchButterflyOptimization	5	10000	268	932	1200	1	1	1.3616e-86	3.52655e-84	worse
NIAPY	CenterParticleSwarmOptimization	5	10000	1046	154	1200	1.19923e-163	2.14662e-161	1	1	better
NIAPY	DynNpDifferentialEvolution	5	10000	638	562	1200	0.0151702	1	0.986906	1	not shown
NIAPY	CamelAlgorithm	5	10000	1011	189	1200	2.07079e-136	3.39609e-134	1	1	better
NIAPY	BatAlgorithm	5	10000	698	502	1200	8.43967e-09	7.17372e-07	1	1	better
NIAPY	GlowwormSwarmOptimization	5	10000	131	1069	1200	1	1	1.16288e-183	3.24444e-181	worse
NIAPY	BareBonesFireworksAlgorithm	5	10000	767	433	1200	1.91304e-22	1.76e-20	1	1	better
NIAPY	CuckooSearch	5	10000	1193	7	1200	0	0	1	1	better
NIAPY	GeneticAlgorithm	5	10000	616	583	1200	0.177708	1	0.836926	1	not shown
NIAPY	ParticleSwarmAlgorithm	5	10000	1138	62	1200	3.18606e-257	8.31561e-255	1	1	better
NIAPY	MonkeyKingEvolutionV3	5	10000	337	863	1200	1	1	6.53804e-54	1.64105e-51	worse
NIAPY	MonkeyKingEvolutionV2	5	10000	1149	51	1200	1.45624e-271	3.93186e-269	1	1	better
NIAPY	SineCosineAlgorithm	5	10000	2	1198	1200	1	1	0	0	worse
NIAPY	EvolutionStrategy1p1	5	10000	871	329	1200	3.05539e-57	3.45259e-55	1	1	better
NIAPY	HarrisHawksOptimization	5	10000	1113	87	1200	9.47456e-228	2.18862e-225	1	1	better
NIAPY	ParticleSwarmOptimization	5	10000	559	641	1200	0.99173	1	0.00966784	1	not shown
NIAPY	ForestOptimizationAlgorithm	5	10000	1101	99	1200	7.37961e-215	1.594e-212	1	1	better
NIAPY	EnhancedFireworksAlgorithm	5	10000	1121	79	1200	9.10264e-237	2.23015e-234	1	1	better
NIAPY	MultiStrategyDifferentialEvolution	5	10000	1049	151	1200	3.71717e-166	6.72807e-164	1	1	better
NIAPY	MutatedParticleSwarmOptimization	5	10000	1080	119	1200	1.31101e-194	2.62203e-192	1	1	better
NIAPY	ComprehensiveLearningParticleSwarmOptimizer	5	10000	1167	32	1200	9.95127e-299	2.82616e-296	1	1	better
NIAPY	KrillHerd	5	10000	60	1140	1200	1	1	9.26188e-260	2.67668e-257	worse
NIAPY	FishSchoolSearch	5	10000	997	203	1200	1.76421e-126	2.75216e-124	1	1	better
NIAPY	MutatedCenterUnifiedParticleSwarmOptimization	5	10000	1114	86	1200	7.3916e-229	1.72224e-226	1	1	better
NIAPY	MutatedCenterParticleSwarmOptimization	5	10000	1109	91	1200	2.26397e-223	5.18449e-221	1	1	better
NIAPY	GlowwormSwarmOptimizationV2	5	10000	143	1057	1200	1	1	5.42881e-173	1.49292e-170	worse
NIAPY	CatSwarmOptimization	5	10000	1088	112	1200	1.15126e-201	2.34856e-199	1	1	better
NIAPY	DifferentialEvolution	5	10000	1093	107	1200	1.19235e-206	2.48009e-204	1	1	better
NIAPY	FireworksAlgorithm	5	10000	1117	83	1200	3.25527e-232	7.81264e-230	1	1	better
NIAPY	MothFlameOptimizer	5	10000	157	1043	1200	1	1	3.61887e-161	9.84332e-159	worse
NIAPY	DynNpMultiStrategyDifferentialEvolution	5	10000	1009	191	1200	5.84353e-135	9.46651e-133	1	1	better
NIAPY	EvolutionStrategyML	5	10000	1067	133	1200	7.58052e-182	1.44788e-179	1	1	better
NIAPY	GreyWolfOptimizer	5	10000	1069	131	1200	1.16288e-183	2.26762e-181	1	1	better
NIAPY	HarmonySearchV1	5	10000	1050	150	1200	5.33887e-167	9.77012e-165	1	1	better
NIAPY	BeesAlgorithm	5	10000	1093	106	1200	2.12421e-207	4.43961e-205	1	1	better
NIAPY	GlowwormSwarmOptimizationV1	5	10000	144	1055	1200	1	1	7.02316e-172	1.91732e-169	worse
NIAPY	GlowwormSwarmOptimizationV3	5	10000	135	1064	1200	1	1	8.48175e-180	2.34944e-177	worse
NIAPY	LionOptimizationAlgorithm	5	10000	1068	132	1200	9.42885e-183	1.81977e-180	1	1	better
NIAPY	ArtificialBeeColonyAlgorithm	5	10000	1152	48	1200	1.18991e-275	3.24845e-273	1	1	better
NIAPY	AgingNpDifferentialEvolution	5	10000	890	310	1200	1.28067e-65	1.56241e-63	1	1	better
NIAPY	OppositionVelocityClampingParticleSwarmOptimization	5	10000	465	735	1200	1	1	3.14645e-15	7.42562e-13	worse
NIAPY	CoralReefsOptimization	5	10000	293	907	1200	1	1	1.08737e-73	2.78367e-71	worse
NIAPY	BacterialForagingOptimization	5	10000	1109	91	1200	2.26397e-223	5.18449e-221	1	1	better
NIAPY	DynamicFireworksAlgorithmGauss	5	10000	1104	96	1200	5.15861e-218	1.13489e-215	1	1	better
NIAPY	ClonalSelectionAlgorithm	5	10000	107	1093	1200	1	1	1.19235e-206	3.35051e-204	worse
NIAPY	GravitationalSearchAlgorithm	5	10000	102	1098	1200	1	1	9.56554e-212	2.69748e-209	worse
NIAPY	MonkeyKingEvolutionV1	5	10000	1089	110	1200	2.18576e-203	4.52452e-201	1	1	better
NIAPY	EvolutionStrategyMpL	5	10000	1119	81	1200	1.76729e-234	4.27685e-232	1	1	better
NIAPY	FireflyAlgorithm	5	10000	1101	99	1200	7.37961e-215	1.594e-212	1	1	better
NIAPY	FlowerPollinationAlgorithm	5	10000	1181	19	1200	1.34336e-320	3.92262e-318	1	1	better
OPYTIMIZER	SA	5	10000	989	211	1200	4.93479e-121	7.64893e-119	1	1	better
OPYTIMIZER	GOGHS	5	10000	838	362	1200	3.12026e-44	3.15146e-42	1	1	better
OPYTIMIZER	QSA	5	10000	1141	59	1200	4.86568e-261	1.28454e-258	1	1	better
OPYTIMIZER	SGHS	5	10000	861	339	1200	4.26712e-53	4.60849e-51	1	1	better
OPYTIMIZER	DE	5	10000	1064	136	1200	3.74597e-179	7.11734e-177	1	1	better
OPYTIMIZER	RFO	5	10000	1094	106	1200	1.1649e-207	2.4463e-205	1	1	better
OPYTIMIZER	PPA	5	10000	942	258	1200	4.10868e-92	5.50563e-90	1	1	better
OPYTIMIZER	EHO	5	10000	1050	150	1200	5.33887e-167	9.77012e-165	1	1	better
OPYTIMIZER	AEO	5	10000	1107	93	1200	3.25833e-221	7.33124e-219	1	1	better
OPYTIMIZER	ABO	5	10000	1157	43	1200	1.18396e-282	3.2914e-280	1	1	better
OPYTIMIZER	GHS	5	10000	864	336	1200	2.54349e-54	2.79784e-52	1	1	better
OPYTIMIZER	PVS	5	10000	772	428	1200	1.02773e-23	9.55787e-22	1	1	better
OPYTIMIZER	BWO	5	10000	496	703	1200	1	1	1.23399e-09	2.88754e-07	worse
OPYTIMIZER	PSO	5	10000	1053	147	1200	1.51112e-169	2.78047e-167	1	1	better
OPYTIMIZER	BSO	5	10000	828	372	1200	1.1589e-40	1.14731e-38	1	1	better
OPYTIMIZER	CSA	5	10000	702	498	1200	2.12939e-09	1.83127e-07	1	1	better
OPYTIMIZER	SSO	5	10000	371	829	1200	1	1	5.18412e-41	1.27529e-38	worse
OPYTIMIZER	WOA	5	10000	1024	176	1200	4.15137e-146	6.93279e-144	1	1	better
OPYTIMIZER	BA	5	10000	660	539	1200	0.000261971	0.0209577	0.999789	1	better
OPYTIMIZER	HS	5	10000	911	288	1200	5.47114e-76	6.83893e-74	1	1	better
OPYTIMIZER	JS	5	10000	673	527	1200	1.39098e-05	0.0011267	0.999989	1	better
OPYTIMIZER	SOS	5	10000	1137	63	1200	5.76077e-256	1.4978e-253	1	1	better
OPYTIMIZER	GS	5	10000	0	1200	1200	1	1	0	0	worse
OPYTIMIZER	EFO	5	10000	980	219	1200	1.56404e-115	2.37734e-113	1	1	better
OPYTIMIZER	GSA	5	10000	91	1109	1200	1	1	2.26397e-223	6.42968e-221	worse
OPYTIMIZER	ESA	5	10000	344	855	1200	1	1	6.17246e-51	1.54312e-48	worse
OPYTIMIZER	BOA	5	10000	20	513	533	1	1	3.62989e-125	9.69182e-123	worse
OPYTIMIZER	HC	5	10000	262	938	1200	1	1	7.03337e-90	1.82868e-87	worse
OPYTIMIZER	ABC	5	10000	1052	114	1166	5.83448e-191	1.14939e-188	1	1	better
OPYTIMIZER	RRA	5	10000	951	247	1200	4.96864e-98	7.05547e-96	1	1	better
OPYTIMIZER	NDS	5	10000	0	1200	1200	1	1	0	0	worse
OPYTIMIZER	NBJS	5	10000	679	521	1200	2.83429e-06	0.000235246	0.999998	1	better
OPYTIMIZER	SSD	5	10000	143	1057	1200	1	1	5.42881e-173	1.49292e-170	worse
OPYTIMIZER	CEM	5	10000	363	836	1200	1	1	1.00876e-43	2.49164e-41	worse
OPYTIMIZER	AOA	5	10000	505	695	1200	1	1	2.28912e-08	5.33364e-06	worse
OPYTIMIZER	MRFO	5	10000	1157	43	1200	1.18396e-282	3.2914e-280	1	1	better
OPYTIMIZER	ASO	5	10000	51	1149	1200	1	1	1.45624e-271	4.22311e-269	worse
OPYTIMIZER	SFO	5	10000	309	891	1200	1	1	4.4455e-66	1.12916e-63	worse
OPYTIMIZER	IHS	5	10000	851	349	1200	3.95746e-49	4.1949e-47	1	1	better
OPYTIMIZER	COA	5	10000	1167	33	1200	1.81091e-297	5.12489e-295	1	1	better
OPYTIMIZER	GOA	5	10000	1049	151	1200	3.71717e-166	6.72807e-164	1	1	better
OPYTIMIZER	STOA	5	10000	221	979	1200	1	1	1.89704e-114	4.97025e-112	worse
OPYTIMIZER	MVPA	5	10000	783	417	1200	1.20335e-26	1.14319e-24	1	1	better
OPYTIMIZER	ES	5	10000	989	211	1200	4.93479e-121	7.64893e-119	1	1	better
OPYTIMIZER	AIWPSO	5	10000	946	254	1200	2.21838e-94	3.08355e-92	1	1	better
OPYTIMIZER	ISA	5	10000	141	1059	1200	1	1	9.81465e-175	2.70884e-172	worse
OPYTIMIZER	EO	5	10000	1126	74	1200	1.36526e-242	3.44045e-240	1	1	better
OPYTIMIZER	AF	5	10000	11	1034	1045	1	1	1.0339e-289	3.01899e-287	worse
OPYTIMIZER	DOA	5	10000	1147	53	1200	6.98302e-269	1.87145e-266	1	1	better
OPYTIMIZER	PIO	5	10000	571	629	1200	0.955754	1	0.0499186	1	not shown
OPYTIMIZER	HHO	5	10000	1062	138	1200	2.24644e-177	4.24578e-175	1	1	better
OPYTIMIZER	BSA	5	10000	1037	163	1200	2.70847e-156	4.73982e-154	1	1	better
OPYTIMIZER	TEO	5	10000	445	732	1177	1	1	2.69861e-17	6.3957e-15	worse
OPYTIMIZER	FA	5	10000	86	1114	1200	1	1	7.3916e-229	2.10661e-226	worse
OPYTIMIZER	WWO	5	10000	1109	91	1200	2.26397e-223	5.18449e-221	1	1	better
OPYTIMIZER	IWO	5	10000	986	214	1200	4.94816e-119	7.57069e-117	1	1	better
OPYTIMIZER	KH	5	10000	1031	169	1200	1.57118e-151	2.70244e-149	1	1	better
OPYTIMIZER	FOA	5	10000	1020	180	1200	4.49503e-143	7.4168e-141	1	1	better
OPYTIMIZER	RPSO	5	10000	1126	74	1200	1.36526e-242	3.44045e-240	1	1	better
OPYTIMIZER	SCA	5	10000	425	775	1200	1	1	1.70308e-24	4.08738e-22	worse
OPYTIMIZER	OSA	5	10000	320	880	1200	1	1	3.97863e-61	1.00659e-58	worse
OPYTIMIZER	WDO	5	10000	131	1069	1200	1	1	1.16288e-183	3.24444e-181	worse
OPYTIMIZER	LSA	5	10000	1122	78	1200	6.40261e-238	1.58785e-235	1	1	better
OPYTIMIZER	VPSO	5	10000	1089	111	1200	1.1827e-202	2.43636e-200	1	1	better
OPYTIMIZER	SBO	5	10000	925	275	1200	7.48509e-83	9.73062e-81	1	1	better
OPYTIMIZER	GA	5	10000	1104	96	1200	5.15861e-218	1.13489e-215	1	1	better
OPYTIMIZER	MFO	5	10000	816	383	1200	8.53414e-37	8.27812e-35	1	1	better
OPYTIMIZER	CS	5	10000	1192	8	1200	0	0	1	1	better
OPYTIMIZER	FSO	5	10000	566	634	1200	0.976829	1	0.0265263	1	not shown
OPYTIMIZER	NGHS	5	10000	439	761	1200	1	1	5.67918e-21	1.35733e-18	worse
OPYTIMIZER	GCO	5	10000	1031	169	1200	1.57118e-151	2.70244e-149	1	1	better
OPYTIMIZER	TWO	5	10000	979	221	1200	1.89704e-114	2.84556e-112	1	1	better
OPYTIMIZER	WEO	5	10000	1170	30	1200	3.70089e-302	1.06215e-299	1	1	better
OPYTIMIZER	GWO	5	10000	913	287	1200	1.13248e-76	1.42692e-74	1	1	better
OPYTIMIZER	SAVPSO	5	10000	1131	69	1200	1.43156e-248	3.63617e-246	1	1	better
OPYTIMIZER	FFOA	5	10000	127	1073	1200	1	1	2.46901e-187	6.91322e-185	worse
OPYTIMIZER	AIG	5	10000	1178	22	1200	2.39493e-315	6.94531e-313	1	1	better
OPYTIMIZER	BH	5	10000	765	435	1200	6.00862e-22	5.46784e-20	1	1	better
OPYTIMIZER	CI	5	10000	269	350	619	0.999517	1	0.000641985	0.147015	not shown
OPYTIMIZER	SSA	5	10000	1140	60	1200	9.26188e-260	2.43588e-257	1	1	better
OPYTIMIZER	AO	5	10000	346	854	1200	1	1	2.66508e-50	6.63604e-48	worse
OPYTIMIZER	MVO	5	10000	293	45	338	5.19073e-46	5.39836e-44	1	1	better
mealpy	LevyTWO	5	10000	1108	92	1200	2.73197e-222	6.17425e-220	1	1	better
mealpy	OriginalTLO	5	10000	1149	51	1200	1.45624e-271	3.93186e-269	1	1	better
mealpy	GWO	5	10000	871	329	1200	3.05539e-57	3.45259e-55	1	1	better
mealpy	OriginalBBO	5	10000	908	291	1200	1.70123e-74	2.10953e-72	1	1	better
mealpy	ABFO	5	10000	547	635	1182	0.995198	1	0.00567895	1	not shown
mealpy	OriginalWHO	5	10000	1098	102	1200	9.56554e-212	2.02789e-209	1	1	better
mealpy	OriginalFFA	5	10000	829	371	1200	5.18412e-41	5.18412e-39	1	1	better
mealpy	BaseSARO	5	10000	1155	45	1200	8.01255e-280	2.21146e-277	1	1	better
mealpy	OriginalSMA	5	10000	1024	176	1200	4.15137e-146	6.93279e-144	1	1	better
mealpy	SingleGA	5	10000	295	905	1200	1	1	1.03469e-72	2.63846e-70	worse
mealpy	OriginalSSDO	5	10000	448	752	1200	1	1	7.22865e-19	1.72042e-16	worse
mealpy	OriginalFPA	5	10000	1190	10	1200	0	0	1	1	better
mealpy	OriginalSSO	5	10000	377	823	1200	1	1	6.10537e-39	1.48971e-36	worse
mealpy	OriginalMA	5	10000	676	524	1200	6.37142e-06	0.000522457	0.999995	1	better
mealpy	OriginalCEM	5	10000	883	317	1200	1.86884e-62	2.22392e-60	1	1	better
mealpy	OCRO	5	10000	1121	79	1200	9.10264e-237	2.23015e-234	1	1	better
mealpy	OriginalBA	5	10000	9	1191	1200	1	1	0	0	worse
mealpy	OriginalAEO	5	10000	1033	167	1200	4.17329e-153	7.21979e-151	1	1	better
mealpy	OriginalBSO	5	10000	1104	96	1200	5.15861e-218	1.13489e-215	1	1	better
mealpy	OriginalBFO	5	10000	79	1121	1200	1	1	9.10264e-237	2.62156e-234	worse
mealpy	ImprovedSLO	5	10000	944	255	1200	1.29906e-93	1.76672e-91	1	1	better
mealpy	OriginalLCO	5	10000	828	372	1200	1.1589e-40	1.14731e-38	1	1	better
mealpy	OriginalHGS	5	10000	856	344	1200	4.32313e-51	4.62575e-49	1	1	better
mealpy	BaseALO	5	10000	908	292	1200	3.50133e-74	4.30663e-72	1	1	better
mealpy	CPSO	5	10000	602	598	1200	0.465496	1	0.557379	1	not shown
mealpy	OriginalEO	5	10000	1115	85	1200	5.6952e-230	1.33837e-227	1	1	better
mealpy	DE	5	10000	216	984	1200	1	1	1.03809e-117	2.74055e-115	worse
mealpy	ModifiedBA	5	10000	889	310	1200	1.90079e-65	2.29995e-63	1	1	better
mealpy	BaseTLO	5	10000	1146	54	1200	1.48466e-267	3.96405e-265	1	1	better
mealpy	OriginalPFA	5	10000	251	949	1200	1	1	4.19378e-96	1.09458e-93	worse
mealpy	BaseFOA	5	10000	214	986	1200	1	1	4.94816e-119	1.31621e-116	worse
mealpy	OriginalGBO	5	10000	1120	80	1200	1.27682e-235	3.10267e-233	1	1	better
mealpy	TVAC	5	10000	1116	84	1200	4.33323e-231	1.02697e-228	1	1	better
mealpy	BaseFBIO	5	10000	1165	35	1200	2.07448e-294	5.85002e-292	1	1	better
mealpy	ImprovedBSO	5	10000	1026	174	1200	1.21249e-147	2.03699e-145	1	1	better
mealpy	OriginalAO	5	10000	214	986	1200	1	1	4.94816e-119	1.31621e-116	worse
mealpy	BaseGSKA	5	10000	1137	63	1200	5.76077e-256	1.4978e-253	1	1	better
mealpy	BaseLCO	5	10000	973	227	1200	1.29755e-110	1.89442e-108	1	1	better
mealpy	OriginalSSpiderA	5	10000	384	815	1200	1	1	1.8196e-36	4.42163e-34	worse
mealpy	BaseHS	5	10000	915	284	1200	5.24948e-78	6.66684e-76	1	1	better
mealpy	AdaptiveEO	5	10000	1119	81	1200	1.76729e-234	4.27685e-232	1	1	better
mealpy	OriginalWCA	5	10000	671	86	757	1.64804e-113	2.45557e-111	1	1	better
mealpy	OriginalMRFO	5	10000	1068	132	1200	9.42885e-183	1.81977e-180	1	1	better
mealpy	OriginalEOA	5	10000	876	324	1200	2.2122e-59	2.56615e-57	1	1	better
mealpy	OriginalABC	5	10000	1102	98	1200	6.62242e-216	1.43706e-213	1	1	better
mealpy	ModifiedAEO	5	10000	1003	197	1200	1.13227e-130	1.80031e-128	1	1	better
mealpy	OriginalSFO	5	10000	415	785	1200	1	1	3.36428e-27	8.14156e-25	worse
mealpy	BaseBBO	5	10000	877	323	1200	8.15275e-60	9.62025e-58	1	1	better
mealpy	OriginalNMRA	5	10000	1142	58	1200	2.51136e-262	6.65509e-260	1	1	better
mealpy	OriginalACOR	5	10000	1038	162	1200	4.24759e-157	7.47575e-155	1	1	better
mealpy	ImprovedSFO	5	10000	541	659	1200	0.999707	1	0.000362497	0.0833743	not shown
mealpy	OriginalCRO	5	10000	948	252	1200	1.58218e-95	2.21505e-93	1	1	better
mealpy	LevyJA	5	10000	1101	99	1200	7.37961e-215	1.594e-212	1	1	better
mealpy	OriginalHS	5	10000	1056	144	1200	3.98984e-172	7.4211e-170	1	1	better
mealpy	OriginalCSO	5	10000	549	651	1200	0.998535	1	0.00176628	0.400945	not shown
mealpy	OriginalCOA	5	10000	1122	78	1200	6.40261e-238	1.58785e-235	1	1	better
mealpy	LevyQSA	5	10000	1164	36	1200	6.71935e-293	1.88814e-290	1	1	better
mealpy	OppoQSA	5	10000	1151	49	1200	2.80013e-274	7.61637e-272	1	1	better
mealpy	BaseBRO	5	10000	574	626	1200	0.937007	1	0.0704615	1	not shown
mealpy	OriginalSLO	5	10000	749	451	1200	3.4125e-18	3.03713e-16	1	1	better
mealpy	OriginalMVO	5	10000	1080	120	1200	6.56188e-194	1.30581e-191	1	1	better
mealpy	CLPSO	5	10000	1125	75	1200	2.05178e-241	5.12946e-239	1	1	better
mealpy	OriginalNRO	5	10000	1170	30	1200	3.70089e-302	1.06215e-299	1	1	better
mealpy	BaseSCA	5	10000	1039	161	1200	6.61411e-158	1.1707e-155	1	1	better
mealpy	BaseGCO	5	10000	977	223	1200	3.68081e-113	5.4476e-111	1	1	better
mealpy	OriginalArchOA	5	10000	998	202	1200	3.58311e-127	5.66131e-125	1	1	better
mealpy	SwarmHC	5	10000	1140	60	1200	9.26188e-260	2.43588e-257	1	1	better
mealpy	ImprovedTLO	5	10000	943	257	1200	1.12204e-92	1.51475e-90	1	1	better
mealpy	OriginalMSA	5	10000	1084	116	1200	9.37822e-198	1.8944e-195	1	1	better
mealpy	WOA	5	10000	998	202	1200	3.58311e-127	5.66131e-125	1	1	better
mealpy	OriginalIWO	5	10000	1056	144	1200	3.98984e-172	7.4211e-170	1	1	better
mealpy	BaseGA	5	10000	945	254	1200	3.499e-94	4.79363e-92	1	1	better
mealpy	ModifiedEO	5	10000	1117	83	1200	3.25527e-232	7.81264e-230	1	1	better
mealpy	ImprovedNMRA	5	10000	839	361	1200	1.3423e-44	1.38257e-42	1	1	better
mealpy	BaseCHIO	5	10000	282	918	1200	1	1	3.26793e-79	8.39858e-77	worse
mealpy	OriginalHHO	5	10000	887	313	1200	2.98337e-64	3.58004e-62	1	1	better
mealpy	OriginalGWO	5	10000	976	223	1200	5.99539e-113	8.81323e-111	1	1	better
mealpy	ImprovedQSA	5	10000	1164	36	1200	6.71935e-293	1.88814e-290	1	1	better
mealpy	OriginalFBIO	5	10000	1169	31	1200	1.39804e-300	3.98442e-298	1	1	better
mealpy	OriginalBeesA	5	10000	1171	29	1200	9.47285e-304	2.72818e-301	1	1	better
mealpy	BaseEFO	5	10000	1106	94	1200	3.8413e-220	8.60452e-218	1	1	better
mealpy	OriginalSA	5	10000	1079	121	1200	5.86366e-193	1.161e-190	1	1	better
mealpy	OriginalHC	5	10000	160	1040	1200	1	1	1.02258e-158	2.77118e-156	worse
mealpy	OriginalSHO	5	10000	753	446	1200	3.17763e-19	2.85987e-17	1	1	better
mealpy	JADE	5	10000	1153	47	1200	4.94899e-277	1.35602e-274	1	1	better
mealpy	OriginalCA	5	10000	546	654	1200	0.999179	1	0.000998557	0.227671	not shown
mealpy	EnhancedTWO	5	10000	1133	67	1200	5.22672e-251	1.33804e-248	1	1	better
mealpy	BaseSSA	5	10000	839	361	1200	1.3423e-44	1.38257e-42	1	1	better
mealpy	OriginalAOA	5	10000	94	1106	1200	1	1	3.8413e-220	1.08709e-217	worse
mealpy	OriginalQSA	5	10000	1137	63	1200	5.76077e-256	1.4978e-253	1	1	better
mealpy	OriginalGOA	5	10000	1086	114	1200	1.05932e-199	2.15043e-197	1	1	better
mealpy	EnhancedAEO	5	10000	980	220	1200	4.27115e-115	6.44944e-113	1	1	better
mealpy	OriginalGSKA	5	10000	1122	78	1200	6.40261e-238	1.58785e-235	1	1	better
mealpy	PPSO	5	10000	877	323	1200	8.15275e-60	9.62025e-58	1	1	better
mealpy	OriginalCGO	5	10000	1010	190	1200	1.10347e-135	1.79865e-133	1	1	better
mealpy	OriginalHGSO	5	10000	697	503	1200	1.18092e-08	9.91969e-07	1	1	better
mealpy	OriginalSBO	5	10000	952	248	1200	7.57781e-98	1.06847e-95	1	1	better
mealpy	OppoTWO	5	10000	1069	131	1200	1.16288e-183	2.26762e-181	1	1	better
mealpy	OriginalASO	5	10000	84	1116	1200	1	1	4.33323e-231	1.2393e-228	worse
mealpy	ModifiedSLO	5	10000	876	324	1200	2.2122e-59	2.56615e-57	1	1	better
mealpy	BaseVCS	5	10000	1129	71	1200	3.68862e-246	9.3322e-244	1	1	better
mealpy	LSHADE	5	10000	1175	25	1200	2.83723e-310	8.19959e-308	1	1	better
mealpy	OriginalEFO	5	10000	415	785	1200	1	1	3.36428e-27	8.14156e-25	worse
mealpy	OriginalJA	5	10000	356	844	1200	1	1	1.86384e-46	4.62231e-44	worse
mealpy	OriginalGCO	5	10000	1084	116	1200	9.37822e-198	1.8944e-195	1	1	better
mealpy	OriginalPSS	5	10000	1116	84	1200	4.33323e-231	1.02697e-228	1	1	better
mealpy	OriginalEHO	5	10000	862	338	1200	1.67372e-53	1.82435e-51	1	1	better
mealpy	OriginalSSA	5	10000	774	426	1200	3.11182e-24	2.92511e-22	1	1	better
mealpy	OriginalSCA	5	10000	1034	166	1200	6.73123e-154	1.17123e-151	1	1	better
mealpy	OriginalBES	5	10000	925	275	1200	7.48509e-83	9.73062e-81	1	1	better
mealpy	BaseSBO	5	10000	966	234	1200	3.02285e-106	4.32268e-104	1	1	better
mealpy	BaseJA	5	10000	1060	140	1200	1.30393e-175	2.45139e-173	1	1	better
mealpy	OriginalSARO	5	10000	1150	50	1200	6.45201e-273	1.74849e-270	1	1	better
mealpy	OriginalSRSR	5	10000	1101	99	1200	7.37961e-215	1.594e-212	1	1	better
mealpy	OriginalTWO	5	10000	1145	55	1200	3.09647e-266	8.2366e-264	1	1	better
mealpy	OriginalWDO	5	10000	200	1000	1200	1	1	1.45191e-128	3.89112e-126	worse
mealpy	AugmentedAEO	5	10000	968	232	1200	1.75479e-107	2.5269e-105	1	1	better
mealpy	OriginalWOA	5	10000	935	265	1200	3.16259e-88	4.17461e-86	1	1	better
mealpy	SADE	5	10000	1155	45	1200	8.01255e-280	2.21146e-277	1	1	better
mealpy	OriginalBRO	5	10000	278	922	1200	1	1	2.79498e-81	7.21105e-79	worse
mealpy	OriginalSSpiderO	5	10000	529	671	1200	0.999982	1	2.30327e-05	0.00532056	worse
mealpy	ProbBeesA	5	10000	712	488	1200	5.38373e-11	4.68384e-09	1	1	better
mealpy	OriginalFA	5	10000	1071	129	1200	1.72403e-185	3.37909e-183	1	1	better
mealpy	OriginalCSA	5	10000	325	875	1200	1	1	5.97745e-59	1.50632e-56	worse
mealpy	OriginalALO	5	10000	918	282	1200	3.26793e-79	4.18295e-77	1	1	better
mealpy	OriginalDO	5	10000	728	472	1200	7.40476e-14	6.51619e-12	1	1	better
mealpy	OriginalCHIO	5	10000	581	619	1200	0.869886	1	0.142736	1	not shown
mealpy	OriginalBSA	5	10000	1046	154	1200	1.19923e-163	2.14662e-161	1	1	better
mealpy	LevyEP	5	10000	1095	105	1200	1.12642e-208	2.37675e-206	1	1	better
mealpy	OriginalICA	5	10000	594	93	687	1.60359e-90	2.13278e-88	1	1	better
mealpy	ImprovedLCO	5	10000	867	332	1200	8.09327e-56	8.98353e-54	1	1	better
mealpy	OriginalMFO	5	10000	173	1027	1200	1	1	2.05147e-148	5.51845e-146	worse
mealpy	ImprovedAEO	5	10000	1029	171	1200	5.75507e-150	9.72607e-148	1	1	better
mealpy	OriginalVCS	5	10000	800	399	1200	9.88724e-32	9.49175e-30	1	1	better
mealpy	AdaptiveBA	5	10000	42	1158	1200	1	1	4.39231e-284	1.27816e-281	worse
mealpy	MultiGA	5	10000	373	827	1200	1	1	2.58068e-40	6.32267e-38	worse
mealpy	OriginalES	5	10000	1105	95	1200	4.47688e-219	9.93867e-217	1	1	better
mealpy	LevyES	5	10000	1133	67	1200	5.22672e-251	1.33804e-248	1	1	better
mealpy	OriginalEP	5	10000	476	724	1200	1	1	4.17329e-13	9.80723e-11	worse
mealpy	BaseSMA	5	10000	1124	76	1200	3.04026e-240	7.57026e-238	1	1	better
mealpy	OriginalPSO	5	10000	79	1121	1200	1	1	9.10264e-237	2.62156e-234	worse
mealpy	FBUDGETSHADE	5	10000	1180	20	1200	7.93924e-319	2.31032e-316	1	1	better
mealpy	OriginalFOA	5	10000	218	982	1200	1	1	2.12933e-116	5.60014e-114	worse
mealpy	BaseQSA	5	10000	1159	41	1200	1.59022e-285	4.43671e-283	1	1	better
mealpy	BaseMFO	5	10000	1106	94	1200	3.8413e-220	8.60452e-218	1	1	better
mealpy	BaseDE	5	10000	1117	83	1200	3.25527e-232	7.81264e-230	1	1	better
mealpy	WhaleFOA	5	10000	163	1037	1200	1	1	2.70847e-156	7.31287e-154	worse
Baselines	DE	5	10000	1119	81	1200	1.76729e-234	1.41384e-233	1	1	better
Baselines	RCobyla	5	10000	956	244	1200	3.34673e-100	1.33869e-99	1	1	better
Baselines	PSO	5	10000	107	1091	1200	1	1	3.95725e-206	4.35297e-205	worse
Baselines	DiagonalCMA	5	10000	1095	105	1200	1.12642e-208	6.75853e-208	1	1	better
Baselines	modcma	5	10000	1116	84	1200	4.33323e-231	3.03326e-230	1	1	better
Baselines	modde	5	10000	1151	49	1200	2.80013e-274	2.52012e-273	1	1	better
Baselines	OnePlusOne	5	10000	698	502	1200	8.43967e-09	1.68793e-08	1	1	better
Baselines	Powell	5	10000	797	403	1200	1.18046e-30	3.54137e-30	1	1	better
Baselines	MultiBFGS	5	10000	969	231	1200	4.19434e-108	2.09717e-107	1	1	better
Baselines	lshade	5	10000	1181	19	1200	1.34336e-320	1.4777e-319	1	1	better
Baselines	bipop	5	10000	1174	26	1200	1.28335e-308	1.28335e-307	1	1	better
EVOLOPY	DE	10	10	596	604	1200	0.602487	-1	0.419935	-1	descriptive
EVOLOPY	JAYA	10	10	791	409	1200	6.73357e-29	-1	1	-1	descriptive
EVOLOPY	PSO	10	10	916	284	1200	3.43685e-78	-1	1	-1	descriptive
EVOLOPY	WOA	10	10	781	419	1200	4.24192e-26	-1	1	-1	descriptive
EVOLOPY	FFA	10	10	876	324	1200	2.2122e-59	-1	1	-1	descriptive
EVOLOPY	BAT	10	10	662	538	1200	0.000190015	-1	0.999848	-1	descriptive
EVOLOPY	MVO	10	10	800	400	1200	1.48674e-31	-1	1	-1	descriptive
EVOLOPY	HHO	10	10	910	290	1200	3.58146e-75	-1	1	-1	descriptive
EVOLOPY	SCA	10	10	506	694	1200	1	-1	3.17122e-08	-1	descriptive
EVOLOPY	GA	10	10	434	499	933	0.98467	-1	0.0180455	-1	descriptive
EVOLOPY	MFO	10	10	550	650	1200	0.998234	-1	0.00212282	-1	descriptive
EVOLOPY	CS	10	10	351	849	1200	1	-1	2.34324e-48	-1	descriptive
EVOLOPY	GWO	10	10	1072	128	1200	2.07217e-186	-1	1	-1	descriptive
EVOLOPY	SSA	10	10	754	446	1200	2.5239e-19	-1	1	-1	descriptive
NIAPY	DynamicFireworksAlgorithm	10	10	511	689	1200	1	-1	1.53963e-07	-1	descriptive
NIAPY	HarmonySearch	10	10	790	410	1200	1.30418e-28	-1	1	-1	descriptive
NIAPY	EvolutionStrategyMp1	10	10	514	686	1200	1	-1	3.81865e-07	-1	descriptive
NIAPY	MonarchButterflyOptimization	10	10	443	757	1200	1	-1	5.0711e-20	-1	descriptive
NIAPY	CenterParticleSwarmOptimization	10	10	970	230	1200	9.97194e-109	-1	1	-1	descriptive
NIAPY	DynNpDifferentialEvolution	10	10	550	650	1200	0.998234	-1	0.00212282	-1	descriptive
NIAPY	CamelAlgorithm	10	10	824	376	1200	2.78438e-39	-1	1	-1	descriptive
NIAPY	BatAlgorithm	10	10	401	799	1200	1	-1	2.97706e-31	-1	descriptive
NIAPY	GlowwormSwarmOptimization	10	10	275	925	1200	1	-1	7.48509e-83	-1	descriptive
NIAPY	BareBonesFireworksAlgorithm	10	10	826	374	1200	5.72457e-40	-1	1	-1	descriptive
NIAPY	CuckooSearch	10	10	349	851	1200	1	-1	3.95746e-49	-1	descriptive
NIAPY	GeneticAlgorithm	10	10	577	623	1200	0.912586	-1	0.0969548	-1	descriptive
NIAPY	ParticleSwarmAlgorithm	10	10	567	633	1200	0.973474	-1	0.0302784	-1	descriptive
NIAPY	MonkeyKingEvolutionV3	10	10	839	361	1200	1.3423e-44	-1	1	-1	descriptive
NIAPY	MonkeyKingEvolutionV2	10	10	516	684	1200	0.999999	-1	6.88265e-07	-1	descriptive
NIAPY	SineCosineAlgorithm	10	10	244	956	1200	1	-1	3.34673e-100	-1	descriptive
NIAPY	EvolutionStrategy1p1	10	10	1077	123	1200	4.55567e-191	-1	1	-1	descriptive
NIAPY	HarrisHawksOptimization	10	10	829	371	1200	5.18412e-41	-1	1	-1	descriptive
NIAPY	ParticleSwarmOptimization	10	10	867	333	1200	1.46096e-55	-1	1	-1	descriptive
NIAPY	ForestOptimizationAlgorithm	10	10	227	973	1200	1	-1	1.29755e-110	-1	descriptive
NIAPY	EnhancedFireworksAlgorithm	10	10	418	782	1200	1	-1	2.26344e-26	-1	descriptive
NIAPY	MultiStrategyDifferentialEvolution	10	10	539	661	1200	0.99981	-1	0.000236413	-1	descriptive
NIAPY	MutatedParticleSwarmOptimization	10	10	1009	191	1200	5.84353e-135	-1	1	-1	descriptive
NIAPY	ComprehensiveLearningParticleSwarmOptimizer	10	10	325	875	1200	1	-1	5.97745e-59	-1	descriptive
NIAPY	KrillHerd	10	10	888	312	1200	1.04912e-64	-1	1	-1	descriptive
NIAPY	FishSchoolSearch	10	10	479	721	1200	1	-1	1.47263e-12	-1	descriptive
NIAPY	MutatedCenterUnifiedParticleSwarmOptimization	10	10	1035	165	1200	1.07816e-154	-1	1	-1	descriptive
NIAPY	MutatedCenterParticleSwarmOptimization	10	10	1014	186	1200	1.31797e-138	-1	1	-1	descriptive
NIAPY	GlowwormSwarmOptimizationV2	10	10	287	913	1200	1	-1	1.13248e-76	-1	descriptive
NIAPY	CatSwarmOptimization	10	10	625	575	1200	0.078592	-1	0.929538	-1	descriptive
NIAPY	DifferentialEvolution	10	10	472	728	1200	1	-1	7.40476e-14	-1	descriptive
NIAPY	FireworksAlgorithm	10	10	359	841	1200	1	-1	2.45487e-45	-1	descriptive
NIAPY	MothFlameOptimizer	10	10	534	666	1200	0.999939	-1	7.68072e-05	-1	descriptive
NIAPY	DynNpMultiStrategyDifferentialEvolution	10	10	498	702	1200	1	-1	2.12939e-09	-1	descriptive
NIAPY	EvolutionStrategyML	10	10	467	733	1200	1	-1	7.89263e-15	-1	descriptive
NIAPY	GreyWolfOptimizer	10	10	931	269	1200	4.72665e-86	-1	1	-1	descriptive
NIAPY	HarmonySearchV1	10	10	750	450	1200	2.04139e-18	-1	1	-1	descriptive
NIAPY	BeesAlgorithm	10	10	714	486	1200	2.47782e-11	-1	1	-1	descriptive
NIAPY	GlowwormSwarmOptimizationV1	10	10	274	926	1200	1	-1	2.2185e-83	-1	descriptive
NIAPY	GlowwormSwarmOptimizationV3	10	10	276	924	1200	1	-1	2.51358e-82	-1	descriptive
NIAPY	LionOptimizationAlgorithm	10	10	692	508	1200	6.02584e-08	-1	1	-1	descriptive
NIAPY	ArtificialBeeColonyAlgorithm	10	10	570	630	1200	0.960896	-1	0.0442459	-1	descriptive
NIAPY	AgingNpDifferentialEvolution	10	10	533	667	1200	0.999952	-1	6.07551e-05	-1	descriptive
NIAPY	OppositionVelocityClampingParticleSwarmOptimization	10	10	577	623	1200	0.912586	-1	0.0969548	-1	descriptive
NIAPY	CoralReefsOptimization	10	10	421	779	1200	1	-1	1.47372e-25	-1	descriptive
NIAPY	BacterialForagingOptimization	10	10	461	739	1200	1	-1	4.7971e-16	-1	descriptive
NIAPY	DynamicFireworksAlgorithmGauss	10	10	488	712	1200	1	-1	5.38373e-11	-1	descriptive
NIAPY	ClonalSelectionAlgorithm	10	10	287	913	1200	1	-1	1.13248e-76	-1	descriptive
NIAPY	GravitationalSearchAlgorithm	10	10	575	625	1200	0.929538	-1	0.078592	-1	descriptive
NIAPY	MonkeyKingEvolutionV1	10	10	472	728	1200	1	-1	7.40476e-14	-1	descriptive
NIAPY	EvolutionStrategyMpL	10	10	461	739	1200	1	-1	4.7971e-16	-1	descriptive
NIAPY	FireflyAlgorithm	10	10	444	756	1200	1	-1	8.68881e-20	-1	descriptive
NIAPY	FlowerPollinationAlgorithm	10	10	421	779	1200	1	-1	1.47372e-25	-1	descriptive
OPYTIMIZER	SA	10	10	1023	177	1200	2.40501e-145	-1	1	-1	descriptive
OPYTIMIZER	GOGHS	10	10	1048	152	1200	2.5686e-165	-1	1	-1	descriptive
OPYTIMIZER	QSA	10	10	1058	142	1200	7.32854e-174	-1	1	-1	descriptive
OPYTIMIZER	SGHS	10	10	1027	173	1200	2.05147e-148	-1	1	-1	descriptive
OPYTIMIZER	DE	10	10	1048	152	1200	2.5686e-165	-1	1	-1	descriptive
OPYTIMIZER	RFO	10	10	1116	84	1200	4.33323e-231	-1	1	-1	descriptive
OPYTIMIZER	PPA	10	10	936	264	1200	8.9369e-89	-1	1	-1	descriptive
OPYTIMIZER	EHO	10	10	1082	118	1200	7.99289e-196	-1	1	-1	descriptive
OPYTIMIZER	AEO	10	10	1118	82	1200	2.4142e-233	-1	1	-1	descriptive
OPYTIMIZER	ABO	10	10	1038	162	1200	4.24759e-157	-1	1	-1	descriptive
OPYTIMIZER	GHS	10	10	1006	194	1200	8.36166e-133	-1	1	-1	descriptive
OPYTIMIZER	PVS	10	10	1086	114	1200	1.05932e-199	-1	1	-1	descriptive
OPYTIMIZER	BWO	10	10	1052	148	1200	1.0765e-168	-1	1	-1	descriptive
OPYTIMIZER	PSO	10	10	1147	53	1200	6.98302e-269	-1	1	-1	descriptive
OPYTIMIZER	BSO	10	10	1110	90	1200	1.85408e-224	-1	1	-1	descriptive
OPYTIMIZER	CSA	10	10	678	522	1200	3.72498e-06	-1	0.999997	-1	descriptive
OPYTIMIZER	SSO	10	10	1135	65	1200	1.79217e-253	-1	1	-1	descriptive
OPYTIMIZER	WOA	10	10	1118	82	1200	2.4142e-233	-1	1	-1	descriptive
OPYTIMIZER	BA	10	10	1030	170	1200	9.54162e-151	-1	1	-1	descriptive
OPYTIMIZER	HS	10	10	992	208	1200	4.67395e-123	-1	1	-1	descriptive
OPYTIMIZER	JS	10	10	1044	156	1200	5.43514e-162	-1	1	-1	descriptive
OPYTIMIZER	SOS	10	10	1139	61	1200	1.7326e-258	-1	1	-1	descriptive
OPYTIMIZER	GS	10	10	324	876	1200	1	-1	2.2122e-59	-1	descriptive
OPYTIMIZER	EFO	10	10	1027	173	1200	2.05147e-148	-1	1	-1	descriptive
OPYTIMIZER	GSA	10	10	563	637	1200	0.98483	-1	0.0175227	-1	descriptive
OPYTIMIZER	ESA	10	10	998	202	1200	3.58311e-127	-1	1	-1	descriptive
OPYTIMIZER	BOA	10	10	164	393	557	1	-1	5.46839e-23	-1	descriptive
OPYTIMIZER	HC	10	10	356	844	1200	1	-1	1.86384e-46	-1	descriptive
OPYTIMIZER	ABC	10	10	1026	144	1170	8.84063e-165	-1	1	-1	descriptive
OPYTIMIZER	RRA	10	10	1097	103	1200	1.02082e-210	-1	1	-1	descriptive
OPYTIMIZER	NDS	10	10	324	876	1200	1	-1	2.2122e-59	-1	descriptive
OPYTIMIZER	NBJS	10	10	1052	148	1200	1.0765e-168	-1	1	-1	descriptive
OPYTIMIZER	SSD	10	10	509	691	1200	1	-1	8.26523e-08	-1	descriptive
OPYTIMIZER	CEM	10	10	643	557	1200	0.00705216	-1	0.994004	-1	descriptive
OPYTIMIZER	AOA	10	10	1067	133	1200	7.58052e-182	-1	1	-1	descriptive
OPYTIMIZER	MRFO	10	10	1126	74	1200	1.36526e-242	-1	1	-1	descriptive
OPYTIMIZER	ASO	10	10	238	962	1200	1	-1	8.41928e-104	-1	descriptive
OPYTIMIZER	SFO	10	10	786	414	1200	1.76914e-27	-1	1	-1	descriptive
OPYTIMIZER	IHS	10	10	1001	199	1200	2.8966e-129	-1	1	-1	descriptive
OPYTIMIZER	COA	10	10	1053	147	1200	1.51112e-169	-1	1	-1	descriptive
OPYTIMIZER	GOA	10	10	1107	93	1200	3.25833e-221	-1	1	-1	descriptive
OPYTIMIZER	STOA	10	10	405	795	1200	1	-1	4.6118e-30	-1	descriptive
OPYTIMIZER	MVPA	10	10	1115	85	1200	5.6952e-230	-1	1	-1	descriptive
OPYTIMIZER	ES	10	10	1030	170	1200	9.54162e-151	-1	1	-1	descriptive
OPYTIMIZER	AIWPSO	10	10	1154	46	1200	2.01373e-278	-1	1	-1	descriptive
OPYTIMIZER	ISA	10	10	344	856	1200	1	-1	4.32313e-51	-1	descriptive
OPYTIMIZER	EO	10	10	1162	38	1200	6.48141e-290	-1	1	-1	descriptive
OPYTIMIZER	AF	10	10	121	915	1036	1	-1	9.46058e-152	-1	descriptive
OPYTIMIZER	DOA	10	10	1071	129	1200	1.72403e-185	-1	1	-1	descriptive
OPYTIMIZER	PIO	10	10	1085	115	1200	1.00151e-198	-1	1	-1	descriptive
OPYTIMIZER	HHO	10	10	1131	69	1200	1.43156e-248	-1	1	-1	descriptive
OPYTIMIZER	BSA	10	10	1029	171	1200	5.75507e-150	-1	1	-1	descriptive
OPYTIMIZER	TEO	10	10	373	800	1173	1	-1	1.34265e-36	-1	descriptive
OPYTIMIZER	FA	10	10	549	651	1200	0.998535	-1	0.00176628	-1	descriptive
OPYTIMIZER	WWO	10	10	1043	157	1200	3.61887e-161	-1	1	-1	descriptive
OPYTIMIZER	IWO	10	10	1034	166	1200	6.73123e-154	-1	1	-1	descriptive
OPYTIMIZER	KH	10	10	1100	100	1200	8.13378e-214	-1	1	-1	descriptive
OPYTIMIZER	FOA	10	10	1037	163	1200	2.70847e-156	-1	1	-1	descriptive
OPYTIMIZER	RPSO	10	10	1138	62	1200	3.18606e-257	-1	1	-1	descriptive
OPYTIMIZER	SCA	10	10	567	633	1200	0.973474	-1	0.0302784	-1	descriptive
OPYTIMIZER	OSA	10	10	846	354	1200	3.27619e-47	-1	1	-1	descriptive
OPYTIMIZER	WDO	10	10	652	548	1200	0.00146505	-1	0.998789	-1	descriptive
OPYTIMIZER	LSA	10	10	1104	96	1200	5.15861e-218	-1	1	-1	descriptive
OPYTIMIZER	VPSO	10	10	1127	73	1200	8.95539e-244	-1	1	-1	descriptive
OPYTIMIZER	SBO	10	10	1142	58	1200	2.51136e-262	-1	1	-1	descriptive
OPYTIMIZER	GA	10	10	1094	106	1200	1.1649e-207	-1	1	-1	descriptive
OPYTIMIZER	MFO	10	10	1053	147	1200	1.51112e-169	-1	1	-1	descriptive
OPYTIMIZER	CS	10	10	1052	148	1200	1.0765e-168	-1	1	-1	descriptive
OPYTIMIZER	FSO	10	10	968	232	1200	1.75479e-107	-1	1	-1	descriptive
OPYTIMIZER	NGHS	10	10	1034	166	1200	6.73123e-154	-1	1	-1	descriptive
OPYTIMIZER	GCO	10	10	1064	136	1200	3.74597e-179	-1	1	-1	descriptive
OPYTIMIZER	TWO	10	10	1129	71	1200	3.68862e-246	-1	1	-1	descriptive
OPYTIMIZER	WEO	10	10	1004	196	1200	2.21841e-131	-1	1	-1	descriptive
OPYTIMIZER	GWO	10	10	1152	48	1200	1.18991e-275	-1	1	-1	descriptive
OPYTIMIZER	SAVPSO	10	10	1140	60	1200	9.26188e-260	-1	1	-1	descriptive
OPYTIMIZER	FFOA	10	10	736	464	1200	1.97637e-15	-1	1	-1	descriptive
OPYTIMIZER	AIG	10	10	1029	171	1200	5.75507e-150	-1	1	-1	descriptive
OPYTIMIZER	BH	10	10	1109	91	1200	2.26397e-223	-1	1	-1	descriptive
OPYTIMIZER	CI	10	10	537	100	637	1.62623e-73	-1	1	-1	descriptive
OPYTIMIZER	SSA	10	10	1126	74	1200	1.36526e-242	-1	1	-1	descriptive
OPYTIMIZER	AO	10	10	1076	124	1200	3.96144e-190	-1	1	-1	descriptive
OPYTIMIZER	MVO	10	10	271	31	302	2.59425e-49	-1	1	-1	descriptive
mealpy	LevyTWO	10	10	444	756	1200	1	-1	8.68881e-20	-1	descriptive
mealpy	OriginalTLO	10	10	677	523	1200	4.87963e-06	-1	0.999996	-1	descriptive
mealpy	GWO	10	10	987	213	1200	1.07117e-119	-1	1	-1	descriptive
mealpy	OriginalBBO	10	10	633	567	1200	0.0302784	-1	0.973474	-1	descriptive
mealpy	ABFO	10	10	625	560	1185	0.0314782	-1	0.972422	-1	descriptive
mealpy	OriginalWHO	10	10	518	682	1200	0.999999	-1	1.22433e-06	-1	descriptive
mealpy	OriginalFFA	10	10	536	664	1200	0.999903	-1	0.000121582	-1	descriptive
mealpy	BaseSARO	10	10	631	569	1200	0.0391044	-1	0.96554	-1	descriptive
mealpy	OriginalSMA	10	10	611	589	1200	0.272194	-1	0.746631	-1	descriptive
mealpy	SingleGA	10	10	664	536	1200	0.000121582	-1	0.999903	-1	descriptive
mealpy	OriginalSSDO	10	10	751	449	1200	1.2169e-18	-1	1	-1	descriptive
mealpy	OriginalFPA	10	10	552	648	1200	0.997457	-1	0.00303794	-1	descriptive
mealpy	OriginalSSO	10	10	646	554	1200	0.00429414	-1	0.996383	-1	descriptive
mealpy	OriginalMA	10	10	565	635	1200	0.97982	-1	0.0231708	-1	descriptive
mealpy	OriginalCEM	10	10	525	675	1200	0.999994	-1	8.29229e-06	-1	descriptive
mealpy	OCRO	10	10	647	553	1200	0.0036174	-1	0.996962	-1	descriptive
mealpy	OriginalBA	10	10	476	724	1200	1	-1	4.17329e-13	-1	descriptive
mealpy	OriginalAEO	10	10	855	345	1200	1.07556e-50	-1	1	-1	descriptive
mealpy	OriginalBSO	10	10	820	380	1200	6.29001e-38	-1	1	-1	descriptive
mealpy	OriginalBFO	10	10	444	756	1200	1	-1	8.68881e-20	-1	descriptive
mealpy	ImprovedSLO	10	10	630	570	1200	0.0442459	-1	0.960896	-1	descriptive
mealpy	OriginalLCO	10	10	949	251	1200	4.19378e-96	-1	1	-1	descriptive
mealpy	OriginalHGS	10	10	842	358	1200	1.04362e-45	-1	1	-1	descriptive
mealpy	BaseALO	10	10	799	401	1200	2.97706e-31	-1	1	-1	descriptive
mealpy	CPSO	10	10	923	277	1200	8.4014e-82	-1	1	-1	descriptive
mealpy	OriginalEO	10	10	953	247	1200	1.96848e-98	-1	1	-1	descriptive
mealpy	DE	10	10	541	659	1200	0.999707	-1	0.000362497	-1	descriptive
mealpy	ModifiedBA	10	10	771	429	1200	1.85766e-23	-1	1	-1	descriptive
mealpy	BaseTLO	10	10	609	591	1200	0.311812	-1	0.708311	-1	descriptive
mealpy	OriginalPFA	10	10	812	388	1200	2.67204e-35	-1	1	-1	descriptive
mealpy	BaseFOA	10	10	465	735	1200	1	-1	3.14645e-15	-1	descriptive
mealpy	OriginalGBO	10	10	755	445	1200	1.48348e-19	-1	1	-1	descriptive
mealpy	TVAC	10	10	919	281	1200	1.00074e-79	-1	1	-1	descriptive
mealpy	BaseFBIO	10	10	526	674	1200	0.999992	-1	1.07573e-05	-1	descriptive
mealpy	ImprovedBSO	10	10	773	427	1200	5.66537e-24	-1	1	-1	descriptive
mealpy	OriginalAO	10	10	494	706	1200	1	-1	5.09234e-10	-1	descriptive
mealpy	BaseGSKA	10	10	755	445	1200	1.48348e-19	-1	1	-1	descriptive
mealpy	BaseLCO	10	10	949	251	1200	4.19378e-96	-1	1	-1	descriptive
mealpy	OriginalSSpiderA	10	10	742	458	1200	1.12853e-16	-1	1	-1	descriptive
mealpy	BaseHS	10	10	787	413	1200	9.26924e-28	-1	1	-1	descriptive
mealpy	AdaptiveEO	10	10	940	260	1200	5.42855e-91	-1	1	-1	descriptive
mealpy	OriginalWCA	10	10	578	210	788	7.8045e-41	-1	1	-1	descriptive
mealpy	OriginalMRFO	10	10	902	298	1200	2.93685e-71	-1	1	-1	descriptive
mealpy	OriginalEOA	10	10	699	501	1200	6.01151e-09	-1	1	-1	descriptive
mealpy	OriginalABC	10	10	586	614	1200	0.798743	-1	0.217872	-1	descriptive
mealpy	ModifiedAEO	10	10	802	398	1200	3.6667e-32	-1	1	-1	descriptive
mealpy	OriginalSFO	10	10	631	569	1200	0.0391044	-1	0.96554	-1	descriptive
mealpy	BaseBBO	10	10	643	557	1200	0.00705216	-1	0.994004	-1	descriptive
mealpy	OriginalNMRA	10	10	772	428	1200	1.02773e-23	-1	1	-1	descriptive
mealpy	OriginalACOR	10	10	551	649	1200	0.997877	-1	0.00254342	-1	descriptive
mealpy	ImprovedSFO	10	10	631	569	1200	0.0391044	-1	0.96554	-1	descriptive
mealpy	OriginalCRO	10	10	597	603	1200	0.580065	-1	0.442621	-1	descriptive
mealpy	LevyJA	10	10	649	551	1200	0.00254342	-1	0.997877	-1	descriptive
mealpy	OriginalHS	10	10	617	583	1200	0.170391	-1	0.84384	-1	descriptive
mealpy	OriginalCSO	10	10	561	639	1200	0.988732	-1	0.0130942	-1	descriptive
mealpy	OriginalCOA	10	10	705	495	1200	7.31877e-10	-1	1	-1	descriptive
mealpy	LevyQSA	10	10	699	501	1200	6.01151e-09	-1	1	-1	descriptive
mealpy	OppoQSA	10	10	699	501	1200	6.01151e-09	-1	1	-1	descriptive
mealpy	BaseBRO	10	10	848	352	1200	5.66766e-48	-1	1	-1	descriptive
mealpy	OriginalSLO	10	10	714	486	1200	2.47782e-11	-1	1	-1	descriptive
mealpy	OriginalMVO	10	10	826	374	1200	5.72457e-40	-1	1	-1	descriptive
mealpy	CLPSO	10	10	504	696	1200	1	-1	1.64689e-08	-1	descriptive
mealpy	OriginalNRO	10	10	540	660	1200	0.999764	-1	0.000293209	-1	descriptive
mealpy	BaseSCA	10	10	594	606	1200	0.646265	-1	0.375423	-1	descriptive
mealpy	BaseGCO	10	10	584	616	1200	0.829609	-1	0.185425	-1	descriptive
mealpy	OriginalArchOA	10	10	652	548	1200	0.00146505	-1	0.998789	-1	descriptive
mealpy	SwarmHC	10	10	467	733	1200	1	-1	7.89263e-15	-1	descriptive
mealpy	ImprovedTLO	10	10	798	402	1200	5.93917e-31	-1	1	-1	descriptive
mealpy	OriginalMSA	10	10	698	502	1200	8.43967e-09	-1	1	-1	descriptive
mealpy	WOA	10	10	788	412	1200	4.83877e-28	-1	1	-1	descriptive
mealpy	OriginalIWO	10	10	796	404	1200	2.33757e-30	-1	1	-1	descriptive
mealpy	BaseGA	10	10	828	372	1200	1.1589e-40	-1	1	-1	descriptive
mealpy	ModifiedEO	10	10	953	247	1200	1.96848e-98	-1	1	-1	descriptive
mealpy	ImprovedNMRA	10	10	781	419	1200	4.24192e-26	-1	1	-1	descriptive
mealpy	BaseCHIO	10	10	431	769	1200	1	-1	6.00425e-23	-1	descriptive
mealpy	OriginalHHO	10	10	723	477	1200	6.37531e-13	-1	1	-1	descriptive
mealpy	OriginalGWO	10	10	975	225	1200	6.98668e-112	-1	1	-1	descriptive
mealpy	ImprovedQSA	10	10	699	501	1200	6.01151e-09	-1	1	-1	descriptive
mealpy	OriginalFBIO	10	10	507	693	1200	1	-1	4.37867e-08	-1	descriptive
mealpy	OriginalBeesA	10	10	524	676	1200	0.999995	-1	6.37142e-06	-1	descriptive
mealpy	BaseEFO	10	10	739	461	1200	4.7971e-16	-1	1	-1	descriptive
mealpy	OriginalSA	10	10	649	551	1200	0.00254342	-1	0.997877	-1	descriptive
mealpy	OriginalHC	10	10	524	676	1200	0.999995	-1	6.37142e-06	-1	descriptive
mealpy	OriginalSHO	10	10	794	406	1200	9.06502e-30	-1	1	-1	descriptive
mealpy	JADE	10	10	685	515	1200	5.13507e-07	-1	1	-1	descriptive
mealpy	OriginalCA	10	10	631	569	1200	0.0391044	-1	0.96554	-1	descriptive
mealpy	EnhancedTWO	10	10	630	570	1200	0.0442459	-1	0.960896	-1	descriptive
mealpy	BaseSSA	10	10	555	645	1200	0.995706	-1	0.00508185	-1	descriptive
mealpy	OriginalAOA	10	10	805	395	1200	4.36687e-33	-1	1	-1	descriptive
mealpy	OriginalQSA	10	10	699	501	1200	6.01151e-09	-1	1	-1	descriptive
mealpy	OriginalGOA	10	10	936	264	1200	8.9369e-89	-1	1	-1	descriptive
mealpy	EnhancedAEO	10	10	768	432	1200	1.07367e-22	-1	1	-1	descriptive
mealpy	OriginalGSKA	10	10	717	483	1200	7.54242e-12	-1	1	-1	descriptive
mealpy	PPSO	10	10	887	313	1200	2.98337e-64	-1	1	-1	descriptive
mealpy	OriginalCGO	10	10	738	462	1200	7.717e-16	-1	1	-1	descriptive
mealpy	OriginalHGSO	10	10	858	342	1200	6.89987e-52	-1	1	-1	descriptive
mealpy	OriginalSBO	10	10	986	214	1200	4.94816e-119	-1	1	-1	descriptive
mealpy	OppoTWO	10	10	627	573	1200	0.0629934	-1	0.943843	-1	descriptive
mealpy	OriginalASO	10	10	473	727	1200	1	-1	1.1468e-13	-1	descriptive
mealpy	ModifiedSLO	10	10	630	570	1200	0.0442459	-1	0.960896	-1	descriptive
mealpy	BaseVCS	10	10	750	450	1200	2.04139e-18	-1	1	-1	descriptive
mealpy	LSHADE	10	10	694	506	1200	3.17122e-08	-1	1	-1	descriptive
mealpy	OriginalEFO	10	10	1028	172	1200	3.44768e-149	-1	1	-1	descriptive
mealpy	OriginalJA	10	10	678	522	1200	3.72498e-06	-1	0.999997	-1	descriptive
mealpy	OriginalGCO	10	10	529	671	1200	0.999982	-1	2.30327e-05	-1	descriptive
mealpy	OriginalPSS	10	10	914	286	1200	3.54865e-77	-1	1	-1	descriptive
mealpy	OriginalEHO	10	10	731	469	1200	1.95265e-14	-1	1	-1	descriptive
mealpy	OriginalSSA	10	10	778	422	1200	2.73199e-25	-1	1	-1	descriptive
mealpy	OriginalSCA	10	10	582	618	1200	0.857264	-1	0.15616	-1	descriptive
mealpy	OriginalBES	10	10	869	331	1200	2.13039e-56	-1	1	-1	descriptive
mealpy	BaseSBO	10	10	882	318	1200	5.20166e-62	-1	1	-1	descriptive
mealpy	BaseJA	10	10	636	564	1200	0.0201798	-1	0.982477	-1	descriptive
mealpy	OriginalSARO	10	10	631	569	1200	0.0391044	-1	0.96554	-1	descriptive
mealpy	OriginalSRSR	10	10	777	423	1200	5.04625e-25	-1	1	-1	descriptive
mealpy	OriginalTWO	10	10	636	564	1200	0.0201798	-1	0.982477	-1	descriptive
mealpy	OriginalWDO	10	10	560	640	1200	0.990332	-1	0.0112683	-1	descriptive
mealpy	AugmentedAEO	10	10	655	545	1200	0.000820527	-1	0.999328	-1	descriptive
mealpy	OriginalWOA	10	10	766	434	1200	3.39645e-22	-1	1	-1	descriptive
mealpy	SADE	10	10	644	556	1200	0.00599564	-1	0.994918	-1	descriptive
mealpy	OriginalBRO	10	10	541	659	1200	0.999707	-1	0.000362497	-1	descriptive
mealpy	OriginalSSpiderO	10	10	536	664	1200	0.999903	-1	0.000121582	-1	descriptive
mealpy	ProbBeesA	10	10	527	673	1200	0.999989	-1	1.39098e-05	-1	descriptive
mealpy	OriginalFA	10	10	474	726	1200	1	-1	1.77e-13	-1	descriptive
mealpy	OriginalCSA	10	10	450	750	1200	1	-1	2.04139e-18	-1	descriptive
mealpy	OriginalALO	10	10	799	401	1200	2.97706e-31	-1	1	-1	descriptive
mealpy	OriginalDO	10	10	631	569	1200	0.0391044	-1	0.96554	-1	descriptive
mealpy	OriginalCHIO	10	10	431	769	1200	1	-1	6.00425e-23	-1	descriptive
mealpy	OriginalBSA	10	10	664	536	1200	0.000121582	-1	0.999903	-1	descriptive
mealpy	LevyEP	10	10	513	687	1200	1	-1	2.83038e-07	-1	descriptive
mealpy	OriginalICA	10	10	508	207	715	2.23898e-30	-1	1	-1	descriptive
mealpy	ImprovedLCO	10	10	933	267	1200	3.90363e-87	-1	1	-1	descriptive
mealpy	OriginalMFO	10	10	547	653	1200	0.999001	-1	0.00121141	-1	descriptive
mealpy	ImprovedAEO	10	10	855	345	1200	1.07556e-50	-1	1	-1	descriptive
mealpy	OriginalVCS	10	10	727	473	1200	1.1468e-13	-1	1	-1	descriptive
mealpy	AdaptiveBA	10	10	611	589	1200	0.272194	-1	0.746631	-1	descriptive
mealpy	MultiGA	10	10	653	547	1200	0.00121141	-1	0.999001	-1	descriptive
mealpy	OriginalES	10	10	621	579	1200	0.118286	-1	0.892762	-1	descriptive
mealpy	LevyES	10	10	524	676	1200	0.999995	-1	6.37142e-06	-1	descriptive
mealpy	OriginalEP	10	10	513	687	1200	1	-1	2.83038e-07	-1	descriptive
mealpy	BaseSMA	10	10	622	578	1200	0.107238	-1	0.903045	-1	descriptive
mealpy	OriginalPSO	10	10	715	485	1200	1.67247e-11	-1	1	-1	descriptive
mealpy	FBUDGETSHADE	10	10	674	526	1200	1.07573e-05	-1	0.999992	-1	descriptive
mealpy	OriginalFOA	10	10	132	1068	1200	1	-1	9.42885e-183	-1	descriptive
mealpy	BaseQSA	10	10	699	501	1200	6.01151e-09	-1	1	-1	descriptive
mealpy	BaseMFO	10	10	547	653	1200	0.999001	-1	0.00121141	-1	descriptive
mealpy	BaseDE	10	10	600	600	1200	0.511514	-1	0.511514	-1	descriptive
mealpy	WhaleFOA	10	10	147	1053	1200	1	-1	1.51112e-169	-1	descriptive
Baselines	DE	10	10	801	300	1200	1.82749e-53	-1	1	-1	descriptive
Baselines	RCobyla	10	10	1104	96	1200	5.15861e-218	-1	1	-1	descriptive
Baselines	PSO	10	10	281	540	1200	1	-1	5.41934e-20	-1	descriptive
Baselines	DiagonalCMA	10	10	1001	199	1200	2.8966e-129	-1	1	-1	descriptive
Baselines	modcma	10	10	1115	85	1200	5.6952e-230	-1	1	-1	descriptive
Baselines	modde	10	10	631	569	1200	0.0391044	-1	0.96554	-1	descriptive
Baselines	OnePlusOne	10	10	1145	55	1200	3.09647e-266	-1	1	-1	descriptive
Baselines	Powell	10	10	593	607	1200	0.667488	-1	0.353735	-1	descriptive
Baselines	MultiBFGS	10	10	720	480	1200	2.22673e-12	-1	1	-1	descriptive
Baselines	lshade	10	10	631	569	1200	0.0391044	-1	0.96554	-1	descriptive
Baselines	bipop	10	10	1115	85	1200	5.6952e-230	-1	1	-1	descriptive
EVOLOPY	DE	10	50	1107	93	1200	3.25833e-221	8.04807e-219	1	1	better
EVOLOPY	JAYA	10	50	1017	183	1200	7.92284e-141	1.29935e-138	1	1	better
EVOLOPY	PSO	10	50	1053	147	1200	1.51112e-169	2.84091e-167	1	1	better
EVOLOPY	WOA	10	50	1026	174	1200	1.21249e-147	2.06124e-145	1	1	better
EVOLOPY	FFA	10	50	1012	188	1200	3.86183e-137	6.29479e-135	1	1	better
EVOLOPY	BAT	10	50	484	716	1200	1	1	1.12505e-11	2.76762e-09	worse
EVOLOPY	MVO	10	50	1117	83	1200	3.25527e-232	8.33348e-230	1	1	better
EVOLOPY	HHO	10	50	877	323	1200	8.15275e-60	9.86483e-58	1	1	better
EVOLOPY	SCA	10	50	587	613	1200	0.782128	1	0.235251	1	not shown
EVOLOPY	GA	10	50	717	216	933	1.08385e-63	1.33314e-61	1	1	better
EVOLOPY	MFO	10	50	1089	111	1200	1.1827e-202	2.64924e-200	1	1	better
EVOLOPY	CS	10	50	567	633	1200	0.973474	1	0.0302784	1	not shown
EVOLOPY	GWO	10	50	1132	68	1200	8.71728e-250	2.32751e-247	1	1	better
EVOLOPY	SSA	10	50	688	512	1200	2.09097e-07	1.81914e-05	1	1	better
NIAPY	DynamicFireworksAlgorithm	10	50	935	265	1200	3.16259e-88	4.23787e-86	1	1	better
NIAPY	HarmonySearch	10	50	1058	142	1200	7.32854e-174	1.41441e-171	1	1	better
NIAPY	EvolutionStrategyMp1	10	50	1104	96	1200	5.15861e-218	1.23291e-215	1	1	better
NIAPY	MonarchButterflyOptimization	10	50	813	387	1200	1.27085e-35	1.35981e-33	1	1	better
NIAPY	CenterParticleSwarmOptimization	10	50	1112	88	1200	1.19957e-226	3.01093e-224	1	1	better
NIAPY	DynNpDifferentialEvolution	10	50	1008	192	1200	3.07535e-134	4.95132e-132	1	1	better
NIAPY	CamelAlgorithm	10	50	996	204	1200	8.63517e-126	1.34709e-123	1	1	better
NIAPY	BatAlgorithm	10	50	928	272	1200	1.92148e-84	2.53636e-82	1	1	better
NIAPY	GlowwormSwarmOptimization	10	50	143	1057	1200	1	1	5.42881e-173	1.5635e-170	worse
NIAPY	BareBonesFireworksAlgorithm	10	50	1137	63	1200	5.76077e-256	1.58997e-253	1	1	better
NIAPY	CuckooSearch	10	50	564	636	1200	0.982477	1	0.0201798	1	not shown
NIAPY	GeneticAlgorithm	10	50	560	640	1200	0.990332	1	0.0112683	1	not shown
NIAPY	ParticleSwarmAlgorithm	10	50	1056	144	1200	3.98984e-172	7.62059e-170	1	1	better
NIAPY	MonkeyKingEvolutionV3	10	50	1084	116	1200	9.37822e-198	1.99756e-195	1	1	better
NIAPY	MonkeyKingEvolutionV2	10	50	484	716	1200	1	1	1.12505e-11	2.76762e-09	worse
NIAPY	SineCosineAlgorithm	10	50	54	1146	1200	1	1	1.48466e-267	4.39461e-265	worse
NIAPY	EvolutionStrategy1p1	10	50	1043	157	1200	3.61887e-161	6.62253e-159	1	1	better
NIAPY	HarrisHawksOptimization	10	50	1075	125	1200	3.414e-189	7.10111e-187	1	1	better
NIAPY	ParticleSwarmOptimization	10	50	851	349	1200	3.95746e-49	4.55107e-47	1	1	better
NIAPY	ForestOptimizationAlgorithm	10	50	701	499	1200	3.0196e-09	2.71764e-07	1	1	better
NIAPY	EnhancedFireworksAlgorithm	10	50	1051	149	1200	7.61007e-168	1.42308e-165	1	1	better
NIAPY	MultiStrategyDifferentialEvolution	10	50	526	674	1200	0.999992	1	1.07573e-05	0.0025172	worse
NIAPY	MutatedParticleSwarmOptimization	10	50	1106	94	1200	3.8413e-220	9.29595e-218	1	1	better
NIAPY	ComprehensiveLearningParticleSwarmOptimizer	10	50	345	855	1200	1	1	1.07556e-50	2.8072e-48	worse
NIAPY	KrillHerd	10	50	697	503	1200	1.18092e-08	1.03921e-06	1	1	better
NIAPY	FishSchoolSearch	10	50	327	873	1200	1	1	4.30951e-58	1.14202e-55	worse
NIAPY	MutatedCenterUnifiedParticleSwarmOptimization	10	50	1136	64	1200	1.02444e-254	2.79673e-252	1	1	better
NIAPY	MutatedCenterParticleSwarmOptimization	10	50	1124	76	1200	3.04026e-240	7.93509e-238	1	1	better
NIAPY	GlowwormSwarmOptimizationV2	10	50	129	1071	1200	1	1	1.72403e-185	5.01692e-183	worse
NIAPY	CatSwarmOptimization	10	50	915	285	1200	1.1069e-77	1.40576e-75	1	1	better
NIAPY	DifferentialEvolution	10	50	522	678	1200	0.999997	1	3.72498e-06	0.000875369	worse
NIAPY	FireworksAlgorithm	10	50	781	419	1200	4.24192e-26	4.36918e-24	1	1	better
NIAPY	MothFlameOptimizer	10	50	354	846	1200	1	1	3.27619e-47	8.5181e-45	worse
NIAPY	DynNpMultiStrategyDifferentialEvolution	10	50	487	713	1200	1	1	3.65858e-11	8.92692e-09	worse
NIAPY	EvolutionStrategyML	10	50	1107	93	1200	3.25833e-221	8.04807e-219	1	1	better
NIAPY	GreyWolfOptimizer	10	50	1127	73	1200	8.95539e-244	2.36422e-241	1	1	better
NIAPY	HarmonySearchV1	10	50	1021	179	1200	7.91361e-144	1.32949e-141	1	1	better
NIAPY	BeesAlgorithm	10	50	946	254	1200	2.21838e-94	3.06137e-92	1	1	better
NIAPY	GlowwormSwarmOptimizationV1	10	50	123	1077	1200	1	1	4.55567e-191	1.33026e-188	worse
NIAPY	GlowwormSwarmOptimizationV3	10	50	131	1069	1200	1	1	1.16288e-183	3.37236e-181	worse
NIAPY	LionOptimizationAlgorithm	10	50	960	240	1200	1.36163e-102	1.90628e-100	1	1	better
NIAPY	ArtificialBeeColonyAlgorithm	10	50	1082	118	1200	7.99289e-196	1.6865e-193	1	1	better
NIAPY	AgingNpDifferentialEvolution	10	50	530	670	1200	0.999977	1	2.94953e-05	0.0068429	worse
NIAPY	OppositionVelocityClampingParticleSwarmOptimization	10	50	610	590	1200	0.291689	1	0.727806	1	not shown
NIAPY	CoralReefsOptimization	10	50	247	953	1200	1	1	1.96848e-98	5.47237e-96	worse
NIAPY	BacterialForagingOptimization	10	50	243	957	1200	1	1	8.51803e-101	2.37653e-98	worse
NIAPY	DynamicFireworksAlgorithmGauss	10	50	980	220	1200	4.27115e-115	6.36402e-113	1	1	better
NIAPY	ClonalSelectionAlgorithm	10	50	132	1068	1200	1	1	9.42885e-183	2.72494e-180	worse
NIAPY	GravitationalSearchAlgorithm	10	50	603	597	1200	0.442621	1	0.580065	1	not shown
NIAPY	MonkeyKingEvolutionV1	10	50	487	713	1200	1	1	3.65858e-11	8.92692e-09	worse
NIAPY	EvolutionStrategyMpL	10	50	1103	97	1200	5.87757e-217	1.39298e-214	1	1	better
NIAPY	FireflyAlgorithm	10	50	498	702	1200	1	1	2.12939e-09	5.06794e-07	worse
NIAPY	FlowerPollinationAlgorithm	10	50	594	606	1200	0.646265	1	0.375423	1	not shown
OPYTIMIZER	SA	10	50	986	214	1200	4.94816e-119	7.66965e-117	1	1	better
OPYTIMIZER	GOGHS	10	50	1041	159	1200	1.56963e-159	2.85673e-157	1	1	better
OPYTIMIZER	QSA	10	50	1067	133	1200	7.58052e-182	1.5161e-179	1	1	better
OPYTIMIZER	SGHS	10	50	983	217	1200	4.71472e-117	7.21353e-115	1	1	better
OPYTIMIZER	DE	10	50	1094	106	1200	1.1649e-207	2.67928e-205	1	1	better
OPYTIMIZER	RFO	10	50	1159	41	1200	1.59022e-285	4.51622e-283	1	1	better
OPYTIMIZER	PPA	10	50	838	362	1200	3.12026e-44	3.49469e-42	1	1	better
OPYTIMIZER	EHO	10	50	1096	104	1200	1.07796e-209	2.49008e-207	1	1	better
OPYTIMIZER	AEO	10	50	1155	45	1200	8.01255e-280	2.26755e-277	1	1	better
OPYTIMIZER	ABO	10	50	1032	168	1200	2.56951e-152	4.49665e-150	1	1	better
OPYTIMIZER	GHS	10	50	961	239	1200	3.39467e-103	4.78649e-101	1	1	better
OPYTIMIZER	PVS	10	50	1021	179	1200	7.91361e-144	1.32949e-141	1	1	better
OPYTIMIZER	BWO	10	50	1105	95	1200	4.47688e-219	1.07893e-216	1	1	better
OPYTIMIZER	PSO	10	50	1182	18	1200	2.17389e-322	6.39123e-320	1	1	better
OPYTIMIZER	BSO	10	50	1131	69	1200	1.43156e-248	3.80796e-246	1	1	better
OPYTIMIZER	CSA	10	50	747	453	1200	9.43616e-18	9.05871e-16	1	1	better
OPYTIMIZER	SSO	10	50	1133	67	1200	5.22672e-251	1.40599e-248	1	1	better
OPYTIMIZER	WOA	10	50	1139	61	1200	1.7326e-258	4.81662e-256	1	1	better
OPYTIMIZER	BA	10	50	966	234	1200	3.02285e-106	4.35291e-104	1	1	better
OPYTIMIZER	HS	10	50	967	233	1200	7.30255e-107	1.05887e-104	1	1	better
OPYTIMIZER	JS	10	50	1107	93	1200	3.25833e-221	8.04807e-219	1	1	better
OPYTIMIZER	SOS	10	50	1177	23	1200	1.2277e-313	3.57262e-311	1	1	better
OPYTIMIZER	GS	10	50	76	1124	1200	1	1	3.04026e-240	8.96878e-238	worse
OPYTIMIZER	EFO	10	50	986	214	1200	4.94816e-119	7.66965e-117	1	1	better
OPYTIMIZER	GSA	10	50	371	829	1200	1	1	5.18412e-41	1.33232e-38	worse
OPYTIMIZER	ESA	10	50	875	325	1200	5.97745e-59	7.11317e-57	1	1	better
OPYTIMIZER	BOA	10	50	95	462	557	1	1	3.72333e-59	9.90406e-57	worse
OPYTIMIZER	HC	10	50	184	1016	1200	1	1	4.38528e-140	1.24542e-137	worse
OPYTIMIZER	ABC	10	50	1070	100	1170	6.22569e-206	1.41323e-203	1	1	better
OPYTIMIZER	RRA	10	50	1134	66	1200	3.08504e-252	8.36046e-250	1	1	better
OPYTIMIZER	NDS	10	50	76	1124	1200	1	1	3.04026e-240	8.96878e-238	worse
OPYTIMIZER	NBJS	10	50	1105	95	1200	4.47688e-219	1.07893e-216	1	1	better
OPYTIMIZER	SSD	10	50	421	779	1200	1	1	1.47372e-25	3.71379e-23	worse
OPYTIMIZER	CEM	10	50	492	708	1200	1	1	2.44059e-10	5.88183e-08	worse
OPYTIMIZER	AOA	10	50	943	257	1200	1.12204e-92	1.52597e-90	1	1	better
OPYTIMIZER	MRFO	10	50	1168	32	1200	5.11183e-299	1.47221e-296	1	1	better
OPYTIMIZER	ASO	10	50	144	1056	1200	1	1	3.98984e-172	1.14508e-169	worse
OPYTIMIZER	SFO	10	50	784	416	1200	6.37434e-27	6.62931e-25	1	1	better
OPYTIMIZER	IHS	10	50	964	236	1200	5.09816e-105	7.29037e-103	1	1	better
OPYTIMIZER	COA	10	50	1114	86	1200	7.3916e-229	1.87007e-226	1	1	better
OPYTIMIZER	GOA	10	50	1152	48	1200	1.18991e-275	3.35554e-273	1	1	better
OPYTIMIZER	STOA	10	50	214	986	1200	1	1	4.94816e-119	1.39043e-116	worse
OPYTIMIZER	MVPA	10	50	1120	80	1200	1.27682e-235	3.29419e-233	1	1	better
OPYTIMIZER	ES	10	50	1073	127	1200	2.46901e-187	5.06147e-185	1	1	better
OPYTIMIZER	AIWPSO	10	50	1181	19	1200	1.34336e-320	3.93606e-318	1	1	better
OPYTIMIZER	ISA	10	50	271	929	1200	1	1	5.61488e-85	1.54971e-82	worse
OPYTIMIZER	EO	10	50	1186	14	1200	0	0	1	1	better
OPYTIMIZER	AF	10	50	80	956	1036	1	1	1.53078e-191	4.48517e-189	worse
OPYTIMIZER	DOA	10	50	1070	130	1200	1.42202e-184	2.90092e-182	1	1	better
OPYTIMIZER	PIO	10	50	1088	112	1200	1.15126e-201	2.55579e-199	1	1	better
OPYTIMIZER	HHO	10	50	1128	72	1200	5.78976e-245	1.53429e-242	1	1	better
OPYTIMIZER	BSA	10	50	978	222	1200	8.37928e-114	1.24013e-111	1	1	better
OPYTIMIZER	TEO	10	50	454	719	1173	1	1	4.93874e-15	1.22481e-12	worse
OPYTIMIZER	FA	10	50	282	918	1200	1	1	3.26793e-79	8.92145e-77	worse
OPYTIMIZER	WWO	10	50	1100	100	1200	8.13378e-214	1.91144e-211	1	1	better
OPYTIMIZER	IWO	10	50	998	202	1200	3.58311e-127	5.62548e-125	1	1	better
OPYTIMIZER	KH	10	50	1134	66	1200	3.08504e-252	8.36046e-250	1	1	better
OPYTIMIZER	FOA	10	50	1063	137	1200	2.91281e-178	5.70911e-176	1	1	better
OPYTIMIZER	RPSO	10	50	1176	24	1200	6.02618e-312	1.74759e-309	1	1	better
OPYTIMIZER	SCA	10	50	410	790	1200	1	1	1.30418e-28	3.29958e-26	worse
OPYTIMIZER	OSA	10	50	707	493	1200	3.53132e-10	3.2135e-08	1	1	better
OPYTIMIZER	WDO	10	50	496	704	1200	1	1	1.04834e-09	2.50552e-07	worse
OPYTIMIZER	LSA	10	50	1179	21	1200	4.465e-317	1.30378e-314	1	1	better
OPYTIMIZER	VPSO	10	50	1161	39	1200	1.9329e-288	5.50877e-286	1	1	better
OPYTIMIZER	SBO	10	50	1117	83	1200	3.25527e-232	8.33348e-230	1	1	better
OPYTIMIZER	GA	10	50	1162	38	1200	6.48141e-290	1.85368e-287	1	1	better
OPYTIMIZER	MFO	10	50	1038	162	1200	4.24759e-157	7.60318e-155	1	1	better
OPYTIMIZER	CS	10	50	1069	131	1200	1.16288e-183	2.34902e-181	1	1	better
OPYTIMIZER	FSO	10	50	863	337	1200	6.53804e-54	7.71489e-52	1	1	better
OPYTIMIZER	NGHS	10	50	1027	173	1200	2.05147e-148	3.52852e-146	1	1	better
OPYTIMIZER	GCO	10	50	1036	164	1200	1.71488e-155	3.05248e-153	1	1	better
OPYTIMIZER	TWO	10	50	1172	28	1200	2.34187e-305	6.768e-303	1	1	better
OPYTIMIZER	WEO	10	50	983	217	1200	4.71472e-117	7.21353e-115	1	1	better
OPYTIMIZER	GWO	10	50	1163	37	1200	2.1158e-291	6.07236e-289	1	1	better
OPYTIMIZER	SAVPSO	10	50	1186	14	1200	0	0	1	1	better
OPYTIMIZER	FFOA	10	50	462	738	1200	1	1	7.717e-16	1.92153e-13	worse
OPYTIMIZER	AIG	10	50	1028	172	1200	3.44768e-149	5.96448e-147	1	1	better
OPYTIMIZER	BH	10	50	1067	133	1200	7.58052e-182	1.5161e-179	1	1	better
OPYTIMIZER	CI	10	50	543	94	637	5.51009e-78	7.05291e-76	1	1	better
OPYTIMIZER	SSA	10	50	1093	107	1200	1.19235e-206	2.71856e-204	1	1	better
OPYTIMIZER	AO	10	50	981	219	1200	9.56321e-116	1.43448e-113	1	1	better
OPYTIMIZER	MVO	10	50	268	34	302	1.44227e-46	1.62976e-44	1	1	better
mealpy	LevyTWO	10	50	255	945	1200	1	1	8.24481e-94	2.28381e-91	worse
mealpy	OriginalTLO	10	50	1078	122	1200	5.19199e-192	1.09032e-189	1	1	better
mealpy	GWO	10	50	1100	100	1200	8.13378e-214	1.91144e-211	1	1	better
mealpy	OriginalBBO	10	50	1107	93	1200	3.25833e-221	8.04807e-219	1	1	better
mealpy	ABFO	10	50	525	660	1185	0.999962	1	4.87874e-05	0.0112699	worse
mealpy	OriginalWHO	10	50	859	341	1200	2.73975e-52	3.20551e-50	1	1	better
mealpy	OriginalFFA	10	50	490	710	1200	1	1	1.15404e-10	2.79278e-08	worse
mealpy	BaseSARO	10	50	1108	92	1200	2.73197e-222	6.8026e-220	1	1	better
mealpy	OriginalSMA	10	50	495	705	1200	1	1	7.31877e-10	1.75651e-07	worse
mealpy	SingleGA	10	50	941	259	1200	1.49713e-91	2.02112e-89	1	1	better
mealpy	OriginalSSDO	10	50	712	488	1200	5.38373e-11	4.95303e-09	1	1	better
mealpy	OriginalFPA	10	50	677	523	1200	4.87963e-06	0.000414768	0.999996	1	better
mealpy	OriginalSSO	10	50	847	353	1200	1.36538e-47	1.55653e-45	1	1	better
mealpy	OriginalMA	10	50	518	682	1200	0.999999	1	1.22433e-06	0.000288941	worse
mealpy	OriginalCEM	10	50	315	885	1200	1	1	2.38157e-63	6.35881e-61	worse
mealpy	OCRO	10	50	1051	149	1200	7.61007e-168	1.42308e-165	1	1	better
mealpy	OriginalBA	10	50	164	1036	1200	1	1	1.71488e-155	4.90455e-153	worse
mealpy	OriginalAEO	10	50	1104	96	1200	5.15861e-218	1.23291e-215	1	1	better
mealpy	OriginalBSO	10	50	1092	108	1200	1.20805e-205	2.73019e-203	1	1	better
mealpy	OriginalBFO	10	50	185	1015	1200	1	1	2.41176e-139	6.82528e-137	worse
mealpy	ImprovedSLO	10	50	758	442	1200	2.94922e-20	2.89024e-18	1	1	better
mealpy	OriginalLCO	10	50	1123	77	1200	4.44251e-239	1.15061e-236	1	1	better
mealpy	OriginalHGS	10	50	1036	164	1200	1.71488e-155	3.05248e-153	1	1	better
mealpy	BaseALO	10	50	1088	112	1200	1.15126e-201	2.55579e-199	1	1	better
mealpy	CPSO	10	50	1019	181	1200	2.53665e-142	4.18548e-140	1	1	better
mealpy	OriginalEO	10	50	1143	57	1200	1.27312e-263	3.56475e-261	1	1	better
mealpy	DE	10	50	395	805	1200	1	1	4.36687e-33	1.10919e-30	worse
mealpy	ModifiedBA	10	50	772	428	1200	1.02773e-23	1.038e-21	1	1	better
mealpy	BaseTLO	10	50	1094	106	1200	1.1649e-207	2.67928e-205	1	1	better
mealpy	OriginalPFA	10	50	661	539	1200	0.000236413	0.0193859	0.99981	1	better
mealpy	BaseFOA	10	50	372	828	1200	1	1	1.1589e-40	2.96679e-38	worse
mealpy	OriginalGBO	10	50	1056	144	1200	3.98984e-172	7.62059e-170	1	1	better
mealpy	TVAC	10	50	1147	53	1200	6.98302e-269	1.96223e-266	1	1	better
mealpy	BaseFBIO	10	50	1070	130	1200	1.42202e-184	2.90092e-182	1	1	better
mealpy	ImprovedBSO	10	50	1086	114	1200	1.05932e-199	2.29873e-197	1	1	better
mealpy	OriginalAO	10	50	295	905	1200	1	1	1.03469e-72	2.79367e-70	worse
mealpy	BaseGSKA	10	50	1117	83	1200	3.25527e-232	8.33348e-230	1	1	better
mealpy	BaseLCO	10	50	1133	67	1200	5.22672e-251	1.40599e-248	1	1	better
mealpy	OriginalSSpiderA	10	50	700	500	1200	4.26768e-09	3.79824e-07	1	1	better
mealpy	BaseHS	10	50	1092	108	1200	1.20805e-205	2.73019e-203	1	1	better
mealpy	AdaptiveEO	10	50	1136	64	1200	1.02444e-254	2.79673e-252	1	1	better
mealpy	OriginalWCA	10	50	738	50	788	2.96645e-158	5.33961e-156	1	1	better
mealpy	OriginalMRFO	10	50	1124	76	1200	3.04026e-240	7.93509e-238	1	1	better
mealpy	OriginalEOA	10	50	796	404	1200	2.33757e-30	2.45445e-28	1	1	better
mealpy	OriginalABC	10	50	921	279	1200	9.25507e-81	1.21241e-78	1	1	better
mealpy	ModifiedAEO	10	50	1089	111	1200	1.1827e-202	2.64924e-200	1	1	better
mealpy	OriginalSFO	10	50	587	613	1200	0.782128	1	0.235251	1	not shown
mealpy	BaseBBO	10	50	1112	88	1200	1.19957e-226	3.01093e-224	1	1	better
mealpy	OriginalNMRA	10	50	741	459	1200	1.83448e-16	1.74276e-14	1	1	better
mealpy	OriginalACOR	10	50	838	362	1200	3.12026e-44	3.49469e-42	1	1	better
mealpy	ImprovedSFO	10	50	587	613	1200	0.782128	1	0.235251	1	not shown
mealpy	OriginalCRO	10	50	1050	150	1200	5.33887e-167	9.8769e-165	1	1	better
mealpy	LevyJA	10	50	920	280	1200	3.05041e-80	3.93503e-78	1	1	better
mealpy	OriginalHS	10	50	1084	116	1200	9.37822e-198	1.99756e-195	1	1	better
mealpy	OriginalCSO	10	50	471	729	1200	1	1	4.76478e-14	1.1769e-11	worse
mealpy	OriginalCOA	10	50	830	370	1200	2.31004e-41	2.51794e-39	1	1	better
mealpy	LevyQSA	10	50	1050	150	1200	5.33887e-167	9.8769e-165	1	1	better
mealpy	OppoQSA	10	50	1029	171	1200	5.75507e-150	1.00138e-147	1	1	better
mealpy	BaseBRO	10	50	929	271	1200	5.61488e-85	7.46779e-83	1	1	better
mealpy	OriginalSLO	10	50	982	218	1200	2.12933e-116	3.21529e-114	1	1	better
mealpy	OriginalMVO	10	50	1119	81	1200	1.76729e-234	4.54195e-232	1	1	better
mealpy	CLPSO	10	50	716	484	1200	1.12505e-11	1.0463e-09	1	1	better
mealpy	OriginalNRO	10	50	806	394	1200	2.13247e-33	2.26042e-31	1	1	better
mealpy	BaseSCA	10	50	670	530	1200	2.94953e-05	0.00244811	0.999977	1	better
mealpy	BaseGCO	10	50	589	611	1200	0.746631	1	0.272194	1	not shown
mealpy	OriginalArchOA	10	50	1008	192	1200	3.07535e-134	4.95132e-132	1	1	better
mealpy	SwarmHC	10	50	278	922	1200	1	1	2.79498e-81	7.6862e-79	worse
mealpy	ImprovedTLO	10	50	1060	140	1200	1.30393e-175	2.54266e-173	1	1	better
mealpy	OriginalMSA	10	50	1141	59	1200	4.86568e-261	1.35752e-258	1	1	better
mealpy	WOA	10	50	1005	195	1200	4.32009e-132	6.82573e-130	1	1	better
mealpy	OriginalIWO	10	50	765	435	1200	6.00862e-22	5.94853e-20	1	1	better
mealpy	BaseGA	10	50	1127	73	1200	8.95539e-244	2.36422e-241	1	1	better
mealpy	ModifiedEO	10	50	1139	61	1200	1.7326e-258	4.81662e-256	1	1	better
mealpy	ImprovedNMRA	10	50	1027	173	1200	2.05147e-148	3.52852e-146	1	1	better
mealpy	BaseCHIO	10	50	286	914	1200	1	1	3.54865e-77	9.65231e-75	worse
mealpy	OriginalHHO	10	50	945	255	1200	8.24481e-94	1.12954e-91	1	1	better
mealpy	OriginalGWO	10	50	1114	86	1200	7.3916e-229	1.87007e-226	1	1	better
mealpy	ImprovedQSA	10	50	1033	167	1200	4.17329e-153	7.34498e-151	1	1	better
mealpy	OriginalFBIO	10	50	1076	124	1200	3.96144e-190	8.27941e-188	1	1	better
mealpy	OriginalBeesA	10	50	354	846	1200	1	1	3.27619e-47	8.5181e-45	worse
mealpy	BaseEFO	10	50	1075	125	1200	3.414e-189	7.10111e-187	1	1	better
mealpy	OriginalSA	10	50	435	765	1200	1	1	6.00862e-22	1.50816e-19	worse
mealpy	OriginalHC	10	50	304	896	1200	1	1	2.09882e-68	5.64582e-66	worse
mealpy	OriginalSHO	10	50	815	385	1200	2.84225e-36	3.06963e-34	1	1	better
mealpy	JADE	10	50	1099	101	1200	8.86823e-213	2.05743e-210	1	1	better
mealpy	OriginalCA	10	50	1107	93	1200	3.25833e-221	8.04807e-219	1	1	better
mealpy	EnhancedTWO	10	50	635	565	1200	0.0231708	1	0.97982	1	not shown
mealpy	BaseSSA	10	50	903	297	1200	9.67079e-72	1.20885e-69	1	1	better
mealpy	OriginalAOA	10	50	504	696	1200	1	1	1.64689e-08	3.90314e-06	worse
mealpy	OriginalQSA	10	50	959	241	1200	5.43331e-102	7.55231e-100	1	1	better
mealpy	OriginalGOA	10	50	1137	63	1200	5.76077e-256	1.58997e-253	1	1	better
mealpy	EnhancedAEO	10	50	1067	133	1200	7.58052e-182	1.5161e-179	1	1	better
mealpy	OriginalGSKA	10	50	1088	112	1200	1.15126e-201	2.55579e-199	1	1	better
mealpy	PPSO	10	50	1137	63	1200	5.76077e-256	1.58997e-253	1	1	better
mealpy	OriginalCGO	10	50	1012	188	1200	3.86183e-137	6.29479e-135	1	1	better
mealpy	OriginalHGSO	10	50	879	321	1200	1.09336e-60	1.3339e-58	1	1	better
mealpy	OriginalSBO	10	50	1054	146	1200	2.10491e-170	3.97828e-168	1	1	better
mealpy	OppoTWO	10	50	673	527	1200	1.39098e-05	0.00116843	0.999989	1	better
mealpy	OriginalASO	10	50	196	1004	1200	1	1	2.21841e-131	6.2559e-129	worse
mealpy	ModifiedSLO	10	50	838	362	1200	3.12026e-44	3.49469e-42	1	1	better
mealpy	BaseVCS	10	50	1074	126	1200	2.91616e-188	6.00728e-186	1	1	better
mealpy	LSHADE	10	50	1108	92	1200	2.73197e-222	6.8026e-220	1	1	better
mealpy	OriginalEFO	10	50	1100	100	1200	8.13378e-214	1.91144e-211	1	1	better
mealpy	OriginalJA	10	50	750	450	1200	2.04139e-18	1.98015e-16	1	1	better
mealpy	OriginalGCO	10	50	455	745	1200	1	1	2.57297e-17	6.43242e-15	worse
mealpy	OriginalPSS	10	50	1125	75	1200	2.05178e-241	5.37567e-239	1	1	better
mealpy	OriginalEHO	10	50	902	298	1200	2.93685e-71	3.64169e-69	1	1	better
mealpy	OriginalSSA	10	50	853	347	1200	6.57703e-50	7.62936e-48	1	1	better
mealpy	OriginalSCA	10	50	682	518	1200	1.22433e-06	0.000105292	0.999999	1	better
mealpy	OriginalBES	10	50	1087	113	1200	1.10972e-200	2.41919e-198	1	1	better
mealpy	BaseSBO	10	50	972	228	1200	5.54649e-110	8.15333e-108	1	1	better
mealpy	BaseJA	10	50	779	421	1200	1.47372e-25	1.5032e-23	1	1	better
mealpy	OriginalSARO	10	50	1026	174	1200	1.21249e-147	2.06124e-145	1	1	better
mealpy	OriginalSRSR	10	50	1085	115	1200	1.00151e-198	2.15324e-196	1	1	better
mealpy	OriginalTWO	10	50	910	290	1200	3.58146e-75	4.51264e-73	1	1	better
mealpy	OriginalWDO	10	50	771	429	1200	1.85766e-23	1.85766e-21	1	1	better
mealpy	AugmentedAEO	10	50	1067	133	1200	7.58052e-182	1.5161e-179	1	1	better
mealpy	OriginalWOA	10	50	1007	193	1200	1.60853e-133	2.55757e-131	1	1	better
mealpy	SADE	10	50	1057	143	1200	5.42881e-173	1.04233e-170	1	1	better
mealpy	OriginalBRO	10	50	327	873	1200	1	1	4.30951e-58	1.14202e-55	worse
mealpy	OriginalSSpiderO	10	50	567	633	1200	0.973474	1	0.0302784	1	not shown
mealpy	ProbBeesA	10	50	279	921	1200	1	1	9.25507e-81	2.53589e-78	worse
mealpy	OriginalFA	10	50	233	967	1200	1	1	7.30255e-107	2.04471e-104	worse
mealpy	OriginalCSA	10	50	306	894	1200	1	1	1.81152e-67	4.85488e-65	worse
mealpy	OriginalALO	10	50	1088	112	1200	1.15126e-201	2.55579e-199	1	1	better
mealpy	OriginalDO	10	50	387	813	1200	1	1	1.27085e-35	3.24068e-33	worse
mealpy	OriginalCHIO	10	50	294	906	1200	1	1	3.36178e-73	9.11042e-71	worse
mealpy	OriginalBSA	10	50	1085	115	1200	1.00151e-198	2.15324e-196	1	1	better
mealpy	LevyEP	10	50	632	568	1200	0.0344599	1	0.969722	1	not shown
mealpy	OriginalICA	10	50	669	46	715	5.1222e-143	8.50285e-141	1	1	better
mealpy	ImprovedLCO	10	50	1060	140	1200	1.30393e-175	2.54266e-173	1	1	better
mealpy	OriginalMFO	10	50	337	863	1200	1	1	6.53804e-54	1.7195e-51	worse
mealpy	ImprovedAEO	10	50	1040	160	1200	1.02258e-158	1.85086e-156	1	1	better
mealpy	OriginalVCS	10	50	921	279	1200	9.25507e-81	1.21241e-78	1	1	better
mealpy	AdaptiveBA	10	50	354	846	1200	1	1	3.27619e-47	8.5181e-45	worse
mealpy	MultiGA	10	50	972	228	1200	5.54649e-110	8.15333e-108	1	1	better
mealpy	OriginalES	10	50	1086	114	1200	1.05932e-199	2.29873e-197	1	1	better
mealpy	LevyES	10	50	964	236	1200	5.09816e-105	7.29037e-103	1	1	better
mealpy	OriginalEP	10	50	587	613	1200	0.782128	1	0.235251	1	not shown
mealpy	BaseSMA	10	50	637	563	1200	0.0175227	1	0.98483	1	not shown
mealpy	OriginalPSO	10	50	527	673	1200	0.999989	1	1.39098e-05	0.00324099	worse
mealpy	FBUDGETSHADE	10	50	1101	99	1200	7.37961e-215	1.74159e-212	1	1	better
mealpy	OriginalFOA	10	50	171	1029	1200	1	1	5.75507e-150	1.64019e-147	worse
mealpy	BaseQSA	10	50	1068	132	1200	9.42885e-183	1.8952e-180	1	1	better
mealpy	BaseMFO	10	50	733	467	1200	7.89263e-15	7.41907e-13	1	1	better
mealpy	BaseDE	10	50	877	323	1200	8.15275e-60	9.86483e-58	1	1	better
mealpy	WhaleFOA	10	50	338	862	1200	1	1	1.67372e-53	4.38513e-51	worse
Baselines	DE	10	50	1122	74	1200	1.69328e-241	1.35462e-240	1	1	better
Baselines	RCobyla	10	50	1074	126	1200	2.91616e-188	1.74969e-187	1	1	better
Baselines	PSO	10	50	210	915	1200	1	1	1.31475e-105	1.44623e-104	worse
Baselines	DiagonalCMA	10	50	1163	37	1200	2.1158e-291	2.32738e-290	1	1	better
Baselines	modcma	10	50	1156	44	1200	3.11617e-281	3.11617e-280	1	1	better
Baselines	modde	10	50	762	438	1200	3.25632e-21	6.51265e-21	1	1	better
Baselines	OnePlusOne	10	50	1115	85	1200	5.6952e-230	3.98664e-229	1	1	better
Baselines	Powell	10	50	1031	169	1200	1.57118e-151	7.85592e-151	1	1	better
Baselines	MultiBFGS	10	50	826	374	1200	5.72457e-40	1.71737e-39	1	1	better
Baselines	lshade	10	50	836	364	1200	1.66628e-43	6.66513e-43	1	1	better
Baselines	bipop	10	50	1156	44	1200	3.11617e-281	3.11617e-280	1	1	better
EVOLOPY	DE	10	100	1119	81	1200	1.76729e-234	3.97641e-232	1	1	better
EVOLOPY	JAYA	10	100	1044	156	1200	5.43514e-162	8.26141e-160	1	1	better
EVOLOPY	PSO	10	100	1068	132	1200	9.42885e-183	1.63119e-180	1	1	better
EVOLOPY	WOA	10	100	1071	129	1200	1.72403e-185	3.06877e-183	1	1	better
EVOLOPY	FFA	10	100	1071	129	1200	1.72403e-185	3.06877e-183	1	1	better
EVOLOPY	BAT	10	100	424	776	1200	1	1	9.28723e-25	2.32181e-22	worse
EVOLOPY	MVO	10	100	1125	75	1200	2.05178e-241	4.90376e-239	1	1	better
EVOLOPY	HHO	10	100	847	353	1200	1.36538e-47	1.31077e-45	1	1	better
EVOLOPY	SCA	10	100	669	531	1200	3.76496e-05	0.00271077	0.999971	1	better
EVOLOPY	GA	10	100	817	116	933	8.7003e-131	1.21804e-128	1	1	better
EVOLOPY	MFO	10	100	1148	52	1200	3.2208e-270	8.79278e-268	1	1	better
EVOLOPY	CS	10	100	855	345	1200	1.07556e-50	1.05405e-48	1	1	better
EVOLOPY	GWO	10	100	1123	77	1200	4.44251e-239	1.04399e-236	1	1	better
EVOLOPY	SSA	10	100	671	529	1200	2.30327e-05	0.00168139	0.999982	1	better
NIAPY	DynamicFireworksAlgorithm	10	100	1073	127	1200	2.46901e-187	4.41952e-185	1	1	better
NIAPY	HarmonySearch	10	100	1089	111	1200	1.1827e-202	2.25895e-200	1	1	better
NIAPY	EvolutionStrategyMp1	10	100	1112	88	1200	1.19957e-226	2.5311e-224	1	1	better
NIAPY	MonarchButterflyOptimization	10	100	869	331	1200	2.13039e-56	2.173e-54	1	1	better
NIAPY	CenterParticleSwarmOptimization	10	100	1119	81	1200	1.76729e-234	3.97641e-232	1	1	better
NIAPY	DynNpDifferentialEvolution	10	100	1090	110	1200	1.20305e-203	2.32188e-201	1	1	better
NIAPY	CamelAlgorithm	10	100	1009	191	1200	5.84353e-135	8.23937e-133	1	1	better
NIAPY	BatAlgorithm	10	100	957	243	1200	8.51803e-101	1.0392e-98	1	1	better
NIAPY	GlowwormSwarmOptimization	10	100	126	1074	1200	1	1	2.91616e-188	8.34021e-186	worse
NIAPY	BareBonesFireworksAlgorithm	10	100	1117	83	1200	3.25527e-232	7.16159e-230	1	1	better
NIAPY	CuckooSearch	10	100	866	334	1200	3.80213e-55	3.76411e-53	1	1	better
NIAPY	GeneticAlgorithm	10	100	559	641	1200	0.99173	1	0.00966784	1	not shown
NIAPY	ParticleSwarmAlgorithm	10	100	1138	62	1200	3.18606e-257	8.37933e-255	1	1	better
NIAPY	MonkeyKingEvolutionV3	10	100	1082	118	1200	7.99289e-196	1.49467e-193	1	1	better
NIAPY	MonkeyKingEvolutionV2	10	100	521	679	1200	0.999998	1	2.83429e-06	0.000688733	worse
NIAPY	SineCosineAlgorithm	10	100	32	1168	1200	1	1	5.11183e-299	1.5131e-296	worse
NIAPY	EvolutionStrategy1p1	10	100	1020	180	1200	4.49503e-143	6.47284e-141	1	1	better
NIAPY	HarrisHawksOptimization	10	100	1107	93	1200	3.25833e-221	6.74474e-219	1	1	better
NIAPY	ParticleSwarmOptimization	10	100	820	380	1200	6.29001e-38	5.72391e-36	1	1	better
NIAPY	ForestOptimizationAlgorithm	10	100	1048	152	1200	2.5686e-165	4.05839e-163	1	1	better
NIAPY	EnhancedFireworksAlgorithm	10	100	1132	68	1200	8.71728e-250	2.17932e-247	1	1	better
NIAPY	MultiStrategyDifferentialEvolution	10	100	655	545	1200	0.000820527	0.0574369	0.999328	1	not shown
NIAPY	MutatedParticleSwarmOptimization	10	100	1114	86	1200	7.3916e-229	1.58919e-226	1	1	better
NIAPY	ComprehensiveLearningParticleSwarmOptimizer	10	100	611	589	1200	0.272194	1	0.746631	1	not shown
NIAPY	KrillHerd	10	100	551	649	1200	0.997877	1	0.00254342	0.612965	not shown
NIAPY	FishSchoolSearch	10	100	325	875	1200	1	1	5.97745e-59	1.55414e-56	worse
NIAPY	MutatedCenterUnifiedParticleSwarmOptimization	10	100	1149	51	1200	1.45624e-271	4.01923e-269	1	1	better
NIAPY	MutatedCenterParticleSwarmOptimization	10	100	1129	71	1200	3.68862e-246	9.03711e-244	1	1	better
NIAPY	GlowwormSwarmOptimizationV2	10	100	109	1091	1200	1	1	1.21162e-204	3.51368e-202	worse
NIAPY	CatSwarmOptimization	10	100	1062	138	1200	2.24644e-177	3.72909e-175	1	1	better
NIAPY	DifferentialEvolution	10	100	663	537	1200	0.000152237	0.0108088	0.999878	1	better
NIAPY	FireworksAlgorithm	10	100	949	251	1200	4.19378e-96	4.86479e-94	1	1	better
NIAPY	MothFlameOptimizer	10	100	316	884	1200	1	1	6.68571e-63	1.75834e-60	worse
NIAPY	DynNpMultiStrategyDifferentialEvolution	10	100	652	548	1200	0.00146505	0.101089	0.998789	1	not shown
NIAPY	EvolutionStrategyML	10	100	1117	83	1200	3.25527e-232	7.16159e-230	1	1	better
NIAPY	GreyWolfOptimizer	10	100	1129	71	1200	3.68862e-246	9.03711e-244	1	1	better
NIAPY	HarmonySearchV1	10	100	1049	151	1200	3.71717e-166	5.94747e-164	1	1	better
NIAPY	BeesAlgorithm	10	100	1066	134	1200	6.04339e-181	1.03342e-178	1	1	better
NIAPY	GlowwormSwarmOptimizationV1	10	100	108	1092	1200	1	1	1.20805e-205	3.51542e-203	worse
NIAPY	GlowwormSwarmOptimizationV3	10	100	114	1086	1200	1	1	1.05932e-199	3.06145e-197	worse
NIAPY	LionOptimizationAlgorithm	10	100	1067	133	1200	7.58052e-182	1.30385e-179	1	1	better
NIAPY	ArtificialBeeColonyAlgorithm	10	100	1123	77	1200	4.44251e-239	1.04399e-236	1	1	better
NIAPY	AgingNpDifferentialEvolution	10	100	706	494	1200	5.09234e-10	3.97203e-08	1	1	better
NIAPY	OppositionVelocityClampingParticleSwarmOptimization	10	100	741	459	1200	1.83448e-16	1.50428e-14	1	1	better
NIAPY	CoralReefsOptimization	10	100	235	965	1200	1	1	1.24469e-105	3.44779e-103	worse
NIAPY	BacterialForagingOptimization	10	100	208	992	1200	1	1	4.67395e-123	1.30871e-120	worse
NIAPY	DynamicFireworksAlgorithmGauss	10	100	1077	123	1200	4.55567e-191	8.33688e-189	1	1	better
NIAPY	ClonalSelectionAlgorithm	10	100	125	1075	1200	1	1	3.414e-189	9.79817e-187	worse
NIAPY	GravitationalSearchAlgorithm	10	100	548	652	1200	0.998789	1	0.00146505	0.354543	not shown
NIAPY	MonkeyKingEvolutionV1	10	100	685	515	1200	5.13507e-07	3.90265e-05	1	1	better
NIAPY	EvolutionStrategyMpL	10	100	1116	84	1200	4.33323e-231	9.44643e-229	1	1	better
NIAPY	FireflyAlgorithm	10	100	551	649	1200	0.997877	1	0.00254342	0.612965	not shown
NIAPY	FlowerPollinationAlgorithm	10	100	850	350	1200	9.64912e-49	9.35965e-47	1	1	better
OPYTIMIZER	SA	10	100	980	220	1200	4.27115e-115	5.63792e-113	1	1	better
OPYTIMIZER	GOGHS	10	100	1047	153	1200	1.76165e-164	2.73056e-162	1	1	better
OPYTIMIZER	QSA	10	100	1104	96	1200	5.15861e-218	1.03688e-215	1	1	better
OPYTIMIZER	SGHS	10	100	973	227	1200	1.29755e-110	1.66086e-108	1	1	better
OPYTIMIZER	DE	10	100	1147	53	1200	6.98302e-269	1.8924e-266	1	1	better
OPYTIMIZER	RFO	10	100	1161	39	1200	1.9329e-288	5.45078e-286	1	1	better
OPYTIMIZER	PPA	10	100	803	397	1200	1.81078e-32	1.59348e-30	1	1	better
OPYTIMIZER	EHO	10	100	1114	86	1200	7.3916e-229	1.58919e-226	1	1	better
OPYTIMIZER	AEO	10	100	1170	30	1200	3.70089e-302	1.06585e-299	1	1	better
OPYTIMIZER	ABO	10	100	1061	139	1200	1.71844e-176	2.83543e-174	1	1	better
OPYTIMIZER	GHS	10	100	951	249	1200	2.90239e-97	3.42483e-95	1	1	better
OPYTIMIZER	PVS	10	100	974	226	1200	3.0191e-111	3.89464e-109	1	1	better
OPYTIMIZER	BWO	10	100	1113	87	1200	9.47456e-228	2.00861e-225	1	1	better
OPYTIMIZER	PSO	10	100	1180	20	1200	7.93924e-319	2.31826e-316	1	1	better
OPYTIMIZER	BSO	10	100	1107	93	1200	3.25833e-221	6.74474e-219	1	1	better
OPYTIMIZER	CSA	10	100	762	438	1200	3.25632e-21	2.73531e-19	1	1	better
OPYTIMIZER	SSO	10	100	1115	85	1200	5.6952e-230	1.23016e-227	1	1	better
OPYTIMIZER	WOA	10	100	1149	51	1200	1.45624e-271	4.01923e-269	1	1	better
OPYTIMIZER	BA	10	100	951	249	1200	2.90239e-97	3.42483e-95	1	1	better
OPYTIMIZER	HS	10	100	957	243	1200	8.51803e-101	1.0392e-98	1	1	better
OPYTIMIZER	JS	10	100	1082	118	1200	7.99289e-196	1.49467e-193	1	1	better
OPYTIMIZER	SOS	10	100	1191	9	1200	0	0	1	1	better
OPYTIMIZER	GS	10	100	44	1156	1200	1	1	3.11617e-281	9.19269e-279	worse
OPYTIMIZER	EFO	10	100	1014	186	1200	1.31797e-138	1.88469e-136	1	1	better
OPYTIMIZER	GSA	10	100	324	876	1200	1	1	2.2122e-59	5.77384e-57	worse
OPYTIMIZER	ESA	10	100	822	378	1200	1.3336e-38	1.22691e-36	1	1	better
OPYTIMIZER	BOA	10	100	83	474	557	1	1	8.40074e-68	2.21779e-65	worse
OPYTIMIZER	HC	10	100	174	1026	1200	1	1	1.21249e-147	3.43135e-145	worse
OPYTIMIZER	ABC	10	100	1081	89	1170	1.55346e-217	3.10691e-215	1	1	better
OPYTIMIZER	RRA	10	100	1134	66	1200	3.08504e-252	7.86685e-250	1	1	better
OPYTIMIZER	NDS	10	100	44	1156	1200	1	1	3.11617e-281	9.19269e-279	worse
OPYTIMIZER	NBJS	10	100	1078	122	1200	5.19199e-192	9.55326e-190	1	1	better
OPYTIMIZER	SSD	10	100	401	799	1200	1	1	2.97706e-31	7.53197e-29	worse
OPYTIMIZER	CEM	10	100	601	599	1200	0.488486	1	0.534504	1	not shown
OPYTIMIZER	AOA	10	100	884	316	1200	6.68571e-63	7.08685e-61	1	1	better
OPYTIMIZER	MRFO	10	100	1166	34	1200	6.22133e-296	1.76686e-293	1	1	better
OPYTIMIZER	ASO	10	100	116	1084	1200	1	1	9.37822e-198	2.70093e-195	worse
OPYTIMIZER	SFO	10	100	867	333	1200	1.46096e-55	1.46096e-53	1	1	better
OPYTIMIZER	IHS	10	100	953	247	1200	1.96848e-98	2.34249e-96	1	1	better
OPYTIMIZER	COA	10	100	1158	42	1200	4.39231e-284	1.23424e-281	1	1	better
OPYTIMIZER	GOA	10	100	1164	36	1200	6.71935e-293	1.90158e-290	1	1	better
OPYTIMIZER	STOA	10	100	182	1018	1200	1	1	1.42224e-141	3.9965e-139	worse
OPYTIMIZER	MVPA	10	100	1095	105	1200	1.12642e-208	2.20779e-206	1	1	better
OPYTIMIZER	ES	10	100	1128	72	1200	5.78976e-245	1.40112e-242	1	1	better
OPYTIMIZER	AIWPSO	10	100	1179	21	1200	4.465e-317	1.29931e-314	1	1	better
OPYTIMIZER	ISA	10	100	259	941	1200	1	1	1.49713e-91	4.13207e-89	worse
OPYTIMIZER	EO	10	100	1190	10	1200	0	0	1	1	better
OPYTIMIZER	AF	10	100	61	975	1036	1	1	4.07224e-213	1.18909e-210	worse
OPYTIMIZER	DOA	10	100	1070	130	1200	1.42202e-184	2.47432e-182	1	1	better
OPYTIMIZER	PIO	10	100	1024	176	1200	4.15137e-146	6.061e-144	1	1	better
OPYTIMIZER	HHO	10	100	1124	76	1200	3.04026e-240	7.17502e-238	1	1	better
OPYTIMIZER	BSA	10	100	973	227	1200	1.29755e-110	1.66086e-108	1	1	better
OPYTIMIZER	TEO	10	100	595	578	1173	0.3202	1	0.700394	1	not shown
OPYTIMIZER	FA	10	100	223	977	1200	1	1	3.68081e-113	1.02695e-110	worse
OPYTIMIZER	WWO	10	100	1153	47	1200	4.94899e-277	1.38077e-274	1	1	better
OPYTIMIZER	IWO	10	100	991	209	1200	2.22187e-122	2.99952e-120	1	1	better
OPYTIMIZER	KH	10	100	1139	61	1200	1.7326e-258	4.59138e-256	1	1	better
OPYTIMIZER	FOA	10	100	1111	89	1200	1.50037e-225	3.13578e-223	1	1	better
OPYTIMIZER	RPSO	10	100	1174	26	1200	1.28335e-308	3.70887e-306	1	1	better
OPYTIMIZER	SCA	10	100	407	793	1200	1	1	1.77526e-29	4.47367e-27	worse
OPYTIMIZER	OSA	10	100	638	562	1200	0.0151702	1	0.986906	1	not shown
OPYTIMIZER	WDO	10	100	432	768	1200	1	1	1.07367e-22	2.67343e-20	worse
OPYTIMIZER	LSA	10	100	1179	21	1200	4.465e-317	1.29931e-314	1	1	better
OPYTIMIZER	VPSO	10	100	1169	31	1200	1.39804e-300	3.98442e-298	1	1	better
OPYTIMIZER	SBO	10	100	1116	84	1200	4.33323e-231	9.44643e-229	1	1	better
OPYTIMIZER	GA	10	100	1182	18	1200	2.17389e-322	6.36949e-320	1	1	better
OPYTIMIZER	MFO	10	100	1033	167	1200	4.17329e-153	6.17646e-151	1	1	better
OPYTIMIZER	CS	10	100	1148	52	1200	3.2208e-270	8.79278e-268	1	1	better
OPYTIMIZER	FSO	10	100	807	393	1200	1.03744e-33	9.33698e-32	1	1	better
OPYTIMIZER	NGHS	10	100	1011	189	1200	2.07079e-136	2.94052e-134	1	1	better
OPYTIMIZER	GCO	10	100	1036	164	1200	1.71488e-155	2.57232e-153	1	1	better
OPYTIMIZER	TWO	10	100	1170	30	1200	3.70089e-302	1.06585e-299	1	1	better
OPYTIMIZER	WEO	10	100	989	211	1200	4.93479e-121	6.61262e-119	1	1	better
OPYTIMIZER	GWO	10	100	1153	47	1200	4.94899e-277	1.38077e-274	1	1	better
OPYTIMIZER	SAVPSO	10	100	1188	12	1200	0	0	1	1	better
OPYTIMIZER	FFOA	10	100	397	803	1200	1	1	1.81078e-32	4.59937e-30	worse
OPYTIMIZER	AIG	10	100	1048	152	1200	2.5686e-165	4.05839e-163	1	1	better
OPYTIMIZER	BH	10	100	1049	151	1200	3.71717e-166	5.94747e-164	1	1	better
OPYTIMIZER	CI	10	100	533	104	637	1.22508e-70	1.35984e-68	1	1	better
OPYTIMIZER	SSA	10	100	1120	80	1200	1.27682e-235	2.88561e-233	1	1	better
OPYTIMIZER	AO	10	100	908	292	1200	3.50133e-74	3.92149e-72	1	1	better
OPYTIMIZER	MVO	10	100	278	24	302	2.80333e-56	2.83137e-54	1	1	better
mealpy	LevyTWO	10	100	263	937	1200	1	1	2.51321e-89	6.8862e-87	worse
mealpy	OriginalTLO	10	100	1134	66	1200	3.08504e-252	7.86685e-250	1	1	better
mealpy	GWO	10	100	1110	90	1200	1.85408e-224	3.8565e-222	1	1	better
mealpy	OriginalBBO	10	100	1128	72	1200	5.78976e-245	1.40112e-242	1	1	better
mealpy	ABFO	10	100	497	688	1185	1	1	1.59227e-08	3.90105e-06	worse
mealpy	OriginalWHO	10	100	998	202	1200	3.58311e-127	4.98052e-125	1	1	better
mealpy	OriginalFFA	10	100	498	702	1200	1	1	2.12939e-09	5.23829e-07	worse
mealpy	BaseSARO	10	100	1149	51	1200	1.45624e-271	4.01923e-269	1	1	better
mealpy	OriginalSMA	10	100	492	708	1200	1	1	2.44059e-10	6.02826e-08	worse
mealpy	SingleGA	10	100	1045	155	1200	8.10326e-163	1.2398e-160	1	1	better
mealpy	OriginalSSDO	10	100	682	518	1200	1.22433e-06	9.18245e-05	0.999999	1	better
mealpy	OriginalFPA	10	100	887	313	1200	2.98337e-64	3.19221e-62	1	1	better
mealpy	OriginalSSO	10	100	837	363	1200	7.22475e-44	6.79126e-42	1	1	better
mealpy	OriginalMA	10	100	636	564	1200	0.0201798	1	0.982477	1	not shown
mealpy	OriginalCEM	10	100	342	858	1200	1	1	6.89987e-52	1.77327e-49	worse
mealpy	OCRO	10	100	1083	117	1200	8.69881e-197	1.63538e-194	1	1	better
mealpy	OriginalBA	10	100	97	1103	1200	1	1	5.87757e-217	1.72213e-214	worse
mealpy	OriginalAEO	10	100	1138	62	1200	3.18606e-257	8.37933e-255	1	1	better
mealpy	OriginalBSO	10	100	1133	67	1200	5.22672e-251	1.31191e-248	1	1	better
mealpy	OriginalBFO	10	100	128	1072	1200	1	1	2.07217e-186	5.90568e-184	worse
mealpy	ImprovedSLO	10	100	973	227	1200	1.29755e-110	1.66086e-108	1	1	better
mealpy	OriginalLCO	10	100	1136	64	1200	1.02444e-254	2.6533e-252	1	1	better
mealpy	OriginalHGS	10	100	1076	124	1200	3.96144e-190	7.20982e-188	1	1	better
mealpy	BaseALO	10	100	1099	101	1200	8.86823e-213	1.76478e-210	1	1	better
mealpy	CPSO	10	100	976	224	1200	1.60804e-112	2.09045e-110	1	1	better
mealpy	OriginalEO	10	100	1143	57	1200	1.27312e-263	3.41197e-261	1	1	better
mealpy	DE	10	100	329	871	1200	1	1	3.05539e-57	7.91345e-55	worse
mealpy	ModifiedBA	10	100	843	357	1200	4.41913e-46	4.19817e-44	1	1	better
mealpy	BaseTLO	10	100	1136	64	1200	1.02444e-254	2.6533e-252	1	1	better
mealpy	OriginalPFA	10	100	568	632	1200	0.969722	1	0.0344599	1	not shown
mealpy	BaseFOA	10	100	346	854	1200	1	1	2.66508e-50	6.82259e-48	worse
mealpy	OriginalGBO	10	100	1106	94	1200	3.8413e-220	7.87467e-218	1	1	better
mealpy	TVAC	10	100	1143	57	1200	1.27312e-263	3.41197e-261	1	1	better
mealpy	BaseFBIO	10	100	1122	78	1200	6.40261e-238	1.479e-235	1	1	better
mealpy	ImprovedBSO	10	100	1106	94	1200	3.8413e-220	7.87467e-218	1	1	better
mealpy	OriginalAO	10	100	288	912	1200	1	1	3.59763e-76	9.64165e-74	worse
mealpy	BaseGSKA	10	100	1129	71	1200	3.68862e-246	9.03711e-244	1	1	better
mealpy	BaseLCO	10	100	1139	61	1200	1.7326e-258	4.59138e-256	1	1	better
mealpy	OriginalSSpiderA	10	100	672	528	1200	1.79282e-05	0.00132668	0.999986	1	better
mealpy	BaseHS	10	100	1121	79	1200	9.10264e-237	2.0754e-234	1	1	better
mealpy	AdaptiveEO	10	100	1131	69	1200	1.43156e-248	3.53596e-246	1	1	better
mealpy	OriginalWCA	10	100	733	55	788	1.54672e-152	2.27367e-150	1	1	better
mealpy	OriginalMRFO	10	100	1140	60	1200	9.26188e-260	2.46366e-257	1	1	better
mealpy	OriginalEOA	10	100	889	311	1200	3.67341e-65	4.00402e-63	1	1	better
mealpy	OriginalABC	10	100	1053	147	1200	1.51112e-169	2.44802e-167	1	1	better
mealpy	ModifiedAEO	10	100	1114	86	1200	7.3916e-229	1.58919e-226	1	1	better
mealpy	OriginalSFO	10	100	995	205	1200	4.2018e-125	5.75646e-123	1	1	better
mealpy	BaseBBO	10	100	1118	82	1200	2.4142e-233	5.35953e-231	1	1	better
mealpy	OriginalNMRA	10	100	833	367	1200	1.99671e-42	1.85694e-40	1	1	better
mealpy	OriginalACOR	10	100	988	212	1200	2.30571e-120	3.0666e-118	1	1	better
mealpy	ImprovedSFO	10	100	1048	152	1200	2.5686e-165	4.05839e-163	1	1	better
mealpy	OriginalCRO	10	100	1085	115	1200	1.00151e-198	1.89285e-196	1	1	better
mealpy	LevyJA	10	100	1063	137	1200	2.91281e-178	4.89352e-176	1	1	better
mealpy	OriginalHS	10	100	1118	82	1200	2.4142e-233	5.35953e-231	1	1	better
mealpy	OriginalCSO	10	100	506	694	1200	1	1	3.17122e-08	7.73777e-06	worse
mealpy	OriginalCOA	10	100	880	320	1200	3.97863e-61	4.17756e-59	1	1	better
mealpy	LevyQSA	10	100	1125	75	1200	2.05178e-241	4.90376e-239	1	1	better
mealpy	OppoQSA	10	100	1119	81	1200	1.76729e-234	3.97641e-232	1	1	better
mealpy	BaseBRO	10	100	871	329	1200	3.05539e-57	3.14705e-55	1	1	better
mealpy	OriginalSLO	10	100	1021	179	1200	7.91361e-144	1.14747e-141	1	1	better
mealpy	OriginalMVO	10	100	1127	73	1200	8.95539e-244	2.14929e-241	1	1	better
mealpy	CLPSO	10	100	971	229	1200	2.35813e-109	2.92408e-107	1	1	better
mealpy	OriginalNRO	10	100	997	203	1200	1.76421e-126	2.4346e-124	1	1	better
mealpy	BaseSCA	10	100	790	410	1200	1.30418e-28	1.1216e-26	1	1	better
mealpy	BaseGCO	10	100	733	467	1200	7.89263e-15	6.39303e-13	1	1	better
mealpy	OriginalArchOA	10	100	1075	125	1200	3.414e-189	6.17934e-187	1	1	better
mealpy	SwarmHC	10	100	285	915	1200	1	1	1.1069e-77	2.98862e-75	worse
mealpy	ImprovedTLO	10	100	1051	149	1200	7.61007e-168	1.22522e-165	1	1	better
mealpy	OriginalMSA	10	100	1170	30	1200	3.70089e-302	1.06585e-299	1	1	better
mealpy	WOA	10	100	1037	163	1200	2.70847e-156	4.08979e-154	1	1	better
mealpy	OriginalIWO	10	100	1063	137	1200	2.91281e-178	4.89352e-176	1	1	better
mealpy	BaseGA	10	100	1132	68	1200	8.71728e-250	2.17932e-247	1	1	better
mealpy	ModifiedEO	10	100	1154	46	1200	2.01373e-278	5.63845e-276	1	1	better
mealpy	ImprovedNMRA	10	100	1082	118	1200	7.99289e-196	1.49467e-193	1	1	better
mealpy	BaseCHIO	10	100	273	927	1200	1	1	6.54447e-84	1.78009e-81	worse
mealpy	OriginalHHO	10	100	955	245	1200	1.30821e-99	1.56985e-97	1	1	better
mealpy	OriginalGWO	10	100	1123	77	1200	4.44251e-239	1.04399e-236	1	1	better
mealpy	ImprovedQSA	10	100	1112	88	1200	1.19957e-226	2.5311e-224	1	1	better
mealpy	OriginalFBIO	10	100	1125	75	1200	2.05178e-241	4.90376e-239	1	1	better
mealpy	OriginalBeesA	10	100	374	826	1200	1	1	5.72457e-40	1.45976e-37	worse
mealpy	BaseEFO	10	100	1122	78	1200	6.40261e-238	1.479e-235	1	1	better
mealpy	OriginalSA	10	100	627	573	1200	0.0629934	1	0.943843	1	not shown
mealpy	OriginalHC	10	100	260	940	1200	1	1	5.42855e-91	1.49285e-88	worse
mealpy	OriginalSHO	10	100	797	403	1200	1.18046e-30	1.027e-28	1	1	better
mealpy	JADE	10	100	1132	68	1200	8.71728e-250	2.17932e-247	1	1	better
mealpy	OriginalCA	10	100	1075	125	1200	3.414e-189	6.17934e-187	1	1	better
mealpy	EnhancedTWO	10	100	718	482	1200	5.03935e-12	4.03148e-10	1	1	better
mealpy	BaseSSA	10	100	979	221	1200	1.89704e-114	2.48512e-112	1	1	better
mealpy	OriginalAOA	10	100	417	783	1200	1	1	1.20335e-26	3.02042e-24	worse
mealpy	OriginalQSA	10	100	1106	94	1200	3.8413e-220	7.87467e-218	1	1	better
mealpy	OriginalGOA	10	100	1153	47	1200	4.94899e-277	1.38077e-274	1	1	better
mealpy	EnhancedAEO	10	100	1095	105	1200	1.12642e-208	2.20779e-206	1	1	better
mealpy	OriginalGSKA	10	100	1122	78	1200	6.40261e-238	1.479e-235	1	1	better
mealpy	PPSO	10	100	1145	55	1200	3.09647e-266	8.32949e-264	1	1	better
mealpy	OriginalCGO	10	100	1090	110	1200	1.20305e-203	2.32188e-201	1	1	better
mealpy	OriginalHGSO	10	100	874	326	1200	1.60836e-58	1.67269e-56	1	1	better
mealpy	OriginalSBO	10	100	1071	129	1200	1.72403e-185	3.06877e-183	1	1	better
mealpy	OppoTWO	10	100	713	487	1200	3.65858e-11	2.89027e-09	1	1	better
mealpy	OriginalASO	10	100	139	1061	1200	1	1	1.71844e-176	4.88038e-174	worse
mealpy	ModifiedSLO	10	100	933	267	1200	3.90363e-87	4.45014e-85	1	1	better
mealpy	BaseVCS	10	100	1123	77	1200	4.44251e-239	1.04399e-236	1	1	better
mealpy	LSHADE	10	100	1138	62	1200	3.18606e-257	8.37933e-255	1	1	better
mealpy	OriginalEFO	10	100	1065	135	1200	4.7778e-180	8.12226e-178	1	1	better
mealpy	OriginalJA	10	100	744	456	1200	4.22646e-17	3.50796e-15	1	1	better
mealpy	OriginalGCO	10	100	562	638	1200	0.986906	1	0.0151702	1	not shown
mealpy	OriginalPSS	10	100	1138	62	1200	3.18606e-257	8.37933e-255	1	1	better
mealpy	OriginalEHO	10	100	911	289	1200	1.13769e-75	1.28559e-73	1	1	better
mealpy	OriginalSSA	10	100	888	312	1200	1.04912e-64	1.13305e-62	1	1	better
mealpy	OriginalSCA	10	100	807	393	1200	1.03744e-33	9.33698e-32	1	1	better
mealpy	OriginalBES	10	100	1092	108	1200	1.20805e-205	2.34361e-203	1	1	better
mealpy	BaseSBO	10	100	972	228	1200	5.54649e-110	6.93311e-108	1	1	better
mealpy	BaseJA	10	100	894	306	1200	1.81152e-67	1.99267e-65	1	1	better
mealpy	OriginalSARO	10	100	1135	65	1200	1.79217e-253	4.60588e-251	1	1	better
mealpy	OriginalSRSR	10	100	1134	66	1200	3.08504e-252	7.86685e-250	1	1	better
mealpy	OriginalTWO	10	100	1034	166	1200	6.73123e-154	1.00295e-151	1	1	better
mealpy	OriginalWDO	10	100	764	436	1200	1.05919e-21	9.00311e-20	1	1	better
mealpy	AugmentedAEO	10	100	1105	95	1200	4.47688e-219	9.04329e-217	1	1	better
mealpy	OriginalWOA	10	100	1046	154	1200	1.19923e-163	1.84681e-161	1	1	better
mealpy	SADE	10	100	1121	79	1200	9.10264e-237	2.0754e-234	1	1	better
mealpy	OriginalBRO	10	100	286	914	1200	1	1	3.54865e-77	9.54586e-75	worse
mealpy	OriginalSSpiderO	10	100	559	641	1200	0.99173	1	0.00966784	1	not shown
mealpy	ProbBeesA	10	100	266	934	1200	1	1	1.11378e-87	3.04063e-85	worse
mealpy	OriginalFA	10	100	230	970	1200	1	1	9.97194e-109	2.7722e-106	worse
mealpy	OriginalCSA	10	100	292	908	1200	1	1	3.50133e-74	9.34854e-72	worse
mealpy	OriginalALO	10	100	1098	102	1200	9.56554e-212	1.88441e-209	1	1	better
mealpy	OriginalDO	10	100	301	899	1200	1	1	8.00873e-70	2.13032e-67	worse
mealpy	OriginalCHIO	10	100	322	878	1200	1	1	2.99193e-60	7.83885e-58	worse
mealpy	OriginalBSA	10	100	1099	101	1200	8.86823e-213	1.76478e-210	1	1	better
mealpy	LevyEP	10	100	992	208	1200	4.67395e-123	6.35657e-121	1	1	better
mealpy	OriginalICA	10	100	690	25	715	5.78359e-170	9.42726e-168	1	1	better
mealpy	ImprovedLCO	10	100	1065	135	1200	4.7778e-180	8.12226e-178	1	1	better
mealpy	OriginalMFO	10	100	302	898	1200	1	1	2.38936e-69	6.33179e-67	worse
mealpy	ImprovedAEO	10	100	1087	113	1200	1.10972e-200	2.10846e-198	1	1	better
mealpy	OriginalVCS	10	100	960	240	1200	1.36163e-102	1.6748e-100	1	1	better
mealpy	AdaptiveBA	10	100	276	924	1200	1	1	2.51358e-82	6.81181e-80	worse
mealpy	MultiGA	10	100	1071	129	1200	1.72403e-185	3.06877e-183	1	1	better
mealpy	OriginalES	10	100	1131	69	1200	1.43156e-248	3.53596e-246	1	1	better
mealpy	LevyES	10	100	1147	53	1200	6.98302e-269	1.8924e-266	1	1	better
mealpy	OriginalEP	10	100	593	607	1200	0.667488	1	0.353735	1	not shown
mealpy	BaseSMA	10	100	705	495	1200	7.31877e-10	5.63545e-08	1	1	better
mealpy	OriginalPSO	10	100	454	746	1200	1	1	1.5609e-17	3.87102e-15	worse
mealpy	FBUDGETSHADE	10	100	1135	65	1200	1.79217e-253	4.60588e-251	1	1	better
mealpy	OriginalFOA	10	100	177	1023	1200	1	1	2.40501e-145	6.78213e-143	worse
mealpy	BaseQSA	10	100	1134	66	1200	3.08504e-252	7.86685e-250	1	1	better
mealpy	BaseMFO	10	100	934	266	1200	1.11378e-87	1.28085e-85	1	1	better
mealpy	BaseDE	10	100	1061	139	1200	1.71844e-176	2.83543e-174	1	1	better
mealpy	WhaleFOA	10	100	334	866	1200	1	1	3.80213e-55	9.80951e-53	worse
Baselines	DE	10	100	1131	69	1200	1.43156e-248	1.14525e-247	1	1	better
Baselines	RCobyla	10	100	1072	128	1200	2.07217e-186	1.2433e-185	1	1	better
Baselines	PSO	10	100	163	999	1200	1	1	2.65908e-147	2.92498e-146	worse
Baselines	DiagonalCMA	10	100	1156	44	1200	3.11617e-281	2.80455e-280	1	1	better
Baselines	modcma	10	100	1158	42	1200	4.39231e-284	4.83154e-283	1	1	better
Baselines	modde	10	100	987	213	1200	1.07117e-119	3.21352e-119	1	1	better
Baselines	OnePlusOne	10	100	1087	113	1200	1.10972e-200	7.76803e-200	1	1	better
Baselines	Powell	10	100	1041	159	1200	1.56963e-159	7.84817e-159	1	1	better
Baselines	MultiBFGS	10	100	865	335	1200	9.85426e-55	1.97085e-54	1	1	better
Baselines	lshade	10	100	1033	167	1200	4.17329e-153	1.66931e-152	1	1	better
Baselines	bipop	10	100	1158	42	1200	4.39231e-284	4.83154e-283	1	1	better
EVOLOPY	DE	10	500	1133	67	1200	5.22672e-251	1.06102e-248	1	1	better
EVOLOPY	JAYA	10	500	1079	121	1200	5.86366e-193	8.97139e-191	1	1	better
EVOLOPY	PSO	10	500	1103	97	1200	5.87757e-217	1.01094e-214	1	1	better
EVOLOPY	WOA	10	500	1094	106	1200	1.1649e-207	1.92209e-205	1	1	better
EVOLOPY	FFA	10	500	1131	69	1200	1.43156e-248	2.8345e-246	1	1	better
EVOLOPY	BAT	10	500	432	768	1200	1	1	1.07367e-22	2.71638e-20	worse
EVOLOPY	MVO	10	500	1145	55	1200	3.09647e-266	7.02898e-264	1	1	better
EVOLOPY	HHO	10	500	765	435	1200	6.00862e-22	4.38629e-20	1	1	better
EVOLOPY	SCA	10	500	956	244	1200	3.34673e-100	3.3802e-98	1	1	better
EVOLOPY	GA	10	500	886	47	933	6.64718e-202	1.06355e-199	1	1	better
EVOLOPY	MFO	10	500	1128	72	1200	5.78976e-245	1.11163e-242	1	1	better
EVOLOPY	CS	10	500	1171	29	1200	9.47285e-304	2.58609e-301	1	1	better
EVOLOPY	GWO	10	500	1143	57	1200	1.27312e-263	2.82633e-261	1	1	better
EVOLOPY	SSA	10	500	844	356	1200	1.86384e-46	1.6029e-44	1	1	better
NIAPY	DynamicFireworksAlgorithm	10	500	1151	49	1200	2.80013e-274	6.69232e-272	1	1	better
NIAPY	HarmonySearch	10	500	1118	82	1200	2.4142e-233	4.41799e-231	1	1	better
NIAPY	EvolutionStrategyMp1	10	500	1159	41	1200	1.59022e-285	4.03915e-283	1	1	better
NIAPY	MonarchButterflyOptimization	10	500	746	454	1200	1.5609e-17	1.12385e-15	1	1	better
NIAPY	CenterParticleSwarmOptimization	10	500	1124	76	1200	3.04026e-240	5.7157e-238	1	1	better
NIAPY	DynNpDifferentialEvolution	10	500	1060	140	1200	1.30393e-175	1.83854e-173	1	1	better
NIAPY	CamelAlgorithm	10	500	1059	141	1200	9.81465e-175	1.37405e-172	1	1	better
NIAPY	BatAlgorithm	10	500	932	268	1200	1.3616e-86	1.29352e-84	1	1	better
NIAPY	GlowwormSwarmOptimization	10	500	250	950	1200	1	1	1.10605e-96	2.97528e-94	worse
NIAPY	BareBonesFireworksAlgorithm	10	500	1053	147	1200	1.51112e-169	2.04002e-167	1	1	better
NIAPY	CuckooSearch	10	500	1172	28	1200	2.34187e-305	6.44014e-303	1	1	better
NIAPY	GeneticAlgorithm	10	500	582	618	1200	0.857264	1	0.15616	1	not shown
NIAPY	ParticleSwarmAlgorithm	10	500	1168	32	1200	5.11183e-299	1.36997e-296	1	1	better
NIAPY	MonkeyKingEvolutionV3	10	500	1036	164	1200	1.71488e-155	2.17789e-153	1	1	better
NIAPY	MonkeyKingEvolutionV2	10	500	1097	103	1200	1.02082e-210	1.70477e-208	1	1	better
NIAPY	SineCosineAlgorithm	10	500	10	1190	1200	1	1	0	0	worse
NIAPY	EvolutionStrategy1p1	10	500	960	240	1200	1.36163e-102	1.40248e-100	1	1	better
NIAPY	HarrisHawksOptimization	10	500	1143	57	1200	1.27312e-263	2.82633e-261	1	1	better
NIAPY	ParticleSwarmOptimization	10	500	686	514	1200	3.81865e-07	2.52031e-05	1	1	better
NIAPY	ForestOptimizationAlgorithm	10	500	1138	62	1200	3.18606e-257	6.69072e-255	1	1	better
NIAPY	EnhancedFireworksAlgorithm	10	500	1162	38	1200	6.48141e-290	1.68517e-287	1	1	better
NIAPY	MultiStrategyDifferentialEvolution	10	500	1084	116	1200	9.37822e-198	1.463e-195	1	1	better
NIAPY	MutatedParticleSwarmOptimization	10	500	1130	70	1200	2.31531e-247	4.51485e-245	1	1	better
NIAPY	ComprehensiveLearningParticleSwarmOptimizer	10	500	1149	51	1200	1.45624e-271	3.37849e-269	1	1	better
NIAPY	KrillHerd	10	500	265	935	1200	1	1	3.16259e-88	8.47573e-86	worse
NIAPY	FishSchoolSearch	10	500	850	350	1200	9.64912e-49	8.39474e-47	1	1	better
NIAPY	MutatedCenterUnifiedParticleSwarmOptimization	10	500	1153	47	1200	4.94899e-277	1.20755e-274	1	1	better
NIAPY	MutatedCenterParticleSwarmOptimization	10	500	1129	71	1200	3.68862e-246	7.15592e-244	1	1	better
NIAPY	GlowwormSwarmOptimizationV2	10	500	238	962	1200	1	1	8.41928e-104	2.30688e-101	worse
NIAPY	CatSwarmOptimization	10	500	1148	52	1200	3.2208e-270	7.44005e-268	1	1	better
NIAPY	DifferentialEvolution	10	500	1069	131	1200	1.16288e-183	1.72107e-181	1	1	better
NIAPY	FireworksAlgorithm	10	500	1140	60	1200	9.26188e-260	1.97278e-257	1	1	better
NIAPY	MothFlameOptimizer	10	500	213	987	1200	1	1	1.07117e-119	3.01e-117	worse
NIAPY	DynNpMultiStrategyDifferentialEvolution	10	500	1065	135	1200	4.7778e-180	6.92781e-178	1	1	better
NIAPY	EvolutionStrategyML	10	500	1111	89	1200	1.50037e-225	2.65566e-223	1	1	better
NIAPY	GreyWolfOptimizer	10	500	1146	54	1200	1.48466e-267	3.38503e-265	1	1	better
NIAPY	HarmonySearchV1	10	500	1094	106	1200	1.1649e-207	1.92209e-205	1	1	better
NIAPY	BeesAlgorithm	10	500	1147	53	1200	6.98302e-269	1.6061e-266	1	1	better
NIAPY	GlowwormSwarmOptimizationV1	10	500	216	984	1200	1	1	1.03809e-117	2.90664e-115	worse
NIAPY	GlowwormSwarmOptimizationV3	10	500	237	963	1200	1	1	2.07722e-104	5.71236e-102	worse
NIAPY	LionOptimizationAlgorithm	10	500	1141	59	1200	4.86568e-261	1.05099e-258	1	1	better
NIAPY	ArtificialBeeColonyAlgorithm	10	500	1169	31	1200	1.39804e-300	3.78869e-298	1	1	better
NIAPY	AgingNpDifferentialEvolution	10	500	794	406	1200	9.06502e-30	7.16137e-28	1	1	better
NIAPY	OppositionVelocityClampingParticleSwarmOptimization	10	500	628	572	1200	0.0561566	1	0.950081	1	not shown
NIAPY	CoralReefsOptimization	10	500	223	977	1200	1	1	3.68081e-113	1.02327e-110	worse
NIAPY	BacterialForagingOptimization	10	500	305	895	1200	1	1	6.1796e-68	1.61288e-65	worse
NIAPY	DynamicFireworksAlgorithmGauss	10	500	1151	49	1200	2.80013e-274	6.69232e-272	1	1	better
NIAPY	ClonalSelectionAlgorithm	10	500	113	1087	1200	1	1	1.10972e-200	3.19599e-198	worse
NIAPY	GravitationalSearchAlgorithm	10	500	352	848	1200	1	1	5.66766e-48	1.45659e-45	worse
NIAPY	MonkeyKingEvolutionV1	10	500	1091	109	1200	1.21162e-204	1.97493e-202	1	1	better
NIAPY	EvolutionStrategyMpL	10	500	1143	57	1200	1.27312e-263	2.82633e-261	1	1	better
NIAPY	FireflyAlgorithm	10	500	1073	127	1200	2.46901e-187	3.67882e-185	1	1	better
NIAPY	FlowerPollinationAlgorithm	10	500	1177	23	1200	1.2277e-313	3.44985e-311	1	1	better
OPYTIMIZER	SA	10	500	1006	194	1200	8.36166e-133	1.0034e-130	1	1	better
OPYTIMIZER	GOGHS	10	500	1062	138	1200	2.24644e-177	3.21241e-175	1	1	better
OPYTIMIZER	QSA	10	500	1184	16	1200	0	0	1	1	better
OPYTIMIZER	SGHS	10	500	1004	196	1200	2.21841e-131	2.6399e-129	1	1	better
OPYTIMIZER	DE	10	500	1178	22	1200	2.39493e-315	6.77767e-313	1	1	better
OPYTIMIZER	RFO	10	500	1155	45	1200	8.01255e-280	1.97109e-277	1	1	better
OPYTIMIZER	PPA	10	500	910	290	1200	3.58146e-75	3.33076e-73	1	1	better
OPYTIMIZER	EHO	10	500	1132	68	1200	8.71728e-250	1.74346e-247	1	1	better
OPYTIMIZER	AEO	10	500	1185	15	1200	0	0	1	1	better
OPYTIMIZER	ABO	10	500	1182	18	1200	2.17389e-322	6.17384e-320	1	1	better
OPYTIMIZER	GHS	10	500	948	252	1200	1.58218e-95	1.56636e-93	1	1	better
OPYTIMIZER	PVS	10	500	841	359	1200	2.45487e-45	2.08664e-43	1	1	better
OPYTIMIZER	BWO	10	500	1109	91	1200	2.26397e-223	3.98459e-221	1	1	better
OPYTIMIZER	PSO	10	500	1175	25	1200	2.83723e-310	7.85912e-308	1	1	better
OPYTIMIZER	BSO	10	500	1047	153	1200	1.76165e-164	2.343e-162	1	1	better
OPYTIMIZER	CSA	10	500	777	423	1200	5.04625e-25	3.78468e-23	1	1	better
OPYTIMIZER	SSO	10	500	1024	176	1200	4.15137e-146	5.1477e-144	1	1	better
OPYTIMIZER	WOA	10	500	1138	62	1200	3.18606e-257	6.69072e-255	1	1	better
OPYTIMIZER	BA	10	500	907	293	1200	1.08737e-73	1.00038e-71	1	1	better
OPYTIMIZER	HS	10	500	960	240	1200	1.36163e-102	1.40248e-100	1	1	better
OPYTIMIZER	JS	10	500	993	207	1200	9.77535e-124	1.12416e-121	1	1	better
OPYTIMIZER	SOS	10	500	1195	5	1200	0	0	1	1	better
OPYTIMIZER	GS	10	500	16	1184	1200	1	1	0	0	worse
OPYTIMIZER	EFO	10	500	1106	94	1200	3.8413e-220	6.72228e-218	1	1	better
OPYTIMIZER	GSA	10	500	239	961	1200	1	1	3.39467e-103	9.23352e-101	worse
OPYTIMIZER	ESA	10	500	640	560	1200	0.0112683	0.687367	0.990332	1	not shown
OPYTIMIZER	BOA	10	500	62	495	557	1	1	3.95692e-85	1.0565e-82	worse
OPYTIMIZER	HC	10	500	138	1062	1200	1	1	2.24644e-177	6.42482e-175	worse
OPYTIMIZER	ABC	10	500	1042	128	1170	7.24921e-179	1.04389e-176	1	1	better
OPYTIMIZER	RRA	10	500	1087	113	1200	1.10972e-200	1.76445e-198	1	1	better
OPYTIMIZER	NDS	10	500	16	1184	1200	1	1	0	0	worse
OPYTIMIZER	NBJS	10	500	981	219	1200	9.56321e-116	1.03283e-113	1	1	better
OPYTIMIZER	SSD	10	500	362	838	1200	1	1	3.12026e-44	7.98786e-42	worse
OPYTIMIZER	CEM	10	500	685	515	1200	5.13507e-07	3.3378e-05	1	1	better
OPYTIMIZER	AOA	10	500	727	473	1200	1.1468e-13	8.14227e-12	1	1	better
OPYTIMIZER	MRFO	10	500	1173	27	1200	5.58515e-307	1.5415e-304	1	1	better
OPYTIMIZER	ASO	10	500	80	1120	1200	1	1	1.27682e-235	3.71554e-233	worse
OPYTIMIZER	SFO	10	500	684	516	1200	6.88265e-07	4.40489e-05	0.999999	1	better
OPYTIMIZER	IHS	10	500	946	254	1200	2.21838e-94	2.12965e-92	1	1	better
OPYTIMIZER	COA	10	500	1185	15	1200	0	0	1	1	better
OPYTIMIZER	GOA	10	500	1153	47	1200	4.94899e-277	1.20755e-274	1	1	better
OPYTIMIZER	STOA	10	500	139	1061	1200	1	1	1.71844e-176	4.89756e-174	worse
OPYTIMIZER	MVPA	10	500	998	202	1200	3.58311e-127	4.19224e-125	1	1	better
OPYTIMIZER	ES	10	500	1145	55	1200	3.09647e-266	7.02898e-264	1	1	better
OPYTIMIZER	AIWPSO	10	500	1161	39	1200	1.9329e-288	4.98688e-286	1	1	better
OPYTIMIZER	ISA	10	500	228	972	1200	1	1	5.54649e-110	1.53638e-107	worse
OPYTIMIZER	EO	10	500	1193	7	1200	0	0	1	1	better
OPYTIMIZER	AF	10	500	51	985	1036	1	1	1.60428e-225	4.63636e-223	worse
OPYTIMIZER	DOA	10	500	1157	43	1200	1.18396e-282	2.94805e-280	1	1	better
OPYTIMIZER	PIO	10	500	805	395	1200	4.36687e-33	3.53717e-31	1	1	better
OPYTIMIZER	HHO	10	500	1137	63	1200	5.76077e-256	1.19824e-253	1	1	better
OPYTIMIZER	BSA	10	500	1013	187	1200	7.15683e-138	8.8029e-136	1	1	better
OPYTIMIZER	TEO	10	500	798	375	1173	6.16105e-36	5.05206e-34	1	1	better
OPYTIMIZER	FA	10	500	150	1050	1200	1	1	5.33887e-167	1.51624e-164	worse
OPYTIMIZER	WWO	10	500	1183	17	1200	0	0	1	1	better
OPYTIMIZER	IWO	10	500	991	209	1200	2.22187e-122	2.51071e-120	1	1	better
OPYTIMIZER	KH	10	500	1127	73	1200	8.95539e-244	1.71048e-241	1	1	better
OPYTIMIZER	FOA	10	500	1161	39	1200	1.9329e-288	4.98688e-286	1	1	better
OPYTIMIZER	RPSO	10	500	1166	34	1200	6.22133e-296	1.65487e-293	1	1	better
OPYTIMIZER	SCA	10	500	434	766	1200	1	1	3.39645e-22	8.55906e-20	worse
OPYTIMIZER	OSA	10	500	530	670	1200	0.999977	1	2.94953e-05	0.00725584	worse
OPYTIMIZER	WDO	10	500	311	889	1200	1	1	3.67341e-65	9.55088e-63	worse
OPYTIMIZER	LSA	10	500	1184	16	1200	0	0	1	1	better
OPYTIMIZER	VPSO	10	500	1176	24	1200	6.02618e-312	1.68131e-309	1	1	better
OPYTIMIZER	SBO	10	500	1116	84	1200	4.33323e-231	7.88647e-229	1	1	better
OPYTIMIZER	GA	10	500	1190	10	1200	0	0	1	1	better
OPYTIMIZER	MFO	10	500	994	206	1200	2.0326e-124	2.35782e-122	1	1	better
OPYTIMIZER	CS	10	500	1191	9	1200	0	0	1	1	better
OPYTIMIZER	FSO	10	500	675	525	1200	8.29229e-06	0.000522414	0.999994	1	better
OPYTIMIZER	NGHS	10	500	963	237	1200	2.07722e-104	2.18108e-102	1	1	better
OPYTIMIZER	GCO	10	500	1120	80	1200	1.27682e-235	2.37488e-233	1	1	better
OPYTIMIZER	TWO	10	500	1151	49	1200	2.80013e-274	6.69232e-272	1	1	better
OPYTIMIZER	WEO	10	500	1133	67	1200	5.22672e-251	1.06102e-248	1	1	better
OPYTIMIZER	GWO	10	500	1137	63	1200	5.76077e-256	1.19824e-253	1	1	better
OPYTIMIZER	SAVPSO	10	500	1183	17	1200	0	0	1	1	better
OPYTIMIZER	FFOA	10	500	288	912	1200	1	1	3.59763e-76	9.49774e-74	worse
OPYTIMIZER	AIG	10	500	1178	22	1200	2.39493e-315	6.77767e-313	1	1	better
OPYTIMIZER	BH	10	500	986	214	1200	4.94816e-119	5.44298e-117	1	1	better
OPYTIMIZER	CI	10	500	499	138	637	3.5369e-49	3.11247e-47	1	1	better
OPYTIMIZER	SSA	10	500	1145	55	1200	3.09647e-266	7.02898e-264	1	1	better
OPYTIMIZER	AO	10	500	696	504	1200	1.64689e-08	1.10342e-06	1	1	better
OPYTIMIZER	MVO	10	500	289	13	302	2.75959e-69	2.51123e-67	1	1	better
mealpy	LevyTWO	10	500	825	375	1200	1.26495e-39	1.06256e-37	1	1	better
mealpy	OriginalTLO	10	500	1154	46	1200	2.01373e-278	4.93364e-276	1	1	better
mealpy	GWO	10	500	1052	148	1200	1.0765e-168	1.4425e-166	1	1	better
mealpy	OriginalBBO	10	500	1100	100	1200	8.13378e-214	1.37461e-211	1	1	better
mealpy	ABFO	10	500	515	670	1185	0.999997	1	3.73804e-06	0.000923295	worse
mealpy	OriginalWHO	10	500	1145	55	1200	3.09647e-266	7.02898e-264	1	1	better
mealpy	OriginalFFA	10	500	546	654	1200	0.999179	1	0.000998557	0.243648	not shown
mealpy	BaseSARO	10	500	1177	23	1200	1.2277e-313	3.44985e-311	1	1	better
mealpy	OriginalSMA	10	500	603	597	1200	0.442621	1	0.580065	1	not shown
mealpy	SingleGA	10	500	1089	111	1200	1.1827e-202	1.90414e-200	1	1	better
mealpy	OriginalSSDO	10	500	632	568	1200	0.0344599	1	0.969722	1	not shown
mealpy	OriginalFPA	10	500	1170	30	1200	3.70089e-302	1.00664e-299	1	1	better
mealpy	OriginalSSO	10	500	641	559	1200	0.00966784	0.599406	0.99173	1	not shown
mealpy	OriginalMA	10	500	707	493	1200	3.53132e-10	2.4013e-08	1	1	better
mealpy	OriginalCEM	10	500	784	416	1200	6.37434e-27	4.8445e-25	1	1	better
mealpy	OCRO	10	500	1114	86	1200	7.3916e-229	1.3157e-226	1	1	better
mealpy	OriginalBA	10	500	25	1175	1200	1	1	2.83723e-310	8.31308e-308	worse
mealpy	OriginalAEO	10	500	1143	57	1200	1.27312e-263	2.82633e-261	1	1	better
mealpy	OriginalBSO	10	500	1151	49	1200	2.80013e-274	6.69232e-272	1	1	better
mealpy	OriginalBFO	10	500	81	1119	1200	1	1	1.76729e-234	5.12515e-232	worse
mealpy	ImprovedSLO	10	500	1044	156	1200	5.43514e-162	7.12003e-160	1	1	better
mealpy	OriginalLCO	10	500	1054	146	1200	2.10491e-170	2.86267e-168	1	1	better
mealpy	OriginalHGS	10	500	1061	139	1200	1.71844e-176	2.44019e-174	1	1	better
mealpy	BaseALO	10	500	1058	142	1200	7.32854e-174	1.01867e-171	1	1	better
mealpy	CPSO	10	500	788	412	1200	4.83877e-28	3.77424e-26	1	1	better
mealpy	OriginalEO	10	500	1151	49	1200	2.80013e-274	6.69232e-272	1	1	better
mealpy	DE	10	500	380	820	1200	1	1	6.29001e-38	1.60395e-35	worse
mealpy	ModifiedBA	10	500	992	208	1200	4.67395e-123	5.3283e-121	1	1	better
mealpy	BaseTLO	10	500	1147	53	1200	6.98302e-269	1.6061e-266	1	1	better
mealpy	OriginalPFA	10	500	421	779	1200	1	1	1.47372e-25	3.74326e-23	worse
mealpy	BaseFOA	10	500	292	908	1200	1	1	3.50133e-74	9.20849e-72	worse
mealpy	OriginalGBO	10	500	1142	58	1200	2.51136e-262	5.47476e-260	1	1	better
mealpy	TVAC	10	500	1169	31	1200	1.39804e-300	3.78869e-298	1	1	better
mealpy	BaseFBIO	10	500	1167	33	1200	1.81091e-297	4.83514e-295	1	1	better
mealpy	ImprovedBSO	10	500	1120	80	1200	1.27682e-235	2.37488e-233	1	1	better
mealpy	OriginalAO	10	500	274	926	1200	1	1	2.2185e-83	5.90121e-81	worse
mealpy	BaseGSKA	10	500	1141	59	1200	4.86568e-261	1.05099e-258	1	1	better
mealpy	BaseLCO	10	500	1105	95	1200	4.47688e-219	7.78977e-217	1	1	better
mealpy	OriginalSSpiderA	10	500	536	664	1200	0.999903	1	0.000121582	0.0297876	worse
mealpy	BaseHS	10	500	1115	85	1200	5.6952e-230	1.01944e-227	1	1	better
mealpy	AdaptiveEO	10	500	1153	47	1200	4.94899e-277	1.20755e-274	1	1	better
mealpy	OriginalWCA	10	500	740	48	788	1.32492e-160	1.70915e-158	1	1	better
mealpy	OriginalMRFO	10	500	1150	50	1200	6.45201e-273	1.50332e-270	1	1	better
mealpy	OriginalEOA	10	500	983	217	1200	4.71472e-117	5.13905e-115	1	1	better
mealpy	OriginalABC	10	500	1116	84	1200	4.33323e-231	7.88647e-229	1	1	better
mealpy	ModifiedAEO	10	500	1123	77	1200	4.44251e-239	8.3075e-237	1	1	better
mealpy	OriginalSFO	10	500	815	385	1200	2.84225e-36	2.35907e-34	1	1	better
mealpy	BaseBBO	10	500	1090	110	1200	1.20305e-203	1.94894e-201	1	1	better
mealpy	OriginalNMRA	10	500	1142	58	1200	2.51136e-262	5.47476e-260	1	1	better
mealpy	OriginalACOR	10	500	1079	121	1200	5.86366e-193	8.97139e-191	1	1	better
mealpy	ImprovedSFO	10	500	931	269	1200	4.72665e-86	4.44305e-84	1	1	better
mealpy	OriginalCRO	10	500	1076	124	1200	3.96144e-190	5.94216e-188	1	1	better
mealpy	LevyJA	10	500	1141	59	1200	4.86568e-261	1.05099e-258	1	1	better
mealpy	OriginalHS	10	500	1134	66	1200	3.08504e-252	6.32433e-250	1	1	better
mealpy	OriginalCSO	10	500	478	722	1200	1	1	9.70598e-13	2.41679e-10	worse
mealpy	OriginalCOA	10	500	1028	172	1200	3.44768e-149	4.3096e-147	1	1	better
mealpy	LevyQSA	10	500	1162	38	1200	6.48141e-290	1.68517e-287	1	1	better
mealpy	OppoQSA	10	500	1160	40	1200	5.61541e-287	1.43193e-284	1	1	better
mealpy	BaseBRO	10	500	709	491	1200	1.68109e-10	1.15995e-08	1	1	better
mealpy	OriginalSLO	10	500	989	211	1200	4.93479e-121	5.52697e-119	1	1	better
mealpy	OriginalMVO	10	500	1139	61	1200	1.7326e-258	3.6731e-256	1	1	better
mealpy	CLPSO	10	500	1159	41	1200	1.59022e-285	4.03915e-283	1	1	better
mealpy	OriginalNRO	10	500	1152	48	1200	1.18991e-275	2.86768e-273	1	1	better
mealpy	BaseSCA	10	500	1011	189	1200	2.07079e-136	2.50565e-134	1	1	better
mealpy	BaseGCO	10	500	1045	155	1200	8.10326e-163	1.06963e-160	1	1	better
mealpy	OriginalArchOA	10	500	1087	113	1200	1.10972e-200	1.76445e-198	1	1	better
mealpy	SwarmHC	10	500	803	397	1200	1.81078e-32	1.44862e-30	1	1	better
mealpy	ImprovedTLO	10	500	966	234	1200	3.02285e-106	3.20422e-104	1	1	better
mealpy	OriginalMSA	10	500	1185	15	1200	0	0	1	1	better
mealpy	WOA	10	500	1069	131	1200	1.16288e-183	1.72107e-181	1	1	better
mealpy	OriginalIWO	10	500	1126	74	1200	1.36526e-242	2.58034e-240	1	1	better
mealpy	BaseGA	10	500	1132	68	1200	8.71728e-250	1.74346e-247	1	1	better
mealpy	ModifiedEO	10	500	1176	24	1200	6.02618e-312	1.68131e-309	1	1	better
mealpy	ImprovedNMRA	10	500	1077	123	1200	4.55567e-191	6.87906e-189	1	1	better
mealpy	BaseCHIO	10	500	275	925	1200	1	1	7.48509e-83	1.98355e-80	worse
mealpy	OriginalHHO	10	500	989	211	1200	4.93479e-121	5.52697e-119	1	1	better
mealpy	OriginalGWO	10	500	1131	69	1200	1.43156e-248	2.8345e-246	1	1	better
mealpy	ImprovedQSA	10	500	1165	35	1200	2.07448e-294	5.49736e-292	1	1	better
mealpy	OriginalFBIO	10	500	1169	31	1200	1.39804e-300	3.78869e-298	1	1	better
mealpy	OriginalBeesA	10	500	637	563	1200	0.0175227	1	0.98483	1	not shown
mealpy	BaseEFO	10	500	1159	41	1200	1.59022e-285	4.03915e-283	1	1	better
mealpy	OriginalSA	10	500	1158	42	1200	4.39231e-284	1.09808e-281	1	1	better
mealpy	OriginalHC	10	500	192	1008	1200	1	1	3.07535e-134	8.70325e-132	worse
mealpy	OriginalSHO	10	500	788	412	1200	4.83877e-28	3.77424e-26	1	1	better
mealpy	JADE	10	500	1151	49	1200	2.80013e-274	6.69232e-272	1	1	better
mealpy	OriginalCA	10	500	947	253	1200	5.93923e-95	5.76105e-93	1	1	better
mealpy	EnhancedTWO	10	500	1087	113	1200	1.10972e-200	1.76445e-198	1	1	better
mealpy	BaseSSA	10	500	1012	188	1200	3.86183e-137	4.71144e-135	1	1	better
mealpy	OriginalAOA	10	500	235	965	1200	1	1	1.24469e-105	3.43534e-103	worse
mealpy	OriginalQSA	10	500	1157	43	1200	1.18396e-282	2.94805e-280	1	1	better
mealpy	OriginalGOA	10	500	1161	39	1200	1.9329e-288	4.98688e-286	1	1	better
mealpy	EnhancedAEO	10	500	1101	99	1200	7.37961e-215	1.26191e-212	1	1	better
mealpy	OriginalGSKA	10	500	1133	67	1200	5.22672e-251	1.06102e-248	1	1	better
mealpy	PPSO	10	500	1116	84	1200	4.33323e-231	7.88647e-229	1	1	better
mealpy	OriginalCGO	10	500	1131	69	1200	1.43156e-248	2.8345e-246	1	1	better
mealpy	OriginalHGSO	10	500	770	430	1200	3.34574e-23	2.47584e-21	1	1	better
mealpy	OriginalSBO	10	500	1136	64	1200	1.02444e-254	2.11035e-252	1	1	better
mealpy	OppoTWO	10	500	867	333	1200	1.46096e-55	1.30025e-53	1	1	better
mealpy	OriginalASO	10	500	70	1130	1200	1	1	2.31531e-247	6.7607e-245	worse
mealpy	ModifiedSLO	10	500	1036	164	1200	1.71488e-155	2.17789e-153	1	1	better
mealpy	BaseVCS	10	500	1163	37	1200	2.1158e-291	5.54341e-289	1	1	better
mealpy	LSHADE	10	500	1159	41	1200	1.59022e-285	4.03915e-283	1	1	better
mealpy	OriginalEFO	10	500	951	249	1200	2.90239e-97	2.90239e-95	1	1	better
mealpy	OriginalJA	10	500	722	478	1200	9.70598e-13	6.79419e-11	1	1	better
mealpy	OriginalGCO	10	500	977	223	1200	3.68081e-113	3.93847e-111	1	1	better
mealpy	OriginalPSS	10	500	1144	56	1200	6.33725e-265	1.41321e-262	1	1	better
mealpy	OriginalEHO	10	500	895	305	1200	6.1796e-68	5.56164e-66	1	1	better
mealpy	OriginalSSA	10	500	961	239	1200	3.39467e-103	3.53046e-101	1	1	better
mealpy	OriginalSCA	10	500	1000	200	1200	1.45191e-128	1.71326e-126	1	1	better
mealpy	OriginalBES	10	500	1057	143	1200	5.42881e-173	7.43746e-171	1	1	better
mealpy	BaseSBO	10	500	1101	99	1200	7.37961e-215	1.26191e-212	1	1	better
mealpy	BaseJA	10	500	1082	118	1200	7.99289e-196	1.2389e-193	1	1	better
mealpy	OriginalSARO	10	500	1165	35	1200	2.07448e-294	5.49736e-292	1	1	better
mealpy	OriginalSRSR	10	500	1165	35	1200	2.07448e-294	5.49736e-292	1	1	better
mealpy	OriginalTWO	10	500	1127	73	1200	8.95539e-244	1.71048e-241	1	1	better
mealpy	OriginalWDO	10	500	577	623	1200	0.912586	1	0.0969548	1	not shown
mealpy	AugmentedAEO	10	500	1104	96	1200	5.15861e-218	8.9244e-216	1	1	better
mealpy	OriginalWOA	10	500	1082	118	1200	7.99289e-196	1.2389e-193	1	1	better
mealpy	SADE	10	500	1152	48	1200	1.18991e-275	2.86768e-273	1	1	better
mealpy	OriginalBRO	10	500	241	959	1200	1	1	5.43331e-102	1.47243e-99	worse
mealpy	OriginalSSpiderO	10	500	476	724	1200	1	1	4.17329e-13	1.04332e-10	worse
mealpy	ProbBeesA	10	500	327	873	1200	1	1	4.30951e-58	1.11185e-55	worse
mealpy	OriginalFA	10	500	516	684	1200	0.999999	1	6.88265e-07	0.00017069	worse
mealpy	OriginalCSA	10	500	319	881	1200	1	1	1.44166e-61	3.73389e-59	worse
mealpy	OriginalALO	10	500	1058	142	1200	7.32854e-174	1.01867e-171	1	1	better
mealpy	OriginalDO	10	500	200	1000	1200	1	1	1.45191e-128	4.09439e-126	worse
mealpy	OriginalCHIO	10	500	575	625	1200	0.929538	1	0.078592	1	not shown
mealpy	OriginalBSA	10	500	1129	71	1200	3.68862e-246	7.15592e-244	1	1	better
mealpy	LevyEP	10	500	1156	44	1200	3.11617e-281	7.69693e-279	1	1	better
mealpy	OriginalICA	10	500	697	18	715	1.78793e-180	2.61037e-178	1	1	better
mealpy	ImprovedLCO	10	500	1042	158	1200	2.39201e-160	3.06177e-158	1	1	better
mealpy	OriginalMFO	10	500	216	984	1200	1	1	1.03809e-117	2.90664e-115	worse
mealpy	ImprovedAEO	10	500	1096	104	1200	1.07796e-209	1.78941e-207	1	1	better
mealpy	OriginalVCS	10	500	948	252	1200	1.58218e-95	1.56636e-93	1	1	better
mealpy	AdaptiveBA	10	500	133	1067	1200	1	1	7.58052e-182	2.17561e-179	worse
mealpy	MultiGA	10	500	1119	81	1200	1.76729e-234	3.25182e-232	1	1	better
mealpy	OriginalES	10	500	1134	66	1200	3.08504e-252	6.32433e-250	1	1	better
mealpy	LevyES	10	500	1184	16	1200	0	0	1	1	better
mealpy	OriginalEP	10	500	456	744	1200	1	1	4.22646e-17	1.06084e-14	worse
mealpy	BaseSMA	10	500	1044	156	1200	5.43514e-162	7.12003e-160	1	1	better
mealpy	OriginalPSO	10	500	238	962	1200	1	1	8.41928e-104	2.30688e-101	worse
mealpy	FBUDGETSHADE	10	500	1163	37	1200	2.1158e-291	5.54341e-289	1	1	better
mealpy	OriginalFOA	10	500	249	951	1200	1	1	2.90239e-97	7.83646e-95	worse
mealpy	BaseQSA	10	500	1172	28	1200	2.34187e-305	6.44014e-303	1	1	better
mealpy	BaseMFO	10	500	1099	101	1200	8.86823e-213	1.48986e-210	1	1	better
mealpy	BaseDE	10	500	1139	61	1200	1.7326e-258	3.6731e-256	1	1	better
mealpy	WhaleFOA	10	500	294	906	1200	1	1	3.36178e-73	8.80786e-71	worse
Baselines	DE	10	500	1140	60	1200	9.26188e-260	6.48332e-259	1	1	better
Baselines	RCobyla	10	500	1066	134	1200	6.04339e-181	3.0217e-180	1	1	better
Baselines	PSO	10	500	93	1098	1200	1	1	8.05726e-219	8.86299e-218	worse
Baselines	DiagonalCMA	10	500	1158	42	1200	4.39231e-284	3.95308e-283	1	1	better
Baselines	modcma	10	500	1177	23	1200	1.2277e-313	1.35047e-312	1	1	better
Baselines	modde	10	500	1115	85	1200	5.6952e-230	3.41712e-229	1	1	better
Baselines	OnePlusOne	10	500	1008	192	1200	3.07535e-134	9.22606e-134	1	1	better
Baselines	Powell	10	500	1016	184	1200	4.38528e-140	1.75411e-139	1	1	better
Baselines	MultiBFGS	10	500	950	250	1200	1.10605e-96	2.2121e-96	1	1	better
Baselines	lshade	10	500	1148	52	1200	3.2208e-270	2.57664e-269	1	1	better
Baselines	bipop	10	500	1172	28	1200	2.34187e-305	2.34187e-304	1	1	better
EVOLOPY	DE	10	1000	1143	57	1200	1.27312e-263	2.72448e-261	1	1	better
EVOLOPY	JAYA	10	1000	1082	118	1200	7.99289e-196	1.21492e-193	1	1	better
EVOLOPY	PSO	10	1000	1127	73	1200	8.95539e-244	1.7463e-241	1	1	better
EVOLOPY	WOA	10	1000	1081	119	1200	7.27584e-195	1.09138e-192	1	1	better
EVOLOPY	FFA	10	1000	1150	50	1200	6.45201e-273	1.4517e-270	1	1	better
EVOLOPY	BAT	10	1000	506	694	1200	1	1	3.17122e-08	7.89633e-06	worse
EVOLOPY	MVO	10	1000	1157	43	1200	1.18396e-282	2.81782e-280	1	1	better
EVOLOPY	HHO	10	1000	760	440	1200	9.86963e-21	7.30353e-19	1	1	better
EVOLOPY	SCA	10	1000	1093	107	1200	1.19235e-206	1.87199e-204	1	1	better
EVOLOPY	GA	10	1000	892	41	933	1.02986e-209	1.64777e-207	1	1	better
EVOLOPY	MFO	10	1000	1117	83	1200	3.25527e-232	5.92459e-230	1	1	better
EVOLOPY	CS	10	1000	1175	25	1200	2.83723e-310	7.68889e-308	1	1	better
EVOLOPY	GWO	10	1000	1148	52	1200	3.2208e-270	7.11797e-268	1	1	better
EVOLOPY	SSA	10	1000	1005	195	1200	4.32009e-132	4.9681e-130	1	1	better
NIAPY	DynamicFireworksAlgorithm	10	1000	1159	41	1200	1.59022e-285	3.84833e-283	1	1	better
NIAPY	HarmonySearch	10	1000	1126	74	1200	1.36526e-242	2.6486e-240	1	1	better
NIAPY	EvolutionStrategyMp1	10	1000	1160	40	1200	5.61541e-287	1.37578e-284	1	1	better
NIAPY	MonarchButterflyOptimization	10	1000	671	529	1200	2.30327e-05	0.00156622	0.999982	1	better
NIAPY	CenterParticleSwarmOptimization	10	1000	1133	67	1200	5.22672e-251	1.05057e-248	1	1	better
NIAPY	DynNpDifferentialEvolution	10	1000	1008	192	1200	3.07535e-134	3.56741e-132	1	1	better
NIAPY	CamelAlgorithm	10	1000	1059	141	1200	9.81465e-175	1.34461e-172	1	1	better
NIAPY	BatAlgorithm	10	1000	901	299	1200	8.87909e-71	7.90239e-69	1	1	better
NIAPY	GlowwormSwarmOptimization	10	1000	305	895	1200	1	1	6.1796e-68	1.61905e-65	worse
NIAPY	BareBonesFireworksAlgorithm	10	1000	1027	173	1200	2.05147e-148	2.54382e-146	1	1	better
NIAPY	CuckooSearch	10	1000	1184	16	1200	0	0	1	1	better
NIAPY	GeneticAlgorithm	10	1000	609	591	1200	0.311812	1	0.708311	1	not shown
NIAPY	ParticleSwarmAlgorithm	10	1000	1178	22	1200	2.39493e-315	6.68187e-313	1	1	better
NIAPY	MonkeyKingEvolutionV3	10	1000	989	211	1200	4.93479e-121	5.37892e-119	1	1	better
NIAPY	MonkeyKingEvolutionV2	10	1000	1142	58	1200	2.51136e-262	5.32408e-260	1	1	better
NIAPY	SineCosineAlgorithm	10	1000	4	1196	1200	1	1	0	0	worse
NIAPY	EvolutionStrategy1p1	10	1000	949	251	1200	4.19378e-96	4.27766e-94	1	1	better
NIAPY	HarrisHawksOptimization	10	1000	1148	52	1200	3.2208e-270	7.11797e-268	1	1	better
NIAPY	ParticleSwarmOptimization	10	1000	654	546	1200	0.000998557	0.0659048	0.999179	1	not shown
NIAPY	ForestOptimizationAlgorithm	10	1000	1141	59	1200	4.86568e-261	1.02179e-258	1	1	better
NIAPY	EnhancedFireworksAlgorithm	10	1000	1159	41	1200	1.59022e-285	3.84833e-283	1	1	better
NIAPY	MultiStrategyDifferentialEvolution	10	1000	1124	76	1200	3.04026e-240	5.83731e-238	1	1	better
NIAPY	MutatedParticleSwarmOptimization	10	1000	1134	66	1200	3.08504e-252	6.23178e-250	1	1	better
NIAPY	ComprehensiveLearningParticleSwarmOptimizer	10	1000	1174	26	1200	1.28335e-308	3.4522e-306	1	1	better
NIAPY	KrillHerd	10	1000	209	991	1200	1	1	2.22187e-122	6.15457e-120	worse
NIAPY	FishSchoolSearch	10	1000	1051	149	1200	7.61007e-168	1.01214e-165	1	1	better
NIAPY	MutatedCenterUnifiedParticleSwarmOptimization	10	1000	1153	47	1200	4.94899e-277	1.14322e-274	1	1	better
NIAPY	MutatedCenterParticleSwarmOptimization	10	1000	1135	65	1200	1.79217e-253	3.65603e-251	1	1	better
NIAPY	GlowwormSwarmOptimizationV2	10	1000	295	905	1200	1	1	1.03469e-72	2.73158e-70	worse
NIAPY	CatSwarmOptimization	10	1000	1148	52	1200	3.2208e-270	7.11797e-268	1	1	better
NIAPY	DifferentialEvolution	10	1000	1104	96	1200	5.15861e-218	8.82122e-216	1	1	better
NIAPY	FireworksAlgorithm	10	1000	1164	36	1200	6.71935e-293	1.67984e-290	1	1	better
NIAPY	MothFlameOptimizer	10	1000	204	996	1200	1	1	8.63517e-126	2.40921e-123	worse
NIAPY	DynNpMultiStrategyDifferentialEvolution	10	1000	1119	81	1200	1.76729e-234	3.28717e-232	1	1	better
NIAPY	EvolutionStrategyML	10	1000	1101	99	1200	7.37961e-215	1.23239e-212	1	1	better
NIAPY	GreyWolfOptimizer	10	1000	1156	44	1200	3.11617e-281	7.32299e-279	1	1	better
NIAPY	HarmonySearchV1	10	1000	1101	99	1200	7.37961e-215	1.23239e-212	1	1	better
NIAPY	BeesAlgorithm	10	1000	1130	70	1200	2.31531e-247	4.58431e-245	1	1	better
NIAPY	GlowwormSwarmOptimizationV1	10	1000	291	909	1200	1	1	1.12235e-74	2.97423e-72	worse
NIAPY	GlowwormSwarmOptimizationV3	10	1000	287	913	1200	1	1	1.13248e-76	3.0124e-74	worse
NIAPY	LionOptimizationAlgorithm	10	1000	1143	57	1200	1.27312e-263	2.72448e-261	1	1	better
NIAPY	ArtificialBeeColonyAlgorithm	10	1000	1167	33	1200	1.81091e-297	4.63594e-295	1	1	better
NIAPY	AgingNpDifferentialEvolution	10	1000	829	371	1200	5.18412e-41	4.19914e-39	1	1	better
NIAPY	OppositionVelocityClampingParticleSwarmOptimization	10	1000	572	628	1200	0.950081	1	0.0561566	1	not shown
NIAPY	CoralReefsOptimization	10	1000	215	985	1200	1	1	2.27282e-118	6.25026e-116	worse
NIAPY	BacterialForagingOptimization	10	1000	591	609	1200	0.708311	1	0.311812	1	not shown
NIAPY	DynamicFireworksAlgorithmGauss	10	1000	1158	42	1200	4.39231e-284	1.05415e-281	1	1	better
NIAPY	ClonalSelectionAlgorithm	10	1000	102	1098	1200	1	1	9.56554e-212	2.75487e-209	worse
NIAPY	GravitationalSearchAlgorithm	10	1000	306	894	1200	1	1	1.81152e-67	4.72807e-65	worse
NIAPY	MonkeyKingEvolutionV1	10	1000	1099	101	1200	8.86823e-213	1.46326e-210	1	1	better
NIAPY	EvolutionStrategyMpL	10	1000	1160	40	1200	5.61541e-287	1.37578e-284	1	1	better
NIAPY	FireflyAlgorithm	10	1000	1120	80	1200	1.27682e-235	2.38765e-233	1	1	better
NIAPY	FlowerPollinationAlgorithm	10	1000	1176	24	1200	6.02618e-312	1.65117e-309	1	1	better
OPYTIMIZER	SA	10	1000	1029	171	1200	5.75507e-150	7.19384e-148	1	1	better
OPYTIMIZER	GOGHS	10	1000	1059	141	1200	9.81465e-175	1.34461e-172	1	1	better
OPYTIMIZER	QSA	10	1000	1187	13	1200	0	0	1	1	better
OPYTIMIZER	SGHS	10	1000	1030	170	1200	9.54162e-151	1.20224e-148	1	1	better
OPYTIMIZER	DE	10	1000	1174	26	1200	1.28335e-308	3.4522e-306	1	1	better
OPYTIMIZER	RFO	10	1000	1156	44	1200	3.11617e-281	7.32299e-279	1	1	better
OPYTIMIZER	PPA	10	1000	944	256	1200	3.04908e-93	3.01859e-91	1	1	better
OPYTIMIZER	EHO	10	1000	1122	78	1200	6.40261e-238	1.2165e-235	1	1	better
OPYTIMIZER	AEO	10	1000	1186	14	1200	0	0	1	1	better
OPYTIMIZER	ABO	10	1000	1186	14	1200	0	0	1	1	better
OPYTIMIZER	GHS	10	1000	959	241	1200	5.43331e-102	5.70498e-100	1	1	better
OPYTIMIZER	PVS	10	1000	763	437	1200	1.86048e-21	1.39536e-19	1	1	better
OPYTIMIZER	BWO	10	1000	1074	126	1200	2.91616e-188	4.31591e-186	1	1	better
OPYTIMIZER	PSO	10	1000	1161	39	1200	1.9329e-288	4.77426e-286	1	1	better
OPYTIMIZER	BSO	10	1000	1016	184	1200	4.38528e-140	5.21848e-138	1	1	better
OPYTIMIZER	CSA	10	1000	776	424	1200	9.28723e-25	7.33691e-23	1	1	better
OPYTIMIZER	SSO	10	1000	958	242	1200	2.15686e-101	2.24314e-99	1	1	better
OPYTIMIZER	WOA	10	1000	1113	87	1200	9.47456e-228	1.65805e-225	1	1	better
OPYTIMIZER	BA	10	1000	874	326	1200	1.60836e-58	1.33494e-56	1	1	better
OPYTIMIZER	HS	10	1000	985	215	1200	2.27282e-118	2.43192e-116	1	1	better
OPYTIMIZER	JS	10	1000	933	267	1200	3.90363e-87	3.78652e-85	1	1	better
OPYTIMIZER	SOS	10	1000	1194	6	1200	0	0	1	1	better
OPYTIMIZER	GS	10	1000	9	1191	1200	1	1	0	0	worse
OPYTIMIZER	EFO	10	1000	1104	96	1200	5.15861e-218	8.82122e-216	1	1	better
OPYTIMIZER	GSA	10	1000	214	986	1200	1	1	4.94816e-119	1.36569e-116	worse
OPYTIMIZER	ESA	10	1000	573	627	1200	0.943843	1	0.0629934	1	not shown
OPYTIMIZER	BOA	10	1000	50	507	557	1	1	1.57074e-96	4.28812e-94	worse
OPYTIMIZER	HC	10	1000	143	1057	1200	1	1	5.42881e-173	1.54178e-170	worse
OPYTIMIZER	ABC	10	1000	999	171	1170	5.80672e-143	6.96806e-141	1	1	better
OPYTIMIZER	RRA	10	1000	1067	133	1200	7.58052e-182	1.0916e-179	1	1	better
OPYTIMIZER	NDS	10	1000	9	1191	1200	1	1	0	0	worse
OPYTIMIZER	NBJS	10	1000	920	280	1200	3.05041e-80	2.89789e-78	1	1	better
OPYTIMIZER	SSD	10	1000	315	885	1200	1	1	2.38157e-63	6.16828e-61	worse
OPYTIMIZER	CEM	10	1000	623	577	1200	0.0969548	1	0.912586	1	not shown
OPYTIMIZER	AOA	10	1000	662	538	1200	0.000190015	0.012731	0.999848	1	better
OPYTIMIZER	MRFO	10	1000	1174	26	1200	1.28335e-308	3.4522e-306	1	1	better
OPYTIMIZER	ASO	10	1000	84	1116	1200	1	1	4.33323e-231	1.25664e-228	worse
OPYTIMIZER	SFO	10	1000	595	605	1200	0.624577	1	0.397513	1	not shown
OPYTIMIZER	IHS	10	1000	968	232	1200	1.75479e-107	1.86008e-105	1	1	better
OPYTIMIZER	COA	10	1000	1186	14	1200	0	0	1	1	better
OPYTIMIZER	GOA	10	1000	1148	52	1200	3.2208e-270	7.11797e-268	1	1	better
OPYTIMIZER	STOA	10	1000	131	1069	1200	1	1	1.16288e-183	3.31422e-181	worse
OPYTIMIZER	MVPA	10	1000	925	275	1200	7.48509e-83	7.18569e-81	1	1	better
OPYTIMIZER	ES	10	1000	1129	71	1200	3.68862e-246	7.26658e-244	1	1	better
OPYTIMIZER	AIWPSO	10	1000	1133	67	1200	5.22672e-251	1.05057e-248	1	1	better
OPYTIMIZER	ISA	10	1000	204	996	1200	1	1	8.63517e-126	2.40921e-123	worse
OPYTIMIZER	EO	10	1000	1192	8	1200	0	0	1	1	better
OPYTIMIZER	AF	10	1000	45	991	1036	1	1	2.21491e-233	6.44539e-231	worse
OPYTIMIZER	DOA	10	1000	1172	28	1200	2.34187e-305	6.18253e-303	1	1	better
OPYTIMIZER	PIO	10	1000	712	488	1200	5.38373e-11	3.71477e-09	1	1	better
OPYTIMIZER	HHO	10	1000	1153	47	1200	4.94899e-277	1.14322e-274	1	1	better
OPYTIMIZER	BSA	10	1000	1094	106	1200	1.1649e-207	1.84055e-205	1	1	better
OPYTIMIZER	TEO	10	1000	754	419	1173	4.65098e-23	3.58126e-21	1	1	better
OPYTIMIZER	FA	10	1000	128	1072	1200	1	1	2.07217e-186	5.9264e-184	worse
OPYTIMIZER	WWO	10	1000	1181	19	1200	1.34336e-320	3.84202e-318	1	1	better
OPYTIMIZER	IWO	10	1000	988	212	1200	2.30571e-120	2.49017e-118	1	1	better
OPYTIMIZER	KH	10	1000	1129	71	1200	3.68862e-246	7.26658e-244	1	1	better
OPYTIMIZER	FOA	10	1000	1165	35	1200	2.07448e-294	5.24842e-292	1	1	better
OPYTIMIZER	RPSO	10	1000	1166	34	1200	6.22133e-296	1.58022e-293	1	1	better
OPYTIMIZER	SCA	10	1000	470	730	1200	1	1	3.0555e-14	7.7304e-12	worse
OPYTIMIZER	OSA	10	1000	509	691	1200	1	1	8.26523e-08	2.04151e-05	worse
OPYTIMIZER	WDO	10	1000	283	917	1200	1	1	1.06223e-78	2.84677e-76	worse
OPYTIMIZER	LSA	10	1000	1179	21	1200	4.465e-317	1.25913e-314	1	1	better
OPYTIMIZER	VPSO	10	1000	1169	31	1200	1.39804e-300	3.63491e-298	1	1	better
OPYTIMIZER	SBO	10	1000	1095	105	1200	1.12642e-208	1.79101e-206	1	1	better
OPYTIMIZER	GA	10	1000	1186	14	1200	0	0	1	1	better
OPYTIMIZER	MFO	10	1000	940	260	1200	5.42855e-91	5.31998e-89	1	1	better
OPYTIMIZER	CS	10	1000	1193	7	1200	0	0	1	1	better
OPYTIMIZER	FSO	10	1000	624	576	1200	0.0874141	1	0.921408	1	not shown
OPYTIMIZER	NGHS	10	1000	920	280	1200	3.05041e-80	2.89789e-78	1	1	better
OPYTIMIZER	GCO	10	1000	1144	56	1200	6.33725e-265	1.36251e-262	1	1	better
OPYTIMIZER	TWO	10	1000	1138	62	1200	3.18606e-257	6.59514e-255	1	1	better
OPYTIMIZER	WEO	10	1000	1181	19	1200	1.34336e-320	3.84202e-318	1	1	better
OPYTIMIZER	GWO	10	1000	1105	95	1200	4.47688e-219	7.70023e-217	1	1	better
OPYTIMIZER	SAVPSO	10	1000	1178	22	1200	2.39493e-315	6.68187e-313	1	1	better
OPYTIMIZER	FFOA	10	1000	260	940	1200	1	1	5.42855e-91	1.47114e-88	worse
OPYTIMIZER	AIG	10	1000	1190	10	1200	0	0	1	1	better
OPYTIMIZER	BH	10	1000	956	244	1200	3.34673e-100	3.44714e-98	1	1	better
OPYTIMIZER	CI	10	1000	470	167	637	1.398e-34	1.1184e-32	1	1	better
OPYTIMIZER	SSA	10	1000	1170	30	1200	3.70089e-302	9.69632e-300	1	1	better
OPYTIMIZER	AO	10	1000	613	587	1200	0.235251	1	0.782128	1	not shown
OPYTIMIZER	MVO	10	1000	291	11	302	5.06349e-72	4.55714e-70	1	1	better
mealpy	LevyTWO	10	1000	1057	143	1200	5.42881e-173	7.32889e-171	1	1	better
mealpy	OriginalTLO	10	1000	1149	51	1200	1.45624e-271	3.24742e-269	1	1	better
mealpy	GWO	10	1000	1005	195	1200	4.32009e-132	4.9681e-130	1	1	better
mealpy	OriginalBBO	10	1000	1098	102	1200	9.56554e-212	1.54962e-209	1	1	better
mealpy	ABFO	10	1000	516	669	1185	0.999996	1	4.9049e-06	0.0012066	worse
mealpy	OriginalWHO	10	1000	1152	48	1200	1.18991e-275	2.71299e-273	1	1	better
mealpy	OriginalFFA	10	1000	558	642	1200	0.992948	1	0.00826962	1	not shown
mealpy	BaseSARO	10	1000	1178	22	1200	2.39493e-315	6.68187e-313	1	1	better
mealpy	OriginalSMA	10	1000	716	484	1200	1.12505e-11	7.87534e-10	1	1	better
mealpy	SingleGA	10	1000	1069	131	1200	1.16288e-183	1.69781e-181	1	1	better
mealpy	OriginalSSDO	10	1000	601	599	1200	0.488486	1	0.534504	1	not shown
mealpy	OriginalFPA	10	1000	1173	27	1200	5.58515e-307	1.48565e-304	1	1	better
mealpy	OriginalSSO	10	1000	584	616	1200	0.829609	1	0.185425	1	not shown
mealpy	OriginalMA	10	1000	740	460	1200	2.97168e-16	2.16932e-14	1	1	better
mealpy	OriginalCEM	10	1000	892	308	1200	1.53645e-66	1.32135e-64	1	1	better
mealpy	OCRO	10	1000	1112	88	1200	1.19957e-226	2.08726e-224	1	1	better
mealpy	OriginalBA	10	1000	14	1186	1200	1	1	0	0	worse
mealpy	OriginalAEO	10	1000	1122	78	1200	6.40261e-238	1.2165e-235	1	1	better
mealpy	OriginalBSO	10	1000	1157	43	1200	1.18396e-282	2.81782e-280	1	1	better
mealpy	OriginalBFO	10	1000	73	1127	1200	1	1	8.95539e-244	2.61497e-241	worse
mealpy	ImprovedSLO	10	1000	1033	167	1200	4.17329e-153	5.34181e-151	1	1	better
mealpy	OriginalLCO	10	1000	1004	196	1200	2.21841e-131	2.5068e-129	1	1	better
mealpy	OriginalHGS	10	1000	1034	166	1200	6.73123e-154	8.68329e-152	1	1	better
mealpy	BaseALO	10	1000	1049	151	1200	3.71717e-166	4.90666e-164	1	1	better
mealpy	CPSO	10	1000	736	464	1200	1.97637e-15	1.42298e-13	1	1	better
mealpy	OriginalEO	10	1000	1158	42	1200	4.39231e-284	1.05415e-281	1	1	better
mealpy	DE	10	1000	402	798	1200	1	1	5.93917e-31	1.52637e-28	worse
mealpy	ModifiedBA	10	1000	1024	176	1200	4.15137e-146	5.10618e-144	1	1	better
mealpy	BaseTLO	10	1000	1149	51	1200	1.45624e-271	3.24742e-269	1	1	better
mealpy	OriginalPFA	10	1000	382	818	1200	1	1	2.92164e-37	7.53784e-35	worse
mealpy	BaseFOA	10	1000	286	914	1200	1	1	3.54865e-77	9.47488e-75	worse
mealpy	OriginalGBO	10	1000	1154	46	1200	2.01373e-278	4.67185e-276	1	1	better
mealpy	TVAC	10	1000	1165	35	1200	2.07448e-294	5.24842e-292	1	1	better
mealpy	BaseFBIO	10	1000	1175	25	1200	2.83723e-310	7.68889e-308	1	1	better
mealpy	ImprovedBSO	10	1000	1119	81	1200	1.76729e-234	3.28717e-232	1	1	better
mealpy	OriginalAO	10	1000	277	923	1200	1	1	8.4014e-82	2.25998e-79	worse
mealpy	BaseGSKA	10	1000	1146	54	1200	1.48466e-267	3.20687e-265	1	1	better
mealpy	BaseLCO	10	1000	1067	133	1200	7.58052e-182	1.0916e-179	1	1	better
mealpy	OriginalSSpiderA	10	1000	489	711	1200	1	1	7.89561e-11	1.9818e-08	worse
mealpy	BaseHS	10	1000	1116	84	1200	4.33323e-231	7.79981e-229	1	1	better
mealpy	AdaptiveEO	10	1000	1157	43	1200	1.18396e-282	2.81782e-280	1	1	better
mealpy	OriginalWCA	10	1000	733	55	788	1.54672e-152	1.96433e-150	1	1	better
mealpy	OriginalMRFO	10	1000	1141	59	1200	4.86568e-261	1.02179e-258	1	1	better
mealpy	OriginalEOA	10	1000	1000	200	1200	1.45191e-128	1.62614e-126	1	1	better
mealpy	OriginalABC	10	1000	1116	84	1200	4.33323e-231	7.79981e-229	1	1	better
mealpy	ModifiedAEO	10	1000	1119	81	1200	1.76729e-234	3.28717e-232	1	1	better
mealpy	OriginalSFO	10	1000	722	478	1200	9.70598e-13	6.89125e-11	1	1	better
mealpy	BaseBBO	10	1000	1082	118	1200	7.99289e-196	1.21492e-193	1	1	better
mealpy	OriginalNMRA	10	1000	1163	37	1200	2.1158e-291	5.24719e-289	1	1	better
mealpy	OriginalACOR	10	1000	1083	117	1200	8.69881e-197	1.33962e-194	1	1	better
mealpy	ImprovedSFO	10	1000	835	365	1200	3.82799e-43	3.13895e-41	1	1	better
mealpy	OriginalCRO	10	1000	1084	116	1200	9.37822e-198	1.45362e-195	1	1	better
mealpy	LevyJA	10	1000	1142	58	1200	2.51136e-262	5.32408e-260	1	1	better
mealpy	OriginalHS	10	1000	1138	62	1200	3.18606e-257	6.59514e-255	1	1	better
mealpy	OriginalCSO	10	1000	508	692	1200	1	1	6.02584e-08	1.49441e-05	worse
mealpy	OriginalCOA	10	1000	1099	101	1200	8.86823e-213	1.46326e-210	1	1	better
mealpy	LevyQSA	10	1000	1177	23	1200	1.2277e-313	3.37619e-311	1	1	better
mealpy	OppoQSA	10	1000	1169	31	1200	1.39804e-300	3.63491e-298	1	1	better
mealpy	BaseBRO	10	1000	647	553	1200	0.0036174	0.231514	0.996962	1	not shown
mealpy	OriginalSLO	10	1000	948	252	1200	1.58218e-95	1.598e-93	1	1	better
mealpy	OriginalMVO	10	1000	1138	62	1200	3.18606e-257	6.59514e-255	1	1	better
mealpy	CLPSO	10	1000	1164	36	1200	6.71935e-293	1.67984e-290	1	1	better
mealpy	OriginalNRO	10	1000	1173	27	1200	5.58515e-307	1.48565e-304	1	1	better
mealpy	BaseSCA	10	1000	1065	135	1200	4.7778e-180	6.7367e-178	1	1	better
mealpy	BaseGCO	10	1000	1097	103	1200	1.02082e-210	1.64353e-208	1	1	better
mealpy	OriginalArchOA	10	1000	1064	136	1200	3.74597e-179	5.24436e-177	1	1	better
mealpy	SwarmHC	10	1000	1068	132	1200	9.42885e-183	1.36718e-180	1	1	better
mealpy	ImprovedTLO	10	1000	900	300	1200	2.67256e-70	2.35185e-68	1	1	better
mealpy	OriginalMSA	10	1000	1181	19	1200	1.34336e-320	3.84202e-318	1	1	better
mealpy	WOA	10	1000	1073	127	1200	2.46901e-187	3.62944e-185	1	1	better
mealpy	OriginalIWO	10	1000	1122	78	1200	6.40261e-238	1.2165e-235	1	1	better
mealpy	BaseGA	10	1000	1115	85	1200	5.6952e-230	1.01374e-227	1	1	better
mealpy	ModifiedEO	10	1000	1178	22	1200	2.39493e-315	6.68187e-313	1	1	better
mealpy	ImprovedNMRA	10	1000	1066	134	1200	6.04339e-181	8.58162e-179	1	1	better
mealpy	BaseCHIO	10	1000	300	900	1200	1	1	2.67256e-70	7.02884e-68	worse
mealpy	OriginalHHO	10	1000	992	208	1200	4.67395e-123	5.14135e-121	1	1	better
mealpy	OriginalGWO	10	1000	1114	86	1200	7.3916e-229	1.30831e-226	1	1	better
mealpy	ImprovedQSA	10	1000	1168	32	1200	5.11183e-299	1.31885e-296	1	1	better
mealpy	OriginalFBIO	10	1000	1179	21	1200	4.465e-317	1.25913e-314	1	1	better
mealpy	OriginalBeesA	10	1000	910	290	1200	3.58146e-75	3.29495e-73	1	1	better
mealpy	BaseEFO	10	1000	1167	33	1200	1.81091e-297	4.63594e-295	1	1	better
mealpy	OriginalSA	10	1000	1150	50	1200	6.45201e-273	1.4517e-270	1	1	better
mealpy	OriginalHC	10	1000	178	1022	1200	1	1	1.38412e-144	3.91706e-142	worse
mealpy	OriginalSHO	10	1000	774	426	1200	3.11182e-24	2.42722e-22	1	1	better
mealpy	JADE	10	1000	1161	39	1200	1.9329e-288	4.77426e-286	1	1	better
mealpy	OriginalCA	10	1000	878	322	1200	2.99193e-60	2.51322e-58	1	1	better
mealpy	EnhancedTWO	10	1000	1131	69	1200	1.43156e-248	2.84881e-246	1	1	better
mealpy	BaseSSA	10	1000	1015	185	1200	2.41176e-139	2.84588e-137	1	1	better
mealpy	OriginalAOA	10	1000	190	1010	1200	1	1	1.10347e-135	3.10074e-133	worse
mealpy	OriginalQSA	10	1000	1171	29	1200	9.47285e-304	2.49136e-301	1	1	better
mealpy	OriginalGOA	10	1000	1151	49	1200	2.80013e-274	6.3283e-272	1	1	better
mealpy	EnhancedAEO	10	1000	1112	88	1200	1.19957e-226	2.08726e-224	1	1	better
mealpy	OriginalGSKA	10	1000	1140	60	1200	9.26188e-260	1.92647e-257	1	1	better
mealpy	PPSO	10	1000	1083	117	1200	8.69881e-197	1.33962e-194	1	1	better
mealpy	OriginalCGO	10	1000	1118	82	1200	2.4142e-233	4.41799e-231	1	1	better
mealpy	OriginalHGSO	10	1000	764	436	1200	1.05919e-21	8.04984e-20	1	1	better
mealpy	OriginalSBO	10	1000	1123	77	1200	4.44251e-239	8.4852e-237	1	1	better
mealpy	OppoTWO	10	1000	1009	191	1200	5.84353e-135	6.83693e-133	1	1	better
mealpy	OriginalASO	10	1000	106	1094	1200	1	1	1.1649e-207	3.34327e-205	worse
mealpy	ModifiedSLO	10	1000	1023	177	1200	2.40501e-145	2.91006e-143	1	1	better
mealpy	BaseVCS	10	1000	1168	32	1200	5.11183e-299	1.31885e-296	1	1	better
mealpy	LSHADE	10	1000	1170	30	1200	3.70089e-302	9.69632e-300	1	1	better
mealpy	OriginalEFO	10	1000	888	312	1200	1.04912e-64	8.91753e-63	1	1	better
mealpy	OriginalJA	10	1000	649	551	1200	0.00254342	0.165323	0.997877	1	not shown
mealpy	OriginalGCO	10	1000	1044	156	1200	5.43514e-162	7.06568e-160	1	1	better
mealpy	OriginalPSS	10	1000	1153	47	1200	4.94899e-277	1.14322e-274	1	1	better
mealpy	OriginalEHO	10	1000	907	293	1200	1.08737e-73	9.89508e-72	1	1	better
mealpy	OriginalSSA	10	1000	946	254	1200	2.21838e-94	2.21838e-92	1	1	better
mealpy	OriginalSCA	10	1000	1048	152	1200	2.5686e-165	3.36486e-163	1	1	better
mealpy	OriginalBES	10	1000	994	206	1200	2.0326e-124	2.25619e-122	1	1	better
mealpy	BaseSBO	10	1000	1104	96	1200	5.15861e-218	8.82122e-216	1	1	better
mealpy	BaseJA	10	1000	1099	101	1200	8.86823e-213	1.46326e-210	1	1	better
mealpy	OriginalSARO	10	1000	1179	21	1200	4.465e-317	1.25913e-314	1	1	better
mealpy	OriginalSRSR	10	1000	1165	35	1200	2.07448e-294	5.24842e-292	1	1	better
mealpy	OriginalTWO	10	1000	1155	45	1200	8.01255e-280	1.86693e-277	1	1	better
mealpy	OriginalWDO	10	1000	493	707	1200	1	1	3.53132e-10	8.8283e-08	worse
mealpy	AugmentedAEO	10	1000	1103	97	1200	5.87757e-217	9.87432e-215	1	1	better
mealpy	OriginalWOA	10	1000	1064	136	1200	3.74597e-179	5.24436e-177	1	1	better
mealpy	SADE	10	1000	1160	40	1200	5.61541e-287	1.37578e-284	1	1	better
mealpy	OriginalBRO	10	1000	255	945	1200	1	1	8.24481e-94	2.24259e-91	worse
mealpy	OriginalSSpiderO	10	1000	444	756	1200	1	1	8.68881e-20	2.20696e-17	worse
mealpy	ProbBeesA	10	1000	416	784	1200	1	1	6.37434e-27	1.62546e-24	worse
mealpy	OriginalFA	10	1000	895	305	1200	6.1796e-68	5.37625e-66	1	1	better
mealpy	OriginalCSA	10	1000	308	892	1200	1	1	1.53645e-66	3.99478e-64	worse
mealpy	OriginalALO	10	1000	1056	144	1200	3.98984e-172	5.34638e-170	1	1	better
mealpy	OriginalDO	10	1000	484	716	1200	1	1	1.12505e-11	2.83512e-09	worse
mealpy	OriginalCHIO	10	1000	583	617	1200	0.84384	1	0.170391	1	not shown
mealpy	OriginalBSA	10	1000	1125	75	1200	2.05178e-241	3.95994e-239	1	1	better
mealpy	LevyEP	10	1000	1152	48	1200	1.18991e-275	2.71299e-273	1	1	better
mealpy	OriginalICA	10	1000	695	20	715	2.2894e-177	3.15937e-175	1	1	better
mealpy	ImprovedLCO	10	1000	1024	176	1200	4.15137e-146	5.10618e-144	1	1	better
mealpy	OriginalMFO	10	1000	195	1005	1200	1	1	4.32009e-132	1.20962e-129	worse
mealpy	ImprovedAEO	10	1000	1078	122	1200	5.19199e-192	7.73606e-190	1	1	better
mealpy	OriginalVCS	10	1000	912	288	1200	3.59763e-76	3.3458e-74	1	1	better
mealpy	AdaptiveBA	10	1000	98	1102	1200	1	1	6.62242e-216	1.91388e-213	worse
mealpy	MultiGA	10	1000	1087	113	1200	1.10972e-200	1.73116e-198	1	1	better
mealpy	OriginalES	10	1000	1135	65	1200	1.79217e-253	3.65603e-251	1	1	better
mealpy	LevyES	10	1000	1181	19	1200	1.34336e-320	3.84202e-318	1	1	better
mealpy	OriginalEP	10	1000	412	788	1200	1	1	4.83877e-28	1.23873e-25	worse
mealpy	BaseSMA	10	1000	1114	86	1200	7.3916e-229	1.30831e-226	1	1	better
mealpy	OriginalPSO	10	1000	180	1020	1200	1	1	4.49503e-143	1.2676e-140	worse
mealpy	FBUDGETSHADE	10	1000	1176	24	1200	6.02618e-312	1.65117e-309	1	1	better
mealpy	OriginalFOA	10	1000	239	961	1200	1	1	3.39467e-103	9.30141e-101	worse
mealpy	BaseQSA	10	1000	1176	24	1200	6.02618e-312	1.65117e-309	1	1	better
mealpy	BaseMFO	10	1000	1117	83	1200	3.25527e-232	5.92459e-230	1	1	better
mealpy	BaseDE	10	1000	1147	53	1200	6.98302e-269	1.51532e-266	1	1	better
mealpy	WhaleFOA	10	1000	271	929	1200	1	1	5.61488e-85	1.51602e-82	worse
Baselines	DE	10	1000	1134	66	1200	3.08504e-252	2.15953e-251	1	1	better
Baselines	RCobyla	10	1000	1054	146	1200	2.10491e-170	1.05245e-169	1	1	better
Baselines	PSO	10	1000	74	1123	1200	1	1	9.02373e-242	9.9261e-241	worse
Baselines	DiagonalCMA	10	1000	1161	39	1200	1.9329e-288	1.73961e-287	1	1	better
Baselines	modcma	10	1000	1179	21	1200	4.465e-317	4.9115e-316	1	1	better
Baselines	modde	10	1000	1117	83	1200	3.25527e-232	1.95316e-231	1	1	better
Baselines	OnePlusOne	10	1000	978	222	1200	8.37928e-114	2.51378e-113	1	1	better
Baselines	Powell	10	1000	1004	196	1200	2.21841e-131	8.87362e-131	1	1	better
Baselines	MultiBFGS	10	1000	974	226	1200	3.0191e-111	6.0382e-111	1	1	better
Baselines	lshade	10	1000	1149	51	1200	1.45624e-271	1.165e-270	1	1	better
Baselines	bipop	10	1000	1174	26	1200	1.28335e-308	1.28335e-307	1	1	better
EVOLOPY	DE	10	5000	1118	82	1200	2.4142e-233	4.41799e-231	1	1	better
EVOLOPY	JAYA	10	5000	1027	173	1200	2.05147e-148	2.64639e-146	1	1	better
EVOLOPY	PSO	10	5000	1077	123	1200	4.55567e-191	6.92462e-189	1	1	better
EVOLOPY	WOA	10	5000	995	205	1200	4.2018e-125	5.12619e-123	1	1	better
EVOLOPY	FFA	10	5000	1159	41	1200	1.59022e-285	3.73701e-283	1	1	better
EVOLOPY	BAT	10	5000	582	618	1200	0.857264	1	0.15616	1	not shown
EVOLOPY	MVO	10	5000	1180	20	1200	7.93924e-319	2.15153e-316	1	1	better
EVOLOPY	HHO	10	5000	970	230	1200	9.97194e-109	1.1368e-106	1	1	better
EVOLOPY	SCA	10	5000	1066	134	1200	6.04339e-181	8.82336e-179	1	1	better
EVOLOPY	GA	10	5000	880	53	933	1.92713e-194	2.96778e-192	1	1	better
EVOLOPY	MFO	10	5000	1072	128	1200	2.07217e-186	3.08753e-184	1	1	better
EVOLOPY	CS	10	5000	1184	16	1200	0	0	1	1	better
EVOLOPY	GWO	10	5000	1117	83	1200	3.25527e-232	5.89203e-230	1	1	better
EVOLOPY	SSA	10	5000	1196	4	1200	0	0	1	1	better
NIAPY	DynamicFireworksAlgorithm	10	5000	1176	24	1200	6.02618e-312	1.59091e-309	1	1	better
NIAPY	HarmonySearch	10	5000	1135	65	1200	1.79217e-253	3.5485e-251	1	1	better
NIAPY	EvolutionStrategyMp1	10	5000	1160	40	1200	5.61541e-287	1.3477e-284	1	1	better
NIAPY	MonarchButterflyOptimization	10	5000	475	725	1200	1	1	2.72251e-13	6.67015e-11	worse
NIAPY	CenterParticleSwarmOptimization	10	5000	1133	67	1200	5.22672e-251	1.00876e-248	1	1	better
NIAPY	DynNpDifferentialEvolution	10	5000	902	298	1200	2.93685e-71	2.93685e-69	1	1	better
NIAPY	CamelAlgorithm	10	5000	1047	153	1200	1.76165e-164	2.41346e-162	1	1	better
NIAPY	BatAlgorithm	10	5000	822	378	1200	1.3336e-38	1.16023e-36	1	1	better
NIAPY	GlowwormSwarmOptimization	10	5000	213	987	1200	1	1	1.07117e-119	2.88146e-117	worse
NIAPY	BareBonesFireworksAlgorithm	10	5000	950	250	1200	1.10605e-96	1.17241e-94	1	1	better
NIAPY	CuckooSearch	10	5000	1198	2	1200	0	0	1	1	better
NIAPY	GeneticAlgorithm	10	5000	599	601	1200	0.534504	1	0.488486	1	not shown
NIAPY	ParticleSwarmAlgorithm	10	5000	1178	22	1200	2.39493e-315	6.41843e-313	1	1	better
NIAPY	MonkeyKingEvolutionV3	10	5000	835	365	1200	3.82799e-43	3.40691e-41	1	1	better
NIAPY	MonkeyKingEvolutionV2	10	5000	1149	51	1200	1.45624e-271	3.18917e-269	1	1	better
NIAPY	SineCosineAlgorithm	10	5000	0	1200	1200	1	1	0	0	worse
NIAPY	EvolutionStrategy1p1	10	5000	923	277	1200	8.4014e-82	8.56943e-80	1	1	better
NIAPY	HarrisHawksOptimization	10	5000	1161	39	1200	1.9329e-288	4.69695e-286	1	1	better
NIAPY	ParticleSwarmOptimization	10	5000	581	619	1200	0.869886	1	0.142736	1	not shown
NIAPY	ForestOptimizationAlgorithm	10	5000	1157	43	1200	1.18396e-282	2.73494e-280	1	1	better
NIAPY	EnhancedFireworksAlgorithm	10	5000	1173	27	1200	5.58515e-307	1.45214e-304	1	1	better
NIAPY	MultiStrategyDifferentialEvolution	10	5000	1134	66	1200	3.08504e-252	6.04668e-250	1	1	better
NIAPY	MutatedParticleSwarmOptimization	10	5000	1151	49	1200	2.80013e-274	6.2443e-272	1	1	better
NIAPY	ComprehensiveLearningParticleSwarmOptimizer	10	5000	1187	13	1200	0	0	1	1	better
NIAPY	KrillHerd	10	5000	119	1081	1200	1	1	7.27584e-195	2.06634e-192	worse
NIAPY	FishSchoolSearch	10	5000	1084	116	1200	9.37822e-198	1.47238e-195	1	1	better
NIAPY	MutatedCenterUnifiedParticleSwarmOptimization	10	5000	1167	33	1200	1.81091e-297	4.50918e-295	1	1	better
NIAPY	MutatedCenterParticleSwarmOptimization	10	5000	1156	44	1200	3.11617e-281	7.16718e-279	1	1	better
NIAPY	GlowwormSwarmOptimizationV2	10	5000	206	994	1200	1	1	2.0326e-124	5.52868e-122	worse
NIAPY	CatSwarmOptimization	10	5000	1139	61	1200	1.7326e-258	3.56915e-256	1	1	better
NIAPY	DifferentialEvolution	10	5000	1144	56	1200	6.33725e-265	1.33716e-262	1	1	better
NIAPY	FireworksAlgorithm	10	5000	1169	31	1200	1.39804e-300	3.53705e-298	1	1	better
NIAPY	MothFlameOptimizer	10	5000	168	1032	1200	1	1	2.56951e-152	7.19464e-150	worse
NIAPY	DynNpMultiStrategyDifferentialEvolution	10	5000	1098	102	1200	9.56554e-212	1.63571e-209	1	1	better
NIAPY	EvolutionStrategyML	10	5000	1098	102	1200	9.56554e-212	1.63571e-209	1	1	better
NIAPY	GreyWolfOptimizer	10	5000	1155	45	1200	8.01255e-280	1.83487e-277	1	1	better
NIAPY	HarmonySearchV1	10	5000	1126	74	1200	1.36526e-242	2.56669e-240	1	1	better
NIAPY	BeesAlgorithm	10	5000	1031	169	1200	1.57118e-151	2.05825e-149	1	1	better
NIAPY	GlowwormSwarmOptimizationV1	10	5000	198	1002	1200	1	1	5.74418e-130	1.57391e-127	worse
NIAPY	GlowwormSwarmOptimizationV3	10	5000	205	995	1200	1	1	4.2018e-125	1.14709e-122	worse
NIAPY	LionOptimizationAlgorithm	10	5000	1149	51	1200	1.45624e-271	3.18917e-269	1	1	better
NIAPY	ArtificialBeeColonyAlgorithm	10	5000	1184	16	1200	0	0	1	1	better
NIAPY	AgingNpDifferentialEvolution	10	5000	837	363	1200	7.22475e-44	6.50227e-42	1	1	better
NIAPY	OppositionVelocityClampingParticleSwarmOptimization	10	5000	453	747	1200	1	1	9.43616e-18	2.33073e-15	worse
NIAPY	CoralReefsOptimization	10	5000	178	1022	1200	1	1	1.38412e-144	3.82017e-142	worse
NIAPY	BacterialForagingOptimization	10	5000	1086	114	1200	1.05932e-199	1.70551e-197	1	1	better
NIAPY	DynamicFireworksAlgorithmGauss	10	5000	1174	26	1200	1.28335e-308	3.34954e-306	1	1	better
NIAPY	ClonalSelectionAlgorithm	10	5000	114	1086	1200	1	1	1.05932e-199	3.02967e-197	worse
NIAPY	GravitationalSearchAlgorithm	10	5000	210	990	1200	1	1	1.05013e-121	2.83535e-119	worse
NIAPY	MonkeyKingEvolutionV1	10	5000	1129	71	1200	3.68862e-246	7.00837e-244	1	1	better
NIAPY	EvolutionStrategyMpL	10	5000	1166	34	1200	6.22133e-296	1.53667e-293	1	1	better
NIAPY	FireflyAlgorithm	10	5000	1163	37	1200	2.1158e-291	5.16256e-289	1	1	better
NIAPY	FlowerPollinationAlgorithm	10	5000	1185	15	1200	0	0	1	1	better
OPYTIMIZER	SA	10	5000	1066	134	1200	6.04339e-181	8.82336e-179	1	1	better
OPYTIMIZER	GOGHS	10	5000	1034	166	1200	6.73123e-154	8.88523e-152	1	1	better
OPYTIMIZER	QSA	10	5000	1192	8	1200	0	0	1	1	better
OPYTIMIZER	SGHS	10	5000	1021	179	1200	7.91361e-144	9.89201e-142	1	1	better
OPYTIMIZER	DE	10	5000	1147	53	1200	6.98302e-269	1.49437e-266	1	1	better
OPYTIMIZER	RFO	10	5000	1152	48	1200	1.18991e-275	2.67729e-273	1	1	better
OPYTIMIZER	PPA	10	5000	1087	113	1200	1.10972e-200	1.80884e-198	1	1	better
OPYTIMIZER	EHO	10	5000	1100	100	1200	8.13378e-214	1.40714e-211	1	1	better
OPYTIMIZER	AEO	10	5000	1175	25	1200	2.83723e-310	7.43354e-308	1	1	better
OPYTIMIZER	ABO	10	5000	1180	20	1200	7.93924e-319	2.15153e-316	1	1	better
OPYTIMIZER	GHS	10	5000	987	213	1200	1.07117e-119	1.26399e-117	1	1	better
OPYTIMIZER	PVS	10	5000	594	606	1200	0.646265	1	0.375423	1	not shown
OPYTIMIZER	BWO	10	5000	967	233	1200	7.30255e-107	8.17885e-105	1	1	better
OPYTIMIZER	PSO	10	5000	1134	66	1200	3.08504e-252	6.04668e-250	1	1	better
OPYTIMIZER	BSO	10	5000	929	271	1200	5.61488e-85	5.78333e-83	1	1	better
OPYTIMIZER	CSA	10	5000	768	432	1200	1.07367e-22	8.80406e-21	1	1	better
OPYTIMIZER	SSO	10	5000	776	424	1200	9.28723e-25	7.7084e-23	1	1	better
OPYTIMIZER	WOA	10	5000	1086	114	1200	1.05932e-199	1.70551e-197	1	1	better
OPYTIMIZER	BA	10	5000	754	446	1200	2.5239e-19	2.04436e-17	1	1	better
OPYTIMIZER	HS	10	5000	1035	165	1200	1.07816e-154	1.43396e-152	1	1	better
OPYTIMIZER	JS	10	5000	840	360	1200	5.75169e-45	5.23404e-43	1	1	better
OPYTIMIZER	SOS	10	5000	1194	6	1200	0	0	1	1	better
OPYTIMIZER	GS	10	5000	1	1199	1200	1	1	0	0	worse
OPYTIMIZER	EFO	10	5000	1079	121	1200	5.86366e-193	8.97139e-191	1	1	better
OPYTIMIZER	GSA	10	5000	169	1031	1200	1	1	1.57118e-151	4.3836e-149	worse
OPYTIMIZER	ESA	10	5000	444	756	1200	1	1	8.68881e-20	2.15482e-17	worse
OPYTIMIZER	BOA	10	5000	34	523	557	1	1	6.27796e-114	1.67622e-111	worse
OPYTIMIZER	HC	10	5000	186	1014	1200	1	1	1.31797e-138	3.62441e-136	worse
OPYTIMIZER	ABC	10	5000	862	308	1170	2.0205e-61	1.91948e-59	1	1	better
OPYTIMIZER	RRA	10	5000	1027	173	1200	2.05147e-148	2.64639e-146	1	1	better
OPYTIMIZER	NDS	10	5000	1	1199	1200	1	1	0	0	worse
OPYTIMIZER	NBJS	10	5000	823	377	1200	6.10537e-39	5.37273e-37	1	1	better
OPYTIMIZER	SSD	10	5000	223	977	1200	1	1	3.68081e-113	9.79096e-111	worse
OPYTIMIZER	CEM	10	5000	425	775	1200	1	1	1.70308e-24	4.27472e-22	worse
OPYTIMIZER	AOA	10	5000	545	655	1200	0.999328	1	0.000820527	0.196106	not shown
OPYTIMIZER	MRFO	10	5000	1189	11	1200	0	0	1	1	better
OPYTIMIZER	ASO	10	5000	65	1135	1200	1	1	1.79217e-253	5.1973e-251	worse
OPYTIMIZER	SFO	10	5000	408	792	1200	1	1	3.46381e-29	8.72881e-27	worse
OPYTIMIZER	IHS	10	5000	960	240	1200	1.36163e-102	1.47056e-100	1	1	better
OPYTIMIZER	COA	10	5000	1179	21	1200	4.465e-317	1.20108e-314	1	1	better
OPYTIMIZER	GOA	10	5000	1132	68	1200	8.71728e-250	1.665e-247	1	1	better
OPYTIMIZER	STOA	10	5000	119	1081	1200	1	1	7.27584e-195	2.06634e-192	worse
OPYTIMIZER	MVPA	10	5000	729	471	1200	4.76478e-14	3.66888e-12	1	1	better
OPYTIMIZER	ES	10	5000	1075	125	1200	3.414e-189	5.15514e-187	1	1	better
OPYTIMIZER	AIWPSO	10	5000	1049	151	1200	3.71717e-166	5.16686e-164	1	1	better
OPYTIMIZER	ISA	10	5000	174	1026	1200	1	1	1.21249e-147	3.3586e-145	worse
OPYTIMIZER	EO	10	5000	1183	17	1200	0	0	1	1	better
OPYTIMIZER	AF	10	5000	13	1023	1036	1	1	3.24365e-283	9.47146e-281	worse
OPYTIMIZER	DOA	10	5000	1183	17	1200	0	0	1	1	better
OPYTIMIZER	PIO	10	5000	521	679	1200	0.999998	1	2.83429e-06	0.000683064	worse
OPYTIMIZER	HHO	10	5000	1151	49	1200	2.80013e-274	6.2443e-272	1	1	better
OPYTIMIZER	BSA	10	5000	1135	65	1200	1.79217e-253	3.5485e-251	1	1	better
OPYTIMIZER	TEO	10	5000	588	585	1173	0.476718	1	0.546484	1	not shown
OPYTIMIZER	FA	10	5000	114	1086	1200	1	1	1.05932e-199	3.02967e-197	worse
OPYTIMIZER	WWO	10	5000	1169	31	1200	1.39804e-300	3.53705e-298	1	1	better
OPYTIMIZER	IWO	10	5000	983	217	1200	4.71472e-117	5.46908e-115	1	1	better
OPYTIMIZER	KH	10	5000	1114	86	1200	7.3916e-229	1.33049e-226	1	1	better
OPYTIMIZER	FOA	10	5000	1152	48	1200	1.18991e-275	2.67729e-273	1	1	better
OPYTIMIZER	RPSO	10	5000	1159	41	1200	1.59022e-285	3.73701e-283	1	1	better
OPYTIMIZER	SCA	10	5000	432	768	1200	1	1	1.07367e-22	2.68417e-20	worse
OPYTIMIZER	OSA	10	5000	436	764	1200	1	1	1.05919e-21	2.63738e-19	worse
OPYTIMIZER	WDO	10	5000	217	983	1200	1	1	4.71472e-117	1.26355e-114	worse
OPYTIMIZER	LSA	10	5000	1160	40	1200	5.61541e-287	1.3477e-284	1	1	better
OPYTIMIZER	VPSO	10	5000	1146	54	1200	1.48466e-267	3.16233e-265	1	1	better
OPYTIMIZER	SBO	10	5000	1056	144	1200	3.98984e-172	5.66557e-170	1	1	better
OPYTIMIZER	GA	10	5000	1185	15	1200	0	0	1	1	better
OPYTIMIZER	MFO	10	5000	817	383	1200	6.26076e-37	5.38425e-35	1	1	better
OPYTIMIZER	CS	10	5000	1196	4	1200	0	0	1	1	better
OPYTIMIZER	FSO	10	5000	499	701	1200	1	1	3.0196e-09	7.33763e-07	worse
OPYTIMIZER	NGHS	10	5000	795	405	1200	4.6118e-30	3.87391e-28	1	1	better
OPYTIMIZER	GCO	10	5000	1137	63	1200	5.76077e-256	1.15215e-253	1	1	better
OPYTIMIZER	TWO	10	5000	1096	104	1200	1.07796e-209	1.80019e-207	1	1	better
OPYTIMIZER	WEO	10	5000	1186	14	1200	0	0	1	1	better
OPYTIMIZER	GWO	10	5000	977	223	1200	3.68081e-113	4.23293e-111	1	1	better
OPYTIMIZER	SAVPSO	10	5000	1161	39	1200	1.9329e-288	4.69695e-286	1	1	better
OPYTIMIZER	FFOA	10	5000	209	991	1200	1	1	2.22187e-122	6.02126e-120	worse
OPYTIMIZER	AIG	10	5000	1191	9	1200	0	0	1	1	better
OPYTIMIZER	BH	10	5000	895	305	1200	6.1796e-68	5.99421e-66	1	1	better
OPYTIMIZER	CI	10	5000	368	269	637	5.00986e-05	0.0036572	0.999964	1	better
OPYTIMIZER	SSA	10	5000	1193	7	1200	0	0	1	1	better
OPYTIMIZER	AO	10	5000	399	801	1200	1	1	7.39716e-32	1.87888e-29	worse
OPYTIMIZER	MVO	10	5000	289	13	302	2.75959e-69	2.73199e-67	1	1	better
mealpy	LevyTWO	10	5000	1139	61	1200	1.7326e-258	3.56915e-256	1	1	better
mealpy	OriginalTLO	10	5000	1153	47	1200	4.94899e-277	1.11847e-274	1	1	better
mealpy	GWO	10	5000	930	270	1200	1.63298e-85	1.6983e-83	1	1	better
mealpy	OriginalBBO	10	5000	1087	113	1200	1.10972e-200	1.80884e-198	1	1	better
mealpy	ABFO	10	5000	547	638	1185	0.996249	1	0.00445428	1	not shown
mealpy	OriginalWHO	10	5000	1149	51	1200	1.45624e-271	3.18917e-269	1	1	better
mealpy	OriginalFFA	10	5000	579	621	1200	0.892762	1	0.118286	1	not shown
mealpy	BaseSARO	10	5000	1168	32	1200	5.11183e-299	1.27796e-296	1	1	better
mealpy	OriginalSMA	10	5000	1085	115	1200	1.00151e-198	1.58238e-196	1	1	better
mealpy	SingleGA	10	5000	919	281	1200	1.00074e-79	1.01075e-77	1	1	better
mealpy	OriginalSSDO	10	5000	551	649	1200	0.997877	1	0.00254342	0.605335	not shown
mealpy	OriginalFPA	10	5000	1184	16	1200	0	0	1	1	better
mealpy	OriginalSSO	10	5000	543	657	1200	0.999553	1	0.00054883	0.131719	not shown
mealpy	OriginalMA	10	5000	704	496	1200	1.04834e-09	7.75768e-08	1	1	better
mealpy	OriginalCEM	10	5000	966	234	1200	3.02285e-106	3.32514e-104	1	1	better
mealpy	OCRO	10	5000	1129	71	1200	3.68862e-246	7.00837e-244	1	1	better
mealpy	OriginalBA	10	5000	7	1193	1200	1	1	0	0	worse
mealpy	OriginalAEO	10	5000	1086	114	1200	1.05932e-199	1.70551e-197	1	1	better
mealpy	OriginalBSO	10	5000	1141	59	1200	4.86568e-261	1.00719e-258	1	1	better
mealpy	OriginalBFO	10	5000	70	1130	1200	1	1	2.31531e-247	6.69124e-245	worse
mealpy	ImprovedSLO	10	5000	987	213	1200	1.07117e-119	1.26399e-117	1	1	better
mealpy	OriginalLCO	10	5000	854	346	1200	2.66508e-50	2.45187e-48	1	1	better
mealpy	OriginalHGS	10	5000	967	233	1200	7.30255e-107	8.17885e-105	1	1	better
mealpy	BaseALO	10	5000	1069	131	1200	1.16288e-183	1.70944e-181	1	1	better
mealpy	CPSO	10	5000	560	640	1200	0.990332	1	0.0112683	1	not shown
mealpy	OriginalEO	10	5000	1160	40	1200	5.61541e-287	1.3477e-284	1	1	better
mealpy	DE	10	5000	285	915	1200	1	1	1.1069e-77	2.86687e-75	worse
mealpy	ModifiedBA	10	5000	1039	161	1200	6.61411e-158	8.92905e-156	1	1	better
mealpy	BaseTLO	10	5000	1154	46	1200	2.01373e-278	4.57117e-276	1	1	better
mealpy	OriginalPFA	10	5000	384	816	1200	1	1	1.33651e-36	3.42146e-34	worse
mealpy	BaseFOA	10	5000	258	942	1200	1	1	4.10868e-92	1.07647e-89	worse
mealpy	OriginalGBO	10	5000	1167	33	1200	1.81091e-297	4.50918e-295	1	1	better
mealpy	TVAC	10	5000	1176	24	1200	6.02618e-312	1.59091e-309	1	1	better
mealpy	BaseFBIO	10	5000	1188	12	1200	0	0	1	1	better
mealpy	ImprovedBSO	10	5000	1112	88	1200	1.19957e-226	2.14724e-224	1	1	better
mealpy	OriginalAO	10	5000	261	939	1200	1	1	1.95877e-90	5.09281e-88	worse
mealpy	BaseGSKA	10	5000	1160	40	1200	5.61541e-287	1.3477e-284	1	1	better
mealpy	BaseLCO	10	5000	966	234	1200	3.02285e-106	3.32514e-104	1	1	better
mealpy	OriginalSSpiderA	10	5000	399	801	1200	1	1	7.39716e-32	1.87888e-29	worse
mealpy	BaseHS	10	5000	1093	107	1200	1.19235e-206	1.96738e-204	1	1	better
mealpy	AdaptiveEO	10	5000	1161	39	1200	1.9329e-288	4.69695e-286	1	1	better
mealpy	OriginalWCA	10	5000	726	62	788	6.9714e-145	8.78396e-143	1	1	better
mealpy	OriginalMRFO	10	5000	1123	77	1200	4.44251e-239	8.21865e-237	1	1	better
mealpy	OriginalEOA	10	5000	1031	169	1200	1.57118e-151	2.05825e-149	1	1	better
mealpy	OriginalABC	10	5000	1118	82	1200	2.4142e-233	4.41799e-231	1	1	better
mealpy	ModifiedAEO	10	5000	1098	102	1200	9.56554e-212	1.63571e-209	1	1	better
mealpy	OriginalSFO	10	5000	489	711	1200	1	1	7.89561e-11	1.92653e-08	worse
mealpy	BaseBBO	10	5000	1072	128	1200	2.07217e-186	3.08753e-184	1	1	better
mealpy	OriginalNMRA	10	5000	1173	27	1200	5.58515e-307	1.45214e-304	1	1	better
mealpy	OriginalACOR	10	5000	1098	102	1200	9.56554e-212	1.63571e-209	1	1	better
mealpy	ImprovedSFO	10	5000	591	609	1200	0.708311	1	0.311812	1	not shown
mealpy	OriginalCRO	10	5000	1101	99	1200	7.37961e-215	1.28405e-212	1	1	better
mealpy	LevyJA	10	5000	1139	61	1200	1.7326e-258	3.56915e-256	1	1	better
mealpy	OriginalHS	10	5000	1133	67	1200	5.22672e-251	1.00876e-248	1	1	better
mealpy	OriginalCSO	10	5000	514	686	1200	1	1	3.81865e-07	9.24113e-05	worse
mealpy	OriginalCOA	10	5000	1145	55	1200	3.09647e-266	6.56451e-264	1	1	better
mealpy	LevyQSA	10	5000	1191	9	1200	0	0	1	1	better
mealpy	OppoQSA	10	5000	1173	27	1200	5.58515e-307	1.45214e-304	1	1	better
mealpy	BaseBRO	10	5000	552	648	1200	0.997457	1	0.00303794	0.719991	not shown
mealpy	OriginalSLO	10	5000	857	343	1200	1.73062e-51	1.60948e-49	1	1	better
mealpy	OriginalMVO	10	5000	1155	45	1200	8.01255e-280	1.83487e-277	1	1	better
mealpy	CLPSO	10	5000	1169	31	1200	1.39804e-300	3.53705e-298	1	1	better
mealpy	OriginalNRO	10	5000	1178	22	1200	2.39493e-315	6.41843e-313	1	1	better
mealpy	BaseSCA	10	5000	1099	101	1200	8.86823e-213	1.52534e-210	1	1	better
mealpy	BaseGCO	10	5000	1102	98	1200	6.62242e-216	1.15892e-213	1	1	better
mealpy	OriginalArchOA	10	5000	997	203	1200	1.76421e-126	2.16997e-124	1	1	better
mealpy	SwarmHC	10	5000	1160	40	1200	5.61541e-287	1.3477e-284	1	1	better
mealpy	ImprovedTLO	10	5000	748	452	1200	5.68454e-18	4.54763e-16	1	1	better
mealpy	OriginalMSA	10	5000	1178	22	1200	2.39493e-315	6.41843e-313	1	1	better
mealpy	WOA	10	5000	1048	152	1200	2.5686e-165	3.54467e-163	1	1	better
mealpy	OriginalIWO	10	5000	1124	76	1200	3.04026e-240	5.65489e-238	1	1	better
mealpy	BaseGA	10	5000	1112	88	1200	1.19957e-226	2.14724e-224	1	1	better
mealpy	ModifiedEO	10	5000	1171	29	1200	9.47285e-304	2.41558e-301	1	1	better
mealpy	ImprovedNMRA	10	5000	1050	150	1200	5.33887e-167	7.47441e-165	1	1	better
mealpy	BaseCHIO	10	5000	258	942	1200	1	1	4.10868e-92	1.07647e-89	worse
mealpy	OriginalHHO	10	5000	994	206	1200	2.0326e-124	2.45945e-122	1	1	better
mealpy	OriginalGWO	10	5000	1064	136	1200	3.74597e-179	5.3942e-177	1	1	better
mealpy	ImprovedQSA	10	5000	1192	8	1200	0	0	1	1	better
mealpy	OriginalFBIO	10	5000	1188	12	1200	0	0	1	1	better
mealpy	OriginalBeesA	10	5000	1144	56	1200	6.33725e-265	1.33716e-262	1	1	better
mealpy	BaseEFO	10	5000	1159	41	1200	1.59022e-285	3.73701e-283	1	1	better
mealpy	OriginalSA	10	5000	1137	63	1200	5.76077e-256	1.15215e-253	1	1	better
mealpy	OriginalHC	10	5000	163	1037	1200	1	1	2.70847e-156	7.6108e-154	worse
mealpy	OriginalSHO	10	5000	744	456	1200	4.22646e-17	3.3389e-15	1	1	better
mealpy	JADE	10	5000	1171	29	1200	9.47285e-304	2.41558e-301	1	1	better
mealpy	OriginalCA	10	5000	728	472	1200	7.40476e-14	5.62762e-12	1	1	better
mealpy	EnhancedTWO	10	5000	1139	61	1200	1.7326e-258	3.56915e-256	1	1	better
mealpy	BaseSSA	10	5000	958	242	1200	2.15686e-101	2.30784e-99	1	1	better
mealpy	OriginalAOA	10	5000	121	1079	1200	1	1	5.86366e-193	1.65355e-190	worse
mealpy	OriginalQSA	10	5000	1173	27	1200	5.58515e-307	1.45214e-304	1	1	better
mealpy	OriginalGOA	10	5000	1126	74	1200	1.36526e-242	2.56669e-240	1	1	better
mealpy	EnhancedAEO	10	5000	1074	126	1200	2.91616e-188	4.37423e-186	1	1	better
mealpy	OriginalGSKA	10	5000	1139	61	1200	1.7326e-258	3.56915e-256	1	1	better
mealpy	PPSO	10	5000	993	207	1200	9.77535e-124	1.16327e-121	1	1	better
mealpy	OriginalCGO	10	5000	1037	163	1200	2.70847e-156	3.62935e-154	1	1	better
mealpy	OriginalHGSO	10	5000	744	456	1200	4.22646e-17	3.3389e-15	1	1	better
mealpy	OriginalSBO	10	5000	1096	104	1200	1.07796e-209	1.80019e-207	1	1	better
mealpy	OppoTWO	10	5000	1134	66	1200	3.08504e-252	6.04668e-250	1	1	better
mealpy	OriginalASO	10	5000	93	1107	1200	1	1	3.25833e-221	9.35141e-219	worse
mealpy	ModifiedSLO	10	5000	1003	197	1200	1.13227e-130	1.40401e-128	1	1	better
mealpy	BaseVCS	10	5000	1178	22	1200	2.39493e-315	6.41843e-313	1	1	better
mealpy	LSHADE	10	5000	1184	16	1200	0	0	1	1	better
mealpy	OriginalEFO	10	5000	712	488	1200	5.38373e-11	4.0378e-09	1	1	better
mealpy	OriginalJA	10	5000	471	729	1200	1	1	4.76478e-14	1.17214e-11	worse
mealpy	OriginalGCO	10	5000	1108	92	1200	2.73197e-222	4.80827e-220	1	1	better
mealpy	OriginalPSS	10	5000	1151	49	1200	2.80013e-274	6.2443e-272	1	1	better
mealpy	OriginalEHO	10	5000	939	261	1200	1.95877e-90	2.05671e-88	1	1	better
mealpy	OriginalSSA	10	5000	896	304	1200	2.09882e-68	2.05684e-66	1	1	better
mealpy	OriginalSCA	10	5000	1084	116	1200	9.37822e-198	1.47238e-195	1	1	better
mealpy	OriginalBES	10	5000	873	327	1200	4.30951e-58	4.05094e-56	1	1	better
mealpy	BaseSBO	10	5000	1082	118	1200	7.99289e-196	1.2389e-193	1	1	better
mealpy	BaseJA	10	5000	1119	81	1200	1.76729e-234	3.25182e-232	1	1	better
mealpy	OriginalSARO	10	5000	1173	27	1200	5.58515e-307	1.45214e-304	1	1	better
mealpy	OriginalSRSR	10	5000	1166	34	1200	6.22133e-296	1.53667e-293	1	1	better
mealpy	OriginalTWO	10	5000	1159	41	1200	1.59022e-285	3.73701e-283	1	1	better
mealpy	OriginalWDO	10	5000	342	858	1200	1	1	6.89987e-52	1.77327e-49	worse
mealpy	AugmentedAEO	10	5000	1093	107	1200	1.19235e-206	1.96738e-204	1	1	better
mealpy	OriginalWOA	10	5000	1023	177	1200	2.40501e-145	3.05436e-143	1	1	better
mealpy	SADE	10	5000	1164	36	1200	6.71935e-293	1.64624e-290	1	1	better
mealpy	OriginalBRO	10	5000	255	945	1200	1	1	8.24481e-94	2.16839e-91	worse
mealpy	OriginalSSpiderO	10	5000	559	641	1200	0.99173	1	0.00966784	1	not shown
mealpy	ProbBeesA	10	5000	638	562	1200	0.0151702	1	0.986906	1	not shown
mealpy	OriginalFA	10	5000	1142	58	1200	2.51136e-262	5.22362e-260	1	1	better
mealpy	OriginalCSA	10	5000	393	807	1200	1	1	1.03744e-33	2.64548e-31	worse
mealpy	OriginalALO	10	5000	1056	144	1200	3.98984e-172	5.66557e-170	1	1	better
mealpy	OriginalDO	10	5000	887	313	1200	2.98337e-64	2.86404e-62	1	1	better
mealpy	OriginalCHIO	10	5000	576	624	1200	0.921408	1	0.0874141	1	not shown
mealpy	OriginalBSA	10	5000	1109	91	1200	2.26397e-223	4.00723e-221	1	1	better
mealpy	LevyEP	10	5000	1149	51	1200	1.45624e-271	3.18917e-269	1	1	better
mealpy	OriginalICA	10	5000	682	33	715	5.16127e-159	7.01932e-157	1	1	better
mealpy	ImprovedLCO	10	5000	994	206	1200	2.0326e-124	2.45945e-122	1	1	better
mealpy	OriginalMFO	10	5000	171	1029	1200	1	1	5.75507e-150	1.59991e-147	worse
mealpy	ImprovedAEO	10	5000	1064	136	1200	3.74597e-179	5.3942e-177	1	1	better
mealpy	OriginalVCS	10	5000	796	404	1200	2.33757e-30	1.98694e-28	1	1	better
mealpy	AdaptiveBA	10	5000	46	1154	1200	1	1	2.01373e-278	5.85996e-276	worse
mealpy	MultiGA	10	5000	968	232	1200	1.75479e-107	1.98292e-105	1	1	better
mealpy	OriginalES	10	5000	1151	49	1200	2.80013e-274	6.2443e-272	1	1	better
mealpy	LevyES	10	5000	1186	14	1200	0	0	1	1	better
mealpy	OriginalEP	10	5000	312	888	1200	1	1	1.04912e-64	2.70673e-62	worse
mealpy	BaseSMA	10	5000	1149	51	1200	1.45624e-271	3.18917e-269	1	1	better
mealpy	OriginalPSO	10	5000	86	1114	1200	1	1	7.3916e-229	2.12878e-226	worse
mealpy	FBUDGETSHADE	10	5000	1183	17	1200	0	0	1	1	better
mealpy	OriginalFOA	10	5000	233	967	1200	1	1	7.30255e-107	1.93518e-104	worse
mealpy	BaseQSA	10	5000	1184	16	1200	0	0	1	1	better
mealpy	BaseMFO	10	5000	1138	62	1200	3.18606e-257	6.40397e-255	1	1	better
mealpy	BaseDE	10	5000	1143	57	1200	1.27312e-263	2.66083e-261	1	1	better
mealpy	WhaleFOA	10	5000	242	958	1200	1	1	2.15686e-101	5.69412e-99	worse
Baselines	DE	10	5000	1142	58	1200	2.51136e-262	1.75795e-261	1	1	better
Baselines	RCobyla	10	5000	1052	148	1200	1.0765e-168	5.38248e-168	1	1	better
Baselines	PSO	10	5000	40	1160	1200	1	1	5.61541e-287	6.17695e-286	worse
Baselines	DiagonalCMA	10	5000	1160	40	1200	5.61541e-287	4.49233e-286	1	1	better
Baselines	modcma	10	5000	1182	18	1200	2.17389e-322	2.17389e-321	1	1	better
Baselines	modde	10	5000	1123	77	1200	4.44251e-239	2.66551e-238	1	1	better
Baselines	OnePlusOne	10	5000	901	299	1200	8.87909e-71	1.77582e-70	1	1	better
Baselines	Powell	10	5000	974	226	1200	3.0191e-111	9.0573e-111	1	1	better
Baselines	MultiBFGS	10	5000	1005	195	1200	4.32009e-132	1.72803e-131	1	1	better
Baselines	lshade	10	5000	1177	23	1200	1.2277e-313	1.10493e-312	1	1	better
Baselines	bipop	10	5000	1184	16	1200	0	0	1	1	better
EVOLOPY	DE	10	10000	1104	96	1200	5.15861e-218	8.82122e-216	1	1	better
EVOLOPY	JAYA	10	10000	997	203	1200	1.76421e-126	2.20526e-124	1	1	better
EVOLOPY	PSO	10	10000	1058	142	1200	7.32854e-174	1.0773e-171	1	1	better
EVOLOPY	WOA	10	10000	946	254	1200	2.21838e-94	2.50677e-92	1	1	better
EVOLOPY	FFA	10	10000	1154	46	1200	2.01373e-278	4.3698e-276	1	1	better
EVOLOPY	BAT	10	10000	542	658	1200	0.999638	1	0.000446742	0.106325	not shown
EVOLOPY	MVO	10	10000	1175	25	1200	2.83723e-310	7.37679e-308	1	1	better
EVOLOPY	HHO	10	10000	912	288	1200	3.59763e-76	3.66958e-74	1	1	better
EVOLOPY	SCA	10	10000	1038	162	1200	4.24759e-157	5.77672e-155	1	1	better
EVOLOPY	GA	10	10000	862	71	933	8.34007e-174	1.21765e-171	1	1	better
EVOLOPY	MFO	10	10000	1039	161	1200	6.61411e-158	9.06133e-156	1	1	better
EVOLOPY	CS	10	10000	1179	21	1200	4.465e-317	1.20555e-314	1	1	better
EVOLOPY	GWO	10	10000	1097	103	1200	1.02082e-210	1.71498e-208	1	1	better
EVOLOPY	SSA	10	10000	1192	8	1200	0	0	1	1	better
NIAPY	DynamicFireworksAlgorithm	10	10000	1176	24	1200	6.02618e-312	1.58489e-309	1	1	better
NIAPY	HarmonySearch	10	10000	1152	48	1200	1.18991e-275	2.5226e-273	1	1	better
NIAPY	EvolutionStrategyMp1	10	10000	1151	49	1200	2.80013e-274	5.88028e-272	1	1	better
NIAPY	MonarchButterflyOptimization	10	10000	420	780	1200	1	1	7.92097e-26	1.94856e-23	worse
NIAPY	CenterParticleSwarmOptimization	10	10000	1130	70	1200	2.31531e-247	4.35278e-245	1	1	better
NIAPY	DynNpDifferentialEvolution	10	10000	860	340	1200	1.08345e-52	1.05095e-50	1	1	better
NIAPY	CamelAlgorithm	10	10000	1037	163	1200	2.70847e-156	3.65644e-154	1	1	better
NIAPY	BatAlgorithm	10	10000	790	410	1200	1.30418e-28	1.17376e-26	1	1	better
NIAPY	GlowwormSwarmOptimization	10	10000	191	1009	1200	1	1	5.84353e-135	1.5836e-132	worse
NIAPY	BareBonesFireworksAlgorithm	10	10000	924	276	1200	2.51358e-82	2.68953e-80	1	1	better
NIAPY	CuckooSearch	10	10000	1200	0	1200	0	0	1	1	better
NIAPY	GeneticAlgorithm	10	10000	613	587	1200	0.235251	1	0.782128	1	not shown
NIAPY	ParticleSwarmAlgorithm	10	10000	1175	25	1200	2.83723e-310	7.37679e-308	1	1	better
NIAPY	MonkeyKingEvolutionV3	10	10000	766	434	1200	3.39645e-22	2.88698e-20	1	1	better
NIAPY	MonkeyKingEvolutionV2	10	10000	1156	44	1200	3.11617e-281	7.04253e-279	1	1	better
NIAPY	SineCosineAlgorithm	10	10000	0	1200	1200	1	1	0	0	worse
NIAPY	EvolutionStrategy1p1	10	10000	928	272	1200	1.92148e-84	2.0752e-82	1	1	better
NIAPY	HarrisHawksOptimization	10	10000	1166	34	1200	6.22133e-296	1.53667e-293	1	1	better
NIAPY	ParticleSwarmOptimization	10	10000	584	616	1200	0.829609	1	0.185425	1	not shown
NIAPY	ForestOptimizationAlgorithm	10	10000	1164	36	1200	6.71935e-293	1.63952e-290	1	1	better
NIAPY	EnhancedFireworksAlgorithm	10	10000	1177	23	1200	1.2277e-313	3.25342e-311	1	1	better
NIAPY	MultiStrategyDifferentialEvolution	10	10000	1122	78	1200	6.40261e-238	1.16528e-235	1	1	better
NIAPY	MutatedParticleSwarmOptimization	10	10000	1158	42	1200	4.39231e-284	1.02341e-281	1	1	better
NIAPY	ComprehensiveLearningParticleSwarmOptimizer	10	10000	1192	8	1200	0	0	1	1	better
NIAPY	KrillHerd	10	10000	98	1102	1200	1	1	6.62242e-216	1.89401e-213	worse
NIAPY	FishSchoolSearch	10	10000	1087	113	1200	1.10972e-200	1.77555e-198	1	1	better
NIAPY	MutatedCenterUnifiedParticleSwarmOptimization	10	10000	1167	33	1200	1.81091e-297	4.49107e-295	1	1	better
NIAPY	MutatedCenterParticleSwarmOptimization	10	10000	1157	43	1200	1.18396e-282	2.73494e-280	1	1	better
NIAPY	GlowwormSwarmOptimizationV2	10	10000	177	1023	1200	1	1	2.40501e-145	6.70998e-143	worse
NIAPY	CatSwarmOptimization	10	10000	1145	55	1200	3.09647e-266	6.25486e-264	1	1	better
NIAPY	DifferentialEvolution	10	10000	1162	38	1200	6.48141e-290	1.54906e-287	1	1	better
NIAPY	FireworksAlgorithm	10	10000	1172	28	1200	2.34187e-305	5.97176e-303	1	1	better
NIAPY	MothFlameOptimizer	10	10000	164	1036	1200	1	1	1.71488e-155	4.8188e-153	worse
NIAPY	DynNpMultiStrategyDifferentialEvolution	10	10000	1077	123	1200	4.55567e-191	6.97018e-189	1	1	better
NIAPY	EvolutionStrategyML	10	10000	1111	89	1200	1.50037e-225	2.62565e-223	1	1	better
NIAPY	GreyWolfOptimizer	10	10000	1156	44	1200	3.11617e-281	7.04253e-279	1	1	better
NIAPY	HarmonySearchV1	10	10000	1132	68	1200	8.71728e-250	1.665e-247	1	1	better
NIAPY	BeesAlgorithm	10	10000	971	229	1200	2.35813e-109	2.80617e-107	1	1	better
NIAPY	GlowwormSwarmOptimizationV1	10	10000	179	1021	1200	1	1	7.91361e-144	2.19207e-141	worse
NIAPY	GlowwormSwarmOptimizationV3	10	10000	180	1020	1200	1	1	4.49503e-143	1.24063e-140	worse
NIAPY	LionOptimizationAlgorithm	10	10000	1145	55	1200	3.09647e-266	6.25486e-264	1	1	better
NIAPY	ArtificialBeeColonyAlgorithm	10	10000	1190	10	1200	0	0	1	1	better
NIAPY	AgingNpDifferentialEvolution	10	10000	842	358	1200	1.04362e-45	9.91439e-44	1	1	better
NIAPY	OppositionVelocityClampingParticleSwarmOptimization	10	10000	412	788	1200	1	1	4.83877e-28	1.20002e-25	worse
NIAPY	CoralReefsOptimization	10	10000	184	1016	1200	1	1	4.38528e-140	1.20157e-137	worse
NIAPY	BacterialForagingOptimization	10	10000	1156	44	1200	3.11617e-281	7.04253e-279	1	1	better
NIAPY	DynamicFireworksAlgorithmGauss	10	10000	1179	21	1200	4.465e-317	1.20555e-314	1	1	better
NIAPY	ClonalSelectionAlgorithm	10	10000	117	1083	1200	1	1	8.69881e-197	2.46176e-194	worse
NIAPY	GravitationalSearchAlgorithm	10	10000	187	1013	1200	1	1	7.15683e-138	1.94666e-135	worse
NIAPY	MonkeyKingEvolutionV1	10	10000	1135	65	1200	1.79217e-253	3.47682e-251	1	1	better
NIAPY	EvolutionStrategyMpL	10	10000	1159	41	1200	1.59022e-285	3.72111e-283	1	1	better
NIAPY	FireflyAlgorithm	10	10000	1154	46	1200	2.01373e-278	4.3698e-276	1	1	better
NIAPY	FlowerPollinationAlgorithm	10	10000	1189	11	1200	0	0	1	1	better
OPYTIMIZER	SA	10	10000	1087	113	1200	1.10972e-200	1.77555e-198	1	1	better
OPYTIMIZER	GOGHS	10	10000	1017	183	1200	7.92284e-141	1.02997e-138	1	1	better
OPYTIMIZER	QSA	10	10000	1193	7	1200	0	0	1	1	better
OPYTIMIZER	SGHS	10	10000	1019	181	1200	2.53665e-142	3.32302e-140	1	1	better
OPYTIMIZER	DE	10	10000	1133	67	1200	5.22672e-251	1.00353e-248	1	1	better
OPYTIMIZER	RFO	10	10000	1151	49	1200	2.80013e-274	5.88028e-272	1	1	better
OPYTIMIZER	PPA	10	10000	1091	109	1200	1.21162e-204	1.98705e-202	1	1	better
OPYTIMIZER	EHO	10	10000	1088	112	1200	1.15126e-201	1.85352e-199	1	1	better
OPYTIMIZER	AEO	10	10000	1172	28	1200	2.34187e-305	5.97176e-303	1	1	better
OPYTIMIZER	ABO	10	10000	1176	24	1200	6.02618e-312	1.58489e-309	1	1	better
OPYTIMIZER	GHS	10	10000	957	243	1200	8.51803e-101	9.71055e-99	1	1	better
OPYTIMIZER	PVS	10	10000	540	660	1200	0.999764	1	0.000293209	0.0703701	not shown
OPYTIMIZER	BWO	10	10000	915	285	1200	1.1069e-77	1.16224e-75	1	1	better
OPYTIMIZER	PSO	10	10000	1116	84	1200	4.33323e-231	7.71314e-229	1	1	better
OPYTIMIZER	BSO	10	10000	903	297	1200	9.67079e-72	9.67079e-70	1	1	better
OPYTIMIZER	CSA	10	10000	773	427	1200	5.66537e-24	4.92887e-22	1	1	better
OPYTIMIZER	SSO	10	10000	705	495	1200	7.31877e-10	5.56227e-08	1	1	better
OPYTIMIZER	WOA	10	10000	1055	145	1200	2.90932e-171	4.21851e-169	1	1	better
OPYTIMIZER	BA	10	10000	711	489	1200	7.89561e-11	6.15858e-09	1	1	better
OPYTIMIZER	HS	10	10000	1029	171	1200	5.75507e-150	7.59669e-148	1	1	better
OPYTIMIZER	JS	10	10000	798	402	1200	5.93917e-31	5.40464e-29	1	1	better
OPYTIMIZER	SOS	10	10000	1187	13	1200	0	0	1	1	better
OPYTIMIZER	GS	10	10000	1	1199	1200	1	1	0	0	worse
OPYTIMIZER	EFO	10	10000	1069	131	1200	1.16288e-183	1.76758e-181	1	1	better
OPYTIMIZER	GSA	10	10000	154	1046	1200	1	1	1.19923e-163	3.38182e-161	worse
OPYTIMIZER	ESA	10	10000	406	794	1200	1	1	9.06502e-30	2.26626e-27	worse
OPYTIMIZER	BOA	10	10000	30	527	557	1	1	9.0848e-119	2.42564e-116	worse
OPYTIMIZER	HC	10	10000	186	1014	1200	1	1	1.31797e-138	3.59805e-136	worse
OPYTIMIZER	ABC	10	10000	807	363	1170	1.37636e-39	1.28001e-37	1	1	better
OPYTIMIZER	RRA	10	10000	1046	154	1200	1.19923e-163	1.67892e-161	1	1	better
OPYTIMIZER	NDS	10	10000	1	1199	1200	1	1	0	0	worse
OPYTIMIZER	NBJS	10	10000	784	416	1200	6.37434e-27	5.67316e-25	1	1	better
OPYTIMIZER	SSD	10	10000	200	1000	1200	1	1	1.45191e-128	3.90564e-126	worse
OPYTIMIZER	CEM	10	10000	387	813	1200	1	1	1.27085e-35	3.20255e-33	worse
OPYTIMIZER	AOA	10	10000	587	613	1200	0.782128	1	0.235251	1	not shown
OPYTIMIZER	MRFO	10	10000	1188	12	1200	0	0	1	1	better
OPYTIMIZER	ASO	10	10000	62	1138	1200	1	1	3.18606e-257	9.23956e-255	worse
OPYTIMIZER	SFO	10	10000	348	852	1200	1	1	1.61658e-49	4.13845e-47	worse
OPYTIMIZER	IHS	10	10000	979	221	1200	1.89704e-114	2.27645e-112	1	1	better
OPYTIMIZER	COA	10	10000	1179	21	1200	4.465e-317	1.20555e-314	1	1	better
OPYTIMIZER	GOA	10	10000	1132	68	1200	8.71728e-250	1.665e-247	1	1	better
OPYTIMIZER	STOA	10	10000	243	957	1200	1	1	8.51803e-101	2.24024e-98	worse
OPYTIMIZER	MVPA	10	10000	664	536	1200	0.000121582	0.0087539	0.999903	1	better
OPYTIMIZER	ES	10	10000	1053	147	1200	1.51112e-169	2.17602e-167	1	1	better
OPYTIMIZER	AIWPSO	10	10000	1015	185	1200	2.41176e-139	3.11117e-137	1	1	better
OPYTIMIZER	ISA	10	10000	164	1036	1200	1	1	1.71488e-155	4.8188e-153	worse
OPYTIMIZER	EO	10	10000	1181	19	1200	1.34336e-320	3.65395e-318	1	1	better
OPYTIMIZER	AF	10	10000	6	1030	1036	1	1	2.31198e-297	6.72786e-295	worse
OPYTIMIZER	DOA	10	10000	1184	16	1200	0	0	1	1	better
OPYTIMIZER	PIO	10	10000	440	760	1200	1	1	9.86963e-21	2.41806e-18	worse
OPYTIMIZER	HHO	10	10000	1151	49	1200	2.80013e-274	5.88028e-272	1	1	better
OPYTIMIZER	BSA	10	10000	1131	69	1200	1.43156e-248	2.70566e-246	1	1	better
OPYTIMIZER	TEO	10	10000	538	635	1173	0.997901	1	0.00252081	0.59491	not shown
OPYTIMIZER	FA	10	10000	112	1088	1200	1	1	1.15126e-201	3.28108e-199	worse
OPYTIMIZER	WWO	10	10000	1165	35	1200	2.07448e-294	5.10321e-292	1	1	better
OPYTIMIZER	IWO	10	10000	1067	133	1200	7.58052e-182	1.14466e-179	1	1	better
OPYTIMIZER	KH	10	10000	1108	92	1200	2.73197e-222	4.72631e-220	1	1	better
OPYTIMIZER	FOA	10	10000	1147	53	1200	6.98302e-269	1.42454e-266	1	1	better
OPYTIMIZER	RPSO	10	10000	1157	43	1200	1.18396e-282	2.73494e-280	1	1	better
OPYTIMIZER	SCA	10	10000	419	781	1200	1	1	4.24192e-26	1.04776e-23	worse
OPYTIMIZER	OSA	10	10000	394	806	1200	1	1	2.13247e-33	5.35249e-31	worse
OPYTIMIZER	WDO	10	10000	192	1008	1200	1	1	3.07535e-134	8.30345e-132	worse
OPYTIMIZER	LSA	10	10000	1145	55	1200	3.09647e-266	6.25486e-264	1	1	better
OPYTIMIZER	VPSO	10	10000	1136	64	1200	1.02444e-254	1.99766e-252	1	1	better
OPYTIMIZER	SBO	10	10000	1052	148	1200	1.0765e-168	1.52862e-166	1	1	better
OPYTIMIZER	GA	10	10000	1182	18	1200	2.17389e-322	5.95646e-320	1	1	better
OPYTIMIZER	MFO	10	10000	772	428	1200	1.02773e-23	8.83846e-22	1	1	better
OPYTIMIZER	CS	10	10000	1194	6	1200	0	0	1	1	better
OPYTIMIZER	FSO	10	10000	472	728	1200	1	1	7.40476e-14	1.79936e-11	worse
OPYTIMIZER	NGHS	10	10000	754	446	1200	2.5239e-19	2.09484e-17	1	1	better
OPYTIMIZER	GCO	10	10000	1124	76	1200	3.04026e-240	5.59408e-238	1	1	better
OPYTIMIZER	TWO	10	10000	1081	119	1200	7.27584e-195	1.13503e-192	1	1	better
OPYTIMIZER	WEO	10	10000	1188	12	1200	0	0	1	1	better
OPYTIMIZER	GWO	10	10000	913	287	1200	1.13248e-76	1.16645e-74	1	1	better
OPYTIMIZER	SAVPSO	10	10000	1154	46	1200	2.01373e-278	4.3698e-276	1	1	better
OPYTIMIZER	FFOA	10	10000	181	1019	1200	1	1	2.53665e-142	6.9758e-140	worse
OPYTIMIZER	AIG	10	10000	1189	11	1200	0	0	1	1	better
OPYTIMIZER	BH	10	10000	872	328	1200	1.14988e-57	1.12689e-55	1	1	better
OPYTIMIZER	CI	10	10000	329	308	637	0.214067	1	0.808299	1	not shown
OPYTIMIZER	SSA	10	10000	1198	2	1200	0	0	1	1	better
OPYTIMIZER	AO	10	10000	353	847	1200	1	1	1.36538e-47	3.48172e-45	worse
OPYTIMIZER	MVO	10	10000	291	11	302	5.06349e-72	5.11413e-70	1	1	better
mealpy	LevyTWO	10	10000	1135	65	1200	1.79217e-253	3.47682e-251	1	1	better
mealpy	OriginalTLO	10	10000	1162	38	1200	6.48141e-290	1.54906e-287	1	1	better
mealpy	GWO	10	10000	917	283	1200	1.06223e-78	1.12596e-76	1	1	better
mealpy	OriginalBBO	10	10000	1086	114	1200	1.05932e-199	1.67373e-197	1	1	better
mealpy	ABFO	10	10000	569	616	1185	0.918413	1	0.0907162	1	not shown
mealpy	OriginalWHO	10	10000	1156	44	1200	3.11617e-281	7.04253e-279	1	1	better
mealpy	OriginalFFA	10	10000	604	596	1200	0.419935	1	0.602487	1	not shown
mealpy	BaseSARO	10	10000	1171	29	1200	9.47285e-304	2.38716e-301	1	1	better
mealpy	OriginalSMA	10	10000	1155	45	1200	8.01255e-280	1.77077e-277	1	1	better
mealpy	SingleGA	10	10000	845	355	1200	7.82984e-47	7.51665e-45	1	1	better
mealpy	OriginalSSDO	10	10000	551	649	1200	0.997877	1	0.00254342	0.597704	not shown
mealpy	OriginalFPA	10	10000	1196	4	1200	0	0	1	1	better
mealpy	OriginalSSO	10	10000	706	494	1200	5.09234e-10	3.9211e-08	1	1	better
mealpy	OriginalMA	10	10000	721	479	1200	1.47263e-12	1.16338e-10	1	1	better
mealpy	OriginalCEM	10	10000	988	212	1200	2.30571e-120	2.78991e-118	1	1	better
mealpy	OCRO	10	10000	1143	57	1200	1.27312e-263	2.52078e-261	1	1	better
mealpy	OriginalBA	10	10000	5	1195	1200	1	1	0	0	worse
mealpy	OriginalAEO	10	10000	1097	103	1200	1.02082e-210	1.71498e-208	1	1	better
mealpy	OriginalBSO	10	10000	1150	50	1200	6.45201e-273	1.32911e-270	1	1	better
mealpy	OriginalBFO	10	10000	77	1123	1200	1	1	4.44251e-239	1.28389e-236	worse
mealpy	ImprovedSLO	10	10000	963	237	1200	2.07722e-104	2.40958e-102	1	1	better
mealpy	OriginalLCO	10	10000	782	418	1200	2.26344e-26	1.99182e-24	1	1	better
mealpy	OriginalHGS	10	10000	942	258	1200	4.10868e-92	4.60172e-90	1	1	better
mealpy	BaseALO	10	10000	1152	48	1200	1.18991e-275	2.5226e-273	1	1	better
mealpy	CPSO	10	10000	540	660	1200	0.999764	1	0.000293209	0.0703701	not shown
mealpy	OriginalEO	10	10000	1163	37	1200	2.1158e-291	5.09909e-289	1	1	better
mealpy	DE	10	10000	244	956	1200	1	1	3.34673e-100	8.76844e-98	worse
mealpy	ModifiedBA	10	10000	1047	153	1200	1.76165e-164	2.48393e-162	1	1	better
mealpy	BaseTLO	10	10000	1155	45	1200	8.01255e-280	1.77077e-277	1	1	better
mealpy	OriginalPFA	10	10000	482	718	1200	1	1	5.03935e-12	1.21952e-09	worse
mealpy	BaseFOA	10	10000	246	954	1200	1	1	5.08757e-99	1.32786e-96	worse
mealpy	OriginalGBO	10	10000	1169	31	1200	1.39804e-300	3.49511e-298	1	1	better
mealpy	TVAC	10	10000	1175	25	1200	2.83723e-310	7.37679e-308	1	1	better
mealpy	BaseFBIO	10	10000	1192	8	1200	0	0	1	1	better
mealpy	ImprovedBSO	10	10000	1111	89	1200	1.50037e-225	2.62565e-223	1	1	better
mealpy	OriginalAO	10	10000	239	961	1200	1	1	3.39467e-103	8.99589e-101	worse
mealpy	BaseGSKA	10	10000	1162	38	1200	6.48141e-290	1.54906e-287	1	1	better
mealpy	BaseLCO	10	10000	930	270	1200	1.63298e-85	1.79628e-83	1	1	better
mealpy	OriginalSSpiderA	10	10000	369	831	1200	1	1	1.02536e-41	2.60441e-39	worse
mealpy	BaseHS	10	10000	1094	106	1200	1.1649e-207	1.93374e-205	1	1	better
mealpy	AdaptiveEO	10	10000	1164	36	1200	6.71935e-293	1.63952e-290	1	1	better
mealpy	OriginalWCA	10	10000	714	74	788	1.32412e-132	1.68164e-130	1	1	better
mealpy	OriginalMRFO	10	10000	1118	82	1200	2.4142e-233	4.34556e-231	1	1	better
mealpy	OriginalEOA	10	10000	1044	156	1200	5.43514e-162	7.55484e-160	1	1	better
mealpy	OriginalABC	10	10000	1116	84	1200	4.33323e-231	7.71314e-229	1	1	better
mealpy	ModifiedAEO	10	10000	1090	110	1200	1.20305e-203	1.96097e-201	1	1	better
mealpy	OriginalSFO	10	10000	411	789	1200	1	1	2.51671e-28	6.26662e-26	worse
mealpy	BaseBBO	10	10000	1064	136	1200	3.74597e-179	5.61895e-177	1	1	better
mealpy	OriginalNMRA	10	10000	1181	19	1200	1.34336e-320	3.65395e-318	1	1	better
mealpy	OriginalACOR	10	10000	1127	73	1200	8.95539e-244	1.6657e-241	1	1	better
mealpy	ImprovedSFO	10	10000	519	681	1200	0.999999	1	1.62492e-06	0.000391607	worse
mealpy	OriginalCRO	10	10000	1104	96	1200	5.15861e-218	8.82122e-216	1	1	better
mealpy	LevyJA	10	10000	1155	45	1200	8.01255e-280	1.77077e-277	1	1	better
mealpy	OriginalHS	10	10000	1139	61	1200	1.7326e-258	3.41321e-256	1	1	better
mealpy	OriginalCSO	10	10000	544	656	1200	0.999451	1	0.000672123	0.159293	not shown
mealpy	OriginalCOA	10	10000	1158	42	1200	4.39231e-284	1.02341e-281	1	1	better
mealpy	LevyQSA	10	10000	1187	13	1200	0	0	1	1	better
mealpy	OppoQSA	10	10000	1172	28	1200	2.34187e-305	5.97176e-303	1	1	better
mealpy	BaseBRO	10	10000	553	647	1200	0.996962	1	0.0036174	0.846472	not shown
mealpy	OriginalSLO	10	10000	825	375	1200	1.26495e-39	1.18905e-37	1	1	better
mealpy	OriginalMVO	10	10000	1160	40	1200	5.61541e-287	1.31962e-284	1	1	better
mealpy	CLPSO	10	10000	1184	16	1200	0	0	1	1	better
mealpy	OriginalNRO	10	10000	1186	14	1200	0	0	1	1	better
mealpy	BaseSCA	10	10000	1117	83	1200	3.25527e-232	5.82693e-230	1	1	better
mealpy	BaseGCO	10	10000	1081	119	1200	7.27584e-195	1.13503e-192	1	1	better
mealpy	OriginalArchOA	10	10000	966	234	1200	3.02285e-106	3.56697e-104	1	1	better
mealpy	SwarmHC	10	10000	1169	31	1200	1.39804e-300	3.49511e-298	1	1	better
mealpy	ImprovedTLO	10	10000	682	518	1200	1.22433e-06	9.06001e-05	0.999999	1	better
mealpy	OriginalMSA	10	10000	1173	27	1200	5.58515e-307	1.43538e-304	1	1	better
mealpy	WOA	10	10000	1060	140	1200	1.30393e-175	1.94286e-173	1	1	better
mealpy	OriginalIWO	10	10000	1127	73	1200	8.95539e-244	1.6657e-241	1	1	better
mealpy	BaseGA	10	10000	1116	84	1200	4.33323e-231	7.71314e-229	1	1	better
mealpy	ModifiedEO	10	10000	1173	27	1200	5.58515e-307	1.43538e-304	1	1	better
mealpy	ImprovedNMRA	10	10000	1033	167	1200	4.17329e-153	5.55047e-151	1	1	better
mealpy	BaseCHIO	10	10000	277	923	1200	1	1	8.4014e-82	2.17596e-79	worse
mealpy	OriginalHHO	10	10000	993	207	1200	9.77535e-124	1.21214e-121	1	1	better
mealpy	OriginalGWO	10	10000	1041	159	1200	1.56963e-159	2.16609e-157	1	1	better
mealpy	ImprovedQSA	10	10000	1185	15	1200	0	0	1	1	better
mealpy	OriginalFBIO	10	10000	1195	5	1200	0	0	1	1	better
mealpy	OriginalBeesA	10	10000	1161	39	1200	1.9329e-288	4.56165e-286	1	1	better
mealpy	BaseEFO	10	10000	1156	44	1200	3.11617e-281	7.04253e-279	1	1	better
mealpy	OriginalSA	10	10000	1129	71	1200	3.68862e-246	6.89771e-244	1	1	better
mealpy	OriginalHC	10	10000	201	999	1200	1	1	7.23426e-128	1.93878e-125	worse
mealpy	OriginalSHO	10	10000	731	469	1200	1.95265e-14	1.56212e-12	1	1	better
mealpy	JADE	10	10000	1179	21	1200	4.465e-317	1.20555e-314	1	1	better
mealpy	OriginalCA	10	10000	680	520	1200	2.14955e-06	0.000156917	0.999998	1	better
mealpy	EnhancedTWO	10	10000	1144	56	1200	6.33725e-265	1.26111e-262	1	1	better
mealpy	BaseSSA	10	10000	930	270	1200	1.63298e-85	1.79628e-83	1	1	better
mealpy	OriginalAOA	10	10000	113	1087	1200	1	1	1.10972e-200	3.1516e-198	worse
mealpy	OriginalQSA	10	10000	1165	35	1200	2.07448e-294	5.10321e-292	1	1	better
mealpy	OriginalGOA	10	10000	1102	98	1200	6.62242e-216	1.11919e-213	1	1	better
mealpy	EnhancedAEO	10	10000	1060	140	1200	1.30393e-175	1.94286e-173	1	1	better
mealpy	OriginalGSKA	10	10000	1147	53	1200	6.98302e-269	1.42454e-266	1	1	better
mealpy	PPSO	10	10000	958	242	1200	2.15686e-101	2.48039e-99	1	1	better
mealpy	OriginalCGO	10	10000	998	202	1200	3.58311e-127	4.51472e-125	1	1	better
mealpy	OriginalHGSO	10	10000	743	457	1200	6.91836e-17	5.60387e-15	1	1	better
mealpy	OriginalSBO	10	10000	1086	114	1200	1.05932e-199	1.67373e-197	1	1	better
mealpy	OppoTWO	10	10000	1138	62	1200	3.18606e-257	6.24467e-255	1	1	better
mealpy	OriginalASO	10	10000	85	1115	1200	1	1	5.6952e-230	1.64022e-227	worse
mealpy	ModifiedSLO	10	10000	989	211	1200	4.93479e-121	6.02045e-119	1	1	better
mealpy	BaseVCS	10	10000	1185	15	1200	0	0	1	1	better
mealpy	LSHADE	10	10000	1177	23	1200	1.2277e-313	3.25342e-311	1	1	better
mealpy	OriginalEFO	10	10000	632	568	1200	0.0344599	1	0.969722	1	not shown
mealpy	OriginalJA	10	10000	383	817	1200	1	1	6.26076e-37	1.58397e-34	worse
mealpy	OriginalGCO	10	10000	1124	76	1200	3.04026e-240	5.59408e-238	1	1	better
mealpy	OriginalPSS	10	10000	1151	49	1200	2.80013e-274	5.88028e-272	1	1	better
mealpy	OriginalEHO	10	10000	966	234	1200	3.02285e-106	3.56697e-104	1	1	better
mealpy	OriginalSSA	10	10000	876	324	1200	2.2122e-59	2.19008e-57	1	1	better
mealpy	OriginalSCA	10	10000	1108	92	1200	2.73197e-222	4.72631e-220	1	1	better
mealpy	OriginalBES	10	10000	803	397	1200	1.81078e-32	1.66591e-30	1	1	better
mealpy	BaseSBO	10	10000	1079	121	1200	5.86366e-193	9.03003e-191	1	1	better
mealpy	BaseJA	10	10000	1121	79	1200	9.10264e-237	1.64758e-234	1	1	better
mealpy	OriginalSARO	10	10000	1176	24	1200	6.02618e-312	1.58489e-309	1	1	better
mealpy	OriginalSRSR	10	10000	1163	37	1200	2.1158e-291	5.09909e-289	1	1	better
mealpy	OriginalTWO	10	10000	1149	51	1200	1.45624e-271	2.9853e-269	1	1	better
mealpy	OriginalWDO	10	10000	297	903	1200	1	1	9.67079e-72	2.49507e-69	worse
mealpy	AugmentedAEO	10	10000	1092	108	1200	1.20805e-205	1.99328e-203	1	1	better
mealpy	OriginalWOA	10	10000	1011	189	1200	2.07079e-136	2.65061e-134	1	1	better
mealpy	SADE	10	10000	1171	29	1200	9.47285e-304	2.38716e-301	1	1	better
mealpy	OriginalBRO	10	10000	247	953	1200	1	1	1.96848e-98	5.11805e-96	worse
mealpy	OriginalSSpiderO	10	10000	764	436	1200	1.05919e-21	8.89719e-20	1	1	better
mealpy	ProbBeesA	10	10000	701	499	1200	3.0196e-09	2.2647e-07	1	1	better
mealpy	OriginalFA	10	10000	1155	45	1200	8.01255e-280	1.77077e-277	1	1	better
mealpy	OriginalCSA	10	10000	444	756	1200	1	1	8.68881e-20	2.12007e-17	worse
mealpy	OriginalALO	10	10000	1154	46	1200	2.01373e-278	4.3698e-276	1	1	better
mealpy	OriginalDO	10	10000	936	264	1200	8.9369e-89	9.91996e-87	1	1	better
mealpy	OriginalCHIO	10	10000	610	590	1200	0.291689	1	0.727806	1	not shown
mealpy	OriginalBSA	10	10000	1089	111	1200	1.1827e-202	1.91597e-200	1	1	better
mealpy	LevyEP	10	10000	1157	43	1200	1.18396e-282	2.73494e-280	1	1	better
mealpy	OriginalICA	10	10000	679	36	715	3.82348e-155	5.12346e-153	1	1	better
mealpy	ImprovedLCO	10	10000	990	210	1200	1.05013e-121	1.29166e-119	1	1	better
mealpy	OriginalMFO	10	10000	177	1023	1200	1	1	2.40501e-145	6.70998e-143	worse
mealpy	ImprovedAEO	10	10000	1053	147	1200	1.51112e-169	2.17602e-167	1	1	better
mealpy	OriginalVCS	10	10000	749	451	1200	3.4125e-18	2.79825e-16	1	1	better
mealpy	AdaptiveBA	10	10000	31	1169	1200	1	1	1.39804e-300	4.08228e-298	worse
mealpy	MultiGA	10	10000	914	286	1200	3.54865e-77	3.69059e-75	1	1	better
mealpy	OriginalES	10	10000	1157	43	1200	1.18396e-282	2.73494e-280	1	1	better
mealpy	LevyES	10	10000	1182	18	1200	2.17389e-322	5.95646e-320	1	1	better
mealpy	OriginalEP	10	10000	297	903	1200	1	1	9.67079e-72	2.49507e-69	worse
mealpy	BaseSMA	10	10000	1164	36	1200	6.71935e-293	1.63952e-290	1	1	better
mealpy	OriginalPSO	10	10000	87	1113	1200	1	1	9.47456e-228	2.7192e-225	worse
mealpy	FBUDGETSHADE	10	10000	1179	21	1200	4.465e-317	1.20555e-314	1	1	better
mealpy	OriginalFOA	10	10000	241	959	1200	1	1	5.43331e-102	1.43439e-99	worse
mealpy	BaseQSA	10	10000	1186	14	1200	0	0	1	1	better
mealpy	BaseMFO	10	10000	1154	46	1200	2.01373e-278	4.3698e-276	1	1	better
mealpy	BaseDE	10	10000	1157	43	1200	1.18396e-282	2.73494e-280	1	1	better
mealpy	WhaleFOA	10	10000	221	979	1200	1	1	1.89704e-114	5.04613e-112	worse
Baselines	DE	10	10000	1153	47	1200	4.94899e-277	3.46429e-276	1	1	better
Baselines	RCobyla	10	10000	1054	146	1200	2.10491e-170	1.05245e-169	1	1	better
Baselines	PSO	10	10000	35	1165	1200	1	1	2.07448e-294	2.28192e-293	worse
Baselines	DiagonalCMA	10	10000	1166	34	1200	6.22133e-296	4.97706e-295	1	1	better
Baselines	modcma	10	10000	1179	21	1200	4.465e-317	4.0185e-316	1	1	better
Baselines	modde	10	10000	1142	58	1200	2.51136e-262	1.50681e-261	1	1	better
Baselines	OnePlusOne	10	10000	878	322	1200	2.99193e-60	5.98386e-60	1	1	better
Baselines	Powell	10	10000	964	236	1200	5.09816e-105	1.52945e-104	1	1	better
Baselines	MultiBFGS	10	10000	1019	181	1200	2.53665e-142	1.01466e-141	1	1	better
Baselines	lshade	10	10000	1197	3	1200	0	0	1	1	better
Baselines	bipop	10	10000	1192	8	1200	0	0	1	1	better
EVOLOPY	DE	20	10	929	271	1200	5.61488e-85	-1	1	-1	descriptive
EVOLOPY	JAYA	20	10	937	263	1200	2.51321e-89	-1	1	-1	descriptive
EVOLOPY	PSO	20	10	990	210	1200	1.05013e-121	-1	1	-1	descriptive
EVOLOPY	WOA	20	10	961	239	1200	3.39467e-103	-1	1	-1	descriptive
EVOLOPY	FFA	20	10	913	287	1200	1.13248e-76	-1	1	-1	descriptive
EVOLOPY	BAT	20	10	656	544	1200	0.000672123	-1	0.999451	-1	descriptive
EVOLOPY	MVO	20	10	1030	170	1200	9.54162e-151	-1	1	-1	descriptive
EVOLOPY	HHO	20	10	954	246	1200	5.08757e-99	-1	1	-1	descriptive
EVOLOPY	SCA	20	10	449	751	1200	1	-1	1.2169e-18	-1	descriptive
EVOLOPY	GA	20	10	646	351	997	3.30016e-21	-1	1	-1	descriptive
EVOLOPY	MFO	20	10	656	544	1200	0.000672123	-1	0.999451	-1	descriptive
EVOLOPY	CS	20	10	321	879	1200	1	-1	1.09336e-60	-1	descriptive
EVOLOPY	GWO	20	10	1130	70	1200	2.31531e-247	-1	1	-1	descriptive
EVOLOPY	SSA	20	10	874	326	1200	1.60836e-58	-1	1	-1	descriptive
NIAPY	DynamicFireworksAlgorithm	20	10	774	426	1200	3.11182e-24	-1	1	-1	descriptive
NIAPY	HarmonySearch	20	10	953	247	1200	1.96848e-98	-1	1	-1	descriptive
NIAPY	EvolutionStrategyMp1	20	10	874	326	1200	1.60836e-58	-1	1	-1	descriptive
NIAPY	MonarchButterflyOptimization	20	10	663	537	1200	0.000152237	-1	0.999878	-1	descriptive
NIAPY	CenterParticleSwarmOptimization	20	10	1085	115	1200	1.00151e-198	-1	1	-1	descriptive
NIAPY	DynNpDifferentialEvolution	20	10	609	591	1200	0.311812	-1	0.708311	-1	descriptive
NIAPY	CamelAlgorithm	20	10	1003	197	1200	1.13227e-130	-1	1	-1	descriptive
NIAPY	BatAlgorithm	20	10	484	716	1200	1	-1	1.12505e-11	-1	descriptive
NIAPY	GlowwormSwarmOptimization	20	10	178	1022	1200	1	-1	1.38412e-144	-1	descriptive
NIAPY	BareBonesFireworksAlgorithm	20	10	1115	85	1200	5.6952e-230	-1	1	-1	descriptive
NIAPY	CuckooSearch	20	10	365	835	1200	1	-1	3.82799e-43	-1	descriptive
NIAPY	GeneticAlgorithm	20	10	586	614	1200	0.798743	-1	0.217872	-1	descriptive
NIAPY	ParticleSwarmAlgorithm	20	10	743	457	1200	6.91836e-17	-1	1	-1	descriptive
NIAPY	MonkeyKingEvolutionV3	20	10	1033	167	1200	4.17329e-153	-1	1	-1	descriptive
NIAPY	MonkeyKingEvolutionV2	20	10	548	652	1200	0.998789	-1	0.00146505	-1	descriptive
NIAPY	SineCosineAlgorithm	20	10	135	1065	1200	1	-1	4.7778e-180	-1	descriptive
NIAPY	EvolutionStrategy1p1	20	10	1112	88	1200	1.19957e-226	-1	1	-1	descriptive
NIAPY	HarrisHawksOptimization	20	10	1033	167	1200	4.17329e-153	-1	1	-1	descriptive
NIAPY	ParticleSwarmOptimization	20	10	837	363	1200	7.22475e-44	-1	1	-1	descriptive
NIAPY	ForestOptimizationAlgorithm	20	10	245	955	1200	1	-1	1.30821e-99	-1	descriptive
NIAPY	EnhancedFireworksAlgorithm	20	10	761	439	1200	5.67918e-21	-1	1	-1	descriptive
NIAPY	MultiStrategyDifferentialEvolution	20	10	407	793	1200	1	-1	1.77526e-29	-1	descriptive
NIAPY	MutatedParticleSwarmOptimization	20	10	1097	103	1200	1.02082e-210	-1	1	-1	descriptive
NIAPY	ComprehensiveLearningParticleSwarmOptimizer	20	10	325	875	1200	1	-1	5.97745e-59	-1	descriptive
NIAPY	KrillHerd	20	10	901	299	1200	8.87909e-71	-1	1	-1	descriptive
NIAPY	FishSchoolSearch	20	10	408	792	1200	1	-1	3.46381e-29	-1	descriptive
NIAPY	MutatedCenterUnifiedParticleSwarmOptimization	20	10	1132	68	1200	8.71728e-250	-1	1	-1	descriptive
NIAPY	MutatedCenterParticleSwarmOptimization	20	10	1114	86	1200	7.3916e-229	-1	1	-1	descriptive
NIAPY	GlowwormSwarmOptimizationV2	20	10	169	1031	1200	1	-1	1.57118e-151	-1	descriptive
NIAPY	CatSwarmOptimization	20	10	868	332	1200	5.59048e-56	-1	1	-1	descriptive
NIAPY	DifferentialEvolution	20	10	403	797	1200	1	-1	1.18046e-30	-1	descriptive
NIAPY	FireworksAlgorithm	20	10	699	501	1200	6.01151e-09	-1	1	-1	descriptive
NIAPY	MothFlameOptimizer	20	10	412	788	1200	1	-1	4.83877e-28	-1	descriptive
NIAPY	DynNpMultiStrategyDifferentialEvolution	20	10	408	792	1200	1	-1	3.46381e-29	-1	descriptive
NIAPY	EvolutionStrategyML	20	10	840	360	1200	5.75169e-45	-1	1	-1	descriptive
NIAPY	GreyWolfOptimizer	20	10	1089	111	1200	1.1827e-202	-1	1	-1	descriptive
NIAPY	HarmonySearchV1	20	10	907	293	1200	1.08737e-73	-1	1	-1	descriptive
NIAPY	BeesAlgorithm	20	10	678	522	1200	3.72498e-06	-1	0.999997	-1	descriptive
NIAPY	GlowwormSwarmOptimizationV1	20	10	182	1018	1200	1	-1	1.42224e-141	-1	descriptive
NIAPY	GlowwormSwarmOptimizationV3	20	10	180	1020	1200	1	-1	4.49503e-143	-1	descriptive
NIAPY	LionOptimizationAlgorithm	20	10	935	265	1200	3.16259e-88	-1	1	-1	descriptive
NIAPY	ArtificialBeeColonyAlgorithm	20	10	652	548	1200	0.00146505	-1	0.998789	-1	descriptive
NIAPY	AgingNpDifferentialEvolution	20	10	417	783	1200	1	-1	1.20335e-26	-1	descriptive
NIAPY	OppositionVelocityClampingParticleSwarmOptimization	20	10	504	696	1200	1	-1	1.64689e-08	-1	descriptive
NIAPY	CoralReefsOptimization	20	10	332	868	1200	1	-1	5.59048e-56	-1	descriptive
NIAPY	BacterialForagingOptimization	20	10	294	906	1200	1	-1	3.36178e-73	-1	descriptive
NIAPY	DynamicFireworksAlgorithmGauss	20	10	745	455	1200	2.57297e-17	-1	1	-1	descriptive
NIAPY	ClonalSelectionAlgorithm	20	10	185	1015	1200	1	-1	2.41176e-139	-1	descriptive
NIAPY	GravitationalSearchAlgorithm	20	10	644	556	1200	0.00599564	-1	0.994918	-1	descriptive
NIAPY	MonkeyKingEvolutionV1	20	10	463	737	1200	1	-1	1.23712e-15	-1	descriptive
NIAPY	EvolutionStrategyMpL	20	10	844	356	1200	1.86384e-46	-1	1	-1	descriptive
NIAPY	FireflyAlgorithm	20	10	272	928	1200	1	-1	1.92148e-84	-1	descriptive
NIAPY	FlowerPollinationAlgorithm	20	10	443	757	1200	1	-1	5.0711e-20	-1	descriptive
OPYTIMIZER	SA	20	10	1006	194	1200	8.36166e-133	-1	1	-1	descriptive
OPYTIMIZER	GOGHS	20	10	1090	110	1200	1.20305e-203	-1	1	-1	descriptive
OPYTIMIZER	QSA	20	10	1030	170	1200	9.54162e-151	-1	1	-1	descriptive
OPYTIMIZER	SGHS	20	10	1006	194	1200	8.36166e-133	-1	1	-1	descriptive
OPYTIMIZER	DE	20	10	1022	178	1200	1.38412e-144	-1	1	-1	descriptive
OPYTIMIZER	RFO	20	10	1170	30	1200	3.70089e-302	-1	1	-1	descriptive
OPYTIMIZER	PPA	20	10	966	234	1200	3.02285e-106	-1	1	-1	descriptive
OPYTIMIZER	EHO	20	10	1108	92	1200	2.73197e-222	-1	1	-1	descriptive
OPYTIMIZER	AEO	20	10	1134	66	1200	3.08504e-252	-1	1	-1	descriptive
OPYTIMIZER	ABO	20	10	1017	183	1200	7.92284e-141	-1	1	-1	descriptive
OPYTIMIZER	GHS	20	10	994	206	1200	2.0326e-124	-1	1	-1	descriptive
OPYTIMIZER	PVS	20	10	1088	112	1200	1.15126e-201	-1	1	-1	descriptive
OPYTIMIZER	BWO	20	10	923	97	1020	6.31679e-170	-1	1	-1	descriptive
OPYTIMIZER	PSO	20	10	1155	45	1200	8.01255e-280	-1	1	-1	descriptive
OPYTIMIZER	BSO	20	10	1152	48	1200	1.18991e-275	-1	1	-1	descriptive
OPYTIMIZER	CSA	20	10	856	344	1200	4.32313e-51	-1	1	-1	descriptive
OPYTIMIZER	SSO	20	10	1158	42	1200	4.39231e-284	-1	1	-1	descriptive
OPYTIMIZER	WOA	20	10	1152	48	1200	1.18991e-275	-1	1	-1	descriptive
OPYTIMIZER	BA	20	10	1041	159	1200	1.56963e-159	-1	1	-1	descriptive
OPYTIMIZER	HS	20	10	993	207	1200	9.77535e-124	-1	1	-1	descriptive
OPYTIMIZER	JS	20	10	1137	63	1200	5.76077e-256	-1	1	-1	descriptive
OPYTIMIZER	SOS	20	10	1173	27	1200	5.58515e-307	-1	1	-1	descriptive
OPYTIMIZER	GS	20	10	136	1064	1200	1	-1	3.74597e-179	-1	descriptive
OPYTIMIZER	EFO	20	10	1007	193	1200	1.60853e-133	-1	1	-1	descriptive
OPYTIMIZER	GSA	20	10	648	552	1200	0.00303794	-1	0.997457	-1	descriptive
OPYTIMIZER	ESA	20	10	995	205	1200	4.2018e-125	-1	1	-1	descriptive
OPYTIMIZER	BOA	20	10	116	183	299	0.999961	-1	6.36634e-05	-1	descriptive
OPYTIMIZER	HC	20	10	254	946	1200	1	-1	2.21838e-94	-1	descriptive
OPYTIMIZER	ABC	20	10	1107	93	1200	3.25833e-221	-1	1	-1	descriptive
OPYTIMIZER	RRA	20	10	1136	64	1200	1.02444e-254	-1	1	-1	descriptive
OPYTIMIZER	NDS	20	10	137	1063	1200	1	-1	2.91281e-178	-1	descriptive
OPYTIMIZER	NBJS	20	10	1145	55	1200	3.09647e-266	-1	1	-1	descriptive
OPYTIMIZER	SSD	20	10	602	598	1200	0.465496	-1	0.557379	-1	descriptive
OPYTIMIZER	CEM	20	10	711	489	1200	7.89561e-11	-1	1	-1	descriptive
OPYTIMIZER	AOA	20	10	1073	127	1200	2.46901e-187	-1	1	-1	descriptive
OPYTIMIZER	MRFO	20	10	1160	40	1200	5.61541e-287	-1	1	-1	descriptive
OPYTIMIZER	ASO	20	10	211	989	1200	1	-1	4.93479e-121	-1	descriptive
OPYTIMIZER	SFO	20	10	935	265	1200	3.16259e-88	-1	1	-1	descriptive
OPYTIMIZER	IHS	20	10	997	203	1200	1.76421e-126	-1	1	-1	descriptive
OPYTIMIZER	COA	20	10	1062	138	1200	2.24644e-177	-1	1	-1	descriptive
OPYTIMIZER	GOA	20	10	1108	92	1200	2.73197e-222	-1	1	-1	descriptive
OPYTIMIZER	STOA	20	10	501	699	1200	1	-1	6.01151e-09	-1	descriptive
OPYTIMIZER	MVPA	20	10	1144	56	1200	6.33725e-265	-1	1	-1	descriptive
OPYTIMIZER	ES	20	10	1044	156	1200	5.43514e-162	-1	1	-1	descriptive
OPYTIMIZER	AIWPSO	20	10	1154	46	1200	2.01373e-278	-1	1	-1	descriptive
OPYTIMIZER	ISA	20	10	365	565	930	1	-1	2.87316e-11	-1	descriptive
OPYTIMIZER	EO	20	10	1187	13	1200	0	-1	1	-1	descriptive
OPYTIMIZER	AF	20	10	88	853	941	1	-1	2.29796e-158	-1	descriptive
OPYTIMIZER	DOA	20	10	1036	164	1200	1.71488e-155	-1	1	-1	descriptive
OPYTIMIZER	PIO	20	10	1129	71	1200	3.68862e-246	-1	1	-1	descriptive
OPYTIMIZER	HHO	20	10	1165	35	1200	2.07448e-294	-1	1	-1	descriptive
OPYTIMIZER	BSA	20	10	987	213	1200	1.07117e-119	-1	1	-1	descriptive
OPYTIMIZER	TEO	20	10	326	309	635	0.26275	-1	0.762467	-1	descriptive
OPYTIMIZER	FA	20	10	575	625	1200	0.929538	-1	0.078592	-1	descriptive
OPYTIMIZER	WWO	20	10	908	172	1080	1.39299e-121	-1	1	-1	descriptive
OPYTIMIZER	IWO	20	10	1004	196	1200	2.21841e-131	-1	1	-1	descriptive
OPYTIMIZER	KH	20	10	1136	64	1200	1.02444e-254	-1	1	-1	descriptive
OPYTIMIZER	FOA	20	10	1019	181	1200	2.53665e-142	-1	1	-1	descriptive
OPYTIMIZER	RPSO	20	10	1163	37	1200	2.1158e-291	-1	1	-1	descriptive
OPYTIMIZER	SCA	20	10	771	429	1200	1.85766e-23	-1	1	-1	descriptive
OPYTIMIZER	OSA	20	10	946	254	1200	2.21838e-94	-1	1	-1	descriptive
OPYTIMIZER	WDO	20	10	743	457	1200	6.91836e-17	-1	1	-1	descriptive
OPYTIMIZER	LSA	20	10	1129	71	1200	3.68862e-246	-1	1	-1	descriptive
OPYTIMIZER	VPSO	20	10	1146	54	1200	1.48466e-267	-1	1	-1	descriptive
OPYTIMIZER	SBO	20	10	1155	45	1200	8.01255e-280	-1	1	-1	descriptive
OPYTIMIZER	GA	20	10	1133	67	1200	5.22672e-251	-1	1	-1	descriptive
OPYTIMIZER	MFO	20	10	993	207	1200	9.77535e-124	-1	1	-1	descriptive
OPYTIMIZER	CS	20	10	1026	174	1200	1.21249e-147	-1	1	-1	descriptive
OPYTIMIZER	FSO	20	10	984	216	1200	1.03809e-117	-1	1	-1	descriptive
OPYTIMIZER	NGHS	20	10	1070	130	1200	1.42202e-184	-1	1	-1	descriptive
OPYTIMIZER	GCO	20	10	1025	175	1200	7.11841e-147	-1	1	-1	descriptive
OPYTIMIZER	TWO	20	10	1175	25	1200	2.83723e-310	-1	1	-1	descriptive
OPYTIMIZER	WEO	20	10	1017	183	1200	7.92284e-141	-1	1	-1	descriptive
OPYTIMIZER	GWO	20	10	1164	36	1200	6.71935e-293	-1	1	-1	descriptive
OPYTIMIZER	SAVPSO	20	10	1175	25	1200	2.83723e-310	-1	1	-1	descriptive
OPYTIMIZER	FFOA	20	10	825	375	1200	1.26495e-39	-1	1	-1	descriptive
OPYTIMIZER	AIG	20	10	1049	151	1200	3.71717e-166	-1	1	-1	descriptive
OPYTIMIZER	BH	20	10	1149	51	1200	1.45624e-271	-1	1	-1	descriptive
OPYTIMIZER	CI	20	10	66	11	77	5.26994e-11	-1	1	-1	descriptive
OPYTIMIZER	SSA	20	10	1111	89	1200	1.50037e-225	-1	1	-1	descriptive
OPYTIMIZER	AO	20	10	1083	117	1200	8.69881e-197	-1	1	-1	descriptive
OPYTIMIZER	MVO	20	10	22	7	29	0.00406503	-1	0.998842	-1	descriptive
mealpy	LevyTWO	20	10	318	882	1200	1	-1	5.20166e-62	-1	descriptive
mealpy	OriginalTLO	20	10	905	295	1200	1.03469e-72	-1	1	-1	descriptive
mealpy	GWO	20	10	1097	103	1200	1.02082e-210	-1	1	-1	descriptive
mealpy	OriginalBBO	20	10	944	256	1200	3.04908e-93	-1	1	-1	descriptive
mealpy	ABFO	20	10	536	626	1162	0.996216	-1	0.00450109	-1	descriptive
mealpy	OriginalWHO	20	10	493	707	1200	1	-1	3.53132e-10	-1	descriptive
mealpy	OriginalFFA	20	10	502	698	1200	1	-1	8.43967e-09	-1	descriptive
mealpy	BaseSARO	20	10	813	387	1200	1.27085e-35	-1	1	-1	descriptive
mealpy	OriginalSMA	20	10	565	635	1200	0.97982	-1	0.0231708	-1	descriptive
mealpy	SingleGA	20	10	784	416	1200	6.37434e-27	-1	1	-1	descriptive
mealpy	OriginalSSDO	20	10	864	336	1200	2.54349e-54	-1	1	-1	descriptive
mealpy	OriginalFPA	20	10	481	719	1200	1	-1	3.35552e-12	-1	descriptive
mealpy	OriginalSSO	20	10	805	395	1200	4.36687e-33	-1	1	-1	descriptive
mealpy	OriginalMA	20	10	516	684	1200	0.999999	-1	6.88265e-07	-1	descriptive
mealpy	OriginalCEM	20	10	335	865	1200	1	-1	9.85426e-55	-1	descriptive
mealpy	OCRO	20	10	874	326	1200	1.60836e-58	-1	1	-1	descriptive
mealpy	OriginalBA	20	10	182	658	840	1	-1	2.93354e-64	-1	descriptive
mealpy	OriginalAEO	20	10	1006	194	1200	8.36166e-133	-1	1	-1	descriptive
mealpy	OriginalBSO	20	10	1050	150	1200	5.33887e-167	-1	1	-1	descriptive
mealpy	OriginalBFO	20	10	248	952	1200	1	-1	7.57781e-98	-1	descriptive
mealpy	ImprovedSLO	20	10	556	644	1200	0.994918	-1	0.00599564	-1	descriptive
mealpy	OriginalLCO	20	10	1100	100	1200	8.13378e-214	-1	1	-1	descriptive
mealpy	OriginalHGS	20	10	1024	176	1200	4.15137e-146	-1	1	-1	descriptive
mealpy	BaseALO	20	10	461	29	490	1.68075e-101	-1	1	-1	descriptive
mealpy	CPSO	20	10	964	236	1200	5.09816e-105	-1	1	-1	descriptive
mealpy	OriginalEO	20	10	1125	75	1200	2.05178e-241	-1	1	-1	descriptive
mealpy	DE	20	10	388	812	1200	1	-1	2.67204e-35	-1	descriptive
mealpy	ModifiedBA	20	10	808	392	1200	5.02821e-34	-1	1	-1	descriptive
mealpy	BaseTLO	20	10	896	304	1200	2.09882e-68	-1	1	-1	descriptive
mealpy	OriginalPFA	20	10	886	314	1200	8.44732e-64	-1	1	-1	descriptive
mealpy	BaseFOA	20	10	590	610	1200	0.727806	-1	0.291689	-1	descriptive
mealpy	OriginalGBO	20	10	971	229	1200	2.35813e-109	-1	1	-1	descriptive
mealpy	TVAC	20	10	1108	92	1200	2.73197e-222	-1	1	-1	descriptive
mealpy	BaseFBIO	20	10	1006	194	1200	8.36166e-133	-1	1	-1	descriptive
mealpy	ImprovedBSO	20	10	1053	147	1200	1.51112e-169	-1	1	-1	descriptive
mealpy	OriginalAO	20	10	370	830	1200	1	-1	2.31004e-41	-1	descriptive
mealpy	BaseGSKA	20	10	997	203	1200	1.76421e-126	-1	1	-1	descriptive
mealpy	BaseLCO	20	10	807	93	900	4.65996e-143	-1	1	-1	descriptive
mealpy	OriginalSSpiderA	20	10	864	336	1200	2.54349e-54	-1	1	-1	descriptive
mealpy	BaseHS	20	10	1068	132	1200	9.42885e-183	-1	1	-1	descriptive
mealpy	AdaptiveEO	20	10	1116	84	1200	4.33323e-231	-1	1	-1	descriptive
mealpy	OriginalWCA	20	10	17	2	19	0.000364304	-1	0.999962	-1	descriptive
mealpy	OriginalMRFO	20	10	1083	117	1200	8.69881e-197	-1	1	-1	descriptive
mealpy	OriginalEOA	20	10	762	438	1200	3.25632e-21	-1	1	-1	descriptive
mealpy	OriginalABC	20	10	647	553	1200	0.0036174	-1	0.996962	-1	descriptive
mealpy	ModifiedAEO	20	10	1016	184	1200	4.38528e-140	-1	1	-1	descriptive
mealpy	OriginalSFO	20	10	600	600	1200	0.511514	-1	0.511514	-1	descriptive
mealpy	BaseBBO	20	10	944	256	1200	3.04908e-93	-1	1	-1	descriptive
mealpy	OriginalNMRA	20	10	870	330	1200	8.08475e-57	-1	1	-1	descriptive
mealpy	OriginalACOR	20	10	501	699	1200	1	-1	6.01151e-09	-1	descriptive
mealpy	ImprovedSFO	20	10	600	600	1200	0.511514	-1	0.511514	-1	descriptive
mealpy	OriginalCRO	20	10	916	284	1200	3.43685e-78	-1	1	-1	descriptive
mealpy	LevyJA	20	10	718	482	1200	5.03935e-12	-1	1	-1	descriptive
mealpy	OriginalHS	20	10	909	291	1200	1.12235e-74	-1	1	-1	descriptive
mealpy	OriginalCSO	20	10	513	687	1200	1	-1	2.83038e-07	-1	descriptive
mealpy	OriginalCOA	20	10	793	407	1200	1.77526e-29	-1	1	-1	descriptive
mealpy	LevyQSA	20	10	773	427	1200	5.66537e-24	-1	1	-1	descriptive
mealpy	OppoQSA	20	10	773	427	1200	5.66537e-24	-1	1	-1	descriptive
mealpy	BaseBRO	20	10	987	213	1200	1.07117e-119	-1	1	-1	descriptive
mealpy	OriginalSLO	20	10	876	324	1200	2.2122e-59	-1	1	-1	descriptive
mealpy	OriginalMVO	20	10	1051	149	1200	7.61007e-168	-1	1	-1	descriptive
mealpy	CLPSO	20	10	572	628	1200	0.950081	-1	0.0561566	-1	descriptive
mealpy	OriginalNRO	20	10	702	498	1200	2.12939e-09	-1	1	-1	descriptive
mealpy	BaseSCA	20	10	503	697	1200	1	-1	1.18092e-08	-1	descriptive
mealpy	BaseGCO	20	10	483	717	1200	1	-1	7.54242e-12	-1	descriptive
mealpy	OriginalArchOA	20	10	857	313	1170	3.30756e-59	-1	1	-1	descriptive
mealpy	SwarmHC	20	10	302	898	1200	1	-1	2.38936e-69	-1	descriptive
mealpy	ImprovedTLO	20	10	1005	195	1200	4.32009e-132	-1	1	-1	descriptive
mealpy	OriginalMSA	20	10	998	202	1200	3.58311e-127	-1	1	-1	descriptive
mealpy	WOA	20	10	891	309	1200	4.4455e-66	-1	1	-1	descriptive
mealpy	OriginalIWO	20	10	603	597	1200	0.442621	-1	0.580065	-1	descriptive
mealpy	BaseGA	20	10	1080	120	1200	6.56188e-194	-1	1	-1	descriptive
mealpy	ModifiedEO	20	10	1094	106	1200	1.1649e-207	-1	1	-1	descriptive
mealpy	ImprovedNMRA	20	10	936	264	1200	8.9369e-89	-1	1	-1	descriptive
mealpy	BaseCHIO	20	10	364	836	1200	1	-1	1.66628e-43	-1	descriptive
mealpy	OriginalHHO	20	10	874	326	1200	1.60836e-58	-1	1	-1	descriptive
mealpy	OriginalGWO	20	10	1111	89	1200	1.50037e-225	-1	1	-1	descriptive
mealpy	ImprovedQSA	20	10	773	427	1200	5.66537e-24	-1	1	-1	descriptive
mealpy	OriginalFBIO	20	10	1011	189	1200	2.07079e-136	-1	1	-1	descriptive
mealpy	OriginalBeesA	20	10	321	879	1200	1	-1	1.09336e-60	-1	descriptive
mealpy	BaseEFO	20	10	853	347	1200	6.57703e-50	-1	1	-1	descriptive
mealpy	OriginalSA	20	10	430	770	1200	1	-1	3.34574e-23	-1	descriptive
mealpy	OriginalHC	20	10	353	847	1200	1	-1	1.36538e-47	-1	descriptive
mealpy	OriginalSHO	20	10	761	439	1200	5.67918e-21	-1	1	-1	descriptive
mealpy	JADE	20	10	952	248	1200	7.57781e-98	-1	1	-1	descriptive
mealpy	OriginalCA	20	10	1103	97	1200	5.87757e-217	-1	1	-1	descriptive
mealpy	EnhancedTWO	20	10	729	471	1200	4.76478e-14	-1	1	-1	descriptive
mealpy	BaseSSA	20	10	760	440	1200	9.86963e-21	-1	1	-1	descriptive
mealpy	OriginalAOA	20	10	934	266	1200	1.11378e-87	-1	1	-1	descriptive
mealpy	OriginalQSA	20	10	675	525	1200	8.29229e-06	-1	0.999994	-1	descriptive
mealpy	OriginalGOA	20	10	1063	137	1200	2.91281e-178	-1	1	-1	descriptive
mealpy	EnhancedAEO	20	10	990	210	1200	1.05013e-121	-1	1	-1	descriptive
mealpy	OriginalGSKA	20	10	921	279	1200	9.25507e-81	-1	1	-1	descriptive
mealpy	PPSO	20	10	1097	103	1200	1.02082e-210	-1	1	-1	descriptive
mealpy	OriginalCGO	20	10	898	302	1200	2.38936e-69	-1	1	-1	descriptive
mealpy	OriginalHGSO	20	10	936	264	1200	8.9369e-89	-1	1	-1	descriptive
mealpy	OriginalSBO	20	10	1084	116	1200	9.37822e-198	-1	1	-1	descriptive
mealpy	OppoTWO	20	10	783	417	1200	1.20335e-26	-1	1	-1	descriptive
mealpy	OriginalASO	20	10	329	871	1200	1	-1	3.05539e-57	-1	descriptive
mealpy	ModifiedSLO	20	10	796	404	1200	2.33757e-30	-1	1	-1	descriptive
mealpy	BaseVCS	20	10	965	235	1200	1.24469e-105	-1	1	-1	descriptive
mealpy	LSHADE	20	10	921	279	1200	9.25507e-81	-1	1	-1	descriptive
mealpy	OriginalEFO	20	10	1120	80	1200	1.27682e-235	-1	1	-1	descriptive
mealpy	OriginalJA	20	10	738	462	1200	7.717e-16	-1	1	-1	descriptive
mealpy	OriginalGCO	20	10	408	792	1200	1	-1	3.46381e-29	-1	descriptive
mealpy	OriginalPSS	20	10	1099	101	1200	8.86823e-213	-1	1	-1	descriptive
mealpy	OriginalEHO	20	10	938	262	1200	7.03337e-90	-1	1	-1	descriptive
mealpy	OriginalSSA	20	10	882	318	1200	5.20166e-62	-1	1	-1	descriptive
mealpy	OriginalSCA	20	10	519	681	1200	0.999999	-1	1.62492e-06	-1	descriptive
mealpy	OriginalBES	20	10	1034	166	1200	6.73123e-154	-1	1	-1	descriptive
mealpy	BaseSBO	20	10	1053	147	1200	1.51112e-169	-1	1	-1	descriptive
mealpy	BaseJA	20	10	635	565	1200	0.0231708	-1	0.97982	-1	descriptive
mealpy	OriginalSARO	20	10	721	479	1200	1.47263e-12	-1	1	-1	descriptive
mealpy	OriginalSRSR	20	10	943	257	1200	1.12204e-92	-1	1	-1	descriptive
mealpy	OriginalTWO	20	10	699	501	1200	6.01151e-09	-1	1	-1	descriptive
mealpy	OriginalWDO	20	10	708	492	1200	2.44059e-10	-1	1	-1	descriptive
mealpy	AugmentedAEO	20	10	922	278	1200	2.79498e-81	-1	1	-1	descriptive
mealpy	OriginalWOA	20	10	890	310	1200	1.28067e-65	-1	1	-1	descriptive
mealpy	SADE	20	10	785	415	1200	3.36428e-27	-1	1	-1	descriptive
mealpy	OriginalBRO	20	10	369	831	1200	1	-1	1.02536e-41	-1	descriptive
mealpy	OriginalSSpiderO	20	10	560	640	1200	0.990332	-1	0.0112683	-1	descriptive
mealpy	ProbBeesA	20	10	319	881	1200	1	-1	1.44166e-61	-1	descriptive
mealpy	OriginalFA	20	10	296	904	1200	1	-1	3.17035e-72	-1	descriptive
mealpy	OriginalCSA	20	10	371	829	1200	1	-1	5.18412e-41	-1	descriptive
mealpy	OriginalALO	20	10	233	36	269	8.52129e-37	-1	1	-1	descriptive
mealpy	OriginalDO	20	10	707	493	1200	3.53132e-10	-1	1	-1	descriptive
mealpy	OriginalCHIO	20	10	364	836	1200	1	-1	1.66628e-43	-1	descriptive
mealpy	OriginalBSA	20	10	1056	144	1200	3.98984e-172	-1	1	-1	descriptive
mealpy	LevyEP	20	10	412	788	1200	1	-1	4.83877e-28	-1	descriptive
mealpy	OriginalICA	20	10	698	77	775	2.34534e-126	-1	1	-1	descriptive
mealpy	ImprovedLCO	20	10	1049	151	1200	3.71717e-166	-1	1	-1	descriptive
mealpy	OriginalMFO	20	10	397	803	1200	1	-1	1.81078e-32	-1	descriptive
mealpy	ImprovedAEO	20	10	942	258	1200	4.10868e-92	-1	1	-1	descriptive
mealpy	OriginalVCS	20	10	895	305	1200	6.1796e-68	-1	1	-1	descriptive
mealpy	AdaptiveBA	20	10	463	737	1200	1	-1	1.23712e-15	-1	descriptive
mealpy	MultiGA	20	10	791	409	1200	6.73357e-29	-1	1	-1	descriptive
mealpy	OriginalES	20	10	715	485	1200	1.67247e-11	-1	1	-1	descriptive
mealpy	LevyES	20	10	505	695	1200	1	-1	2.28912e-08	-1	descriptive
mealpy	OriginalEP	20	10	499	701	1200	1	-1	3.0196e-09	-1	descriptive
mealpy	BaseSMA	20	10	690	510	1200	1.12994e-07	-1	1	-1	descriptive
mealpy	OriginalPSO	20	10	592	608	1200	0.688188	-1	0.332512	-1	descriptive
mealpy	FBUDGETSHADE	20	10	897	303	1200	7.09714e-69	-1	1	-1	descriptive
mealpy	OriginalFOA	20	10	93	1107	1200	1	-1	3.25833e-221	-1	descriptive
mealpy	BaseQSA	20	10	773	427	1200	5.66537e-24	-1	1	-1	descriptive
mealpy	BaseMFO	20	10	492	708	1200	1	-1	2.44059e-10	-1	descriptive
mealpy	BaseDE	20	10	510	690	1200	1	-1	1.12994e-07	-1	descriptive
mealpy	WhaleFOA	20	10	367	833	1200	1	-1	1.99671e-42	-1	descriptive
Baselines	DE	20	10	1064	121	1200	3.86985e-189	-1	1	-1	descriptive
Baselines	RCobyla	20	10	1159	41	1200	1.59022e-285	-1	1	-1	descriptive
Baselines	PSO	20	10	209	778	1200	1	-1	6.447e-78	-1	descriptive
Baselines	DiagonalCMA	20	10	1059	141	1200	9.81465e-175	-1	1	-1	descriptive
Baselines	modcma	20	10	1139	61	1200	1.7326e-258	-1	1	-1	descriptive
Baselines	modde	20	10	600	600	1200	0.511514	-1	0.511514	-1	descriptive
Baselines	OnePlusOne	20	10	1167	33	1200	1.81091e-297	-1	1	-1	descriptive
Baselines	Powell	20	10	884	316	1200	6.68571e-63	-1	1	-1	descriptive
Baselines	MultiBFGS	20	10	858	342	1200	6.89987e-52	-1	1	-1	descriptive
Baselines	lshade	20	10	600	600	1200	0.511514	-1	0.511514	-1	descriptive
Baselines	bipop	20	10	1139	61	1200	1.7326e-258	-1	1	-1	descriptive
EVOLOPY	DE	20	50	1127	73	1200	8.95539e-244	1.87168e-241	1	1	better
EVOLOPY	JAYA	20	50	1073	127	1200	2.46901e-187	3.92572e-185	1	1	better
EVOLOPY	PSO	20	50	1058	142	1200	7.32854e-174	1.09928e-171	1	1	better
EVOLOPY	WOA	20	50	1121	79	1200	9.10264e-237	1.82053e-234	1	1	better
EVOLOPY	FFA	20	50	1060	140	1200	1.30393e-175	1.96894e-173	1	1	better
EVOLOPY	BAT	20	50	512	688	1200	1	1	2.09097e-07	5.22742e-05	worse
EVOLOPY	MVO	20	50	1134	66	1200	3.08504e-252	7.03389e-250	1	1	better
EVOLOPY	HHO	20	50	915	285	1200	1.1069e-77	1.15117e-75	1	1	better
EVOLOPY	SCA	20	50	551	649	1200	0.997877	1	0.00254342	0.615508	not shown
EVOLOPY	GA	20	50	913	84	997	5.27407e-177	8.06933e-175	1	1	better
EVOLOPY	MFO	20	50	1128	72	1200	5.78976e-245	1.23322e-242	1	1	better
EVOLOPY	CS	20	50	837	363	1200	7.22475e-44	6.28553e-42	1	1	better
EVOLOPY	GWO	20	50	1133	67	1200	5.22672e-251	1.17078e-248	1	1	better
EVOLOPY	SSA	20	50	798	402	1200	5.93917e-31	4.92951e-29	1	1	better
NIAPY	DynamicFireworksAlgorithm	20	50	1100	100	1200	8.13378e-214	1.40714e-211	1	1	better
NIAPY	HarmonySearch	20	50	1101	99	1200	7.37961e-215	1.28405e-212	1	1	better
NIAPY	EvolutionStrategyMp1	20	50	1131	69	1200	1.43156e-248	3.14944e-246	1	1	better
NIAPY	MonarchButterflyOptimization	20	50	859	341	1200	2.73975e-52	2.49317e-50	1	1	better
NIAPY	CenterParticleSwarmOptimization	20	50	1104	96	1200	5.15861e-218	9.18233e-216	1	1	better
NIAPY	DynNpDifferentialEvolution	20	50	1069	131	1200	1.16288e-183	1.8141e-181	1	1	better
NIAPY	CamelAlgorithm	20	50	1064	136	1200	3.74597e-179	5.80625e-177	1	1	better
NIAPY	BatAlgorithm	20	50	930	270	1200	1.63298e-85	1.77995e-83	1	1	better
NIAPY	GlowwormSwarmOptimization	20	50	95	1105	1200	1	1	4.47688e-219	1.29829e-216	worse
NIAPY	BareBonesFireworksAlgorithm	20	50	1136	64	1200	1.02444e-254	2.36646e-252	1	1	better
NIAPY	CuckooSearch	20	50	869	331	1200	2.13039e-56	1.98127e-54	1	1	better
NIAPY	GeneticAlgorithm	20	50	594	606	1200	0.646265	1	0.375423	1	not shown
NIAPY	ParticleSwarmAlgorithm	20	50	1145	55	1200	3.09647e-266	7.80309e-264	1	1	better
NIAPY	MonkeyKingEvolutionV3	20	50	1139	61	1200	1.7326e-258	4.08893e-256	1	1	better
NIAPY	MonkeyKingEvolutionV2	20	50	576	624	1200	0.921408	1	0.0874141	1	not shown
NIAPY	SineCosineAlgorithm	20	50	24	1176	1200	1	1	6.02618e-312	1.78375e-309	worse
NIAPY	EvolutionStrategy1p1	20	50	1058	142	1200	7.32854e-174	1.09928e-171	1	1	better
NIAPY	HarrisHawksOptimization	20	50	1149	51	1200	1.45624e-271	3.78623e-269	1	1	better
NIAPY	ParticleSwarmOptimization	20	50	783	417	1200	1.20335e-26	9.74716e-25	1	1	better
NIAPY	ForestOptimizationAlgorithm	20	50	959	241	1200	5.43331e-102	6.13964e-100	1	1	better
NIAPY	EnhancedFireworksAlgorithm	20	50	1150	50	1200	6.45201e-273	1.69043e-270	1	1	better
NIAPY	MultiStrategyDifferentialEvolution	20	50	553	647	1200	0.996962	1	0.0036174	0.871794	not shown
NIAPY	MutatedParticleSwarmOptimization	20	50	1121	79	1200	9.10264e-237	1.82053e-234	1	1	better
NIAPY	ComprehensiveLearningParticleSwarmOptimizer	20	50	702	498	1200	2.12939e-09	1.51186e-07	1	1	better
NIAPY	KrillHerd	20	50	766	434	1200	3.39645e-22	2.71716e-20	1	1	better
NIAPY	FishSchoolSearch	20	50	378	822	1200	1	1	1.3336e-38	3.48069e-36	worse
NIAPY	MutatedCenterUnifiedParticleSwarmOptimization	20	50	1141	59	1200	4.86568e-261	1.19209e-258	1	1	better
NIAPY	MutatedCenterParticleSwarmOptimization	20	50	1126	74	1200	1.36526e-242	2.82608e-240	1	1	better
NIAPY	GlowwormSwarmOptimizationV2	20	50	87	1113	1200	1	1	9.47456e-228	2.76657e-225	worse
NIAPY	CatSwarmOptimization	20	50	1112	88	1200	1.19957e-226	2.23121e-224	1	1	better
NIAPY	DifferentialEvolution	20	50	518	682	1200	0.999999	1	1.22433e-06	0.000303633	worse
NIAPY	FireworksAlgorithm	20	50	1047	153	1200	1.76165e-164	2.53678e-162	1	1	better
NIAPY	MothFlameOptimizer	20	50	262	938	1200	1	1	7.03337e-90	1.89198e-87	worse
NIAPY	DynNpMultiStrategyDifferentialEvolution	20	50	543	657	1200	0.999553	1	0.00054883	0.133914	not shown
NIAPY	EvolutionStrategyML	20	50	1128	72	1200	5.78976e-245	1.23322e-242	1	1	better
NIAPY	GreyWolfOptimizer	20	50	1141	59	1200	4.86568e-261	1.19209e-258	1	1	better
NIAPY	HarmonySearchV1	20	50	1077	123	1200	4.55567e-191	7.33463e-189	1	1	better
NIAPY	BeesAlgorithm	20	50	928	272	1200	1.92148e-84	2.0752e-82	1	1	better
NIAPY	GlowwormSwarmOptimizationV1	20	50	93	1107	1200	1	1	3.25833e-221	9.48174e-219	worse
NIAPY	GlowwormSwarmOptimizationV3	20	50	84	1116	1200	1	1	4.33323e-231	1.26964e-228	worse
NIAPY	LionOptimizationAlgorithm	20	50	1120	80	1200	1.27682e-235	2.50256e-233	1	1	better
NIAPY	ArtificialBeeColonyAlgorithm	20	50	1111	89	1200	1.50037e-225	2.77569e-223	1	1	better
NIAPY	AgingNpDifferentialEvolution	20	50	592	608	1200	0.688188	1	0.332512	1	not shown
NIAPY	OppositionVelocityClampingParticleSwarmOptimization	20	50	703	497	1200	1.4966e-09	1.07755e-07	1	1	better
NIAPY	CoralReefsOptimization	20	50	202	998	1200	1	1	3.58311e-127	1.00327e-124	worse
NIAPY	BacterialForagingOptimization	20	50	172	1028	1200	1	1	3.44768e-149	9.68797e-147	worse
NIAPY	DynamicFireworksAlgorithmGauss	20	50	1103	97	1200	5.87757e-217	1.03445e-214	1	1	better
NIAPY	ClonalSelectionAlgorithm	20	50	128	1072	1200	1	1	2.07217e-186	5.90568e-184	worse
NIAPY	GravitationalSearchAlgorithm	20	50	642	558	1200	0.00826962	0.537525	0.992948	1	not shown
NIAPY	MonkeyKingEvolutionV1	20	50	605	595	1200	0.397513	1	0.624577	1	not shown
NIAPY	EvolutionStrategyMpL	20	50	1121	79	1200	9.10264e-237	1.82053e-234	1	1	better
NIAPY	FireflyAlgorithm	20	50	253	947	1200	1	1	5.93923e-95	1.60359e-92	worse
NIAPY	FlowerPollinationAlgorithm	20	50	893	307	1200	5.28723e-67	5.18149e-65	1	1	better
OPYTIMIZER	SA	20	50	988	212	1200	2.30571e-120	2.83602e-118	1	1	better
OPYTIMIZER	GOGHS	20	50	1106	94	1200	3.8413e-220	6.91435e-218	1	1	better
OPYTIMIZER	QSA	20	50	1053	147	1200	1.51112e-169	2.22135e-167	1	1	better
OPYTIMIZER	SGHS	20	50	1014	186	1200	1.31797e-138	1.7529e-136	1	1	better
OPYTIMIZER	DE	20	50	1144	56	1200	6.33725e-265	1.58431e-262	1	1	better
OPYTIMIZER	RFO	20	50	1185	15	1200	0	0	1	1	better
OPYTIMIZER	PPA	20	50	922	278	1200	2.79498e-81	2.96268e-79	1	1	better
OPYTIMIZER	EHO	20	50	1132	68	1200	8.71728e-250	1.92652e-247	1	1	better
OPYTIMIZER	AEO	20	50	1176	24	1200	6.02618e-312	1.74157e-309	1	1	better
OPYTIMIZER	ABO	20	50	1032	168	1200	2.56951e-152	3.57162e-150	1	1	better
OPYTIMIZER	GHS	20	50	968	232	1200	1.75479e-107	2.05311e-105	1	1	better
OPYTIMIZER	PVS	20	50	1027	173	1200	2.05147e-148	2.83103e-146	1	1	better
OPYTIMIZER	BWO	20	50	945	75	1020	1.05738e-192	1.71295e-190	1	1	better
OPYTIMIZER	PSO	20	50	1176	24	1200	6.02618e-312	1.74157e-309	1	1	better
OPYTIMIZER	BSO	20	50	1140	60	1200	9.26188e-260	2.19507e-257	1	1	better
OPYTIMIZER	CSA	20	50	884	316	1200	6.68571e-63	6.41828e-61	1	1	better
OPYTIMIZER	SSO	20	50	1167	33	1200	1.81091e-297	4.99812e-295	1	1	better
OPYTIMIZER	WOA	20	50	1176	24	1200	6.02618e-312	1.74157e-309	1	1	better
OPYTIMIZER	BA	20	50	1020	180	1200	4.49503e-143	6.11324e-141	1	1	better
OPYTIMIZER	HS	20	50	976	224	1200	1.60804e-112	1.94572e-110	1	1	better
OPYTIMIZER	JS	20	50	1129	71	1200	3.68862e-246	7.93053e-244	1	1	better
OPYTIMIZER	SOS	20	50	1194	6	1200	0	0	1	1	better
OPYTIMIZER	GS	20	50	24	1176	1200	1	1	6.02618e-312	1.78375e-309	worse
OPYTIMIZER	EFO	20	50	1033	167	1200	4.17329e-153	5.8426e-151	1	1	better
OPYTIMIZER	GSA	20	50	524	676	1200	0.999995	1	6.37142e-06	0.001561	worse
OPYTIMIZER	ESA	20	50	900	300	1200	2.67256e-70	2.64584e-68	1	1	better
OPYTIMIZER	BOA	20	50	96	203	299	1	1	2.90198e-10	7.34201e-08	worse
OPYTIMIZER	HC	20	50	136	1064	1200	1	1	3.74597e-179	1.06386e-176	worse
OPYTIMIZER	ABC	20	50	1129	71	1200	3.68862e-246	7.93053e-244	1	1	better
OPYTIMIZER	RRA	20	50	1162	38	1200	6.48141e-290	1.76942e-287	1	1	better
OPYTIMIZER	NDS	20	50	24	1176	1200	1	1	6.02618e-312	1.78375e-309	worse
OPYTIMIZER	NBJS	20	50	1119	81	1200	1.76729e-234	3.42855e-232	1	1	better
OPYTIMIZER	SSD	20	50	515	685	1200	1	1	5.13507e-07	0.000127863	worse
OPYTIMIZER	CEM	20	50	708	492	1200	2.44059e-10	1.78163e-08	1	1	better
OPYTIMIZER	AOA	20	50	964	236	1200	5.09816e-105	5.81191e-103	1	1	better
OPYTIMIZER	MRFO	20	50	1171	29	1200	9.47285e-304	2.69029e-301	1	1	better
OPYTIMIZER	ASO	20	50	154	1046	1200	1	1	1.19923e-163	3.39382e-161	worse
OPYTIMIZER	SFO	20	50	1011	189	1200	2.07079e-136	2.71273e-134	1	1	better
OPYTIMIZER	IHS	20	50	972	228	1200	5.54649e-110	6.60032e-108	1	1	better
OPYTIMIZER	COA	20	50	1168	32	1200	5.11183e-299	1.4262e-296	1	1	better
OPYTIMIZER	GOA	20	50	1168	32	1200	5.11183e-299	1.4262e-296	1	1	better
OPYTIMIZER	STOA	20	50	335	865	1200	1	1	9.85426e-55	2.60152e-52	worse
OPYTIMIZER	MVPA	20	50	1122	78	1200	6.40261e-238	1.29333e-235	1	1	better
OPYTIMIZER	ES	20	50	1149	51	1200	1.45624e-271	3.78623e-269	1	1	better
OPYTIMIZER	AIWPSO	20	50	1169	31	1200	1.39804e-300	3.9285e-298	1	1	better
OPYTIMIZER	ISA	20	50	320	610	930	1	1	6.18801e-22	1.59032e-19	worse
OPYTIMIZER	EO	20	50	1185	15	1200	0	0	1	1	better
OPYTIMIZER	AF	20	50	48	893	941	1	1	7.30326e-203	2.10334e-200	worse
OPYTIMIZER	DOA	20	50	1090	110	1200	1.20305e-203	1.973e-201	1	1	better
OPYTIMIZER	PIO	20	50	1095	105	1200	1.12642e-208	1.90365e-206	1	1	better
OPYTIMIZER	HHO	20	50	1169	31	1200	1.39804e-300	3.9285e-298	1	1	better
OPYTIMIZER	BSA	20	50	1014	186	1200	1.31797e-138	1.7529e-136	1	1	better
OPYTIMIZER	TEO	20	50	497	138	635	8.6911e-49	7.82199e-47	1	1	better
OPYTIMIZER	FA	20	50	395	805	1200	1	1	4.36687e-33	1.13102e-30	worse
OPYTIMIZER	WWO	20	50	1037	43	1080	1.56335e-248	3.37684e-246	1	1	better
OPYTIMIZER	IWO	20	50	990	210	1200	1.05013e-121	1.32316e-119	1	1	better
OPYTIMIZER	KH	20	50	1128	72	1200	5.78976e-245	1.23322e-242	1	1	better
OPYTIMIZER	FOA	20	50	1109	91	1200	2.26397e-223	4.14307e-221	1	1	better
OPYTIMIZER	RPSO	20	50	1170	30	1200	3.70089e-302	1.04735e-299	1	1	better
OPYTIMIZER	SCA	20	50	686	514	1200	3.81865e-07	2.63487e-05	1	1	better
OPYTIMIZER	OSA	20	50	891	309	1200	4.4455e-66	4.31214e-64	1	1	better
OPYTIMIZER	WDO	20	50	655	545	1200	0.000820527	0.0549753	0.999328	1	not shown
OPYTIMIZER	LSA	20	50	1184	16	1200	0	0	1	1	better
OPYTIMIZER	VPSO	20	50	1173	27	1200	5.58515e-307	1.59735e-304	1	1	better
OPYTIMIZER	SBO	20	50	1155	45	1200	8.01255e-280	2.14736e-277	1	1	better
OPYTIMIZER	GA	20	50	1186	14	1200	0	0	1	1	better
OPYTIMIZER	MFO	20	50	998	202	1200	3.58311e-127	4.58638e-125	1	1	better
OPYTIMIZER	CS	20	50	1139	61	1200	1.7326e-258	4.08893e-256	1	1	better
OPYTIMIZER	FSO	20	50	882	318	1200	5.20166e-62	4.88956e-60	1	1	better
OPYTIMIZER	NGHS	20	50	1096	104	1200	1.07796e-209	1.84331e-207	1	1	better
OPYTIMIZER	GCO	20	50	1023	177	1200	2.40501e-145	3.29487e-143	1	1	better
OPYTIMIZER	TWO	20	50	1185	15	1200	0	0	1	1	better
OPYTIMIZER	WEO	20	50	1015	185	1200	2.41176e-139	3.23176e-137	1	1	better
OPYTIMIZER	GWO	20	50	1168	32	1200	5.11183e-299	1.4262e-296	1	1	better
OPYTIMIZER	SAVPSO	20	50	1185	15	1200	0	0	1	1	better
OPYTIMIZER	FFOA	20	50	616	584	1200	0.185425	1	0.829609	1	not shown
OPYTIMIZER	AIG	20	50	1120	80	1200	1.27682e-235	2.50256e-233	1	1	better
OPYTIMIZER	BH	20	50	1133	67	1200	5.22672e-251	1.17078e-248	1	1	better
OPYTIMIZER	CI	20	50	69	8	77	1.56868e-13	1.19219e-11	1	1	better
OPYTIMIZER	SSA	20	50	1104	96	1200	5.15861e-218	9.18233e-216	1	1	better
OPYTIMIZER	AO	20	50	959	241	1200	5.43331e-102	6.13964e-100	1	1	better
OPYTIMIZER	MVO	20	50	28	1	29	5.58794e-08	3.91155e-06	1	1	better
mealpy	LevyTWO	20	50	225	975	1200	1	1	6.98668e-112	1.92134e-109	worse
mealpy	OriginalTLO	20	50	1146	54	1200	1.48466e-267	3.78589e-265	1	1	better
mealpy	GWO	20	50	1141	59	1200	4.86568e-261	1.19209e-258	1	1	better
mealpy	OriginalBBO	20	50	1141	59	1200	4.86568e-261	1.19209e-258	1	1	better
mealpy	ABFO	20	50	501	661	1162	0.999999	1	1.49597e-06	0.000369505	worse
mealpy	OriginalWHO	20	50	1073	127	1200	2.46901e-187	3.92572e-185	1	1	better
mealpy	OriginalFFA	20	50	511	689	1200	1	1	1.53963e-07	3.86448e-05	worse
mealpy	BaseSARO	20	50	1170	30	1200	3.70089e-302	1.04735e-299	1	1	better
mealpy	OriginalSMA	20	50	521	679	1200	0.999998	1	2.83429e-06	0.000697236	worse
mealpy	SingleGA	20	50	1110	90	1200	1.85408e-224	3.41151e-222	1	1	better
mealpy	OriginalSSDO	20	50	864	336	1200	2.54349e-54	2.34001e-52	1	1	better
mealpy	OriginalFPA	20	50	905	295	1200	1.03469e-72	1.04504e-70	1	1	better
mealpy	OriginalSSO	20	50	917	283	1200	1.06223e-78	1.11534e-76	1	1	better
mealpy	OriginalMA	20	50	590	610	1200	0.727806	1	0.291689	1	not shown
mealpy	OriginalCEM	20	50	230	970	1200	1	1	9.97194e-109	2.72234e-106	worse
mealpy	OCRO	20	50	1105	95	1200	4.47688e-219	8.01361e-217	1	1	better
mealpy	OriginalBA	20	50	66	774	840	1	1	1.99963e-154	5.63896e-152	worse
mealpy	OriginalAEO	20	50	1148	52	1200	3.2208e-270	8.30966e-268	1	1	better
mealpy	OriginalBSO	20	50	1164	36	1200	6.71935e-293	1.8411e-290	1	1	better
mealpy	OriginalBFO	20	50	107	1093	1200	1	1	1.19235e-206	3.4459e-204	worse
mealpy	ImprovedSLO	20	50	966	234	1200	3.02285e-106	3.50651e-104	1	1	better
mealpy	OriginalLCO	20	50	1162	38	1200	6.48141e-290	1.76942e-287	1	1	better
mealpy	OriginalHGS	20	50	1134	66	1200	3.08504e-252	7.03389e-250	1	1	better
mealpy	BaseALO	20	50	487	3	490	6.13406e-141	8.28098e-139	1	1	better
mealpy	CPSO	20	50	974	226	1200	3.0191e-111	3.62292e-109	1	1	better
mealpy	OriginalEO	20	50	1150	50	1200	6.45201e-273	1.69043e-270	1	1	better
mealpy	DE	20	50	303	897	1200	1	1	7.09714e-69	1.88074e-66	worse
mealpy	ModifiedBA	20	50	905	295	1200	1.03469e-72	1.04504e-70	1	1	better
mealpy	BaseTLO	20	50	1143	57	1200	1.27312e-263	3.15735e-261	1	1	better
mealpy	OriginalPFA	20	50	740	460	1200	2.97168e-16	2.31791e-14	1	1	better
mealpy	BaseFOA	20	50	484	716	1200	1	1	1.12505e-11	2.85763e-09	worse
mealpy	OriginalGBO	20	50	1126	74	1200	1.36526e-242	2.82608e-240	1	1	better
mealpy	TVAC	20	50	1153	47	1200	4.94899e-277	1.30653e-274	1	1	better
mealpy	BaseFBIO	20	50	1147	53	1200	6.98302e-269	1.79464e-266	1	1	better
mealpy	ImprovedBSO	20	50	1126	74	1200	1.36526e-242	2.82608e-240	1	1	better
mealpy	OriginalAO	20	50	343	857	1200	1	1	1.73062e-51	4.53423e-49	worse
mealpy	BaseGSKA	20	50	1142	58	1200	2.51136e-262	6.17794e-260	1	1	better
mealpy	BaseLCO	20	50	867	33	900	2.4167e-211	4.15673e-209	1	1	better
mealpy	OriginalSSpiderA	20	50	835	365	1200	3.82799e-43	3.29207e-41	1	1	better
mealpy	BaseHS	20	50	1160	40	1200	5.61541e-287	1.52178e-284	1	1	better
mealpy	AdaptiveEO	20	50	1145	55	1200	3.09647e-266	7.80309e-264	1	1	better
mealpy	OriginalWCA	20	50	17	2	19	0.000364304	0.0247726	0.999962	1	better
mealpy	OriginalMRFO	20	50	1166	34	1200	6.22133e-296	1.71087e-293	1	1	better
mealpy	OriginalEOA	20	50	996	204	1200	8.63517e-126	1.09667e-123	1	1	better
mealpy	OriginalABC	20	50	1056	144	1200	3.98984e-172	5.90496e-170	1	1	better
mealpy	ModifiedAEO	20	50	1147	53	1200	6.98302e-269	1.79464e-266	1	1	better
mealpy	OriginalSFO	20	50	1076	124	1200	3.96144e-190	6.3383e-188	1	1	better
mealpy	BaseBBO	20	50	1146	54	1200	1.48466e-267	3.78589e-265	1	1	better
mealpy	OriginalNMRA	20	50	915	285	1200	1.1069e-77	1.15117e-75	1	1	better
mealpy	OriginalACOR	20	50	914	286	1200	3.54865e-77	3.61962e-75	1	1	better
mealpy	ImprovedSFO	20	50	1096	104	1200	1.07796e-209	1.84331e-207	1	1	better
mealpy	OriginalCRO	20	50	1116	84	1200	4.33323e-231	8.23313e-229	1	1	better
mealpy	LevyJA	20	50	1091	109	1200	1.21162e-204	1.99917e-202	1	1	better
mealpy	OriginalHS	20	50	1118	82	1200	2.4142e-233	4.61112e-231	1	1	better
mealpy	OriginalCSO	20	50	459	741	1200	1	1	1.83448e-16	4.67793e-14	worse
mealpy	OriginalCOA	20	50	989	211	1200	4.93479e-121	6.11914e-119	1	1	better
mealpy	LevyQSA	20	50	1131	69	1200	1.43156e-248	3.14944e-246	1	1	better
mealpy	OppoQSA	20	50	1122	78	1200	6.40261e-238	1.29333e-235	1	1	better
mealpy	BaseBRO	20	50	941	259	1200	1.49713e-91	1.64684e-89	1	1	better
mealpy	OriginalSLO	20	50	1049	151	1200	3.71717e-166	5.38989e-164	1	1	better
mealpy	OriginalMVO	20	50	1144	56	1200	6.33725e-265	1.58431e-262	1	1	better
mealpy	CLPSO	20	50	1081	119	1200	7.27584e-195	1.18596e-192	1	1	better
mealpy	OriginalNRO	20	50	1039	161	1200	6.61411e-158	9.45818e-156	1	1	better
mealpy	BaseSCA	20	50	784	416	1200	6.37434e-27	5.22696e-25	1	1	better
mealpy	BaseGCO	20	50	564	636	1200	0.982477	1	0.0201798	1	not shown
mealpy	OriginalArchOA	20	50	1101	69	1170	2.5477e-240	5.17182e-238	1	1	better
mealpy	SwarmHC	20	50	218	982	1200	1	1	2.12933e-116	5.94084e-114	worse
mealpy	ImprovedTLO	20	50	1093	107	1200	1.19235e-206	1.97931e-204	1	1	better
mealpy	OriginalMSA	20	50	1173	27	1200	5.58515e-307	1.59735e-304	1	1	better
mealpy	WOA	20	50	1102	98	1200	6.62242e-216	1.15892e-213	1	1	better
mealpy	OriginalIWO	20	50	1053	147	1200	1.51112e-169	2.22135e-167	1	1	better
mealpy	BaseGA	20	50	1136	64	1200	1.02444e-254	2.36646e-252	1	1	better
mealpy	ModifiedEO	20	50	1155	45	1200	8.01255e-280	2.14736e-277	1	1	better
mealpy	ImprovedNMRA	20	50	1127	73	1200	8.95539e-244	1.87168e-241	1	1	better
mealpy	BaseCHIO	20	50	270	930	1200	1	1	1.63298e-85	4.37639e-83	worse
mealpy	OriginalHHO	20	50	1011	189	1200	2.07079e-136	2.71273e-134	1	1	better
mealpy	OriginalGWO	20	50	1153	47	1200	4.94899e-277	1.30653e-274	1	1	better
mealpy	ImprovedQSA	20	50	1121	79	1200	9.10264e-237	1.82053e-234	1	1	better
mealpy	OriginalFBIO	20	50	1158	42	1200	4.39231e-284	1.18592e-281	1	1	better
mealpy	OriginalBeesA	20	50	302	898	1200	1	1	2.38936e-69	6.35569e-67	worse
mealpy	BaseEFO	20	50	1125	75	1200	2.05178e-241	4.18564e-239	1	1	better
mealpy	OriginalSA	20	50	550	650	1200	0.998234	1	0.00212282	0.515845	not shown
mealpy	OriginalHC	20	50	218	982	1200	1	1	2.12933e-116	5.94084e-114	worse
mealpy	OriginalSHO	20	50	737	463	1200	1.23712e-15	9.5258e-14	1	1	better
mealpy	JADE	20	50	1141	59	1200	4.86568e-261	1.19209e-258	1	1	better
mealpy	OriginalCA	20	50	1116	84	1200	4.33323e-231	8.23313e-229	1	1	better
mealpy	EnhancedTWO	20	50	847	353	1200	1.36538e-47	1.21519e-45	1	1	better
mealpy	BaseSSA	20	50	1035	165	1200	1.07816e-154	1.53099e-152	1	1	better
mealpy	OriginalAOA	20	50	709	491	1200	1.68109e-10	1.244e-08	1	1	better
mealpy	OriginalQSA	20	50	1107	93	1200	3.25833e-221	5.93016e-219	1	1	better
mealpy	OriginalGOA	20	50	1155	45	1200	8.01255e-280	2.14736e-277	1	1	better
mealpy	EnhancedAEO	20	50	1134	66	1200	3.08504e-252	7.03389e-250	1	1	better
mealpy	OriginalGSKA	20	50	1136	64	1200	1.02444e-254	2.36646e-252	1	1	better
mealpy	PPSO	20	50	1157	43	1200	1.18396e-282	3.18484e-280	1	1	better
mealpy	OriginalCGO	20	50	1138	62	1200	3.18606e-257	7.45537e-255	1	1	better
mealpy	OriginalHGSO	20	50	979	221	1200	1.89704e-114	2.31439e-112	1	1	better
mealpy	OriginalSBO	20	50	1119	81	1200	1.76729e-234	3.42855e-232	1	1	better
mealpy	OppoTWO	20	50	808	392	1200	5.02821e-34	4.2237e-32	1	1	better
mealpy	OriginalASO	20	50	115	1085	1200	1	1	1.00151e-198	2.87433e-196	worse
mealpy	ModifiedSLO	20	50	1035	165	1200	1.07816e-154	1.53099e-152	1	1	better
mealpy	BaseVCS	20	50	1141	59	1200	4.86568e-261	1.19209e-258	1	1	better
mealpy	LSHADE	20	50	1137	63	1200	5.76077e-256	1.3365e-253	1	1	better
mealpy	OriginalEFO	20	50	1116	84	1200	4.33323e-231	8.23313e-229	1	1	better
mealpy	OriginalJA	20	50	812	388	1200	2.67204e-35	2.27123e-33	1	1	better
mealpy	OriginalGCO	20	50	426	774	1200	1	1	3.11182e-24	8.02849e-22	worse
mealpy	OriginalPSS	20	50	1131	69	1200	1.43156e-248	3.14944e-246	1	1	better
mealpy	OriginalEHO	20	50	1002	198	1200	5.74418e-130	7.41e-128	1	1	better
mealpy	OriginalSSA	20	50	957	243	1200	8.51803e-101	9.45501e-99	1	1	better
mealpy	OriginalSCA	20	50	766	434	1200	3.39645e-22	2.71716e-20	1	1	better
mealpy	OriginalBES	20	50	1133	67	1200	5.22672e-251	1.17078e-248	1	1	better
mealpy	BaseSBO	20	50	1061	139	1200	1.71844e-176	2.61203e-174	1	1	better
mealpy	BaseJA	20	50	970	230	1200	9.97194e-109	1.17669e-106	1	1	better
mealpy	OriginalSARO	20	50	1143	57	1200	1.27312e-263	3.15735e-261	1	1	better
mealpy	OriginalSRSR	20	50	1146	54	1200	1.48466e-267	3.78589e-265	1	1	better
mealpy	OriginalTWO	20	50	1071	129	1200	1.72403e-185	2.70672e-183	1	1	better
mealpy	OriginalWDO	20	50	927	273	1200	6.54447e-84	7.00258e-82	1	1	better
mealpy	AugmentedAEO	20	50	1134	66	1200	3.08504e-252	7.03389e-250	1	1	better
mealpy	OriginalWOA	20	50	1094	106	1200	1.1649e-207	1.94539e-205	1	1	better
mealpy	SADE	20	50	1128	72	1200	5.78976e-245	1.23322e-242	1	1	better
mealpy	OriginalBRO	20	50	242	958	1200	1	1	2.15686e-101	5.8451e-99	worse
mealpy	OriginalSSpiderO	20	50	654	546	1200	0.000998557	0.0659048	0.999179	1	not shown
mealpy	ProbBeesA	20	50	223	977	1200	1	1	3.68081e-113	1.0159e-110	worse
mealpy	OriginalFA	20	50	219	981	1200	1	1	9.56321e-116	2.64901e-113	worse
mealpy	OriginalCSA	20	50	284	916	1200	1	1	3.43685e-78	9.1764e-76	worse
mealpy	OriginalALO	20	50	258	11	269	1.19631e-62	1.1365e-60	1	1	better
mealpy	OriginalDO	20	50	437	763	1200	1	1	1.86048e-21	4.76282e-19	worse
mealpy	OriginalCHIO	20	50	337	863	1200	1	1	6.53804e-54	1.7195e-51	worse
mealpy	OriginalBSA	20	50	1138	62	1200	3.18606e-257	7.45537e-255	1	1	better
mealpy	LevyEP	20	50	965	235	1200	1.24469e-105	1.43139e-103	1	1	better
mealpy	OriginalICA	20	50	763	12	775	4.59974e-208	7.72757e-206	1	1	better
mealpy	ImprovedLCO	20	50	1116	84	1200	4.33323e-231	8.23313e-229	1	1	better
mealpy	OriginalMFO	20	50	234	966	1200	1	1	3.02285e-106	8.22216e-104	worse
mealpy	ImprovedAEO	20	50	1107	93	1200	3.25833e-221	5.93016e-219	1	1	better
mealpy	OriginalVCS	20	50	1064	136	1200	3.74597e-179	5.80625e-177	1	1	better
mealpy	AdaptiveBA	20	50	226	974	1200	1	1	3.0191e-111	8.27234e-109	worse
mealpy	MultiGA	20	50	1119	81	1200	1.76729e-234	3.42855e-232	1	1	better
mealpy	OriginalES	20	50	1141	59	1200	4.86568e-261	1.19209e-258	1	1	better
mealpy	LevyES	20	50	1154	46	1200	2.01373e-278	5.33639e-276	1	1	better
mealpy	OriginalEP	20	50	562	638	1200	0.986906	1	0.0151702	1	not shown
mealpy	BaseSMA	20	50	724	476	1200	4.17329e-13	3.12997e-11	1	1	better
mealpy	OriginalPSO	20	50	385	815	1200	1	1	2.84225e-36	7.38986e-34	worse
mealpy	FBUDGETSHADE	20	50	1141	59	1200	4.86568e-261	1.19209e-258	1	1	better
mealpy	OriginalFOA	20	50	117	1083	1200	1	1	8.69881e-197	2.48786e-194	worse
mealpy	BaseQSA	20	50	1131	69	1200	1.43156e-248	3.14944e-246	1	1	better
mealpy	BaseMFO	20	50	842	358	1200	1.04362e-45	9.18385e-44	1	1	better
mealpy	BaseDE	20	50	990	210	1200	1.05013e-121	1.32316e-119	1	1	better
mealpy	WhaleFOA	20	50	508	692	1200	1	1	6.02584e-08	1.51851e-05	worse
Baselines	DE	20	50	1133	65	1200	6.4135e-253	3.8481e-252	1	1	better
Baselines	RCobyla	20	50	1150	50	1200	6.45201e-273	5.16161e-272	1	1	better
Baselines	PSO	20	50	123	1034	1200	1	1	3.52668e-180	3.87934e-179	worse
Baselines	DiagonalCMA	20	50	1162	38	1200	6.48141e-290	7.12955e-289	1	1	better
Baselines	modcma	20	50	1153	47	1200	4.94899e-277	4.94899e-276	1	1	better
Baselines	modde	20	50	722	478	1200	9.70598e-13	1.9412e-12	1	1	better
Baselines	OnePlusOne	20	50	1143	57	1200	1.27312e-263	8.91187e-263	1	1	better
Baselines	Powell	20	50	1120	80	1200	1.27682e-235	6.38409e-235	1	1	better
Baselines	MultiBFGS	20	50	933	267	1200	3.90363e-87	1.56145e-86	1	1	better
Baselines	lshade	20	50	922	278	1200	2.79498e-81	8.38495e-81	1	1	better
Baselines	bipop	20	50	1153	47	1200	4.94899e-277	4.94899e-276	1	1	better
EVOLOPY	DE	20	100	1124	76	1200	3.04026e-240	5.8069e-238	1	1	better
EVOLOPY	JAYA	20	100	1075	125	1200	3.414e-189	4.88202e-187	1	1	better
EVOLOPY	PSO	20	100	1075	125	1200	3.414e-189	4.88202e-187	1	1	better
EVOLOPY	WOA	20	100	1135	65	1200	1.79217e-253	3.67395e-251	1	1	better
EVOLOPY	FFA	20	100	1092	108	1200	1.20805e-205	1.84831e-203	1	1	better
EVOLOPY	BAT	20	100	490	710	1200	1	1	1.15404e-10	2.90818e-08	worse
EVOLOPY	MVO	20	100	1131	69	1200	1.43156e-248	2.80586e-246	1	1	better
EVOLOPY	HHO	20	100	877	323	1200	8.15275e-60	7.419e-58	1	1	better
EVOLOPY	SCA	20	100	667	533	1200	6.07551e-05	0.00370606	0.999952	1	better
EVOLOPY	GA	20	100	932	65	997	9.48472e-198	1.38477e-195	1	1	better
EVOLOPY	MFO	20	100	1152	48	1200	1.18991e-275	2.93907e-273	1	1	better
EVOLOPY	CS	20	100	1085	115	1200	1.00151e-198	1.48223e-196	1	1	better
EVOLOPY	GWO	20	100	1140	60	1200	9.26188e-260	2.04688e-257	1	1	better
EVOLOPY	SSA	20	100	786	414	1200	1.76914e-27	1.37993e-25	1	1	better
NIAPY	DynamicFireworksAlgorithm	20	100	1138	62	1200	3.18606e-257	6.9456e-255	1	1	better
NIAPY	HarmonySearch	20	100	1108	92	1200	2.73197e-222	4.58971e-220	1	1	better
NIAPY	EvolutionStrategyMp1	20	100	1146	54	1200	1.48466e-267	3.48896e-265	1	1	better
NIAPY	MonarchButterflyOptimization	20	100	845	355	1200	7.82984e-47	6.57707e-45	1	1	better
NIAPY	CenterParticleSwarmOptimization	20	100	1107	93	1200	3.25833e-221	5.44141e-219	1	1	better
NIAPY	DynNpDifferentialEvolution	20	100	1099	101	1200	8.86823e-213	1.41005e-210	1	1	better
NIAPY	CamelAlgorithm	20	100	1062	138	1200	2.24644e-177	3.12255e-175	1	1	better
NIAPY	BatAlgorithm	20	100	952	248	1200	7.57781e-98	7.80515e-96	1	1	better
NIAPY	GlowwormSwarmOptimization	20	100	104	1096	1200	1	1	1.07796e-209	3.11529e-207	worse
NIAPY	BareBonesFireworksAlgorithm	20	100	1123	77	1200	4.44251e-239	8.39635e-237	1	1	better
NIAPY	CuckooSearch	20	100	1125	75	1200	2.05178e-241	3.93942e-239	1	1	better
NIAPY	GeneticAlgorithm	20	100	570	630	1200	0.960896	1	0.0442459	1	not shown
NIAPY	ParticleSwarmAlgorithm	20	100	1154	46	1200	2.01373e-278	5.0746e-276	1	1	better
NIAPY	MonkeyKingEvolutionV3	20	100	1138	62	1200	3.18606e-257	6.9456e-255	1	1	better
NIAPY	MonkeyKingEvolutionV2	20	100	805	395	1200	4.36687e-33	3.44983e-31	1	1	better
NIAPY	SineCosineAlgorithm	20	100	8	1192	1200	1	1	0	0	worse
NIAPY	EvolutionStrategy1p1	20	100	1039	161	1200	6.61411e-158	8.5322e-156	1	1	better
NIAPY	HarrisHawksOptimization	20	100	1156	44	1200	3.11617e-281	7.91506e-279	1	1	better
NIAPY	ParticleSwarmOptimization	20	100	722	478	1200	9.70598e-13	7.08536e-11	1	1	better
NIAPY	ForestOptimizationAlgorithm	20	100	1116	84	1200	4.33323e-231	7.79981e-229	1	1	better
NIAPY	EnhancedFireworksAlgorithm	20	100	1158	42	1200	4.39231e-284	1.12882e-281	1	1	better
NIAPY	MultiStrategyDifferentialEvolution	20	100	695	505	1200	2.28912e-08	1.5566e-06	1	1	better
NIAPY	MutatedParticleSwarmOptimization	20	100	1115	85	1200	5.6952e-230	1.01374e-227	1	1	better
NIAPY	ComprehensiveLearningParticleSwarmOptimizer	20	100	1044	156	1200	5.43514e-162	7.17438e-160	1	1	better
NIAPY	KrillHerd	20	100	675	525	1200	8.29229e-06	0.000514122	0.999994	1	better
NIAPY	FishSchoolSearch	20	100	517	683	1200	0.999999	1	9.19472e-07	0.000228029	worse
NIAPY	MutatedCenterUnifiedParticleSwarmOptimization	20	100	1148	52	1200	3.2208e-270	7.76213e-268	1	1	better
NIAPY	MutatedCenterParticleSwarmOptimization	20	100	1122	78	1200	6.40261e-238	1.19089e-235	1	1	better
NIAPY	GlowwormSwarmOptimizationV2	20	100	95	1105	1200	1	1	4.47688e-219	1.30277e-216	worse
NIAPY	CatSwarmOptimization	20	100	1149	51	1200	1.45624e-271	3.53867e-269	1	1	better
NIAPY	DifferentialEvolution	20	100	688	512	1200	2.09097e-07	1.38004e-05	1	1	better
NIAPY	FireworksAlgorithm	20	100	1110	90	1200	1.85408e-224	3.24465e-222	1	1	better
NIAPY	MothFlameOptimizer	20	100	210	990	1200	1	1	1.05013e-121	2.90886e-119	worse
NIAPY	DynNpMultiStrategyDifferentialEvolution	20	100	703	497	1200	1.4966e-09	1.04762e-07	1	1	better
NIAPY	EvolutionStrategyML	20	100	1123	77	1200	4.44251e-239	8.39635e-237	1	1	better
NIAPY	GreyWolfOptimizer	20	100	1145	55	1200	3.09647e-266	7.21477e-264	1	1	better
NIAPY	HarmonySearchV1	20	100	1097	103	1200	1.02082e-210	1.60269e-208	1	1	better
NIAPY	BeesAlgorithm	20	100	1008	192	1200	3.07535e-134	3.62892e-132	1	1	better
NIAPY	GlowwormSwarmOptimizationV1	20	100	107	1093	1200	1	1	1.19235e-206	3.43398e-204	worse
NIAPY	GlowwormSwarmOptimizationV3	20	100	95	1105	1200	1	1	4.47688e-219	1.30277e-216	worse
NIAPY	LionOptimizationAlgorithm	20	100	1155	45	1200	8.01255e-280	2.02718e-277	1	1	better
NIAPY	ArtificialBeeColonyAlgorithm	20	100	1137	63	1200	5.76077e-256	1.22704e-253	1	1	better
NIAPY	AgingNpDifferentialEvolution	20	100	704	496	1200	1.04834e-09	7.44318e-08	1	1	better
NIAPY	OppositionVelocityClampingParticleSwarmOptimization	20	100	681	519	1200	1.62492e-06	0.000103995	0.999999	1	better
NIAPY	CoralReefsOptimization	20	100	188	1012	1200	1	1	3.86183e-137	1.07745e-134	worse
NIAPY	BacterialForagingOptimization	20	100	153	1047	1200	1	1	1.76165e-164	4.93263e-162	worse
NIAPY	DynamicFireworksAlgorithmGauss	20	100	1132	68	1200	8.71728e-250	1.73474e-247	1	1	better
NIAPY	ClonalSelectionAlgorithm	20	100	117	1083	1200	1	1	8.69881e-197	2.47916e-194	worse
NIAPY	GravitationalSearchAlgorithm	20	100	584	616	1200	0.829609	1	0.185425	1	not shown
NIAPY	MonkeyKingEvolutionV1	20	100	771	429	1200	1.85766e-23	1.41182e-21	1	1	better
NIAPY	EvolutionStrategyMpL	20	100	1135	65	1200	1.79217e-253	3.67395e-251	1	1	better
NIAPY	FireflyAlgorithm	20	100	270	930	1200	1	1	1.63298e-85	4.40905e-83	worse
NIAPY	FlowerPollinationAlgorithm	20	100	1090	110	1200	1.20305e-203	1.8166e-201	1	1	better
OPYTIMIZER	SA	20	100	988	212	1200	2.30571e-120	2.5824e-118	1	1	better
OPYTIMIZER	GOGHS	20	100	1103	97	1200	5.87757e-217	9.52167e-215	1	1	better
OPYTIMIZER	QSA	20	100	1093	107	1200	1.19235e-206	1.83622e-204	1	1	better
OPYTIMIZER	SGHS	20	100	1049	151	1200	3.71717e-166	4.94383e-164	1	1	better
OPYTIMIZER	DE	20	100	1171	29	1200	9.47285e-304	2.62398e-301	1	1	better
OPYTIMIZER	RFO	20	100	1184	16	1200	0	0	1	1	better
OPYTIMIZER	PPA	20	100	885	315	1200	2.38157e-63	2.2625e-61	1	1	better
OPYTIMIZER	EHO	20	100	1148	52	1200	3.2208e-270	7.76213e-268	1	1	better
OPYTIMIZER	AEO	20	100	1189	11	1200	0	0	1	1	better
OPYTIMIZER	ABO	20	100	1092	108	1200	1.20805e-205	1.84831e-203	1	1	better
OPYTIMIZER	GHS	20	100	971	229	1200	2.35813e-109	2.49961e-107	1	1	better
OPYTIMIZER	PVS	20	100	986	214	1200	4.94816e-119	5.49246e-117	1	1	better
OPYTIMIZER	BWO	20	100	958	62	1020	1.55551e-207	2.41104e-205	1	1	better
OPYTIMIZER	PSO	20	100	1179	21	1200	4.465e-317	1.27699e-314	1	1	better
OPYTIMIZER	BSO	20	100	1118	82	1200	2.4142e-233	4.41799e-231	1	1	better
OPYTIMIZER	CSA	20	100	883	317	1200	1.86884e-62	1.75671e-60	1	1	better
OPYTIMIZER	SSO	20	100	1158	42	1200	4.39231e-284	1.12882e-281	1	1	better
OPYTIMIZER	WOA	20	100	1181	19	1200	1.34336e-320	3.85546e-318	1	1	better
OPYTIMIZER	BA	20	100	1025	175	1200	7.11841e-147	8.68446e-145	1	1	better
OPYTIMIZER	HS	20	100	971	229	1200	2.35813e-109	2.49961e-107	1	1	better
OPYTIMIZER	JS	20	100	1109	91	1200	2.26397e-223	3.91667e-221	1	1	better
OPYTIMIZER	SOS	20	100	1195	5	1200	0	0	1	1	better
OPYTIMIZER	GS	20	100	7	1193	1200	1	1	0	0	worse
OPYTIMIZER	EFO	20	100	1090	110	1200	1.20305e-203	1.8166e-201	1	1	better
OPYTIMIZER	GSA	20	100	460	740	1200	1	1	2.97168e-16	7.57777e-14	worse
OPYTIMIZER	ESA	20	100	839	361	1200	1.3423e-44	1.10068e-42	1	1	better
OPYTIMIZER	BOA	20	100	87	212	299	1	1	1.68466e-13	4.26218e-11	worse
OPYTIMIZER	HC	20	100	123	1077	1200	1	1	4.55567e-191	1.29381e-188	worse
OPYTIMIZER	ABC	20	100	1109	91	1200	2.26397e-223	3.91667e-221	1	1	better
OPYTIMIZER	RRA	20	100	1149	51	1200	1.45624e-271	3.53867e-269	1	1	better
OPYTIMIZER	NDS	20	100	7	1193	1200	1	1	0	0	worse
OPYTIMIZER	NBJS	20	100	1103	97	1200	5.87757e-217	9.52167e-215	1	1	better
OPYTIMIZER	SSD	20	100	500	700	1200	1	1	4.26768e-09	1.06692e-06	worse
OPYTIMIZER	CEM	20	100	842	358	1200	1.04362e-45	8.66204e-44	1	1	better
OPYTIMIZER	AOA	20	100	920	280	1200	3.05041e-80	3.05041e-78	1	1	better
OPYTIMIZER	MRFO	20	100	1176	24	1200	6.02618e-312	1.69938e-309	1	1	better
OPYTIMIZER	ASO	20	100	133	1067	1200	1	1	7.58052e-182	2.14529e-179	worse
OPYTIMIZER	SFO	20	100	978	222	1200	8.37928e-114	9.21721e-112	1	1	better
OPYTIMIZER	IHS	20	100	963	237	1200	2.07722e-104	2.16031e-102	1	1	better
OPYTIMIZER	COA	20	100	1182	18	1200	2.17389e-322	6.2608e-320	1	1	better
OPYTIMIZER	GOA	20	100	1164	36	1200	6.71935e-293	1.80751e-290	1	1	better
OPYTIMIZER	STOA	20	100	277	923	1200	1	1	8.4014e-82	2.25998e-79	worse
OPYTIMIZER	MVPA	20	100	1082	118	1200	7.99289e-196	1.15897e-193	1	1	better
OPYTIMIZER	ES	20	100	1159	41	1200	1.59022e-285	4.13457e-283	1	1	better
OPYTIMIZER	AIWPSO	20	100	1166	34	1200	6.22133e-296	1.6922e-293	1	1	better
OPYTIMIZER	ISA	20	100	285	645	930	1	1	4.35144e-33	1.12702e-30	worse
OPYTIMIZER	EO	20	100	1190	10	1200	0	0	1	1	better
OPYTIMIZER	AF	20	100	50	891	941	1	1	2.3804e-200	6.83176e-198	worse
OPYTIMIZER	DOA	20	100	1118	82	1200	2.4142e-233	4.41799e-231	1	1	better
OPYTIMIZER	PIO	20	100	1039	161	1200	6.61411e-158	8.5322e-156	1	1	better
OPYTIMIZER	HHO	20	100	1167	33	1200	1.81091e-297	4.98001e-295	1	1	better
OPYTIMIZER	BSA	20	100	1008	192	1200	3.07535e-134	3.62892e-132	1	1	better
OPYTIMIZER	TEO	20	100	562	73	635	9.73461e-95	9.9293e-93	1	1	better
OPYTIMIZER	FA	20	100	336	864	1200	1	1	2.54349e-54	6.68937e-52	worse
OPYTIMIZER	WWO	20	100	1060	20	1080	1.26283e-283	3.22021e-281	1	1	better
OPYTIMIZER	IWO	20	100	990	210	1200	1.05013e-121	1.18665e-119	1	1	better
OPYTIMIZER	KH	20	100	1132	68	1200	8.71728e-250	1.73474e-247	1	1	better
OPYTIMIZER	FOA	20	100	1159	41	1200	1.59022e-285	4.13457e-283	1	1	better
OPYTIMIZER	RPSO	20	100	1169	31	1200	1.39804e-300	3.8586e-298	1	1	better
OPYTIMIZER	SCA	20	100	730	470	1200	3.0555e-14	2.26107e-12	1	1	better
OPYTIMIZER	OSA	20	100	855	345	1200	1.07556e-50	9.35735e-49	1	1	better
OPYTIMIZER	WDO	20	100	588	612	1200	0.764749	1	0.253369	1	not shown
OPYTIMIZER	LSA	20	100	1183	17	1200	0	0	1	1	better
OPYTIMIZER	VPSO	20	100	1177	23	1200	1.2277e-313	3.4744e-311	1	1	better
OPYTIMIZER	SBO	20	100	1162	38	1200	6.48141e-290	1.71757e-287	1	1	better
OPYTIMIZER	GA	20	100	1189	11	1200	0	0	1	1	better
OPYTIMIZER	MFO	20	100	999	201	1200	7.23426e-128	8.31939e-126	1	1	better
OPYTIMIZER	CS	20	100	1174	26	1200	1.28335e-308	3.58054e-306	1	1	better
OPYTIMIZER	FSO	20	100	821	379	1200	2.90182e-38	2.32146e-36	1	1	better
OPYTIMIZER	NGHS	20	100	1086	114	1200	1.05932e-199	1.57839e-197	1	1	better
OPYTIMIZER	GCO	20	100	1042	158	1200	2.39201e-160	3.10961e-158	1	1	better
OPYTIMIZER	TWO	20	100	1185	15	1200	0	0	1	1	better
OPYTIMIZER	WEO	20	100	1031	169	1200	1.57118e-151	1.96398e-149	1	1	better
OPYTIMIZER	GWO	20	100	1167	33	1200	1.81091e-297	4.98001e-295	1	1	better
OPYTIMIZER	SAVPSO	20	100	1186	14	1200	0	0	1	1	better
OPYTIMIZER	FFOA	20	100	525	675	1200	0.999994	1	8.29229e-06	0.0020399	worse
OPYTIMIZER	AIG	20	100	1164	36	1200	6.71935e-293	1.80751e-290	1	1	better
OPYTIMIZER	BH	20	100	1116	84	1200	4.33323e-231	7.79981e-229	1	1	better
OPYTIMIZER	CI	20	100	68	9	77	1.22441e-12	8.81576e-11	1	1	better
OPYTIMIZER	SSA	20	100	1104	96	1200	5.15861e-218	8.46012e-216	1	1	better
OPYTIMIZER	AO	20	100	881	319	1200	1.44166e-61	1.34074e-59	1	1	better
OPYTIMIZER	MVO	20	100	28	1	29	5.58794e-08	3.74392e-06	1	1	better
mealpy	LevyTWO	20	100	328	872	1200	1	1	1.14988e-57	3.05869e-55	worse
mealpy	OriginalTLO	20	100	1153	47	1200	4.94899e-277	1.23725e-274	1	1	better
mealpy	GWO	20	100	1141	59	1200	4.86568e-261	1.08505e-258	1	1	better
mealpy	OriginalBBO	20	100	1137	63	1200	5.76077e-256	1.22704e-253	1	1	better
mealpy	ABFO	20	100	481	681	1162	1	1	2.43128e-09	6.1025e-07	worse
mealpy	OriginalWHO	20	100	1153	47	1200	4.94899e-277	1.23725e-274	1	1	better
mealpy	OriginalFFA	20	100	522	678	1200	0.999997	1	3.72498e-06	0.000920069	worse
mealpy	BaseSARO	20	100	1175	25	1200	2.83723e-310	7.97261e-308	1	1	better
mealpy	OriginalSMA	20	100	527	673	1200	0.999989	1	1.39098e-05	0.00340791	worse
mealpy	SingleGA	20	100	1135	65	1200	1.79217e-253	3.67395e-251	1	1	better
mealpy	OriginalSSDO	20	100	866	334	1200	3.80213e-55	3.3839e-53	1	1	better
mealpy	OriginalFPA	20	100	1115	85	1200	5.6952e-230	1.01374e-227	1	1	better
mealpy	OriginalSSO	20	100	855	345	1200	1.07556e-50	9.35735e-49	1	1	better
mealpy	OriginalMA	20	100	666	534	1200	7.68072e-05	0.00460843	0.999939	1	better
mealpy	OriginalCEM	20	100	253	947	1200	1	1	5.93923e-95	1.62141e-92	worse
mealpy	OCRO	20	100	1118	82	1200	2.4142e-233	4.41799e-231	1	1	better
mealpy	OriginalBA	20	100	31	809	840	1	1	4.42576e-197	1.26577e-194	worse
mealpy	OriginalAEO	20	100	1162	38	1200	6.48141e-290	1.71757e-287	1	1	better
mealpy	OriginalBSO	20	100	1164	36	1200	6.71935e-293	1.80751e-290	1	1	better
mealpy	OriginalBFO	20	100	94	1106	1200	1	1	3.8413e-220	1.12166e-217	worse
mealpy	ImprovedSLO	20	100	1055	145	1200	2.90932e-171	3.95668e-169	1	1	better
mealpy	OriginalLCO	20	100	1143	57	1200	1.27312e-263	2.90272e-261	1	1	better
mealpy	OriginalHGS	20	100	1126	74	1200	1.36526e-242	2.63495e-240	1	1	better
mealpy	BaseALO	20	100	484	6	490	5.90468e-135	7.02657e-133	1	1	better
mealpy	CPSO	20	100	893	307	1200	5.28723e-67	5.07574e-65	1	1	better
mealpy	OriginalEO	20	100	1147	53	1200	6.98302e-269	1.66196e-266	1	1	better
mealpy	DE	20	100	329	871	1200	1	1	3.05539e-57	8.09677e-55	worse
mealpy	ModifiedBA	20	100	974	226	1200	3.0191e-111	3.29082e-109	1	1	better
mealpy	BaseTLO	20	100	1144	56	1200	6.33725e-265	1.45757e-262	1	1	better
mealpy	OriginalPFA	20	100	678	522	1200	3.72498e-06	0.000234673	0.999997	1	better
mealpy	BaseFOA	20	100	433	767	1200	1	1	1.91304e-22	4.93564e-20	worse
mealpy	OriginalGBO	20	100	1133	67	1200	5.22672e-251	1.04534e-248	1	1	better
mealpy	TVAC	20	100	1162	38	1200	6.48141e-290	1.71757e-287	1	1	better
mealpy	BaseFBIO	20	100	1165	35	1200	2.07448e-294	5.60108e-292	1	1	better
mealpy	ImprovedBSO	20	100	1129	71	1200	3.68862e-246	7.1928e-244	1	1	better
mealpy	OriginalAO	20	100	340	860	1200	1	1	1.08345e-52	2.83865e-50	worse
mealpy	BaseGSKA	20	100	1145	55	1200	3.09647e-266	7.21477e-264	1	1	better
mealpy	BaseLCO	20	100	866	34	900	6.17026e-210	9.62561e-208	1	1	better
mealpy	OriginalSSpiderA	20	100	785	415	1200	3.36428e-27	2.5905e-25	1	1	better
mealpy	BaseHS	20	100	1153	47	1200	4.94899e-277	1.23725e-274	1	1	better
mealpy	AdaptiveEO	20	100	1146	54	1200	1.48466e-267	3.48896e-265	1	1	better
mealpy	OriginalWCA	20	100	17	2	19	0.000364304	0.0214939	0.999962	1	better
mealpy	OriginalMRFO	20	100	1175	25	1200	2.83723e-310	7.97261e-308	1	1	better
mealpy	OriginalEOA	20	100	1039	161	1200	6.61411e-158	8.5322e-156	1	1	better
mealpy	OriginalABC	20	100	1110	90	1200	1.85408e-224	3.24465e-222	1	1	better
mealpy	ModifiedAEO	20	100	1150	50	1200	6.45201e-273	1.57429e-270	1	1	better
mealpy	OriginalSFO	20	100	1028	172	1200	3.44768e-149	4.24064e-147	1	1	better
mealpy	BaseBBO	20	100	1143	57	1200	1.27312e-263	2.90272e-261	1	1	better
mealpy	OriginalNMRA	20	100	1024	176	1200	4.15137e-146	5.02316e-144	1	1	better
mealpy	OriginalACOR	20	100	1033	167	1200	4.17329e-153	5.25834e-151	1	1	better
mealpy	ImprovedSFO	20	100	1067	133	1200	7.58052e-182	1.06127e-179	1	1	better
mealpy	OriginalCRO	20	100	1113	87	1200	9.47456e-228	1.66752e-225	1	1	better
mealpy	LevyJA	20	100	1132	68	1200	8.71728e-250	1.73474e-247	1	1	better
mealpy	OriginalHS	20	100	1124	76	1200	3.04026e-240	5.8069e-238	1	1	better
mealpy	OriginalCSO	20	100	444	756	1200	1	1	8.68881e-20	2.23302e-17	worse
mealpy	OriginalCOA	20	100	1029	171	1200	5.75507e-150	7.13629e-148	1	1	better
mealpy	LevyQSA	20	100	1136	64	1200	1.02444e-254	2.13084e-252	1	1	better
mealpy	OppoQSA	20	100	1145	55	1200	3.09647e-266	7.21477e-264	1	1	better
mealpy	BaseBRO	20	100	865	335	1200	9.85426e-55	8.67175e-53	1	1	better
mealpy	OriginalSLO	20	100	1044	156	1200	5.43514e-162	7.17438e-160	1	1	better
mealpy	OriginalMVO	20	100	1137	63	1200	5.76077e-256	1.22704e-253	1	1	better
mealpy	CLPSO	20	100	1162	38	1200	6.48141e-290	1.71757e-287	1	1	better
mealpy	OriginalNRO	20	100	1123	77	1200	4.44251e-239	8.39635e-237	1	1	better
mealpy	BaseSCA	20	100	915	285	1200	1.1069e-77	1.09583e-75	1	1	better
mealpy	BaseGCO	20	100	700	500	1200	4.26768e-09	2.9447e-07	1	1	better
mealpy	OriginalArchOA	20	100	1098	72	1170	9.50563e-237	1.75854e-234	1	1	better
mealpy	SwarmHC	20	100	296	904	1200	1	1	3.17035e-72	8.49653e-70	worse
mealpy	ImprovedTLO	20	100	1056	144	1200	3.98984e-172	5.46608e-170	1	1	better
mealpy	OriginalMSA	20	100	1179	21	1200	4.465e-317	1.27699e-314	1	1	better
mealpy	WOA	20	100	1107	93	1200	3.25833e-221	5.44141e-219	1	1	better
mealpy	OriginalIWO	20	100	1135	65	1200	1.79217e-253	3.67395e-251	1	1	better
mealpy	BaseGA	20	100	1140	60	1200	9.26188e-260	2.04688e-257	1	1	better
mealpy	ModifiedEO	20	100	1167	33	1200	1.81091e-297	4.98001e-295	1	1	better
mealpy	ImprovedNMRA	20	100	1136	64	1200	1.02444e-254	2.13084e-252	1	1	better
mealpy	BaseCHIO	20	100	258	942	1200	1	1	4.10868e-92	1.11756e-89	worse
mealpy	OriginalHHO	20	100	1009	191	1200	5.84353e-135	7.01223e-133	1	1	better
mealpy	OriginalGWO	20	100	1166	34	1200	6.22133e-296	1.6922e-293	1	1	better
mealpy	ImprovedQSA	20	100	1138	62	1200	3.18606e-257	6.9456e-255	1	1	better
mealpy	OriginalFBIO	20	100	1172	28	1200	2.34187e-305	6.51039e-303	1	1	better
mealpy	OriginalBeesA	20	100	359	841	1200	1	1	2.45487e-45	6.4072e-43	worse
mealpy	BaseEFO	20	100	1148	52	1200	3.2208e-270	7.76213e-268	1	1	better
mealpy	OriginalSA	20	100	903	297	1200	9.67079e-72	9.47738e-70	1	1	better
mealpy	OriginalHC	20	100	211	989	1200	1	1	4.93479e-121	1.362e-118	worse
mealpy	OriginalSHO	20	100	683	517	1200	9.19472e-07	5.97657e-05	0.999999	1	better
mealpy	JADE	20	100	1140	60	1200	9.26188e-260	2.04688e-257	1	1	better
mealpy	OriginalCA	20	100	1074	126	1200	2.91616e-188	4.11178e-186	1	1	better
mealpy	EnhancedTWO	20	100	973	227	1200	1.29755e-110	1.40135e-108	1	1	better
mealpy	BaseSSA	20	100	1054	146	1200	2.10491e-170	2.84163e-168	1	1	better
mealpy	OriginalAOA	20	100	593	607	1200	0.667488	1	0.353735	1	not shown
mealpy	OriginalQSA	20	100	1141	59	1200	4.86568e-261	1.08505e-258	1	1	better
mealpy	OriginalGOA	20	100	1154	46	1200	2.01373e-278	5.0746e-276	1	1	better
mealpy	EnhancedAEO	20	100	1144	56	1200	6.33725e-265	1.45757e-262	1	1	better
mealpy	OriginalGSKA	20	100	1138	62	1200	3.18606e-257	6.9456e-255	1	1	better
mealpy	PPSO	20	100	1152	48	1200	1.18991e-275	2.93907e-273	1	1	better
mealpy	OriginalCGO	20	100	1160	40	1200	5.61541e-287	1.46562e-284	1	1	better
mealpy	OriginalHGSO	20	100	932	268	1200	1.3616e-86	1.37522e-84	1	1	better
mealpy	OriginalSBO	20	100	1135	65	1200	1.79217e-253	3.67395e-251	1	1	better
mealpy	OppoTWO	20	100	848	352	1200	5.66766e-48	4.81751e-46	1	1	better
mealpy	OriginalASO	20	100	89	1111	1200	1	1	1.50037e-225	4.39609e-223	worse
mealpy	ModifiedSLO	20	100	1085	115	1200	1.00151e-198	1.48223e-196	1	1	better
mealpy	BaseVCS	20	100	1159	41	1200	1.59022e-285	4.13457e-283	1	1	better
mealpy	LSHADE	20	100	1147	53	1200	6.98302e-269	1.66196e-266	1	1	better
mealpy	OriginalEFO	20	100	1109	91	1200	2.26397e-223	3.91667e-221	1	1	better
mealpy	OriginalJA	20	100	825	375	1200	1.26495e-39	1.02461e-37	1	1	better
mealpy	OriginalGCO	20	100	549	651	1200	0.998535	1	0.00176628	0.430972	not shown
mealpy	OriginalPSS	20	100	1137	63	1200	5.76077e-256	1.22704e-253	1	1	better
mealpy	OriginalEHO	20	100	973	227	1200	1.29755e-110	1.40135e-108	1	1	better
mealpy	OriginalSSA	20	100	993	207	1200	9.77535e-124	1.11439e-121	1	1	better
mealpy	OriginalSCA	20	100	898	302	1200	2.38936e-69	2.31767e-67	1	1	better
mealpy	OriginalBES	20	100	1109	91	1200	2.26397e-223	3.91667e-221	1	1	better
mealpy	BaseSBO	20	100	1080	120	1200	6.56188e-194	9.4491e-192	1	1	better
mealpy	BaseJA	20	100	1061	139	1200	1.71844e-176	2.37145e-174	1	1	better
mealpy	OriginalSARO	20	100	1163	37	1200	2.1158e-291	5.62804e-289	1	1	better
mealpy	OriginalSRSR	20	100	1147	53	1200	6.98302e-269	1.66196e-266	1	1	better
mealpy	OriginalTWO	20	100	1099	101	1200	8.86823e-213	1.41005e-210	1	1	better
mealpy	OriginalWDO	20	100	872	328	1200	1.14988e-57	1.0349e-55	1	1	better
mealpy	AugmentedAEO	20	100	1143	57	1200	1.27312e-263	2.90272e-261	1	1	better
mealpy	OriginalWOA	20	100	1109	91	1200	2.26397e-223	3.91667e-221	1	1	better
mealpy	SADE	20	100	1138	62	1200	3.18606e-257	6.9456e-255	1	1	better
mealpy	OriginalBRO	20	100	211	989	1200	1	1	4.93479e-121	1.362e-118	worse
mealpy	OriginalSSpiderO	20	100	641	559	1200	0.00966784	0.560735	0.99173	1	not shown
mealpy	ProbBeesA	20	100	212	988	1200	1	1	2.30571e-120	6.31765e-118	worse
mealpy	OriginalFA	20	100	260	940	1200	1	1	5.42855e-91	1.47114e-88	worse
mealpy	OriginalCSA	20	100	331	869	1200	1	1	2.13039e-56	5.62424e-54	worse
mealpy	OriginalALO	20	100	256	13	269	5.12801e-60	4.71777e-58	1	1	better
mealpy	OriginalDO	20	100	364	836	1200	1	1	1.66628e-43	4.33233e-41	worse
mealpy	OriginalCHIO	20	100	464	736	1200	1	1	1.97637e-15	5.01997e-13	worse
mealpy	OriginalBSA	20	100	1151	49	1200	2.80013e-274	6.86033e-272	1	1	better
mealpy	LevyEP	20	100	1128	72	1200	5.78976e-245	1.12321e-242	1	1	better
mealpy	OriginalICA	20	100	768	7	775	1.64664e-217	2.68403e-215	1	1	better
mealpy	ImprovedLCO	20	100	1106	94	1200	3.8413e-220	6.33815e-218	1	1	better
mealpy	OriginalMFO	20	100	206	994	1200	1	1	2.0326e-124	5.65064e-122	worse
mealpy	ImprovedAEO	20	100	1120	80	1200	1.27682e-235	2.34934e-233	1	1	better
mealpy	OriginalVCS	20	100	1052	148	1200	1.0765e-168	1.4425e-166	1	1	better
mealpy	AdaptiveBA	20	100	148	1052	1200	1	1	1.0765e-168	3.02495e-166	worse
mealpy	MultiGA	20	100	1136	64	1200	1.02444e-254	2.13084e-252	1	1	better
mealpy	OriginalES	20	100	1142	58	1200	2.51136e-262	5.62544e-260	1	1	better
mealpy	LevyES	20	100	1179	21	1200	4.465e-317	1.27699e-314	1	1	better
mealpy	OriginalEP	20	100	515	685	1200	1	1	5.13507e-07	0.000127863	worse
mealpy	BaseSMA	20	100	740	460	1200	2.97168e-16	2.22876e-14	1	1	better
mealpy	OriginalPSO	20	100	306	894	1200	1	1	1.81152e-67	4.83676e-65	worse
mealpy	FBUDGETSHADE	20	100	1143	57	1200	1.27312e-263	2.90272e-261	1	1	better
mealpy	OriginalFOA	20	100	137	1063	1200	1	1	2.91281e-178	8.21413e-176	worse
mealpy	BaseQSA	20	100	1137	63	1200	5.76077e-256	1.22704e-253	1	1	better
mealpy	BaseMFO	20	100	1001	199	1200	2.8966e-129	3.36005e-127	1	1	better
mealpy	BaseDE	20	100	1101	99	1200	7.37961e-215	1.18074e-212	1	1	better
mealpy	WhaleFOA	20	100	456	744	1200	1	1	4.22646e-17	1.08197e-14	worse
Baselines	DE	20	100	1132	67	1200	9.87033e-251	6.90923e-250	1	1	better
Baselines	RCobyla	20	100	1143	57	1200	1.27312e-263	1.0185e-262	1	1	better
Baselines	PSO	20	100	86	1095	1200	1	1	9.34291e-224	1.02772e-222	worse
Baselines	DiagonalCMA	20	100	1164	36	1200	6.71935e-293	7.39129e-292	1	1	better
Baselines	modcma	20	100	1151	49	1200	2.80013e-274	2.80013e-273	1	1	better
Baselines	modde	20	100	952	248	1200	7.57781e-98	2.27334e-97	1	1	better
Baselines	OnePlusOne	20	100	1127	73	1200	8.95539e-244	4.47769e-243	1	1	better
Baselines	Powell	20	100	1131	69	1200	1.43156e-248	8.58938e-248	1	1	better
Baselines	MultiBFGS	20	100	944	256	1200	3.04908e-93	6.09816e-93	1	1	better
Baselines	lshade	20	100	1089	111	1200	1.1827e-202	4.73079e-202	1	1	better
Baselines	bipop	20	100	1151	49	1200	2.80013e-274	2.80013e-273	1	1	better
EVOLOPY	DE	20	500	1119	81	1200	1.76729e-234	2.88069e-232	1	1	better
EVOLOPY	JAYA	20	500	1070	130	1200	1.42202e-184	1.83441e-182	1	1	better
EVOLOPY	PSO	20	500	1143	57	1200	1.27312e-263	2.46986e-261	1	1	better
EVOLOPY	WOA	20	500	1138	62	1200	3.18606e-257	5.8942e-255	1	1	better
EVOLOPY	FFA	20	500	1153	47	1200	4.94899e-277	1.05413e-274	1	1	better
EVOLOPY	BAT	20	500	597	603	1200	0.580065	1	0.442621	1	not shown
EVOLOPY	MVO	20	500	1171	29	1200	9.47285e-304	2.33979e-301	1	1	better
EVOLOPY	HHO	20	500	863	337	1200	6.53804e-54	5.42657e-52	1	1	better
EVOLOPY	SCA	20	500	1097	103	1200	1.02082e-210	1.43936e-208	1	1	better
EVOLOPY	GA	20	500	964	33	997	4.7196e-239	7.74014e-237	1	1	better
EVOLOPY	MFO	20	500	1142	58	1200	2.51136e-262	4.77158e-260	1	1	better
EVOLOPY	CS	20	500	1157	43	1200	1.18396e-282	2.6047e-280	1	1	better
EVOLOPY	GWO	20	500	1167	33	1200	1.81091e-297	4.30997e-295	1	1	better
EVOLOPY	SSA	20	500	1023	177	1200	2.40501e-145	2.57336e-143	1	1	better
NIAPY	DynamicFireworksAlgorithm	20	500	1174	26	1200	1.28335e-308	3.28537e-306	1	1	better
NIAPY	HarmonySearch	20	500	1105	95	1200	4.47688e-219	6.62578e-217	1	1	better
NIAPY	EvolutionStrategyMp1	20	500	1173	27	1200	5.58515e-307	1.40746e-304	1	1	better
NIAPY	MonarchButterflyOptimization	20	500	737	463	1200	1.23712e-15	8.78353e-14	1	1	better
NIAPY	CenterParticleSwarmOptimization	20	500	1141	59	1200	4.86568e-261	9.14747e-259	1	1	better
NIAPY	DynNpDifferentialEvolution	20	500	1079	121	1200	5.86366e-193	7.97457e-191	1	1	better
NIAPY	CamelAlgorithm	20	500	1079	121	1200	5.86366e-193	7.97457e-191	1	1	better
NIAPY	BatAlgorithm	20	500	935	265	1200	3.16259e-88	2.84633e-86	1	1	better
NIAPY	GlowwormSwarmOptimization	20	500	353	847	1200	1	1	1.36538e-47	3.64557e-45	worse
NIAPY	BareBonesFireworksAlgorithm	20	500	1088	112	1200	1.15126e-201	1.60025e-199	1	1	better
NIAPY	CuckooSearch	20	500	1166	34	1200	6.22133e-296	1.46823e-293	1	1	better
NIAPY	GeneticAlgorithm	20	500	583	617	1200	0.84384	1	0.170391	1	not shown
NIAPY	ParticleSwarmAlgorithm	20	500	1192	8	1200	0	0	1	1	better
NIAPY	MonkeyKingEvolutionV3	20	500	1110	90	1200	1.85408e-224	2.85529e-222	1	1	better
NIAPY	MonkeyKingEvolutionV2	20	500	1143	57	1200	1.27312e-263	2.46986e-261	1	1	better
NIAPY	SineCosineAlgorithm	20	500	2	1198	1200	1	1	0	0	worse
NIAPY	EvolutionStrategy1p1	20	500	1000	200	1200	1.45191e-128	1.46643e-126	1	1	better
NIAPY	HarrisHawksOptimization	20	500	1176	24	1200	6.02618e-312	1.59091e-309	1	1	better
NIAPY	ParticleSwarmOptimization	20	500	671	529	1200	2.30327e-05	0.00131286	0.999982	1	better
NIAPY	ForestOptimizationAlgorithm	20	500	1140	60	1200	9.26188e-260	1.72271e-257	1	1	better
NIAPY	EnhancedFireworksAlgorithm	20	500	1172	28	1200	2.34187e-305	5.83125e-303	1	1	better
NIAPY	MultiStrategyDifferentialEvolution	20	500	1077	123	1200	4.55567e-191	6.05904e-189	1	1	better
NIAPY	MutatedParticleSwarmOptimization	20	500	1144	56	1200	6.33725e-265	1.26111e-262	1	1	better
NIAPY	ComprehensiveLearningParticleSwarmOptimizer	20	500	1186	14	1200	0	0	1	1	better
NIAPY	KrillHerd	20	500	515	685	1200	1	1	5.13507e-07	0.00012889	worse
NIAPY	FishSchoolSearch	20	500	1110	90	1200	1.85408e-224	2.85529e-222	1	1	better
NIAPY	MutatedCenterUnifiedParticleSwarmOptimization	20	500	1166	34	1200	6.22133e-296	1.46823e-293	1	1	better
NIAPY	MutatedCenterParticleSwarmOptimization	20	500	1144	56	1200	6.33725e-265	1.26111e-262	1	1	better
NIAPY	GlowwormSwarmOptimizationV2	20	500	335	865	1200	1	1	9.85426e-55	2.65079e-52	worse
NIAPY	CatSwarmOptimization	20	500	1162	38	1200	6.48141e-290	1.48424e-287	1	1	better
NIAPY	DifferentialEvolution	20	500	1052	148	1200	1.0765e-168	1.2595e-166	1	1	better
NIAPY	FireworksAlgorithm	20	500	1178	22	1200	2.39493e-315	6.49027e-313	1	1	better
NIAPY	MothFlameOptimizer	20	500	194	1006	1200	1	1	8.36166e-133	2.34126e-130	worse
NIAPY	DynNpMultiStrategyDifferentialEvolution	20	500	1082	118	1200	7.99289e-196	1.09503e-193	1	1	better
NIAPY	EvolutionStrategyML	20	500	1126	74	1200	1.36526e-242	2.27998e-240	1	1	better
NIAPY	GreyWolfOptimizer	20	500	1155	45	1200	8.01255e-280	1.75475e-277	1	1	better
NIAPY	HarmonySearchV1	20	500	1113	87	1200	9.47456e-228	1.47803e-225	1	1	better
NIAPY	BeesAlgorithm	20	500	979	221	1200	1.89704e-114	1.80219e-112	1	1	better
NIAPY	GlowwormSwarmOptimizationV1	20	500	344	856	1200	1	1	4.32313e-51	1.1586e-48	worse
NIAPY	GlowwormSwarmOptimizationV3	20	500	332	868	1200	1	1	5.59048e-56	1.50943e-53	worse
NIAPY	LionOptimizationAlgorithm	20	500	1153	47	1200	4.94899e-277	1.05413e-274	1	1	better
NIAPY	ArtificialBeeColonyAlgorithm	20	500	1154	46	1200	2.01373e-278	4.34966e-276	1	1	better
NIAPY	AgingNpDifferentialEvolution	20	500	745	455	1200	2.57297e-17	1.85254e-15	1	1	better
NIAPY	OppositionVelocityClampingParticleSwarmOptimization	20	500	537	663	1200	0.999878	1	0.000152237	0.037907	worse
NIAPY	CoralReefsOptimization	20	500	150	1050	1200	1	1	5.33887e-167	1.52158e-164	worse
NIAPY	BacterialForagingOptimization	20	500	303	897	1200	1	1	7.09714e-69	1.94462e-66	worse
NIAPY	DynamicFireworksAlgorithmGauss	20	500	1170	30	1200	3.70089e-302	9.03016e-300	1	1	better
NIAPY	ClonalSelectionAlgorithm	20	500	91	1109	1200	1	1	2.26397e-223	6.54288e-221	worse
NIAPY	GravitationalSearchAlgorithm	20	500	448	752	1200	1	1	7.22865e-19	1.85053e-16	worse
NIAPY	MonkeyKingEvolutionV1	20	500	1107	93	1200	3.25833e-221	4.85491e-219	1	1	better
NIAPY	EvolutionStrategyMpL	20	500	1181	19	1200	1.34336e-320	3.70769e-318	1	1	better
NIAPY	FireflyAlgorithm	20	500	1130	70	1200	2.31531e-247	4.07494e-245	1	1	better
NIAPY	FlowerPollinationAlgorithm	20	500	1176	24	1200	6.02618e-312	1.59091e-309	1	1	better
OPYTIMIZER	SA	20	500	1054	146	1200	2.10491e-170	2.48379e-168	1	1	better
OPYTIMIZER	GOGHS	20	500	1126	74	1200	1.36526e-242	2.27998e-240	1	1	better
OPYTIMIZER	QSA	20	500	1175	25	1200	2.83723e-310	7.34842e-308	1	1	better
OPYTIMIZER	SGHS	20	500	1115	85	1200	5.6952e-230	9.11231e-228	1	1	better
OPYTIMIZER	DE	20	500	1177	23	1200	1.2277e-313	3.30252e-311	1	1	better
OPYTIMIZER	RFO	20	500	1191	9	1200	0	0	1	1	better
OPYTIMIZER	PPA	20	500	987	213	1200	1.07117e-119	1.03904e-117	1	1	better
OPYTIMIZER	EHO	20	500	1147	53	1200	6.98302e-269	1.4385e-266	1	1	better
OPYTIMIZER	AEO	20	500	1191	9	1200	0	0	1	1	better
OPYTIMIZER	ABO	20	500	1177	23	1200	1.2277e-313	3.30252e-311	1	1	better
OPYTIMIZER	GHS	20	500	1039	161	1200	6.61411e-158	7.4078e-156	1	1	better
OPYTIMIZER	PVS	20	500	847	353	1200	1.36538e-47	1.0923e-45	1	1	better
OPYTIMIZER	BWO	20	500	986	34	1020	3.5102e-244	5.93225e-242	1	1	better
OPYTIMIZER	PSO	20	500	1172	28	1200	2.34187e-305	5.83125e-303	1	1	better
OPYTIMIZER	BSO	20	500	1069	131	1200	1.16288e-183	1.46523e-181	1	1	better
OPYTIMIZER	CSA	20	500	865	335	1200	9.85426e-55	8.27757e-53	1	1	better
OPYTIMIZER	SSO	20	500	1131	69	1200	1.43156e-248	2.5625e-246	1	1	better
OPYTIMIZER	WOA	20	500	1177	23	1200	1.2277e-313	3.30252e-311	1	1	better
OPYTIMIZER	BA	20	500	958	242	1200	2.15686e-101	2.00588e-99	1	1	better
OPYTIMIZER	HS	20	500	1043	157	1200	3.61887e-161	4.08932e-159	1	1	better
OPYTIMIZER	JS	20	500	1047	153	1200	1.76165e-164	2.0259e-162	1	1	better
OPYTIMIZER	SOS	20	500	1196	4	1200	0	0	1	1	better
OPYTIMIZER	GS	20	500	0	1200	1200	1	1	0	0	worse
OPYTIMIZER	EFO	20	500	1141	59	1200	4.86568e-261	9.14747e-259	1	1	better
OPYTIMIZER	GSA	20	500	324	876	1200	1	1	2.2122e-59	6.01719e-57	worse
OPYTIMIZER	ESA	20	500	713	487	1200	3.65858e-11	2.48783e-09	1	1	better
OPYTIMIZER	BOA	20	500	61	238	299	1	1	3.72739e-26	9.61666e-24	worse
OPYTIMIZER	HC	20	500	111	1089	1200	1	1	1.1827e-202	3.38251e-200	worse
OPYTIMIZER	ABC	20	500	1016	184	1200	4.38528e-140	4.60454e-138	1	1	better
OPYTIMIZER	RRA	20	500	1115	85	1200	5.6952e-230	9.11231e-228	1	1	better
OPYTIMIZER	NDS	20	500	0	1200	1200	1	1	0	0	worse
OPYTIMIZER	NBJS	20	500	1030	170	1200	9.54162e-151	1.04958e-148	1	1	better
OPYTIMIZER	SSD	20	500	391	809	1200	1	1	2.42789e-34	6.3125e-32	worse
OPYTIMIZER	CEM	20	500	792	408	1200	3.46381e-29	2.59786e-27	1	1	better
OPYTIMIZER	AOA	20	500	783	417	1200	1.20335e-26	8.90481e-25	1	1	better
OPYTIMIZER	MRFO	20	500	1192	8	1200	0	0	1	1	better
OPYTIMIZER	ASO	20	500	109	1091	1200	1	1	1.21162e-204	3.47734e-202	worse
OPYTIMIZER	SFO	20	500	794	406	1200	9.06502e-30	6.88942e-28	1	1	better
OPYTIMIZER	IHS	20	500	1026	174	1200	1.21249e-147	1.32162e-145	1	1	better
OPYTIMIZER	COA	20	500	1185	15	1200	0	0	1	1	better
OPYTIMIZER	GOA	20	500	1155	45	1200	8.01255e-280	1.75475e-277	1	1	better
OPYTIMIZER	STOA	20	500	210	990	1200	1	1	1.05013e-121	2.92986e-119	worse
OPYTIMIZER	MVPA	20	500	936	264	1200	8.9369e-89	8.13258e-87	1	1	better
OPYTIMIZER	ES	20	500	1150	50	1200	6.45201e-273	1.34847e-270	1	1	better
OPYTIMIZER	AIWPSO	20	500	1128	72	1200	5.78976e-245	9.9005e-243	1	1	better
OPYTIMIZER	ISA	20	500	208	722	930	1	1	2.25829e-67	6.16512e-65	worse
OPYTIMIZER	EO	20	500	1196	4	1200	0	0	1	1	better
OPYTIMIZER	AF	20	500	32	909	941	1	1	1.77617e-224	5.15089e-222	worse
OPYTIMIZER	DOA	20	500	1159	41	1200	1.59022e-285	3.57799e-283	1	1	better
OPYTIMIZER	PIO	20	500	862	338	1200	1.67372e-53	1.37245e-51	1	1	better
OPYTIMIZER	HHO	20	500	1179	21	1200	4.465e-317	1.21894e-314	1	1	better
OPYTIMIZER	BSA	20	500	1109	91	1200	2.26397e-223	3.39596e-221	1	1	better
OPYTIMIZER	TEO	20	500	565	70	635	2.01108e-97	1.85019e-95	1	1	better
OPYTIMIZER	FA	20	500	242	958	1200	1	1	2.15686e-101	5.93137e-99	worse
OPYTIMIZER	WWO	20	500	1062	18	1080	4.25051e-287	9.64865e-285	1	1	better
OPYTIMIZER	IWO	20	500	995	205	1200	4.2018e-125	4.15978e-123	1	1	better
OPYTIMIZER	KH	20	500	1131	69	1200	1.43156e-248	2.5625e-246	1	1	better
OPYTIMIZER	FOA	20	500	1173	27	1200	5.58515e-307	1.40746e-304	1	1	better
OPYTIMIZER	RPSO	20	500	1169	31	1200	1.39804e-300	3.38326e-298	1	1	better
OPYTIMIZER	SCA	20	500	671	529	1200	2.30327e-05	0.00131286	0.999982	1	better
OPYTIMIZER	OSA	20	500	808	392	1200	5.02821e-34	3.922e-32	1	1	better
OPYTIMIZER	WDO	20	500	431	769	1200	1	1	6.00425e-23	1.54309e-20	worse
OPYTIMIZER	LSA	20	500	1188	12	1200	0	0	1	1	better
OPYTIMIZER	VPSO	20	500	1179	21	1200	4.465e-317	1.21894e-314	1	1	better
OPYTIMIZER	SBO	20	500	1175	25	1200	2.83723e-310	7.34842e-308	1	1	better
OPYTIMIZER	GA	20	500	1188	12	1200	0	0	1	1	better
OPYTIMIZER	MFO	20	500	966	234	1200	3.02285e-106	2.84148e-104	1	1	better
OPYTIMIZER	CS	20	500	1189	11	1200	0	0	1	1	better
OPYTIMIZER	FSO	20	500	674	526	1200	1.07573e-05	0.000634679	0.999992	1	better
OPYTIMIZER	NGHS	20	500	1070	130	1200	1.42202e-184	1.83441e-182	1	1	better
OPYTIMIZER	GCO	20	500	1103	97	1200	5.87757e-217	8.52248e-215	1	1	better
OPYTIMIZER	TWO	20	500	1180	20	1200	7.93924e-319	2.18329e-316	1	1	better
OPYTIMIZER	WEO	20	500	1182	18	1200	2.17389e-322	6.06515e-320	1	1	better
OPYTIMIZER	GWO	20	500	1151	49	1200	2.80013e-274	5.88028e-272	1	1	better
OPYTIMIZER	SAVPSO	20	500	1191	9	1200	0	0	1	1	better
OPYTIMIZER	FFOA	20	500	381	819	1200	1	1	1.35822e-37	3.55853e-35	worse
OPYTIMIZER	AIG	20	500	1197	3	1200	0	0	1	1	better
OPYTIMIZER	BH	20	500	1063	137	1200	2.91281e-178	3.55363e-176	1	1	better
OPYTIMIZER	CI	20	500	61	16	77	1.20882e-07	7.37378e-06	1	1	better
OPYTIMIZER	SSA	20	500	1171	29	1200	9.47285e-304	2.33979e-301	1	1	better
OPYTIMIZER	AO	20	500	694	506	1200	3.17122e-08	1.99787e-06	1	1	better
OPYTIMIZER	MVO	20	500	28	1	29	5.58794e-08	3.46452e-06	1	1	better
mealpy	LevyTWO	20	500	1050	150	1200	5.33887e-167	6.19308e-165	1	1	better
mealpy	OriginalTLO	20	500	1144	56	1200	6.33725e-265	1.26111e-262	1	1	better
mealpy	GWO	20	500	1075	125	1200	3.414e-189	4.50648e-187	1	1	better
mealpy	OriginalBBO	20	500	1132	68	1200	8.71728e-250	1.56911e-247	1	1	better
mealpy	ABFO	20	500	466	696	1162	1	1	7.94952e-12	2.01123e-09	worse
mealpy	OriginalWHO	20	500	1176	24	1200	6.02618e-312	1.59091e-309	1	1	better
mealpy	OriginalFFA	20	500	522	678	1200	0.999997	1	3.72498e-06	0.000931244	worse
mealpy	BaseSARO	20	500	1182	18	1200	2.17389e-322	6.06515e-320	1	1	better
mealpy	OriginalSMA	20	500	701	499	1200	3.0196e-09	1.99294e-07	1	1	better
mealpy	SingleGA	20	500	1147	53	1200	6.98302e-269	1.4385e-266	1	1	better
mealpy	OriginalSSDO	20	500	808	392	1200	5.02821e-34	3.922e-32	1	1	better
mealpy	OriginalFPA	20	500	1168	32	1200	5.11183e-299	1.22684e-296	1	1	better
mealpy	OriginalSSO	20	500	674	526	1200	1.07573e-05	0.000634679	0.999992	1	better
mealpy	OriginalMA	20	500	698	502	1200	8.43967e-09	5.48578e-07	1	1	better
mealpy	OriginalCEM	20	500	467	733	1200	1	1	7.89263e-15	2.00473e-12	worse
mealpy	OCRO	20	500	1114	86	1200	7.3916e-229	1.16787e-226	1	1	better
mealpy	OriginalBA	20	500	5	835	840	1	1	4.72543e-241	1.3751e-238	worse
mealpy	OriginalAEO	20	500	1163	37	1200	2.1158e-291	4.90866e-289	1	1	better
mealpy	OriginalBSO	20	500	1158	42	1200	4.39231e-284	9.75092e-282	1	1	better
mealpy	OriginalBFO	20	500	71	1129	1200	1	1	3.68862e-246	1.07708e-243	worse
mealpy	ImprovedSLO	20	500	1079	121	1200	5.86366e-193	7.97457e-191	1	1	better
mealpy	OriginalLCO	20	500	1065	135	1200	4.7778e-180	5.92447e-178	1	1	better
mealpy	OriginalHGS	20	500	1098	102	1200	9.56554e-212	1.36787e-209	1	1	better
mealpy	BaseALO	20	500	484	6	490	5.90468e-135	6.14086e-133	1	1	better
mealpy	CPSO	20	500	731	469	1200	1.95265e-14	1.34733e-12	1	1	better
mealpy	OriginalEO	20	500	1159	41	1200	1.59022e-285	3.57799e-283	1	1	better
mealpy	DE	20	500	493	707	1200	1	1	3.53132e-10	8.89893e-08	worse
mealpy	ModifiedBA	20	500	1065	135	1200	4.7778e-180	5.92447e-178	1	1	better
mealpy	BaseTLO	20	500	1145	55	1200	3.09647e-266	6.25486e-264	1	1	better
mealpy	OriginalPFA	20	500	576	624	1200	0.921408	1	0.0874141	1	not shown
mealpy	BaseFOA	20	500	353	847	1200	1	1	1.36538e-47	3.64557e-45	worse
mealpy	OriginalGBO	20	500	1163	37	1200	2.1158e-291	4.90866e-289	1	1	better
mealpy	TVAC	20	500	1174	26	1200	1.28335e-308	3.28537e-306	1	1	better
mealpy	BaseFBIO	20	500	1182	18	1200	2.17389e-322	6.06515e-320	1	1	better
mealpy	ImprovedBSO	20	500	1123	77	1200	4.44251e-239	7.33015e-237	1	1	better
mealpy	OriginalAO	20	500	367	833	1200	1	1	1.99671e-42	5.25134e-40	worse
mealpy	BaseGSKA	20	500	1145	55	1200	3.09647e-266	6.25486e-264	1	1	better
mealpy	BaseLCO	20	500	826	74	900	7.37357e-162	8.40587e-160	1	1	better
mealpy	OriginalSSpiderA	20	500	625	575	1200	0.078592	1	0.929538	1	not shown
mealpy	BaseHS	20	500	1144	56	1200	6.33725e-265	1.26111e-262	1	1	better
mealpy	AdaptiveEO	20	500	1159	41	1200	1.59022e-285	3.57799e-283	1	1	better
mealpy	OriginalWCA	20	500	17	2	19	0.000364304	0.0196724	0.999962	1	better
mealpy	OriginalMRFO	20	500	1173	27	1200	5.58515e-307	1.40746e-304	1	1	better
mealpy	OriginalEOA	20	500	1088	112	1200	1.15126e-201	1.60025e-199	1	1	better
mealpy	OriginalABC	20	500	1111	89	1200	1.50037e-225	2.32558e-223	1	1	better
mealpy	ModifiedAEO	20	500	1153	47	1200	4.94899e-277	1.05413e-274	1	1	better
mealpy	OriginalSFO	20	500	827	373	1200	2.58068e-40	2.03874e-38	1	1	better
mealpy	BaseBBO	20	500	1138	62	1200	3.18606e-257	5.8942e-255	1	1	better
mealpy	OriginalNMRA	20	500	1148	52	1200	3.2208e-270	6.69926e-268	1	1	better
mealpy	OriginalACOR	20	500	1070	130	1200	1.42202e-184	1.83441e-182	1	1	better
mealpy	ImprovedSFO	20	500	911	289	1200	1.13769e-75	1.00117e-73	1	1	better
mealpy	OriginalCRO	20	500	1114	86	1200	7.3916e-229	1.16787e-226	1	1	better
mealpy	LevyJA	20	500	1155	45	1200	8.01255e-280	1.75475e-277	1	1	better
mealpy	OriginalHS	20	500	1129	71	1200	3.68862e-246	6.45508e-244	1	1	better
mealpy	OriginalCSO	20	500	451	749	1200	1	1	3.4125e-18	8.70188e-16	worse
mealpy	OriginalCOA	20	500	1135	65	1200	1.79217e-253	3.26175e-251	1	1	better
mealpy	LevyQSA	20	500	1180	20	1200	7.93924e-319	2.18329e-316	1	1	better
mealpy	OppoQSA	20	500	1171	29	1200	9.47285e-304	2.33979e-301	1	1	better
mealpy	BaseBRO	20	500	711	489	1200	7.89561e-11	5.29006e-09	1	1	better
mealpy	OriginalSLO	20	500	1004	196	1200	2.21841e-131	2.28496e-129	1	1	better
mealpy	OriginalMVO	20	500	1145	55	1200	3.09647e-266	6.25486e-264	1	1	better
mealpy	CLPSO	20	500	1174	26	1200	1.28335e-308	3.28537e-306	1	1	better
mealpy	OriginalNRO	20	500	1175	25	1200	2.83723e-310	7.34842e-308	1	1	better
mealpy	BaseSCA	20	500	1062	138	1200	2.24644e-177	2.71819e-175	1	1	better
mealpy	BaseGCO	20	500	1035	165	1200	1.07816e-154	1.19676e-152	1	1	better
mealpy	OriginalArchOA	20	500	1087	83	1170	3.9692e-224	5.99349e-222	1	1	better
mealpy	SwarmHC	20	500	1074	126	1200	2.91616e-188	3.82016e-186	1	1	better
mealpy	ImprovedTLO	20	500	899	301	1200	8.00873e-70	6.9676e-68	1	1	better
mealpy	OriginalMSA	20	500	1187	13	1200	0	0	1	1	better
mealpy	WOA	20	500	1129	71	1200	3.68862e-246	6.45508e-244	1	1	better
mealpy	OriginalIWO	20	500	1128	72	1200	5.78976e-245	9.9005e-243	1	1	better
mealpy	BaseGA	20	500	1143	57	1200	1.27312e-263	2.46986e-261	1	1	better
mealpy	ModifiedEO	20	500	1189	11	1200	0	0	1	1	better
mealpy	ImprovedNMRA	20	500	1131	69	1200	1.43156e-248	2.5625e-246	1	1	better
mealpy	BaseCHIO	20	500	235	965	1200	1	1	1.24469e-105	3.44779e-103	worse
mealpy	OriginalHHO	20	500	1072	128	1200	2.07217e-186	2.69382e-184	1	1	better
mealpy	OriginalGWO	20	500	1160	40	1200	5.61541e-287	1.26908e-284	1	1	better
mealpy	ImprovedQSA	20	500	1177	23	1200	1.2277e-313	3.30252e-311	1	1	better
mealpy	OriginalFBIO	20	500	1183	17	1200	0	0	1	1	better
mealpy	OriginalBeesA	20	500	666	534	1200	7.68072e-05	0.0042244	0.999939	1	better
mealpy	BaseEFO	20	500	1166	34	1200	6.22133e-296	1.46823e-293	1	1	better
mealpy	OriginalSA	20	500	1154	46	1200	2.01373e-278	4.34966e-276	1	1	better
mealpy	OriginalHC	20	500	191	1009	1200	1	1	5.84353e-135	1.65372e-132	worse
mealpy	OriginalSHO	20	500	682	518	1200	1.22433e-06	7.34596e-05	0.999999	1	better
mealpy	JADE	20	500	1158	42	1200	4.39231e-284	9.75092e-282	1	1	better
mealpy	OriginalCA	20	500	981	219	1200	9.56321e-116	9.18068e-114	1	1	better
mealpy	EnhancedTWO	20	500	1129	71	1200	3.68862e-246	6.45508e-244	1	1	better
mealpy	BaseSSA	20	500	1095	105	1200	1.12642e-208	1.57699e-206	1	1	better
mealpy	OriginalAOA	20	500	387	813	1200	1	1	1.27085e-35	3.31693e-33	worse
mealpy	OriginalQSA	20	500	1169	31	1200	1.39804e-300	3.38326e-298	1	1	better
mealpy	OriginalGOA	20	500	1142	58	1200	2.51136e-262	4.77158e-260	1	1	better
mealpy	EnhancedAEO	20	500	1136	64	1200	1.02444e-254	1.87473e-252	1	1	better
mealpy	OriginalGSKA	20	500	1147	53	1200	6.98302e-269	1.4385e-266	1	1	better
mealpy	PPSO	20	500	1119	81	1200	1.76729e-234	2.88069e-232	1	1	better
mealpy	OriginalCGO	20	500	1161	39	1200	1.9329e-288	4.40701e-286	1	1	better
mealpy	OriginalHGSO	20	500	866	334	1200	3.80213e-55	3.23181e-53	1	1	better
mealpy	OriginalSBO	20	500	1177	23	1200	1.2277e-313	3.30252e-311	1	1	better
mealpy	OppoTWO	20	500	997	203	1200	1.76421e-126	1.76421e-124	1	1	better
mealpy	OriginalASO	20	500	97	1103	1200	1	1	5.87757e-217	1.69274e-214	worse
mealpy	ModifiedSLO	20	500	1104	96	1200	5.15861e-218	7.58316e-216	1	1	better
mealpy	BaseVCS	20	500	1176	24	1200	6.02618e-312	1.59091e-309	1	1	better
mealpy	LSHADE	20	500	1178	22	1200	2.39493e-315	6.49027e-313	1	1	better
mealpy	OriginalEFO	20	500	1069	131	1200	1.16288e-183	1.46523e-181	1	1	better
mealpy	OriginalJA	20	500	751	449	1200	1.2169e-18	8.88338e-17	1	1	better
mealpy	OriginalGCO	20	500	883	317	1200	1.86884e-62	1.6072e-60	1	1	better
mealpy	OriginalPSS	20	500	1143	57	1200	1.27312e-263	2.46986e-261	1	1	better
mealpy	OriginalEHO	20	500	993	207	1200	9.77535e-124	9.57984e-122	1	1	better
mealpy	OriginalSSA	20	500	1026	174	1200	1.21249e-147	1.32162e-145	1	1	better
mealpy	OriginalSCA	20	500	1062	138	1200	2.24644e-177	2.71819e-175	1	1	better
mealpy	OriginalBES	20	500	1060	140	1200	1.30393e-175	1.55168e-173	1	1	better
mealpy	BaseSBO	20	500	1164	36	1200	6.71935e-293	1.56561e-290	1	1	better
mealpy	BaseJA	20	500	1129	71	1200	3.68862e-246	6.45508e-244	1	1	better
mealpy	OriginalSARO	20	500	1176	24	1200	6.02618e-312	1.59091e-309	1	1	better
mealpy	OriginalSRSR	20	500	1163	37	1200	2.1158e-291	4.90866e-289	1	1	better
mealpy	OriginalTWO	20	500	1168	32	1200	5.11183e-299	1.22684e-296	1	1	better
mealpy	OriginalWDO	20	500	695	505	1200	2.28912e-08	1.46503e-06	1	1	better
mealpy	AugmentedAEO	20	500	1147	53	1200	6.98302e-269	1.4385e-266	1	1	better
mealpy	OriginalWOA	20	500	1110	90	1200	1.85408e-224	2.85529e-222	1	1	better
mealpy	SADE	20	500	1154	46	1200	2.01373e-278	4.34966e-276	1	1	better
mealpy	OriginalBRO	20	500	193	1007	1200	1	1	1.60853e-133	4.51998e-131	worse
mealpy	OriginalSSpiderO	20	500	737	463	1200	1.23712e-15	8.78353e-14	1	1	better
mealpy	ProbBeesA	20	500	240	960	1200	1	1	1.36163e-102	3.7581e-100	worse
mealpy	OriginalFA	20	500	921	279	1200	9.25507e-81	8.23701e-79	1	1	better
mealpy	OriginalCSA	20	500	326	874	1200	1	1	1.60836e-58	4.35865e-56	worse
mealpy	OriginalALO	20	500	246	23	269	1.30804e-48	1.05951e-46	1	1	better
mealpy	OriginalDO	20	500	417	783	1200	1	1	1.20335e-26	3.11669e-24	worse
mealpy	OriginalCHIO	20	500	565	635	1200	0.97982	1	0.0231708	1	not shown
mealpy	OriginalBSA	20	500	1167	33	1200	1.81091e-297	4.30997e-295	1	1	better
mealpy	LevyEP	20	500	1144	56	1200	6.33725e-265	1.26111e-262	1	1	better
mealpy	OriginalICA	20	500	768	7	775	1.64664e-217	2.4041e-215	1	1	better
mealpy	ImprovedLCO	20	500	1103	97	1200	5.87757e-217	8.52248e-215	1	1	better
mealpy	OriginalMFO	20	500	192	1008	1200	1	1	3.07535e-134	8.67249e-132	worse
mealpy	ImprovedAEO	20	500	1133	67	1200	5.22672e-251	9.46035e-249	1	1	better
mealpy	OriginalVCS	20	500	1002	198	1200	5.74418e-130	5.85907e-128	1	1	better
mealpy	AdaptiveBA	20	500	52	1148	1200	1	1	3.2208e-270	9.43694e-268	worse
mealpy	MultiGA	20	500	1148	52	1200	3.2208e-270	6.69926e-268	1	1	better
mealpy	OriginalES	20	500	1127	73	1200	8.95539e-244	1.5045e-241	1	1	better
mealpy	LevyES	20	500	1186	14	1200	0	0	1	1	better
mealpy	OriginalEP	20	500	363	837	1200	1	1	7.22475e-44	1.90733e-41	worse
mealpy	BaseSMA	20	500	1020	180	1200	4.49503e-143	4.76473e-141	1	1	better
mealpy	OriginalPSO	20	500	185	1015	1200	1	1	2.41176e-139	6.8494e-137	worse
mealpy	FBUDGETSHADE	20	500	1174	26	1200	1.28335e-308	3.28537e-306	1	1	better
mealpy	OriginalFOA	20	500	224	976	1200	1	1	1.60804e-112	4.47034e-110	worse
mealpy	BaseQSA	20	500	1170	30	1200	3.70089e-302	9.03016e-300	1	1	better
mealpy	BaseMFO	20	500	1098	102	1200	9.56554e-212	1.36787e-209	1	1	better
mealpy	BaseDE	20	500	1116	84	1200	4.33323e-231	6.97649e-229	1	1	better
mealpy	WhaleFOA	20	500	357	843	1200	1	1	4.41913e-46	1.17107e-43	worse
Baselines	DE	20	500	1143	57	1200	1.27312e-263	1.0185e-262	1	1	better
Baselines	RCobyla	20	500	1131	69	1200	1.43156e-248	8.58938e-248	1	1	better
Baselines	PSO	20	500	59	1139	1200	1	1	1.75968e-260	1.93565e-259	worse
Baselines	DiagonalCMA	20	500	1177	23	1200	1.2277e-313	1.10493e-312	1	1	better
Baselines	modcma	20	500	1185	15	1200	0	0	1	1	better
Baselines	modde	20	500	1098	102	1200	9.56554e-212	3.82621e-211	1	1	better
Baselines	OnePlusOne	20	500	1079	121	1200	5.86366e-193	1.7591e-192	1	1	better
Baselines	Powell	20	500	1106	94	1200	3.8413e-220	1.92065e-219	1	1	better
Baselines	MultiBFGS	20	500	1031	169	1200	1.57118e-151	3.14237e-151	1	1	better
Baselines	lshade	20	500	1139	61	1200	1.7326e-258	1.21282e-257	1	1	better
Baselines	bipop	20	500	1181	19	1200	1.34336e-320	1.34336e-319	1	1	better
EVOLOPY	DE	20	1000	1136	64	1200	1.02444e-254	1.82351e-252	1	1	better
EVOLOPY	JAYA	20	1000	1090	110	1200	1.20305e-203	1.60005e-201	1	1	better
EVOLOPY	PSO	20	1000	1142	58	1200	2.51136e-262	4.72135e-260	1	1	better
EVOLOPY	WOA	20	1000	1118	82	1200	2.4142e-233	3.7903e-231	1	1	better
EVOLOPY	FFA	20	1000	1174	26	1200	1.28335e-308	3.1057e-306	1	1	better
EVOLOPY	BAT	20	1000	784	416	1200	6.37434e-27	4.71701e-25	1	1	better
EVOLOPY	MVO	20	1000	1200	0	1200	0	0	1	1	better
EVOLOPY	HHO	20	1000	978	222	1200	8.37928e-114	8.04411e-112	1	1	better
EVOLOPY	SCA	20	1000	1150	50	1200	6.45201e-273	1.30331e-270	1	1	better
EVOLOPY	GA	20	1000	971	26	997	1.26625e-249	2.16528e-247	1	1	better
EVOLOPY	MFO	20	1000	1138	62	1200	3.18606e-257	5.79862e-255	1	1	better
EVOLOPY	CS	20	1000	1161	39	1200	1.9329e-288	4.29104e-286	1	1	better
EVOLOPY	GWO	20	1000	1179	21	1200	4.465e-317	1.15197e-314	1	1	better
EVOLOPY	SSA	20	1000	1157	43	1200	1.18396e-282	2.55735e-280	1	1	better
NIAPY	DynamicFireworksAlgorithm	20	1000	1181	19	1200	1.34336e-320	3.55992e-318	1	1	better
NIAPY	HarmonySearch	20	1000	1121	79	1200	9.10264e-237	1.44732e-234	1	1	better
NIAPY	EvolutionStrategyMp1	20	1000	1185	15	1200	0	0	1	1	better
NIAPY	MonarchButterflyOptimization	20	1000	679	521	1200	2.83429e-06	0.000175726	0.999998	1	better
NIAPY	CenterParticleSwarmOptimization	20	1000	1153	47	1200	4.94899e-277	1.02444e-274	1	1	better
NIAPY	DynNpDifferentialEvolution	20	1000	1060	140	1200	1.30393e-175	1.55168e-173	1	1	better
NIAPY	CamelAlgorithm	20	1000	1074	126	1200	2.91616e-188	3.58687e-186	1	1	better
NIAPY	BatAlgorithm	20	1000	907	293	1200	1.08737e-73	9.3514e-72	1	1	better
NIAPY	GlowwormSwarmOptimization	20	1000	343	857	1200	1	1	1.73062e-51	4.55154e-49	worse
NIAPY	BareBonesFireworksAlgorithm	20	1000	1066	134	1200	6.04339e-181	7.25207e-179	1	1	better
NIAPY	CuckooSearch	20	1000	1167	33	1200	1.81091e-297	4.18321e-295	1	1	better
NIAPY	GeneticAlgorithm	20	1000	566	634	1200	0.976829	1	0.0265263	1	not shown
NIAPY	ParticleSwarmAlgorithm	20	1000	1194	6	1200	0	0	1	1	better
NIAPY	MonkeyKingEvolutionV3	20	1000	1097	103	1200	1.02082e-210	1.40874e-208	1	1	better
NIAPY	MonkeyKingEvolutionV2	20	1000	1143	57	1200	1.27312e-263	2.41894e-261	1	1	better
NIAPY	SineCosineAlgorithm	20	1000	0	1200	1200	1	1	0	0	worse
NIAPY	EvolutionStrategy1p1	20	1000	983	217	1200	4.71472e-117	4.57328e-115	1	1	better
NIAPY	HarrisHawksOptimization	20	1000	1186	14	1200	0	0	1	1	better
NIAPY	ParticleSwarmOptimization	20	1000	662	538	1200	0.000190015	0.0114009	0.999848	1	better
NIAPY	ForestOptimizationAlgorithm	20	1000	1160	40	1200	5.61541e-287	1.22416e-284	1	1	better
NIAPY	EnhancedFireworksAlgorithm	20	1000	1180	20	1200	7.93924e-319	2.08008e-316	1	1	better
NIAPY	MultiStrategyDifferentialEvolution	20	1000	1108	92	1200	2.73197e-222	3.96135e-220	1	1	better
NIAPY	MutatedParticleSwarmOptimization	20	1000	1154	46	1200	2.01373e-278	4.2087e-276	1	1	better
NIAPY	ComprehensiveLearningParticleSwarmOptimizer	20	1000	1193	7	1200	0	0	1	1	better
NIAPY	KrillHerd	20	1000	459	741	1200	1	1	1.83448e-16	4.69628e-14	worse
NIAPY	FishSchoolSearch	20	1000	1125	75	1200	2.05178e-241	3.36492e-239	1	1	better
NIAPY	MutatedCenterUnifiedParticleSwarmOptimization	20	1000	1173	27	1200	5.58515e-307	1.34602e-304	1	1	better
NIAPY	MutatedCenterParticleSwarmOptimization	20	1000	1154	46	1200	2.01373e-278	4.2087e-276	1	1	better
NIAPY	GlowwormSwarmOptimizationV2	20	1000	330	870	1200	1	1	8.08475e-57	2.1748e-54	worse
NIAPY	CatSwarmOptimization	20	1000	1164	36	1200	6.71935e-293	1.53201e-290	1	1	better
NIAPY	DifferentialEvolution	20	1000	1088	112	1200	1.15126e-201	1.50815e-199	1	1	better
NIAPY	FireworksAlgorithm	20	1000	1183	17	1200	0	0	1	1	better
NIAPY	MothFlameOptimizer	20	1000	199	1001	1200	1	1	2.8966e-129	8.11048e-127	worse
NIAPY	DynNpMultiStrategyDifferentialEvolution	20	1000	1113	87	1200	9.47456e-228	1.40223e-225	1	1	better
NIAPY	EvolutionStrategyML	20	1000	1134	66	1200	3.08504e-252	5.39882e-250	1	1	better
NIAPY	GreyWolfOptimizer	20	1000	1161	39	1200	1.9329e-288	4.29104e-286	1	1	better
NIAPY	HarmonySearchV1	20	1000	1115	85	1200	5.6952e-230	8.71365e-228	1	1	better
NIAPY	BeesAlgorithm	20	1000	914	286	1200	3.54865e-77	3.08732e-75	1	1	better
NIAPY	GlowwormSwarmOptimizationV1	20	1000	340	860	1200	1	1	1.08345e-52	2.87115e-50	worse
NIAPY	GlowwormSwarmOptimizationV3	20	1000	329	871	1200	1	1	3.05539e-57	8.28009e-55	worse
NIAPY	LionOptimizationAlgorithm	20	1000	1153	47	1200	4.94899e-277	1.02444e-274	1	1	better
NIAPY	ArtificialBeeColonyAlgorithm	20	1000	1168	32	1200	5.11183e-299	1.20128e-296	1	1	better
NIAPY	AgingNpDifferentialEvolution	20	1000	754	446	1200	2.5239e-19	1.81721e-17	1	1	better
NIAPY	OppositionVelocityClampingParticleSwarmOptimization	20	1000	474	726	1200	1	1	1.77e-13	4.5135e-11	worse
NIAPY	CoralReefsOptimization	20	1000	151	1049	1200	1	1	3.71717e-166	1.05939e-163	worse
NIAPY	BacterialForagingOptimization	20	1000	693	507	1200	4.37867e-08	2.93371e-06	1	1	better
NIAPY	DynamicFireworksAlgorithmGauss	20	1000	1179	21	1200	4.465e-317	1.15197e-314	1	1	better
NIAPY	ClonalSelectionAlgorithm	20	1000	90	1110	1200	1	1	1.85408e-224	5.3583e-222	worse
NIAPY	GravitationalSearchAlgorithm	20	1000	405	795	1200	1	1	4.6118e-30	1.19446e-27	worse
NIAPY	MonkeyKingEvolutionV1	20	1000	1136	64	1200	1.02444e-254	1.82351e-252	1	1	better
NIAPY	EvolutionStrategyMpL	20	1000	1195	5	1200	0	0	1	1	better
NIAPY	FireflyAlgorithm	20	1000	1152	48	1200	1.18991e-275	2.42741e-273	1	1	better
NIAPY	FlowerPollinationAlgorithm	20	1000	1178	22	1200	2.39493e-315	6.03524e-313	1	1	better
OPYTIMIZER	SA	20	1000	1051	149	1200	7.61007e-168	8.90378e-166	1	1	better
OPYTIMIZER	GOGHS	20	1000	1123	77	1200	4.44251e-239	7.15245e-237	1	1	better
OPYTIMIZER	QSA	20	1000	1184	16	1200	0	0	1	1	better
OPYTIMIZER	SGHS	20	1000	1112	88	1200	1.19957e-226	1.76338e-224	1	1	better
OPYTIMIZER	DE	20	1000	1181	19	1200	1.34336e-320	3.55992e-318	1	1	better
OPYTIMIZER	RFO	20	1000	1193	7	1200	0	0	1	1	better
OPYTIMIZER	PPA	20	1000	1033	167	1200	4.17329e-153	4.67408e-151	1	1	better
OPYTIMIZER	EHO	20	1000	1146	54	1200	1.48466e-267	2.85056e-265	1	1	better
OPYTIMIZER	AEO	20	1000	1194	6	1200	0	0	1	1	better
OPYTIMIZER	ABO	20	1000	1171	29	1200	9.47285e-304	2.25454e-301	1	1	better
OPYTIMIZER	GHS	20	1000	1039	161	1200	6.61411e-158	7.54009e-156	1	1	better
OPYTIMIZER	PVS	20	1000	777	423	1200	5.04625e-25	3.68376e-23	1	1	better
OPYTIMIZER	BWO	20	1000	978	42	1020	6.46076e-233	9.94958e-231	1	1	better
OPYTIMIZER	PSO	20	1000	1168	32	1200	5.11183e-299	1.20128e-296	1	1	better
OPYTIMIZER	BSO	20	1000	1045	155	1200	8.10326e-163	9.31874e-161	1	1	better
OPYTIMIZER	CSA	20	1000	855	345	1200	1.07556e-50	8.81957e-49	1	1	better
OPYTIMIZER	SSO	20	1000	1112	88	1200	1.19957e-226	1.76338e-224	1	1	better
OPYTIMIZER	WOA	20	1000	1169	31	1200	1.39804e-300	3.29938e-298	1	1	better
OPYTIMIZER	BA	20	1000	927	273	1200	6.54447e-84	5.95546e-82	1	1	better
OPYTIMIZER	HS	20	1000	1059	141	1200	9.81465e-175	1.15813e-172	1	1	better
OPYTIMIZER	JS	20	1000	1022	178	1200	1.38412e-144	1.49485e-142	1	1	better
OPYTIMIZER	SOS	20	1000	1197	3	1200	0	0	1	1	better
OPYTIMIZER	GS	20	1000	0	1200	1200	1	1	0	0	worse
OPYTIMIZER	EFO	20	1000	1128	72	1200	5.78976e-245	9.7847e-243	1	1	better
OPYTIMIZER	GSA	20	1000	279	921	1200	1	1	9.25507e-81	2.53589e-78	worse
OPYTIMIZER	ESA	20	1000	658	542	1200	0.000446742	0.0259111	0.999638	1	better
OPYTIMIZER	BOA	20	1000	53	246	299	1	1	3.51285e-31	9.1334e-29	worse
OPYTIMIZER	HC	20	1000	102	1098	1200	1	1	9.56554e-212	2.74531e-209	worse
OPYTIMIZER	ABC	20	1000	975	225	1200	6.98668e-112	6.63735e-110	1	1	better
OPYTIMIZER	RRA	20	1000	1097	103	1200	1.02082e-210	1.40874e-208	1	1	better
OPYTIMIZER	NDS	20	1000	0	1200	1200	1	1	0	0	worse
OPYTIMIZER	NBJS	20	1000	993	207	1200	9.77535e-124	9.8731e-122	1	1	better
OPYTIMIZER	SSD	20	1000	343	857	1200	1	1	1.73062e-51	4.55154e-49	worse
OPYTIMIZER	CEM	20	1000	708	492	1200	2.44059e-10	1.6596e-08	1	1	better
OPYTIMIZER	AOA	20	1000	734	466	1200	4.99197e-15	3.49438e-13	1	1	better
OPYTIMIZER	MRFO	20	1000	1192	8	1200	0	0	1	1	better
OPYTIMIZER	ASO	20	1000	104	1096	1200	1	1	1.07796e-209	3.08295e-207	worse
OPYTIMIZER	SFO	20	1000	713	487	1200	3.65858e-11	2.52442e-09	1	1	better
OPYTIMIZER	IHS	20	1000	1028	172	1200	3.44768e-149	3.79244e-147	1	1	better
OPYTIMIZER	COA	20	1000	1187	13	1200	0	0	1	1	better
OPYTIMIZER	GOA	20	1000	1149	51	1200	1.45624e-271	2.89793e-269	1	1	better
OPYTIMIZER	STOA	20	1000	189	1011	1200	1	1	2.07079e-136	5.81892e-134	worse
OPYTIMIZER	MVPA	20	1000	859	341	1200	2.73975e-52	2.27399e-50	1	1	better
OPYTIMIZER	ES	20	1000	1128	72	1200	5.78976e-245	9.7847e-243	1	1	better
OPYTIMIZER	AIWPSO	20	1000	1101	99	1200	7.37961e-215	1.03315e-212	1	1	better
OPYTIMIZER	ISA	20	1000	182	748	930	1	1	2.2825e-82	6.27687e-80	worse
OPYTIMIZER	EO	20	1000	1198	2	1200	0	0	1	1	better
OPYTIMIZER	AF	20	1000	28	913	941	1	1	2.21034e-230	6.40997e-228	worse
OPYTIMIZER	DOA	20	1000	1179	21	1200	4.465e-317	1.15197e-314	1	1	better
OPYTIMIZER	PIO	20	1000	787	413	1200	9.26924e-28	6.95193e-26	1	1	better
OPYTIMIZER	HHO	20	1000	1185	15	1200	0	0	1	1	better
OPYTIMIZER	BSA	20	1000	1156	44	1200	3.11617e-281	6.57511e-279	1	1	better
OPYTIMIZER	TEO	20	1000	549	86	635	8.98798e-84	8.08918e-82	1	1	better
OPYTIMIZER	FA	20	1000	225	975	1200	1	1	6.98668e-112	1.94928e-109	worse
OPYTIMIZER	WWO	20	1000	1063	17	1080	7.19049e-289	1.60348e-286	1	1	better
OPYTIMIZER	IWO	20	1000	993	207	1200	9.77535e-124	9.8731e-122	1	1	better
OPYTIMIZER	KH	20	1000	1137	63	1200	5.76077e-256	1.03118e-253	1	1	better
OPYTIMIZER	FOA	20	1000	1175	25	1200	2.83723e-310	6.92284e-308	1	1	better
OPYTIMIZER	RPSO	20	1000	1168	32	1200	5.11183e-299	1.20128e-296	1	1	better
OPYTIMIZER	SCA	20	1000	614	586	1200	0.217872	1	0.798743	1	not shown
OPYTIMIZER	OSA	20	1000	793	407	1200	1.77526e-29	1.36695e-27	1	1	better
OPYTIMIZER	WDO	20	1000	385	815	1200	1	1	2.84225e-36	7.41828e-34	worse
OPYTIMIZER	LSA	20	1000	1183	17	1200	0	0	1	1	better
OPYTIMIZER	VPSO	20	1000	1178	22	1200	2.39493e-315	6.03524e-313	1	1	better
OPYTIMIZER	SBO	20	1000	1168	32	1200	5.11183e-299	1.20128e-296	1	1	better
OPYTIMIZER	GA	20	1000	1192	8	1200	0	0	1	1	better
OPYTIMIZER	MFO	20	1000	922	278	1200	2.79498e-81	2.48753e-79	1	1	better
OPYTIMIZER	CS	20	1000	1191	9	1200	0	0	1	1	better
OPYTIMIZER	FSO	20	1000	622	578	1200	0.107238	1	0.903045	1	not shown
OPYTIMIZER	NGHS	20	1000	1046	154	1200	1.19923e-163	1.3911e-161	1	1	better
OPYTIMIZER	GCO	20	1000	1133	67	1200	5.22672e-251	9.04222e-249	1	1	better
OPYTIMIZER	TWO	20	1000	1164	36	1200	6.71935e-293	1.53201e-290	1	1	better
OPYTIMIZER	WEO	20	1000	1187	13	1200	0	0	1	1	better
OPYTIMIZER	GWO	20	1000	1128	72	1200	5.78976e-245	9.7847e-243	1	1	better
OPYTIMIZER	SAVPSO	20	1000	1197	3	1200	0	0	1	1	better
OPYTIMIZER	FFOA	20	1000	334	866	1200	1	1	3.80213e-55	1.01517e-52	worse
OPYTIMIZER	AIG	20	1000	1198	2	1200	0	0	1	1	better
OPYTIMIZER	BH	20	1000	1032	168	1200	2.56951e-152	2.85216e-150	1	1	better
OPYTIMIZER	CI	20	1000	58	19	77	4.88754e-06	0.00029814	0.999998	1	better
OPYTIMIZER	SSA	20	1000	1181	19	1200	1.34336e-320	3.55992e-318	1	1	better
OPYTIMIZER	AO	20	1000	619	581	1200	0.142736	1	0.869886	1	not shown
OPYTIMIZER	MVO	20	1000	27	2	29	8.12113e-07	5.19753e-05	1	1	better
mealpy	LevyTWO	20	1000	1114	86	1200	7.3916e-229	1.11613e-226	1	1	better
mealpy	OriginalTLO	20	1000	1147	53	1200	6.98302e-269	1.35471e-266	1	1	better
mealpy	GWO	20	1000	1039	161	1200	6.61411e-158	7.54009e-156	1	1	better
mealpy	OriginalBBO	20	1000	1139	61	1200	1.7326e-258	3.18798e-256	1	1	better
mealpy	ABFO	20	1000	481	681	1162	1	1	2.43128e-09	6.15113e-07	worse
mealpy	OriginalWHO	20	1000	1184	16	1200	0	0	1	1	better
mealpy	OriginalFFA	20	1000	513	687	1200	1	1	2.83038e-07	7.13255e-05	worse
mealpy	BaseSARO	20	1000	1186	14	1200	0	0	1	1	better
mealpy	OriginalSMA	20	1000	854	346	1200	2.66508e-50	2.15871e-48	1	1	better
mealpy	SingleGA	20	1000	1153	47	1200	4.94899e-277	1.02444e-274	1	1	better
mealpy	OriginalSSDO	20	1000	788	412	1200	4.83877e-28	3.67747e-26	1	1	better
mealpy	OriginalFPA	20	1000	1175	25	1200	2.83723e-310	6.92284e-308	1	1	better
mealpy	OriginalSSO	20	1000	638	562	1200	0.0151702	0.834359	0.986906	1	not shown
mealpy	OriginalMA	20	1000	684	516	1200	6.88265e-07	4.47372e-05	0.999999	1	better
mealpy	OriginalCEM	20	1000	611	589	1200	0.272194	1	0.746631	1	not shown
mealpy	OCRO	20	1000	1118	82	1200	2.4142e-233	3.7903e-231	1	1	better
mealpy	OriginalBA	20	1000	2	838	840	1	1	4.81782e-248	1.4068e-245	worse
mealpy	OriginalAEO	20	1000	1157	43	1200	1.18396e-282	2.55735e-280	1	1	better
mealpy	OriginalBSO	20	1000	1158	42	1200	4.39231e-284	9.53131e-282	1	1	better
mealpy	OriginalBFO	20	1000	71	1129	1200	1	1	3.68862e-246	1.07339e-243	worse
mealpy	ImprovedSLO	20	1000	1078	122	1200	5.19199e-192	6.5419e-190	1	1	better
mealpy	OriginalLCO	20	1000	1008	192	1200	3.07535e-134	3.25987e-132	1	1	better
mealpy	OriginalHGS	20	1000	1076	124	1200	3.96144e-190	4.9518e-188	1	1	better
mealpy	BaseALO	20	1000	483	7	490	4.09131e-133	4.25496e-131	1	1	better
mealpy	CPSO	20	1000	681	519	1200	1.62492e-06	0.00010237	0.999999	1	better
mealpy	OriginalEO	20	1000	1163	37	1200	2.1158e-291	4.76056e-289	1	1	better
mealpy	DE	20	1000	477	723	1200	1	1	6.37531e-13	1.61933e-10	worse
mealpy	ModifiedBA	20	1000	1068	132	1200	9.42885e-183	1.14089e-180	1	1	better
mealpy	BaseTLO	20	1000	1142	58	1200	2.51136e-262	4.72135e-260	1	1	better
mealpy	OriginalPFA	20	1000	577	623	1200	0.912586	1	0.0969548	1	not shown
mealpy	BaseFOA	20	1000	337	863	1200	1	1	6.53804e-54	1.73912e-51	worse
mealpy	OriginalGBO	20	1000	1176	24	1200	6.02618e-312	1.48244e-309	1	1	better
mealpy	TVAC	20	1000	1180	20	1200	7.93924e-319	2.08008e-316	1	1	better
mealpy	BaseFBIO	20	1000	1190	10	1200	0	0	1	1	better
mealpy	ImprovedBSO	20	1000	1127	73	1200	8.95539e-244	1.48659e-241	1	1	better
mealpy	OriginalAO	20	1000	341	859	1200	1	1	2.73975e-52	7.23294e-50	worse
mealpy	BaseGSKA	20	1000	1150	50	1200	6.45201e-273	1.30331e-270	1	1	better
mealpy	BaseLCO	20	1000	795	105	900	3.57067e-132	3.67779e-130	1	1	better
mealpy	OriginalSSpiderA	20	1000	574	626	1200	0.937007	1	0.0704615	1	not shown
mealpy	BaseHS	20	1000	1156	44	1200	3.11617e-281	6.57511e-279	1	1	better
mealpy	AdaptiveEO	20	1000	1157	43	1200	1.18396e-282	2.55735e-280	1	1	better
mealpy	OriginalWCA	20	1000	17	2	19	0.000364304	0.0214939	0.999962	1	better
mealpy	OriginalMRFO	20	1000	1177	23	1200	1.2277e-313	3.04471e-311	1	1	better
mealpy	OriginalEOA	20	1000	1094	106	1200	1.1649e-207	1.58427e-205	1	1	better
mealpy	OriginalABC	20	1000	1115	85	1200	5.6952e-230	8.71365e-228	1	1	better
mealpy	ModifiedAEO	20	1000	1148	52	1200	3.2208e-270	6.31277e-268	1	1	better
mealpy	OriginalSFO	20	1000	742	458	1200	1.12853e-16	8.0126e-15	1	1	better
mealpy	BaseBBO	20	1000	1138	62	1200	3.18606e-257	5.79862e-255	1	1	better
mealpy	OriginalNMRA	20	1000	1171	29	1200	9.47285e-304	2.25454e-301	1	1	better
mealpy	OriginalACOR	20	1000	1085	115	1200	1.00151e-198	1.30196e-196	1	1	better
mealpy	ImprovedSFO	20	1000	842	358	1200	1.04362e-45	8.2446e-44	1	1	better
mealpy	OriginalCRO	20	1000	1125	75	1200	2.05178e-241	3.36492e-239	1	1	better
mealpy	LevyJA	20	1000	1161	39	1200	1.9329e-288	4.29104e-286	1	1	better
mealpy	OriginalHS	20	1000	1140	60	1200	9.26188e-260	1.72271e-257	1	1	better
mealpy	OriginalCSO	20	1000	438	762	1200	1	1	3.25632e-21	8.36875e-19	worse
mealpy	OriginalCOA	20	1000	1148	52	1200	3.2208e-270	6.31277e-268	1	1	better
mealpy	LevyQSA	20	1000	1192	8	1200	0	0	1	1	better
mealpy	OppoQSA	20	1000	1173	27	1200	5.58515e-307	1.34602e-304	1	1	better
mealpy	BaseBRO	20	1000	639	561	1200	0.0130942	0.733273	0.988732	1	not shown
mealpy	OriginalSLO	20	1000	972	228	1200	5.54649e-110	5.2137e-108	1	1	better
mealpy	OriginalMVO	20	1000	1152	48	1200	1.18991e-275	2.42741e-273	1	1	better
mealpy	CLPSO	20	1000	1178	22	1200	2.39493e-315	6.03524e-313	1	1	better
mealpy	OriginalNRO	20	1000	1178	22	1200	2.39493e-315	6.03524e-313	1	1	better
mealpy	BaseSCA	20	1000	1070	130	1200	1.42202e-184	1.73487e-182	1	1	better
mealpy	BaseGCO	20	1000	1083	117	1200	8.69881e-197	1.12215e-194	1	1	better
mealpy	OriginalArchOA	20	1000	1071	99	1170	5.80645e-207	7.8387e-205	1	1	better
mealpy	SwarmHC	20	1000	1118	82	1200	2.4142e-233	3.7903e-231	1	1	better
mealpy	ImprovedTLO	20	1000	835	365	1200	3.82799e-43	2.98583e-41	1	1	better
mealpy	OriginalMSA	20	1000	1194	6	1200	0	0	1	1	better
mealpy	WOA	20	1000	1121	79	1200	9.10264e-237	1.44732e-234	1	1	better
mealpy	OriginalIWO	20	1000	1127	73	1200	8.95539e-244	1.48659e-241	1	1	better
mealpy	BaseGA	20	1000	1139	61	1200	1.7326e-258	3.18798e-256	1	1	better
mealpy	ModifiedEO	20	1000	1188	12	1200	0	0	1	1	better
mealpy	ImprovedNMRA	20	1000	1131	69	1200	1.43156e-248	2.43366e-246	1	1	better
mealpy	BaseCHIO	20	1000	249	951	1200	1	1	2.90239e-97	8.01061e-95	worse
mealpy	OriginalHHO	20	1000	1079	121	1200	5.86366e-193	7.50548e-191	1	1	better
mealpy	OriginalGWO	20	1000	1149	51	1200	1.45624e-271	2.89793e-269	1	1	better
mealpy	ImprovedQSA	20	1000	1186	14	1200	0	0	1	1	better
mealpy	OriginalFBIO	20	1000	1187	13	1200	0	0	1	1	better
mealpy	OriginalBeesA	20	1000	985	215	1200	2.27282e-118	2.25009e-116	1	1	better
mealpy	BaseEFO	20	1000	1164	36	1200	6.71935e-293	1.53201e-290	1	1	better
mealpy	OriginalSA	20	1000	1145	55	1200	3.09647e-266	5.91425e-264	1	1	better
mealpy	OriginalHC	20	1000	171	1029	1200	1	1	5.75507e-150	1.62868e-147	worse
mealpy	OriginalSHO	20	1000	641	559	1200	0.00966784	0.551067	0.99173	1	not shown
mealpy	JADE	20	1000	1166	34	1200	6.22133e-296	1.42468e-293	1	1	better
mealpy	OriginalCA	20	1000	941	259	1200	1.49713e-91	1.37736e-89	1	1	better
mealpy	EnhancedTWO	20	1000	1138	62	1200	3.18606e-257	5.79862e-255	1	1	better
mealpy	BaseSSA	20	1000	1079	121	1200	5.86366e-193	7.50548e-191	1	1	better
mealpy	OriginalAOA	20	1000	329	871	1200	1	1	3.05539e-57	8.28009e-55	worse
mealpy	OriginalQSA	20	1000	1172	28	1200	2.34187e-305	5.59706e-303	1	1	better
mealpy	OriginalGOA	20	1000	1123	77	1200	4.44251e-239	7.15245e-237	1	1	better
mealpy	EnhancedAEO	20	1000	1136	64	1200	1.02444e-254	1.82351e-252	1	1	better
mealpy	OriginalGSKA	20	1000	1147	53	1200	6.98302e-269	1.35471e-266	1	1	better
mealpy	PPSO	20	1000	1089	111	1200	1.1827e-202	1.56116e-200	1	1	better
mealpy	OriginalCGO	20	1000	1143	57	1200	1.27312e-263	2.41894e-261	1	1	better
mealpy	OriginalHGSO	20	1000	861	339	1200	4.26712e-53	3.58438e-51	1	1	better
mealpy	OriginalSBO	20	1000	1179	21	1200	4.465e-317	1.15197e-314	1	1	better
mealpy	OppoTWO	20	1000	1091	109	1200	1.21162e-204	1.62356e-202	1	1	better
mealpy	OriginalASO	20	1000	98	1102	1200	1	1	6.62242e-216	1.90726e-213	worse
mealpy	ModifiedSLO	20	1000	1105	95	1200	4.47688e-219	6.35717e-217	1	1	better
mealpy	BaseVCS	20	1000	1184	16	1200	0	0	1	1	better
mealpy	LSHADE	20	1000	1180	20	1200	7.93924e-319	2.08008e-316	1	1	better
mealpy	OriginalEFO	20	1000	1023	177	1200	2.40501e-145	2.62146e-143	1	1	better
mealpy	OriginalJA	20	1000	691	509	1200	8.26523e-08	5.45505e-06	1	1	better
mealpy	OriginalGCO	20	1000	984	216	1200	1.03809e-117	1.01732e-115	1	1	better
mealpy	OriginalPSS	20	1000	1157	43	1200	1.18396e-282	2.55735e-280	1	1	better
mealpy	OriginalEHO	20	1000	1005	195	1200	4.32009e-132	4.40649e-130	1	1	better
mealpy	OriginalSSA	20	1000	1017	183	1200	7.92284e-141	8.47744e-139	1	1	better
mealpy	OriginalSCA	20	1000	1076	124	1200	3.96144e-190	4.9518e-188	1	1	better
mealpy	OriginalBES	20	1000	1007	193	1200	1.60853e-133	1.68896e-131	1	1	better
mealpy	BaseSBO	20	1000	1167	33	1200	1.81091e-297	4.18321e-295	1	1	better
mealpy	BaseJA	20	1000	1125	75	1200	2.05178e-241	3.36492e-239	1	1	better
mealpy	OriginalSARO	20	1000	1177	23	1200	1.2277e-313	3.04471e-311	1	1	better
mealpy	OriginalSRSR	20	1000	1179	21	1200	4.465e-317	1.15197e-314	1	1	better
mealpy	OriginalTWO	20	1000	1176	24	1200	6.02618e-312	1.48244e-309	1	1	better
mealpy	OriginalWDO	20	1000	633	567	1200	0.0302784	1	0.973474	1	not shown
mealpy	AugmentedAEO	20	1000	1149	51	1200	1.45624e-271	2.89793e-269	1	1	better
mealpy	OriginalWOA	20	1000	1099	101	1200	8.86823e-213	1.23268e-210	1	1	better
mealpy	SADE	20	1000	1163	37	1200	2.1158e-291	4.76056e-289	1	1	better
mealpy	OriginalBRO	20	1000	234	966	1200	1	1	3.02285e-106	8.40353e-104	worse
mealpy	OriginalSSpiderO	20	1000	867	333	1200	1.46096e-55	1.24181e-53	1	1	better
mealpy	ProbBeesA	20	1000	311	889	1200	1	1	3.67341e-65	1.00284e-62	worse
mealpy	OriginalFA	20	1000	1106	94	1200	3.8413e-220	5.49306e-218	1	1	better
mealpy	OriginalCSA	20	1000	407	793	1200	1	1	1.77526e-29	4.58018e-27	worse
mealpy	OriginalALO	20	1000	245	24	269	1.3473e-47	1.07784e-45	1	1	better
mealpy	OriginalDO	20	1000	915	285	1200	1.1069e-77	9.7407e-76	1	1	better
mealpy	OriginalCHIO	20	1000	554	646	1200	0.996383	1	0.00429414	1	not shown
mealpy	OriginalBSA	20	1000	1161	39	1200	1.9329e-288	4.29104e-286	1	1	better
mealpy	LevyEP	20	1000	1150	50	1200	6.45201e-273	1.30331e-270	1	1	better
mealpy	OriginalICA	20	1000	770	5	775	1.1649e-221	1.67745e-219	1	1	better
mealpy	ImprovedLCO	20	1000	1114	86	1200	7.3916e-229	1.11613e-226	1	1	better
mealpy	OriginalMFO	20	1000	184	1016	1200	1	1	4.38528e-140	1.23665e-137	worse
mealpy	ImprovedAEO	20	1000	1140	60	1200	9.26188e-260	1.72271e-257	1	1	better
mealpy	OriginalVCS	20	1000	958	242	1200	2.15686e-101	2.00588e-99	1	1	better
mealpy	AdaptiveBA	20	1000	31	1169	1200	1	1	1.39804e-300	4.09626e-298	worse
mealpy	MultiGA	20	1000	1157	43	1200	1.18396e-282	2.55735e-280	1	1	better
mealpy	OriginalES	20	1000	1134	66	1200	3.08504e-252	5.39882e-250	1	1	better
mealpy	LevyES	20	1000	1194	6	1200	0	0	1	1	better
mealpy	OriginalEP	20	1000	317	883	1200	1	1	1.86884e-62	5.08325e-60	worse
mealpy	BaseSMA	20	1000	1114	86	1200	7.3916e-229	1.11613e-226	1	1	better
mealpy	OriginalPSO	20	1000	158	1042	1200	1	1	2.39201e-160	6.79331e-158	worse
mealpy	FBUDGETSHADE	20	1000	1179	21	1200	4.465e-317	1.15197e-314	1	1	better
mealpy	OriginalFOA	20	1000	235	965	1200	1	1	1.24469e-105	3.44779e-103	worse
mealpy	BaseQSA	20	1000	1180	20	1200	7.93924e-319	2.08008e-316	1	1	better
mealpy	BaseMFO	20	1000	1105	95	1200	4.47688e-219	6.35717e-217	1	1	better
mealpy	BaseDE	20	1000	1133	67	1200	5.22672e-251	9.04222e-249	1	1	better
mealpy	WhaleFOA	20	1000	330	870	1200	1	1	8.08475e-57	2.1748e-54	worse
Baselines	DE	20	1000	1143	57	1200	1.27312e-263	8.91187e-263	1	1	better
Baselines	RCobyla	20	1000	1126	74	1200	1.36526e-242	8.19155e-242	1	1	better
Baselines	PSO	20	1000	51	1148	1200	1	1	2.78882e-271	3.0677e-270	worse
Baselines	DiagonalCMA	20	1000	1179	21	1200	4.465e-317	4.465e-316	1	1	better
Baselines	modcma	20	1000	1193	7	1200	0	0	1	1	better
Baselines	modde	20	1000	1095	105	1200	1.12642e-208	5.63211e-208	1	1	better
Baselines	OnePlusOne	20	1000	1059	141	1200	9.81465e-175	2.9444e-174	1	1	better
Baselines	Powell	20	1000	1093	107	1200	1.19235e-206	4.76941e-206	1	1	better
Baselines	MultiBFGS	20	1000	1043	157	1200	3.61887e-161	7.23773e-161	1	1	better
Baselines	lshade	20	1000	1148	52	1200	3.2208e-270	2.57664e-269	1	1	better
Baselines	bipop	20	1000	1178	22	1200	2.39493e-315	2.15544e-314	1	1	better
EVOLOPY	DE	20	5000	1096	104	1200	1.07796e-209	1.46602e-207	1	1	better
EVOLOPY	JAYA	20	5000	1041	159	1200	1.56963e-159	1.77369e-157	1	1	better
EVOLOPY	PSO	20	5000	1093	107	1200	1.19235e-206	1.59775e-204	1	1	better
EVOLOPY	WOA	20	5000	1062	138	1200	2.24644e-177	2.78559e-175	1	1	better
EVOLOPY	FFA	20	5000	1168	32	1200	5.11183e-299	1.11949e-296	1	1	better
EVOLOPY	BAT	20	5000	641	559	1200	0.00966784	0.647746	0.99173	1	not shown
EVOLOPY	MVO	20	5000	1197	3	1200	0	0	1	1	better
EVOLOPY	HHO	20	5000	1055	145	1200	2.90932e-171	3.49118e-169	1	1	better
EVOLOPY	SCA	20	5000	1099	101	1200	8.86823e-213	1.24155e-210	1	1	better
EVOLOPY	GA	20	5000	948	49	997	3.36718e-217	4.81507e-215	1	1	better
EVOLOPY	MFO	20	5000	1102	98	1200	6.62242e-216	9.33761e-214	1	1	better
EVOLOPY	CS	20	5000	1163	37	1200	2.1158e-291	4.42203e-289	1	1	better
EVOLOPY	GWO	20	5000	1153	47	1200	4.94899e-277	9.40308e-275	1	1	better
EVOLOPY	SSA	20	5000	1199	1	1200	0	0	1	1	better
NIAPY	DynamicFireworksAlgorithm	20	5000	1198	2	1200	0	0	1	1	better
NIAPY	HarmonySearch	20	5000	1147	53	1200	6.98302e-269	1.25694e-266	1	1	better
NIAPY	EvolutionStrategyMp1	20	5000	1186	14	1200	0	0	1	1	better
NIAPY	MonarchButterflyOptimization	20	5000	506	694	1200	1	1	3.17122e-08	7.99147e-06	worse
NIAPY	CenterParticleSwarmOptimization	20	5000	1175	25	1200	2.83723e-310	6.52562e-308	1	1	better
NIAPY	DynNpDifferentialEvolution	20	5000	1031	169	1200	1.57118e-151	1.71259e-149	1	1	better
NIAPY	CamelAlgorithm	20	5000	1051	149	1200	7.61007e-168	9.05598e-166	1	1	better
NIAPY	BatAlgorithm	20	5000	859	341	1200	2.73975e-52	2.43838e-50	1	1	better
NIAPY	GlowwormSwarmOptimization	20	5000	249	951	1200	1	1	2.90239e-97	7.77842e-95	worse
NIAPY	BareBonesFireworksAlgorithm	20	5000	1035	165	1200	1.07816e-154	1.19676e-152	1	1	better
NIAPY	CuckooSearch	20	5000	1194	6	1200	0	0	1	1	better
NIAPY	GeneticAlgorithm	20	5000	588	612	1200	0.764749	1	0.253369	1	not shown
NIAPY	ParticleSwarmAlgorithm	20	5000	1189	11	1200	0	0	1	1	better
NIAPY	MonkeyKingEvolutionV3	20	5000	1042	158	1200	2.39201e-160	2.72689e-158	1	1	better
NIAPY	MonkeyKingEvolutionV2	20	5000	1154	46	1200	2.01373e-278	3.90664e-276	1	1	better
NIAPY	SineCosineAlgorithm	20	5000	0	1200	1200	1	1	0	0	worse
NIAPY	EvolutionStrategy1p1	20	5000	966	234	1200	3.02285e-106	2.90194e-104	1	1	better
NIAPY	HarrisHawksOptimization	20	5000	1190	10	1200	0	0	1	1	better
NIAPY	ParticleSwarmOptimization	20	5000	598	602	1200	0.557379	1	0.465496	1	not shown
NIAPY	ForestOptimizationAlgorithm	20	5000	1180	20	1200	7.93924e-319	1.93717e-316	1	1	better
NIAPY	EnhancedFireworksAlgorithm	20	5000	1191	9	1200	0	0	1	1	better
NIAPY	MultiStrategyDifferentialEvolution	20	5000	1158	42	1200	4.39231e-284	8.74069e-282	1	1	better
NIAPY	MutatedParticleSwarmOptimization	20	5000	1176	24	1200	6.02618e-312	1.43423e-309	1	1	better
NIAPY	ComprehensiveLearningParticleSwarmOptimizer	20	5000	1199	1	1200	0	0	1	1	better
NIAPY	KrillHerd	20	5000	354	846	1200	1	1	3.27619e-47	8.48534e-45	worse
NIAPY	FishSchoolSearch	20	5000	1158	42	1200	4.39231e-284	8.74069e-282	1	1	better
NIAPY	MutatedCenterUnifiedParticleSwarmOptimization	20	5000	1194	6	1200	0	0	1	1	better
NIAPY	MutatedCenterParticleSwarmOptimization	20	5000	1176	24	1200	6.02618e-312	1.43423e-309	1	1	better
NIAPY	GlowwormSwarmOptimizationV2	20	5000	246	954	1200	1	1	5.08757e-99	1.37364e-96	worse
NIAPY	CatSwarmOptimization	20	5000	1168	32	1200	5.11183e-299	1.11949e-296	1	1	better
NIAPY	DifferentialEvolution	20	5000	1107	93	1200	3.25833e-221	4.75716e-219	1	1	better
NIAPY	FireworksAlgorithm	20	5000	1190	10	1200	0	0	1	1	better
NIAPY	MothFlameOptimizer	20	5000	193	1007	1200	1	1	1.60853e-133	4.5039e-131	worse
NIAPY	DynNpMultiStrategyDifferentialEvolution	20	5000	1089	111	1200	1.1827e-202	1.53751e-200	1	1	better
NIAPY	EvolutionStrategyML	20	5000	1139	61	1200	1.7326e-258	2.98007e-256	1	1	better
NIAPY	GreyWolfOptimizer	20	5000	1173	27	1200	5.58515e-307	1.279e-304	1	1	better
NIAPY	HarmonySearchV1	20	5000	1139	61	1200	1.7326e-258	2.98007e-256	1	1	better
NIAPY	BeesAlgorithm	20	5000	763	437	1200	1.86048e-21	1.43257e-19	1	1	better
NIAPY	GlowwormSwarmOptimizationV1	20	5000	242	958	1200	1	1	2.15686e-101	5.9098e-99	worse
NIAPY	GlowwormSwarmOptimizationV3	20	5000	243	957	1200	1	1	8.51803e-101	2.32542e-98	worse
NIAPY	LionOptimizationAlgorithm	20	5000	1165	35	1200	2.07448e-294	4.37714e-292	1	1	better
NIAPY	ArtificialBeeColonyAlgorithm	20	5000	1179	21	1200	4.465e-317	1.08499e-314	1	1	better
NIAPY	AgingNpDifferentialEvolution	20	5000	778	422	1200	2.73199e-25	2.13095e-23	1	1	better
NIAPY	OppositionVelocityClampingParticleSwarmOptimization	20	5000	372	828	1200	1	1	1.1589e-40	2.97837e-38	worse
NIAPY	CoralReefsOptimization	20	5000	128	1072	1200	1	1	2.07217e-186	5.88496e-184	worse
NIAPY	BacterialForagingOptimization	20	5000	1119	81	1200	1.76729e-234	2.70396e-232	1	1	better
NIAPY	DynamicFireworksAlgorithmGauss	20	5000	1197	3	1200	0	0	1	1	better
NIAPY	ClonalSelectionAlgorithm	20	5000	95	1105	1200	1	1	4.47688e-219	1.28486e-216	worse
NIAPY	GravitationalSearchAlgorithm	20	5000	294	906	1200	1	1	3.36178e-73	8.77424e-71	worse
NIAPY	MonkeyKingEvolutionV1	20	5000	1160	40	1200	5.61541e-287	1.14554e-284	1	1	better
NIAPY	EvolutionStrategyMpL	20	5000	1192	8	1200	0	0	1	1	better
NIAPY	FireflyAlgorithm	20	5000	1163	37	1200	2.1158e-291	4.42203e-289	1	1	better
NIAPY	FlowerPollinationAlgorithm	20	5000	1188	12	1200	0	0	1	1	better
OPYTIMIZER	SA	20	5000	1098	102	1200	9.56554e-212	1.32961e-209	1	1	better
OPYTIMIZER	GOGHS	20	5000	1107	93	1200	3.25833e-221	4.75716e-219	1	1	better
OPYTIMIZER	QSA	20	5000	1195	5	1200	0	0	1	1	better
OPYTIMIZER	SGHS	20	5000	1114	86	1200	7.3916e-229	1.10135e-226	1	1	better
OPYTIMIZER	DE	20	5000	1173	27	1200	5.58515e-307	1.279e-304	1	1	better
OPYTIMIZER	RFO	20	5000	1197	3	1200	0	0	1	1	better
OPYTIMIZER	PPA	20	5000	1134	66	1200	3.08504e-252	5.12116e-250	1	1	better
OPYTIMIZER	EHO	20	5000	1137	63	1200	5.76077e-256	9.7357e-254	1	1	better
OPYTIMIZER	AEO	20	5000	1190	10	1200	0	0	1	1	better
OPYTIMIZER	ABO	20	5000	1160	40	1200	5.61541e-287	1.14554e-284	1	1	better
OPYTIMIZER	GHS	20	5000	1024	176	1200	4.15137e-146	4.40045e-144	1	1	better
OPYTIMIZER	PVS	20	5000	618	582	1200	0.15616	1	0.857264	1	not shown
OPYTIMIZER	BWO	20	5000	959	61	1020	1.00446e-208	1.35602e-206	1	1	better
OPYTIMIZER	PSO	20	5000	1150	50	1200	6.45201e-273	1.19362e-270	1	1	better
OPYTIMIZER	BSO	20	5000	1028	172	1200	3.44768e-149	3.72349e-147	1	1	better
OPYTIMIZER	CSA	20	5000	856	344	1200	4.32313e-51	3.7179e-49	1	1	better
OPYTIMIZER	SSO	20	5000	1090	110	1200	1.20305e-203	1.57599e-201	1	1	better
OPYTIMIZER	WOA	20	5000	1159	41	1200	1.59022e-285	3.19634e-283	1	1	better
OPYTIMIZER	BA	20	5000	837	363	1200	7.22475e-44	5.92429e-42	1	1	better
OPYTIMIZER	HS	20	5000	1058	142	1200	7.32854e-174	9.01411e-172	1	1	better
OPYTIMIZER	JS	20	5000	1014	186	1200	1.31797e-138	1.34433e-136	1	1	better
OPYTIMIZER	SOS	20	5000	1198	2	1200	0	0	1	1	better
OPYTIMIZER	GS	20	5000	0	1200	1200	1	1	0	0	worse
OPYTIMIZER	EFO	20	5000	1103	97	1200	5.87757e-217	8.34615e-215	1	1	better
OPYTIMIZER	GSA	20	5000	226	974	1200	1	1	3.0191e-111	8.36291e-109	worse
OPYTIMIZER	ESA	20	5000	512	688	1200	1	1	2.09097e-07	5.22742e-05	worse
OPYTIMIZER	BOA	20	5000	36	263	299	1	1	4.52264e-44	1.16684e-41	worse
OPYTIMIZER	HC	20	5000	117	1083	1200	1	1	8.69881e-197	2.47916e-194	worse
OPYTIMIZER	ABC	20	5000	834	366	1200	8.75975e-43	7.0954e-41	1	1	better
OPYTIMIZER	RRA	20	5000	1098	102	1200	9.56554e-212	1.32961e-209	1	1	better
OPYTIMIZER	NDS	20	5000	0	1200	1200	1	1	0	0	worse
OPYTIMIZER	NBJS	20	5000	968	232	1200	1.75479e-107	1.70215e-105	1	1	better
OPYTIMIZER	SSD	20	5000	268	932	1200	1	1	1.3616e-86	3.62187e-84	worse
OPYTIMIZER	CEM	20	5000	528	672	1200	0.999986	1	1.79282e-05	0.00442825	worse
OPYTIMIZER	AOA	20	5000	638	562	1200	0.0151702	1	0.986906	1	not shown
OPYTIMIZER	MRFO	20	5000	1195	5	1200	0	0	1	1	better
OPYTIMIZER	ASO	20	5000	82	1118	1200	1	1	2.4142e-233	6.97704e-231	worse
OPYTIMIZER	SFO	20	5000	546	654	1200	0.999179	1	0.000998557	0.244646	not shown
OPYTIMIZER	IHS	20	5000	1021	179	1200	7.91361e-144	8.23015e-142	1	1	better
OPYTIMIZER	COA	20	5000	1191	9	1200	0	0	1	1	better
OPYTIMIZER	GOA	20	5000	1120	80	1200	1.27682e-235	1.9663e-233	1	1	better
OPYTIMIZER	STOA	20	5000	171	1029	1200	1	1	5.75507e-150	1.62868e-147	worse
OPYTIMIZER	MVPA	20	5000	686	514	1200	3.81865e-07	2.74943e-05	1	1	better
OPYTIMIZER	ES	20	5000	1086	114	1200	1.05932e-199	1.35594e-197	1	1	better
OPYTIMIZER	AIWPSO	20	5000	1047	153	1200	1.76165e-164	2.07875e-162	1	1	better
OPYTIMIZER	ISA	20	5000	156	774	930	1	1	2.2892e-99	6.20374e-97	worse
OPYTIMIZER	EO	20	5000	1195	5	1200	0	0	1	1	better
OPYTIMIZER	AF	20	5000	11	930	941	1	1	6.58842e-259	1.91723e-256	worse
OPYTIMIZER	DOA	20	5000	1178	22	1200	2.39493e-315	5.79574e-313	1	1	better
OPYTIMIZER	PIO	20	5000	589	611	1200	0.746631	1	0.272194	1	not shown
OPYTIMIZER	HHO	20	5000	1185	15	1200	0	0	1	1	better
OPYTIMIZER	BSA	20	5000	1157	43	1200	1.18396e-282	2.33239e-280	1	1	better
OPYTIMIZER	TEO	20	5000	489	146	635	1.85299e-44	1.53798e-42	1	1	better
OPYTIMIZER	FA	20	5000	176	1024	1200	1	1	4.15137e-146	1.17069e-143	worse
OPYTIMIZER	WWO	20	5000	1067	13	1080	3.17438e-296	6.76144e-294	1	1	better
OPYTIMIZER	IWO	20	5000	994	206	1200	2.0326e-124	2.0326e-122	1	1	better
OPYTIMIZER	KH	20	5000	1137	63	1200	5.76077e-256	9.7357e-254	1	1	better
OPYTIMIZER	FOA	20	5000	1182	18	1200	2.17389e-322	5.39124e-320	1	1	better
OPYTIMIZER	RPSO	20	5000	1171	29	1200	9.47285e-304	2.12192e-301	1	1	better
OPYTIMIZER	SCA	20	5000	548	652	1200	0.998789	1	0.00146505	0.356008	not shown
OPYTIMIZER	OSA	20	5000	728	472	1200	7.40476e-14	5.40548e-12	1	1	better
OPYTIMIZER	WDO	20	5000	291	909	1200	1	1	1.12235e-74	2.94056e-72	worse
OPYTIMIZER	LSA	20	5000	1184	16	1200	0	0	1	1	better
OPYTIMIZER	VPSO	20	5000	1176	24	1200	6.02618e-312	1.43423e-309	1	1	better
OPYTIMIZER	SBO	20	5000	1152	48	1200	1.18991e-275	2.23703e-273	1	1	better
OPYTIMIZER	GA	20	5000	1194	6	1200	0	0	1	1	better
OPYTIMIZER	MFO	20	5000	733	467	1200	7.89263e-15	5.84055e-13	1	1	better
OPYTIMIZER	CS	20	5000	1195	5	1200	0	0	1	1	better
OPYTIMIZER	FSO	20	5000	547	653	1200	0.999001	1	0.00121141	0.295585	not shown
OPYTIMIZER	NGHS	20	5000	1015	185	1200	2.41176e-139	2.48411e-137	1	1	better
OPYTIMIZER	GCO	20	5000	1154	46	1200	2.01373e-278	3.90664e-276	1	1	better
OPYTIMIZER	TWO	20	5000	1131	69	1200	1.43156e-248	2.33345e-246	1	1	better
OPYTIMIZER	WEO	20	5000	1190	10	1200	0	0	1	1	better
OPYTIMIZER	GWO	20	5000	1043	157	1200	3.61887e-161	4.1617e-159	1	1	better
OPYTIMIZER	SAVPSO	20	5000	1195	5	1200	0	0	1	1	better
OPYTIMIZER	FFOA	20	5000	243	957	1200	1	1	8.51803e-101	2.32542e-98	worse
OPYTIMIZER	AIG	20	5000	1200	0	1200	0	0	1	1	better
OPYTIMIZER	BH	20	5000	996	204	1200	8.63517e-126	8.72152e-124	1	1	better
OPYTIMIZER	CI	20	5000	50	27	77	0.00583636	0.396873	0.997065	1	not shown
OPYTIMIZER	SSA	20	5000	1195	5	1200	0	0	1	1	better
OPYTIMIZER	AO	20	5000	441	759	1200	1	1	1.70913e-20	4.37536e-18	worse
OPYTIMIZER	MVO	20	5000	27	2	29	8.12113e-07	5.766e-05	1	1	better
mealpy	LevyTWO	20	5000	1135	65	1200	1.79217e-253	2.99293e-251	1	1	better
mealpy	OriginalTLO	20	5000	1160	40	1200	5.61541e-287	1.14554e-284	1	1	better
mealpy	GWO	20	5000	985	215	1200	2.27282e-118	2.25009e-116	1	1	better
mealpy	OriginalBBO	20	5000	1145	55	1200	3.09647e-266	5.48075e-264	1	1	better
mealpy	ABFO	20	5000	521	641	1162	0.999809	1	0.000238131	0.0585803	not shown
mealpy	OriginalWHO	20	5000	1191	9	1200	0	0	1	1	better
mealpy	OriginalFFA	20	5000	521	679	1200	0.999998	1	2.83429e-06	0.000702904	worse
mealpy	BaseSARO	20	5000	1188	12	1200	0	0	1	1	better
mealpy	OriginalSMA	20	5000	1172	28	1200	2.34187e-305	5.31604e-303	1	1	better
mealpy	SingleGA	20	5000	1125	75	1200	2.05178e-241	3.26234e-239	1	1	better
mealpy	OriginalSSDO	20	5000	751	449	1200	1.2169e-18	9.24845e-17	1	1	better
mealpy	OriginalFPA	20	5000	1186	14	1200	0	0	1	1	better
mealpy	OriginalSSO	20	5000	840	360	1200	5.75169e-45	4.83142e-43	1	1	better
mealpy	OriginalMA	20	5000	736	464	1200	1.97637e-15	1.48228e-13	1	1	better
mealpy	OriginalCEM	20	5000	822	378	1200	1.3336e-38	1.06688e-36	1	1	better
mealpy	OCRO	20	5000	1140	60	1200	9.26188e-260	1.60231e-257	1	1	better
mealpy	OriginalBA	20	5000	0	840	840	1	1	1.36397e-253	3.9555e-251	worse
mealpy	OriginalAEO	20	5000	1149	51	1200	1.45624e-271	2.66493e-269	1	1	better
mealpy	OriginalBSO	20	5000	1164	36	1200	6.71935e-293	1.41106e-290	1	1	better
mealpy	OriginalBFO	20	5000	60	1140	1200	1	1	9.26188e-260	2.70447e-257	worse
mealpy	ImprovedSLO	20	5000	1057	143	1200	5.42881e-173	6.62314e-171	1	1	better
mealpy	OriginalLCO	20	5000	857	343	1200	1.73062e-51	1.50564e-49	1	1	better
mealpy	OriginalHGS	20	5000	1046	154	1200	1.19923e-163	1.4031e-161	1	1	better
mealpy	BaseALO	20	5000	490	0	490	3.12825e-148	3.34723e-146	1	1	better
mealpy	CPSO	20	5000	581	619	1200	0.869886	1	0.142736	1	not shown
mealpy	OriginalEO	20	5000	1177	23	1200	1.2277e-313	2.94649e-311	1	1	better
mealpy	DE	20	5000	320	880	1200	1	1	3.97863e-61	1.03444e-58	worse
mealpy	ModifiedBA	20	5000	1098	102	1200	9.56554e-212	1.32961e-209	1	1	better
mealpy	BaseTLO	20	5000	1167	33	1200	1.81091e-297	3.91157e-295	1	1	better
mealpy	OriginalPFA	20	5000	804	396	1200	8.90903e-33	7.03814e-31	1	1	better
mealpy	BaseFOA	20	5000	280	920	1200	1	1	3.05041e-80	8.05309e-78	worse
mealpy	OriginalGBO	20	5000	1188	12	1200	0	0	1	1	better
mealpy	TVAC	20	5000	1192	8	1200	0	0	1	1	better
mealpy	BaseFBIO	20	5000	1198	2	1200	0	0	1	1	better
mealpy	ImprovedBSO	20	5000	1133	67	1200	5.22672e-251	8.57181e-249	1	1	better
mealpy	OriginalAO	20	5000	275	925	1200	1	1	7.48509e-83	1.98355e-80	worse
mealpy	BaseGSKA	20	5000	1162	38	1200	6.48141e-290	1.34165e-287	1	1	better
mealpy	BaseLCO	20	5000	743	157	900	4.33884e-92	4.1219e-90	1	1	better
mealpy	OriginalSSpiderA	20	5000	446	754	1200	1	1	2.5239e-19	6.43595e-17	worse
mealpy	BaseHS	20	5000	1169	31	1200	1.39804e-300	3.08967e-298	1	1	better
mealpy	AdaptiveEO	20	5000	1176	24	1200	6.02618e-312	1.43423e-309	1	1	better
mealpy	OriginalWCA	20	5000	17	2	19	0.000364304	0.0251369	0.999962	1	better
mealpy	OriginalMRFO	20	5000	1172	28	1200	2.34187e-305	5.31604e-303	1	1	better
mealpy	OriginalEOA	20	5000	1128	72	1200	5.78976e-245	9.32152e-243	1	1	better
mealpy	OriginalABC	20	5000	1129	71	1200	3.68862e-246	5.97556e-244	1	1	better
mealpy	ModifiedAEO	20	5000	1153	47	1200	4.94899e-277	9.40308e-275	1	1	better
mealpy	OriginalSFO	20	5000	510	690	1200	1	1	1.12994e-07	2.83614e-05	worse
mealpy	BaseBBO	20	5000	1142	58	1200	2.51136e-262	4.36976e-260	1	1	better
mealpy	OriginalNMRA	20	5000	1183	17	1200	0	0	1	1	better
mealpy	OriginalACOR	20	5000	1125	75	1200	2.05178e-241	3.26234e-239	1	1	better
mealpy	ImprovedSFO	20	5000	638	562	1200	0.0151702	1	0.986906	1	not shown
mealpy	OriginalCRO	20	5000	1156	44	1200	3.11617e-281	6.10768e-279	1	1	better
mealpy	LevyJA	20	5000	1167	33	1200	1.81091e-297	3.91157e-295	1	1	better
mealpy	OriginalHS	20	5000	1152	48	1200	1.18991e-275	2.23703e-273	1	1	better
mealpy	OriginalCSO	20	5000	473	727	1200	1	1	1.1468e-13	2.91287e-11	worse
mealpy	OriginalCOA	20	5000	1176	24	1200	6.02618e-312	1.43423e-309	1	1	better
mealpy	LevyQSA	20	5000	1199	1	1200	0	0	1	1	better
mealpy	OppoQSA	20	5000	1177	23	1200	1.2277e-313	2.94649e-311	1	1	better
mealpy	BaseBRO	20	5000	558	642	1200	0.992948	1	0.00826962	1	not shown
mealpy	OriginalSLO	20	5000	910	290	1200	3.58146e-75	3.33076e-73	1	1	better
mealpy	OriginalMVO	20	5000	1162	38	1200	6.48141e-290	1.34165e-287	1	1	better
mealpy	CLPSO	20	5000	1192	8	1200	0	0	1	1	better
mealpy	OriginalNRO	20	5000	1182	18	1200	2.17389e-322	5.39124e-320	1	1	better
mealpy	BaseSCA	20	5000	1125	75	1200	2.05178e-241	3.26234e-239	1	1	better
mealpy	BaseGCO	20	5000	1122	78	1200	6.40261e-238	9.92405e-236	1	1	better
mealpy	OriginalArchOA	20	5000	1017	153	1170	3.00989e-157	3.37108e-155	1	1	better
mealpy	SwarmHC	20	5000	1167	33	1200	1.81091e-297	3.91157e-295	1	1	better
mealpy	ImprovedTLO	20	5000	663	537	1200	0.000152237	0.0106566	0.999878	1	better
mealpy	OriginalMSA	20	5000	1197	3	1200	0	0	1	1	better
mealpy	WOA	20	5000	1117	83	1200	3.25527e-232	4.8829e-230	1	1	better
mealpy	OriginalIWO	20	5000	1134	66	1200	3.08504e-252	5.12116e-250	1	1	better
mealpy	BaseGA	20	5000	1171	29	1200	9.47285e-304	2.12192e-301	1	1	better
mealpy	ModifiedEO	20	5000	1191	9	1200	0	0	1	1	better
mealpy	ImprovedNMRA	20	5000	1128	72	1200	5.78976e-245	9.32152e-243	1	1	better
mealpy	BaseCHIO	20	5000	248	952	1200	1	1	7.57781e-98	2.03843e-95	worse
mealpy	OriginalHHO	20	5000	1083	117	1200	8.69881e-197	1.10475e-194	1	1	better
mealpy	OriginalGWO	20	5000	1144	56	1200	6.33725e-265	1.11536e-262	1	1	better
mealpy	ImprovedQSA	20	5000	1198	2	1200	0	0	1	1	better
mealpy	OriginalFBIO	20	5000	1197	3	1200	0	0	1	1	better
mealpy	OriginalBeesA	20	5000	1154	46	1200	2.01373e-278	3.90664e-276	1	1	better
mealpy	BaseEFO	20	5000	1169	31	1200	1.39804e-300	3.08967e-298	1	1	better
mealpy	OriginalSA	20	5000	1150	50	1200	6.45201e-273	1.19362e-270	1	1	better
mealpy	OriginalHC	20	5000	233	967	1200	1	1	7.30255e-107	2.0082e-104	worse
mealpy	OriginalSHO	20	5000	626	574	1200	0.0704615	1	0.937007	1	not shown
mealpy	JADE	20	5000	1184	16	1200	0	0	1	1	better
mealpy	OriginalCA	20	5000	855	345	1200	1.07556e-50	9.14224e-49	1	1	better
mealpy	EnhancedTWO	20	5000	1149	51	1200	1.45624e-271	2.66493e-269	1	1	better
mealpy	BaseSSA	20	5000	1033	167	1200	4.17329e-153	4.59062e-151	1	1	better
mealpy	OriginalAOA	20	5000	219	981	1200	1	1	9.56321e-116	2.65857e-113	worse
mealpy	OriginalQSA	20	5000	1181	19	1200	1.34336e-320	3.29124e-318	1	1	better
mealpy	OriginalGOA	20	5000	1075	125	1200	3.414e-189	4.2675e-187	1	1	better
mealpy	EnhancedAEO	20	5000	1123	77	1200	4.44251e-239	6.93032e-237	1	1	better
mealpy	OriginalGSKA	20	5000	1143	57	1200	1.27312e-263	2.22797e-261	1	1	better
mealpy	PPSO	20	5000	1044	156	1200	5.43514e-162	6.30476e-160	1	1	better
mealpy	OriginalCGO	20	5000	1111	89	1200	1.50037e-225	2.22055e-223	1	1	better
mealpy	OriginalHGSO	20	5000	859	341	1200	2.73975e-52	2.43838e-50	1	1	better
mealpy	OriginalSBO	20	5000	1176	24	1200	6.02618e-312	1.43423e-309	1	1	better
mealpy	OppoTWO	20	5000	1166	34	1200	6.22133e-296	1.31892e-293	1	1	better
mealpy	OriginalASO	20	5000	92	1108	1200	1	1	2.73197e-222	7.86807e-220	worse
mealpy	ModifiedSLO	20	5000	1091	109	1200	1.21162e-204	1.59933e-202	1	1	better
mealpy	BaseVCS	20	5000	1198	2	1200	0	0	1	1	better
mealpy	LSHADE	20	5000	1178	22	1200	2.39493e-315	5.79574e-313	1	1	better
mealpy	OriginalEFO	20	5000	906	294	1200	3.36178e-73	3.09284e-71	1	1	better
mealpy	OriginalJA	20	5000	517	683	1200	0.999999	1	9.19472e-07	0.000228948	worse
mealpy	OriginalGCO	20	5000	1093	107	1200	1.19235e-206	1.59775e-204	1	1	better
mealpy	OriginalPSS	20	5000	1154	46	1200	2.01373e-278	3.90664e-276	1	1	better
mealpy	OriginalEHO	20	5000	1023	177	1200	2.40501e-145	2.52526e-143	1	1	better
mealpy	OriginalSSA	20	5000	978	222	1200	8.37928e-114	8.21169e-112	1	1	better
mealpy	OriginalSCA	20	5000	1119	81	1200	1.76729e-234	2.70396e-232	1	1	better
mealpy	OriginalBES	20	5000	862	338	1200	1.67372e-53	1.50634e-51	1	1	better
mealpy	BaseSBO	20	5000	1176	24	1200	6.02618e-312	1.43423e-309	1	1	better
mealpy	BaseJA	20	5000	1138	62	1200	3.18606e-257	5.4163e-255	1	1	better
mealpy	OriginalSARO	20	5000	1176	24	1200	6.02618e-312	1.43423e-309	1	1	better
mealpy	OriginalSRSR	20	5000	1196	4	1200	0	0	1	1	better
mealpy	OriginalTWO	20	5000	1168	32	1200	5.11183e-299	1.11949e-296	1	1	better
mealpy	OriginalWDO	20	5000	479	721	1200	1	1	1.47263e-12	3.72576e-10	worse
mealpy	AugmentedAEO	20	5000	1146	54	1200	1.48466e-267	2.6427e-265	1	1	better
mealpy	OriginalWOA	20	5000	1089	111	1200	1.1827e-202	1.53751e-200	1	1	better
mealpy	SADE	20	5000	1182	18	1200	2.17389e-322	5.39124e-320	1	1	better
mealpy	OriginalBRO	20	5000	195	1005	1200	1	1	4.32009e-132	1.2053e-129	worse
mealpy	OriginalSSpiderO	20	5000	1080	120	1200	6.56188e-194	8.26797e-192	1	1	better
mealpy	ProbBeesA	20	5000	600	600	1200	0.511514	1	0.511514	1	not shown
mealpy	OriginalFA	20	5000	1172	28	1200	2.34187e-305	5.31604e-303	1	1	better
mealpy	OriginalCSA	20	5000	576	624	1200	0.921408	1	0.0874141	1	not shown
mealpy	OriginalALO	20	5000	269	0	269	1.05422e-81	9.90967e-80	1	1	better
mealpy	OriginalDO	20	5000	1056	144	1200	3.98984e-172	4.8277e-170	1	1	better
mealpy	OriginalCHIO	20	5000	566	634	1200	0.976829	1	0.0265263	1	not shown
mealpy	OriginalBSA	20	5000	1152	48	1200	1.18991e-275	2.23703e-273	1	1	better
mealpy	LevyEP	20	5000	1162	38	1200	6.48141e-290	1.34165e-287	1	1	better
mealpy	OriginalICA	20	5000	768	7	775	1.64664e-217	2.37117e-215	1	1	better
mealpy	ImprovedLCO	20	5000	1109	91	1200	2.26397e-223	3.32804e-221	1	1	better
mealpy	OriginalMFO	20	5000	182	1018	1200	1	1	1.42224e-141	3.9965e-139	worse
mealpy	ImprovedAEO	20	5000	1147	53	1200	6.98302e-269	1.25694e-266	1	1	better
mealpy	OriginalVCS	20	5000	867	333	1200	1.46096e-55	1.32947e-53	1	1	better
mealpy	AdaptiveBA	20	5000	8	1192	1200	1	1	0	0	worse
mealpy	MultiGA	20	5000	1119	81	1200	1.76729e-234	2.70396e-232	1	1	better
mealpy	OriginalES	20	5000	1159	41	1200	1.59022e-285	3.19634e-283	1	1	better
mealpy	LevyES	20	5000	1198	2	1200	0	0	1	1	better
mealpy	OriginalEP	20	5000	226	974	1200	1	1	3.0191e-111	8.36291e-109	worse
mealpy	BaseSMA	20	5000	1170	30	1200	3.70089e-302	8.21597e-300	1	1	better
mealpy	OriginalPSO	20	5000	112	1088	1200	1	1	1.15126e-201	3.29259e-199	worse
mealpy	FBUDGETSHADE	20	5000	1183	17	1200	0	0	1	1	better
mealpy	OriginalFOA	20	5000	251	949	1200	1	1	4.19378e-96	1.11974e-93	worse
mealpy	BaseQSA	20	5000	1188	12	1200	0	0	1	1	better
mealpy	BaseMFO	20	5000	1149	51	1200	1.45624e-271	2.66493e-269	1	1	better
mealpy	BaseDE	20	5000	1155	45	1200	8.01255e-280	1.56245e-277	1	1	better
mealpy	WhaleFOA	20	5000	280	920	1200	1	1	3.05041e-80	8.05309e-78	worse
Baselines	DE	20	5000	1157	43	1200	1.18396e-282	8.2877e-282	1	1	better
Baselines	RCobyla	20	5000	1122	78	1200	6.40261e-238	3.84157e-237	1	1	better
Baselines	PSO	20	5000	34	1166	1200	1	1	6.22133e-296	6.84346e-295	worse
Baselines	DiagonalCMA	20	5000	1177	23	1200	1.2277e-313	9.82163e-313	1	1	better
Baselines	modcma	20	5000	1192	8	1200	0	0	1	1	better
Baselines	modde	20	5000	1119	81	1200	1.76729e-234	8.83647e-234	1	1	better
Baselines	OnePlusOne	20	5000	1024	176	1200	4.15137e-146	8.30274e-146	1	1	better
Baselines	Powell	20	5000	1048	152	1200	2.5686e-165	7.70579e-165	1	1	better
Baselines	MultiBFGS	20	5000	1063	137	1200	2.91281e-178	1.16512e-177	1	1	better
Baselines	lshade	20	5000	1183	17	1200	0	0	1	1	better
Baselines	bipop	20	5000	1188	12	1200	0	0	1	1	better
EVOLOPY	DE	20	10000	1073	127	1200	2.46901e-187	3.16033e-185	1	1	better
EVOLOPY	JAYA	20	10000	1016	184	1200	4.38528e-140	4.60454e-138	1	1	better
EVOLOPY	PSO	20	10000	1067	133	1200	7.58052e-182	9.39985e-180	1	1	better
EVOLOPY	WOA	20	10000	1035	165	1200	1.07816e-154	1.25067e-152	1	1	better
EVOLOPY	FFA	20	10000	1164	36	1200	6.71935e-293	1.41106e-290	1	1	better
EVOLOPY	BAT	20	10000	596	604	1200	0.602487	1	0.419935	1	not shown
EVOLOPY	MVO	20	10000	1196	4	1200	0	0	1	1	better
EVOLOPY	HHO	20	10000	1021	179	1200	7.91361e-144	8.5467e-142	1	1	better
EVOLOPY	SCA	20	10000	1075	125	1200	3.414e-189	4.40406e-187	1	1	better
EVOLOPY	GA	20	10000	931	66	997	1.34101e-196	1.77013e-194	1	1	better
EVOLOPY	MFO	20	10000	1091	109	1200	1.21162e-204	1.62356e-202	1	1	better
EVOLOPY	CS	20	10000	1139	61	1200	1.7326e-258	2.94541e-256	1	1	better
EVOLOPY	GWO	20	10000	1141	59	1200	4.86568e-261	8.3203e-259	1	1	better
EVOLOPY	SSA	20	10000	1197	3	1200	0	0	1	1	better
NIAPY	DynamicFireworksAlgorithm	20	10000	1196	4	1200	0	0	1	1	better
NIAPY	HarmonySearch	20	10000	1152	48	1200	1.18991e-275	2.26082e-273	1	1	better
NIAPY	EvolutionStrategyMp1	20	10000	1185	15	1200	0	0	1	1	better
NIAPY	MonarchButterflyOptimization	20	10000	454	746	1200	1	1	1.5609e-17	3.91785e-15	worse
NIAPY	CenterParticleSwarmOptimization	20	10000	1177	23	1200	1.2277e-313	2.8851e-311	1	1	better
NIAPY	DynNpDifferentialEvolution	20	10000	1018	182	1200	1.42224e-141	1.50758e-139	1	1	better
NIAPY	CamelAlgorithm	20	10000	1046	154	1200	1.19923e-163	1.41509e-161	1	1	better
NIAPY	BatAlgorithm	20	10000	838	362	1200	3.12026e-44	2.65222e-42	1	1	better
NIAPY	GlowwormSwarmOptimization	20	10000	217	983	1200	1	1	4.71472e-117	1.29655e-114	worse
NIAPY	BareBonesFireworksAlgorithm	20	10000	1022	178	1200	1.38412e-144	1.50869e-142	1	1	better
NIAPY	CuckooSearch	20	10000	1197	3	1200	0	0	1	1	better
NIAPY	GeneticAlgorithm	20	10000	621	579	1200	0.118286	1	0.892762	1	not shown
NIAPY	ParticleSwarmAlgorithm	20	10000	1185	15	1200	0	0	1	1	better
NIAPY	MonkeyKingEvolutionV3	20	10000	1008	192	1200	3.07535e-134	3.16761e-132	1	1	better
NIAPY	MonkeyKingEvolutionV2	20	10000	1153	47	1200	4.94899e-277	9.45257e-275	1	1	better
NIAPY	SineCosineAlgorithm	20	10000	0	1200	1200	1	1	0	0	worse
NIAPY	EvolutionStrategy1p1	20	10000	977	223	1200	3.68081e-113	3.53358e-111	1	1	better
NIAPY	HarrisHawksOptimization	20	10000	1191	9	1200	0	0	1	1	better
NIAPY	ParticleSwarmOptimization	20	10000	593	607	1200	0.667488	1	0.353735	1	not shown
NIAPY	ForestOptimizationAlgorithm	20	10000	1184	16	1200	0	0	1	1	better
NIAPY	EnhancedFireworksAlgorithm	20	10000	1193	7	1200	0	0	1	1	better
NIAPY	MultiStrategyDifferentialEvolution	20	10000	1168	32	1200	5.11183e-299	1.10927e-296	1	1	better
NIAPY	MutatedParticleSwarmOptimization	20	10000	1182	18	1200	2.17389e-322	5.34777e-320	1	1	better
NIAPY	ComprehensiveLearningParticleSwarmOptimizer	20	10000	1200	0	1200	0	0	1	1	better
NIAPY	KrillHerd	20	10000	329	871	1200	1	1	3.05539e-57	7.97456e-55	worse
NIAPY	FishSchoolSearch	20	10000	1165	35	1200	2.07448e-294	4.37714e-292	1	1	better
NIAPY	MutatedCenterUnifiedParticleSwarmOptimization	20	10000	1194	6	1200	0	0	1	1	better
NIAPY	MutatedCenterParticleSwarmOptimization	20	10000	1181	19	1200	1.34336e-320	3.26438e-318	1	1	better
NIAPY	GlowwormSwarmOptimizationV2	20	10000	218	982	1200	1	1	2.12933e-116	5.81308e-114	worse
NIAPY	CatSwarmOptimization	20	10000	1167	33	1200	1.81091e-297	3.91157e-295	1	1	better
NIAPY	DifferentialEvolution	20	10000	1124	76	1200	3.04026e-240	4.68201e-238	1	1	better
NIAPY	FireworksAlgorithm	20	10000	1189	11	1200	0	0	1	1	better
NIAPY	MothFlameOptimizer	20	10000	190	1010	1200	1	1	1.10347e-135	3.11178e-133	worse
NIAPY	DynNpMultiStrategyDifferentialEvolution	20	10000	1072	128	1200	2.07217e-186	2.63165e-184	1	1	better
NIAPY	EvolutionStrategyML	20	10000	1137	63	1200	5.76077e-256	9.56288e-254	1	1	better
NIAPY	GreyWolfOptimizer	20	10000	1169	31	1200	1.39804e-300	3.06171e-298	1	1	better
NIAPY	HarmonySearchV1	20	10000	1146	54	1200	1.48466e-267	2.68724e-265	1	1	better
NIAPY	BeesAlgorithm	20	10000	729	471	1200	4.76478e-14	3.47829e-12	1	1	better
NIAPY	GlowwormSwarmOptimizationV1	20	10000	217	983	1200	1	1	4.71472e-117	1.29655e-114	worse
NIAPY	GlowwormSwarmOptimizationV3	20	10000	216	984	1200	1	1	1.03809e-117	2.86512e-115	worse
NIAPY	LionOptimizationAlgorithm	20	10000	1166	34	1200	6.22133e-296	1.32514e-293	1	1	better
NIAPY	ArtificialBeeColonyAlgorithm	20	10000	1186	14	1200	0	0	1	1	better
NIAPY	AgingNpDifferentialEvolution	20	10000	788	412	1200	4.83877e-28	3.82263e-26	1	1	better
NIAPY	OppositionVelocityClampingParticleSwarmOptimization	20	10000	332	868	1200	1	1	5.59048e-56	1.45352e-53	worse
NIAPY	CoralReefsOptimization	20	10000	117	1083	1200	1	1	8.69881e-197	2.48786e-194	worse
NIAPY	BacterialForagingOptimization	20	10000	1148	52	1200	3.2208e-270	5.92627e-268	1	1	better
NIAPY	DynamicFireworksAlgorithmGauss	20	10000	1199	1	1200	0	0	1	1	better
NIAPY	ClonalSelectionAlgorithm	20	10000	96	1104	1200	1	1	5.15861e-218	1.48052e-215	worse
NIAPY	GravitationalSearchAlgorithm	20	10000	261	939	1200	1	1	1.95877e-90	5.21033e-88	worse
NIAPY	MonkeyKingEvolutionV1	20	10000	1178	22	1200	2.39493e-315	5.72389e-313	1	1	better
NIAPY	EvolutionStrategyMpL	20	10000	1191	9	1200	0	0	1	1	better
NIAPY	FireflyAlgorithm	20	10000	1158	42	1200	4.39231e-284	8.78461e-282	1	1	better
NIAPY	FlowerPollinationAlgorithm	20	10000	1186	14	1200	0	0	1	1	better
OPYTIMIZER	SA	20	10000	1134	66	1200	3.08504e-252	4.99776e-250	1	1	better
OPYTIMIZER	GOGHS	20	10000	1102	98	1200	6.62242e-216	9.07271e-214	1	1	better
OPYTIMIZER	QSA	20	10000	1197	3	1200	0	0	1	1	better
OPYTIMIZER	SGHS	20	10000	1115	85	1200	5.6952e-230	8.42889e-228	1	1	better
OPYTIMIZER	DE	20	10000	1163	37	1200	2.1158e-291	4.40087e-289	1	1	better
OPYTIMIZER	RFO	20	10000	1198	2	1200	0	0	1	1	better
OPYTIMIZER	PPA	20	10000	1156	44	1200	3.11617e-281	6.13885e-279	1	1	better
OPYTIMIZER	EHO	20	10000	1126	74	1200	1.36526e-242	2.1298e-240	1	1	better
OPYTIMIZER	AEO	20	10000	1190	10	1200	0	0	1	1	better
OPYTIMIZER	ABO	20	10000	1152	48	1200	1.18991e-275	2.26082e-273	1	1	better
OPYTIMIZER	GHS	20	10000	1011	189	1200	2.07079e-136	2.15362e-134	1	1	better
OPYTIMIZER	PVS	20	10000	557	643	1200	0.994004	1	0.00705216	1	not shown
OPYTIMIZER	BWO	20	10000	947	73	1020	6.53449e-195	8.56018e-193	1	1	better
OPYTIMIZER	PSO	20	10000	1138	62	1200	3.18606e-257	5.35257e-255	1	1	better
OPYTIMIZER	BSO	20	10000	1019	181	1200	2.53665e-142	2.71422e-140	1	1	better
OPYTIMIZER	CSA	20	10000	851	349	1200	3.95746e-49	3.44299e-47	1	1	better
OPYTIMIZER	SSO	20	10000	1059	141	1200	9.81465e-175	1.19739e-172	1	1	better
OPYTIMIZER	WOA	20	10000	1144	56	1200	6.33725e-265	1.10902e-262	1	1	better
OPYTIMIZER	BA	20	10000	802	398	1200	3.6667e-32	3.0067e-30	1	1	better
OPYTIMIZER	HS	20	10000	1051	149	1200	7.61007e-168	9.13209e-166	1	1	better
OPYTIMIZER	JS	20	10000	975	225	1200	6.98668e-112	6.63735e-110	1	1	better
OPYTIMIZER	SOS	20	10000	1200	0	1200	0	0	1	1	better
OPYTIMIZER	GS	20	10000	0	1200	1200	1	1	0	0	worse
OPYTIMIZER	EFO	20	10000	1099	101	1200	8.86823e-213	1.20608e-210	1	1	better
OPYTIMIZER	GSA	20	10000	205	995	1200	1	1	4.2018e-125	1.1681e-122	worse
OPYTIMIZER	ESA	20	10000	468	732	1200	1	1	1.24358e-14	3.10894e-12	worse
OPYTIMIZER	BOA	20	10000	36	263	299	1	1	4.52264e-44	1.17136e-41	worse
OPYTIMIZER	HC	20	10000	140	1060	1200	1	1	1.30393e-175	3.70316e-173	worse
OPYTIMIZER	ABC	20	10000	770	430	1200	3.34574e-23	2.57622e-21	1	1	better
OPYTIMIZER	RRA	20	10000	1108	92	1200	2.73197e-222	3.90672e-220	1	1	better
OPYTIMIZER	NDS	20	10000	0	1200	1200	1	1	0	0	worse
OPYTIMIZER	NBJS	20	10000	956	244	1200	3.34673e-100	3.14593e-98	1	1	better
OPYTIMIZER	SSD	20	10000	242	958	1200	1	1	2.15686e-101	5.8451e-99	worse
OPYTIMIZER	CEM	20	10000	442	758	1200	1	1	2.94922e-20	7.46153e-18	worse
OPYTIMIZER	AOA	20	10000	671	529	1200	2.30327e-05	0.00156622	0.999982	1	better
OPYTIMIZER	MRFO	20	10000	1196	4	1200	0	0	1	1	better
OPYTIMIZER	ASO	20	10000	77	1123	1200	1	1	4.44251e-239	1.28389e-236	worse
OPYTIMIZER	SFO	20	10000	754	446	1200	2.5239e-19	1.91816e-17	1	1	better
OPYTIMIZER	IHS	20	10000	1029	171	1200	5.75507e-150	6.56078e-148	1	1	better
OPYTIMIZER	COA	20	10000	1189	11	1200	0	0	1	1	better
OPYTIMIZER	GOA	20	10000	1111	89	1200	1.50037e-225	2.19055e-223	1	1	better
OPYTIMIZER	STOA	20	10000	310	890	1200	1	1	1.28067e-65	3.35535e-63	worse
OPYTIMIZER	MVPA	20	10000	628	572	1200	0.0561566	1	0.950081	1	not shown
OPYTIMIZER	ES	20	10000	1064	136	1200	3.74597e-179	4.60754e-177	1	1	better
OPYTIMIZER	AIWPSO	20	10000	1024	176	1200	4.15137e-146	4.60802e-144	1	1	better
OPYTIMIZER	ISA	20	10000	136	794	930	1	1	5.78094e-114	1.57241e-111	worse
OPYTIMIZER	EO	20	10000	1200	0	1200	0	0	1	1	better
OPYTIMIZER	AF	20	10000	7	934	941	1	1	6.87095e-267	2.00632e-264	worse
OPYTIMIZER	DOA	20	10000	1179	21	1200	4.465e-317	1.07606e-314	1	1	better
OPYTIMIZER	PIO	20	10000	511	689	1200	1	1	1.53963e-07	3.83369e-05	worse
OPYTIMIZER	HHO	20	10000	1185	15	1200	0	0	1	1	better
OPYTIMIZER	BSA	20	10000	1154	46	1200	2.01373e-278	3.86636e-276	1	1	better
OPYTIMIZER	TEO	20	10000	444	191	635	1.86839e-24	1.45735e-22	1	1	better
OPYTIMIZER	FA	20	10000	167	1033	1200	1	1	4.17329e-153	1.18104e-150	worse
OPYTIMIZER	WWO	20	10000	1069	11	1080	4.32917e-300	9.4376e-298	1	1	better
OPYTIMIZER	IWO	20	10000	1137	63	1200	5.76077e-256	9.56288e-254	1	1	better
OPYTIMIZER	KH	20	10000	1133	67	1200	5.22672e-251	8.41501e-249	1	1	better
OPYTIMIZER	FOA	20	10000	1185	15	1200	0	0	1	1	better
OPYTIMIZER	RPSO	20	10000	1167	33	1200	1.81091e-297	3.91157e-295	1	1	better
OPYTIMIZER	SCA	20	10000	513	687	1200	1	1	2.83038e-07	6.99103e-05	worse
OPYTIMIZER	OSA	20	10000	670	530	1200	2.94953e-05	0.00197618	0.999977	1	better
OPYTIMIZER	WDO	20	10000	265	935	1200	1	1	3.16259e-88	8.38085e-86	worse
OPYTIMIZER	LSA	20	10000	1178	22	1200	2.39493e-315	5.72389e-313	1	1	better
OPYTIMIZER	VPSO	20	10000	1164	36	1200	6.71935e-293	1.41106e-290	1	1	better
OPYTIMIZER	SBO	20	10000	1142	58	1200	2.51136e-262	4.31953e-260	1	1	better
OPYTIMIZER	GA	20	10000	1196	4	1200	0	0	1	1	better
OPYTIMIZER	MFO	20	10000	676	524	1200	6.37142e-06	0.000439628	0.999995	1	better
OPYTIMIZER	CS	20	10000	1196	4	1200	0	0	1	1	better
OPYTIMIZER	FSO	20	10000	530	670	1200	0.999977	1	2.94953e-05	0.00725584	worse
OPYTIMIZER	NGHS	20	10000	1000	200	1200	1.45191e-128	1.43739e-126	1	1	better
OPYTIMIZER	GCO	20	10000	1150	50	1200	6.45201e-273	1.20007e-270	1	1	better
OPYTIMIZER	TWO	20	10000	1111	89	1200	1.50037e-225	2.19055e-223	1	1	better
OPYTIMIZER	WEO	20	10000	1192	8	1200	0	0	1	1	better
OPYTIMIZER	GWO	20	10000	996	204	1200	8.63517e-126	8.46246e-124	1	1	better
OPYTIMIZER	SAVPSO	20	10000	1194	6	1200	0	0	1	1	better
OPYTIMIZER	FFOA	20	10000	215	985	1200	1	1	2.27282e-118	6.29571e-116	worse
OPYTIMIZER	AIG	20	10000	1199	1	1200	0	0	1	1	better
OPYTIMIZER	BH	20	10000	986	214	1200	4.94816e-119	4.79972e-117	1	1	better
OPYTIMIZER	CI	20	10000	45	32	77	0.0855305	1	0.944992	1	not shown
OPYTIMIZER	SSA	20	10000	1198	2	1200	0	0	1	1	better
OPYTIMIZER	AO	20	10000	400	800	1200	1	1	1.48674e-31	3.83579e-29	worse
OPYTIMIZER	MVO	20	10000	27	2	29	8.12113e-07	5.68479e-05	1	1	better
mealpy	LevyTWO	20	10000	1130	70	1200	2.31531e-247	3.65819e-245	1	1	better
mealpy	OriginalTLO	20	10000	1158	42	1200	4.39231e-284	8.78461e-282	1	1	better
mealpy	GWO	20	10000	1001	199	1200	2.8966e-129	2.8966e-127	1	1	better
mealpy	OriginalBBO	20	10000	1151	49	1200	2.80013e-274	5.23625e-272	1	1	better
mealpy	ABFO	20	10000	563	599	1162	0.861136	1	0.152268	1	not shown
mealpy	OriginalWHO	20	10000	1191	9	1200	0	0	1	1	better
mealpy	OriginalFFA	20	10000	544	656	1200	0.999451	1	0.000672123	0.163326	not shown
mealpy	BaseSARO	20	10000	1190	10	1200	0	0	1	1	better
mealpy	OriginalSMA	20	10000	1174	26	1200	1.28335e-308	2.9517e-306	1	1	better
mealpy	SingleGA	20	10000	1112	88	1200	1.19957e-226	1.76338e-224	1	1	better
mealpy	OriginalSSDO	20	10000	724	476	1200	4.17329e-13	3.00477e-11	1	1	better
mealpy	OriginalFPA	20	10000	1192	8	1200	0	0	1	1	better
mealpy	OriginalSSO	20	10000	1155	45	1200	8.01255e-280	1.57046e-277	1	1	better
mealpy	OriginalMA	20	10000	735	465	1200	3.14645e-15	2.32837e-13	1	1	better
mealpy	OriginalCEM	20	10000	909	291	1200	1.12235e-74	1.02134e-72	1	1	better
mealpy	OCRO	20	10000	1152	48	1200	1.18991e-275	2.26082e-273	1	1	better
mealpy	OriginalBA	20	10000	0	840	840	1	1	1.36397e-253	3.9555e-251	worse
mealpy	OriginalAEO	20	10000	1135	65	1200	1.79217e-253	2.92124e-251	1	1	better
mealpy	OriginalBSO	20	10000	1160	40	1200	5.61541e-287	1.13993e-284	1	1	better
mealpy	OriginalBFO	20	10000	59	1141	1200	1	1	4.86568e-261	1.41591e-258	worse
mealpy	ImprovedSLO	20	10000	1039	161	1200	6.61411e-158	7.73851e-156	1	1	better
mealpy	OriginalLCO	20	10000	794	406	1200	9.06502e-30	7.25202e-28	1	1	better
mealpy	OriginalHGS	20	10000	1025	175	1200	7.11841e-147	7.97262e-145	1	1	better
mealpy	BaseALO	20	10000	490	0	490	3.12825e-148	3.53493e-146	1	1	better
mealpy	CPSO	20	10000	542	658	1200	0.999638	1	0.000446742	0.109005	not shown
mealpy	OriginalEO	20	10000	1173	27	1200	5.58515e-307	1.25666e-304	1	1	better
mealpy	DE	20	10000	267	933	1200	1	1	3.90363e-87	1.03056e-84	worse
mealpy	ModifiedBA	20	10000	1119	81	1200	1.76729e-234	2.66861e-232	1	1	better
mealpy	BaseTLO	20	10000	1160	40	1200	5.61541e-287	1.13993e-284	1	1	better
mealpy	OriginalPFA	20	10000	1002	198	1200	5.74418e-130	5.80163e-128	1	1	better
mealpy	BaseFOA	20	10000	270	930	1200	1	1	1.63298e-85	4.29474e-83	worse
mealpy	OriginalGBO	20	10000	1184	16	1200	0	0	1	1	better
mealpy	TVAC	20	10000	1196	4	1200	0	0	1	1	better
mealpy	BaseFBIO	20	10000	1199	1	1200	0	0	1	1	better
mealpy	ImprovedBSO	20	10000	1132	68	1200	8.71728e-250	1.39476e-247	1	1	better
mealpy	OriginalAO	20	10000	253	947	1200	1	1	5.93923e-95	1.58577e-92	worse
mealpy	BaseGSKA	20	10000	1163	37	1200	2.1158e-291	4.40087e-289	1	1	better
mealpy	BaseLCO	20	10000	702	198	900	4.70407e-67	4.23367e-65	1	1	better
mealpy	OriginalSSpiderA	20	10000	414	786	1200	1	1	1.76914e-27	4.54669e-25	worse
mealpy	BaseHS	20	10000	1170	30	1200	3.70089e-302	8.17896e-300	1	1	better
mealpy	AdaptiveEO	20	10000	1175	25	1200	2.83723e-310	6.58237e-308	1	1	better
mealpy	OriginalWCA	20	10000	17	2	19	0.000364304	0.024044	0.999962	1	better
mealpy	OriginalMRFO	20	10000	1175	25	1200	2.83723e-310	6.58237e-308	1	1	better
mealpy	OriginalEOA	20	10000	1131	69	1200	1.43156e-248	2.27619e-246	1	1	better
mealpy	OriginalABC	20	10000	1118	82	1200	2.4142e-233	3.6213e-231	1	1	better
mealpy	ModifiedAEO	20	10000	1148	52	1200	3.2208e-270	5.92627e-268	1	1	better
mealpy	OriginalSFO	20	10000	444	756	1200	1	1	8.68881e-20	2.18958e-17	worse
mealpy	BaseBBO	20	10000	1143	57	1200	1.27312e-263	2.2025e-261	1	1	better
mealpy	OriginalNMRA	20	10000	1186	14	1200	0	0	1	1	better
mealpy	OriginalACOR	20	10000	1144	56	1200	6.33725e-265	1.10902e-262	1	1	better
mealpy	ImprovedSFO	20	10000	541	659	1200	0.999707	1	0.000362497	0.0888118	not shown
mealpy	OriginalCRO	20	10000	1173	27	1200	5.58515e-307	1.25666e-304	1	1	better
mealpy	LevyJA	20	10000	1163	37	1200	2.1158e-291	4.40087e-289	1	1	better
mealpy	OriginalHS	20	10000	1155	45	1200	8.01255e-280	1.57046e-277	1	1	better
mealpy	OriginalCSO	20	10000	512	688	1200	1	1	2.09097e-07	5.1856e-05	worse
mealpy	OriginalCOA	20	10000	1174	26	1200	1.28335e-308	2.9517e-306	1	1	better
mealpy	LevyQSA	20	10000	1198	2	1200	0	0	1	1	better
mealpy	OppoQSA	20	10000	1192	8	1200	0	0	1	1	better
mealpy	BaseBRO	20	10000	561	639	1200	0.988732	1	0.0130942	1	not shown
mealpy	OriginalSLO	20	10000	880	320	1200	3.97863e-61	3.54098e-59	1	1	better
mealpy	OriginalMVO	20	10000	1163	37	1200	2.1158e-291	4.40087e-289	1	1	better
mealpy	CLPSO	20	10000	1198	2	1200	0	0	1	1	better
mealpy	OriginalNRO	20	10000	1191	9	1200	0	0	1	1	better
mealpy	BaseSCA	20	10000	1149	51	1200	1.45624e-271	2.69405e-269	1	1	better
mealpy	BaseGCO	20	10000	1138	62	1200	3.18606e-257	5.35257e-255	1	1	better
mealpy	OriginalArchOA	20	10000	1029	141	1170	2.37039e-167	2.82077e-165	1	1	better
mealpy	SwarmHC	20	10000	1179	21	1200	4.465e-317	1.07606e-314	1	1	better
mealpy	ImprovedTLO	20	10000	596	604	1200	0.602487	1	0.419935	1	not shown
mealpy	OriginalMSA	20	10000	1193	7	1200	0	0	1	1	better
mealpy	WOA	20	10000	1103	97	1200	5.87757e-217	8.16982e-215	1	1	better
mealpy	OriginalIWO	20	10000	1127	73	1200	8.95539e-244	1.406e-241	1	1	better
mealpy	BaseGA	20	10000	1181	19	1200	1.34336e-320	3.26438e-318	1	1	better
mealpy	ModifiedEO	20	10000	1191	9	1200	0	0	1	1	better
mealpy	ImprovedNMRA	20	10000	1125	75	1200	2.05178e-241	3.18026e-239	1	1	better
mealpy	BaseCHIO	20	10000	248	952	1200	1	1	7.57781e-98	2.04601e-95	worse
mealpy	OriginalHHO	20	10000	1087	113	1200	1.10972e-200	1.47593e-198	1	1	better
mealpy	OriginalGWO	20	10000	1118	82	1200	2.4142e-233	3.6213e-231	1	1	better
mealpy	ImprovedQSA	20	10000	1199	1	1200	0	0	1	1	better
mealpy	OriginalFBIO	20	10000	1200	0	1200	0	0	1	1	better
mealpy	OriginalBeesA	20	10000	1166	34	1200	6.22133e-296	1.32514e-293	1	1	better
mealpy	BaseEFO	20	10000	1174	26	1200	1.28335e-308	2.9517e-306	1	1	better
mealpy	OriginalSA	20	10000	1146	54	1200	1.48466e-267	2.68724e-265	1	1	better
mealpy	OriginalHC	20	10000	423	777	1200	1	1	5.04625e-25	1.29184e-22	worse
mealpy	OriginalSHO	20	10000	587	613	1200	0.782128	1	0.235251	1	not shown
mealpy	JADE	20	10000	1182	18	1200	2.17389e-322	5.34777e-320	1	1	better
mealpy	OriginalCA	20	10000	805	395	1200	4.36687e-33	3.6245e-31	1	1	better
mealpy	EnhancedTWO	20	10000	1139	61	1200	1.7326e-258	2.94541e-256	1	1	better
mealpy	BaseSSA	20	10000	1007	193	1200	1.60853e-133	1.6407e-131	1	1	better
mealpy	OriginalAOA	20	10000	202	998	1200	1	1	3.58311e-127	9.99688e-125	worse
mealpy	OriginalQSA	20	10000	1174	26	1200	1.28335e-308	2.9517e-306	1	1	better
mealpy	OriginalGOA	20	10000	1059	141	1200	9.81465e-175	1.19739e-172	1	1	better
mealpy	EnhancedAEO	20	10000	1120	80	1200	1.27682e-235	1.95353e-233	1	1	better
mealpy	OriginalGSKA	20	10000	1147	53	1200	6.98302e-269	1.27091e-266	1	1	better
mealpy	PPSO	20	10000	1035	165	1200	1.07816e-154	1.25067e-152	1	1	better
mealpy	OriginalCGO	20	10000	1092	108	1200	1.20805e-205	1.63086e-203	1	1	better
mealpy	OriginalHGSO	20	10000	855	345	1200	1.07556e-50	9.4649e-49	1	1	better
mealpy	OriginalSBO	20	10000	1163	37	1200	2.1158e-291	4.40087e-289	1	1	better
mealpy	OppoTWO	20	10000	1160	40	1200	5.61541e-287	1.13993e-284	1	1	better
mealpy	OriginalASO	20	10000	87	1113	1200	1	1	9.47456e-228	2.72867e-225	worse
mealpy	ModifiedSLO	20	10000	1081	119	1200	7.27584e-195	9.45859e-193	1	1	better
mealpy	BaseVCS	20	10000	1199	1	1200	0	0	1	1	better
mealpy	LSHADE	20	10000	1174	26	1200	1.28335e-308	2.9517e-306	1	1	better
mealpy	OriginalEFO	20	10000	843	357	1200	4.41913e-46	3.80045e-44	1	1	better
mealpy	OriginalJA	20	10000	437	763	1200	1	1	1.86048e-21	4.72561e-19	worse
mealpy	OriginalGCO	20	10000	1106	94	1200	3.8413e-220	5.45465e-218	1	1	better
mealpy	OriginalPSS	20	10000	1158	42	1200	4.39231e-284	8.78461e-282	1	1	better
mealpy	OriginalEHO	20	10000	1023	177	1200	2.40501e-145	2.64551e-143	1	1	better
mealpy	OriginalSSA	20	10000	944	256	1200	3.04908e-93	2.83565e-91	1	1	better
mealpy	OriginalSCA	20	10000	1146	54	1200	1.48466e-267	2.68724e-265	1	1	better
mealpy	OriginalBES	20	10000	795	405	1200	4.6118e-30	3.73556e-28	1	1	better
mealpy	BaseSBO	20	10000	1176	24	1200	6.02618e-312	1.41013e-309	1	1	better
mealpy	BaseJA	20	10000	1145	55	1200	3.09647e-266	5.51171e-264	1	1	better
mealpy	OriginalSARO	20	10000	1172	28	1200	2.34187e-305	5.22237e-303	1	1	better
mealpy	OriginalSRSR	20	10000	1194	6	1200	0	0	1	1	better
mealpy	OriginalTWO	20	10000	1155	45	1200	8.01255e-280	1.57046e-277	1	1	better
mealpy	OriginalWDO	20	10000	427	773	1200	1	1	5.66537e-24	1.44467e-21	worse
mealpy	AugmentedAEO	20	10000	1145	55	1200	3.09647e-266	5.51171e-264	1	1	better
mealpy	OriginalWOA	20	10000	1070	130	1200	1.42202e-184	1.79175e-182	1	1	better
mealpy	SADE	20	10000	1182	18	1200	2.17389e-322	5.34777e-320	1	1	better
mealpy	OriginalBRO	20	10000	1109	91	1200	2.26397e-223	3.26012e-221	1	1	better
mealpy	OriginalSSpiderO	20	10000	1120	80	1200	1.27682e-235	1.95353e-233	1	1	better
mealpy	ProbBeesA	20	10000	705	495	1200	7.31877e-10	5.19633e-08	1	1	better
mealpy	OriginalFA	20	10000	1176	24	1200	6.02618e-312	1.41013e-309	1	1	better
mealpy	OriginalCSA	20	10000	742	458	1200	1.12853e-16	8.46401e-15	1	1	better
mealpy	OriginalALO	20	10000	269	0	269	1.05422e-81	9.69882e-80	1	1	better
mealpy	OriginalDO	20	10000	1069	131	1200	1.16288e-183	1.4536e-181	1	1	better
mealpy	OriginalCHIO	20	10000	596	604	1200	0.602487	1	0.419935	1	not shown
mealpy	OriginalBSA	20	10000	1145	55	1200	3.09647e-266	5.51171e-264	1	1	better
mealpy	LevyEP	20	10000	1170	30	1200	3.70089e-302	8.17896e-300	1	1	better
mealpy	OriginalICA	20	10000	768	7	775	1.64664e-217	2.3053e-215	1	1	better
mealpy	ImprovedLCO	20	10000	1103	97	1200	5.87757e-217	8.16982e-215	1	1	better
mealpy	OriginalMFO	20	10000	194	1006	1200	1	1	8.36166e-133	2.34963e-130	worse
mealpy	ImprovedAEO	20	10000	1136	64	1200	1.02444e-254	1.68008e-252	1	1	better
mealpy	OriginalVCS	20	10000	811	389	1200	5.59687e-35	4.70137e-33	1	1	better
mealpy	AdaptiveBA	20	10000	6	1194	1200	1	1	0	0	worse
mealpy	MultiGA	20	10000	1105	95	1200	4.47688e-219	6.3124e-217	1	1	better
mealpy	OriginalES	20	10000	1167	33	1200	1.81091e-297	3.91157e-295	1	1	better
mealpy	LevyES	20	10000	1196	4	1200	0	0	1	1	better
mealpy	OriginalEP	20	10000	198	1002	1200	1	1	5.74418e-130	1.60837e-127	worse
mealpy	BaseSMA	20	10000	1178	22	1200	2.39493e-315	5.72389e-313	1	1	better
mealpy	OriginalPSO	20	10000	122	1078	1200	1	1	5.19199e-192	1.47972e-189	worse
mealpy	FBUDGETSHADE	20	10000	1178	22	1200	2.39493e-315	5.72389e-313	1	1	better
mealpy	OriginalFOA	20	10000	251	949	1200	1	1	4.19378e-96	1.12813e-93	worse
mealpy	BaseQSA	20	10000	1192	8	1200	0	0	1	1	better
mealpy	BaseMFO	20	10000	1172	28	1200	2.34187e-305	5.22237e-303	1	1	better
mealpy	BaseDE	20	10000	1155	45	1200	8.01255e-280	1.57046e-277	1	1	better
mealpy	WhaleFOA	20	10000	251	949	1200	1	1	4.19378e-96	1.12813e-93	worse
Baselines	DE	20	10000	1161	39	1200	1.9329e-288	1.35303e-287	1	1	better
Baselines	RCobyla	20	10000	1128	72	1200	5.78976e-245	2.89488e-244	1	1	better
Baselines	PSO	20	10000	41	1159	1200	1	1	1.59022e-285	1.74924e-284	worse
Baselines	DiagonalCMA	20	10000	1181	19	1200	1.34336e-320	1.07469e-319	1	1	better
Baselines	modcma	20	10000	1192	8	1200	0	0	1	1	better
Baselines	modde	20	10000	1130	70	1200	2.31531e-247	1.38918e-246	1	1	better
Baselines	OnePlusOne	20	10000	1011	189	1200	2.07079e-136	4.14158e-136	1	1	better
Baselines	Powell	20	10000	1032	168	1200	2.56951e-152	7.70854e-152	1	1	better
Baselines	MultiBFGS	20	10000	1070	130	1200	1.42202e-184	5.68809e-184	1	1	better
Baselines	lshade	20	10000	1200	0	1200	0	0	1	1	better
Baselines	bipop	20	10000	1190	10	1200	0	0	1	1	better
